{
  "dataset_name": "2bh6-qmgg.tsv.gz",
  "key_column_candidates": [
    "Grade",
    "Year",
    "Demographic",
    "Number Tested",
    "Mean Scale Score",
    "Num Level 1",
    "Pct Level 1",
    "Num Level 2",
    "Pct Level 2",
    "Num Level 3",
    "Pct Level 3",
    "Num Level 4",
    "Pct Level 4",
    "Num Level 3 and 4",
    "Pct Level 3 and 4"
  ],
  "columns": [
    {
      "column_name": "Num Level 3 and 4",
      "number_non_empty_cells": 98,
      "number_empty_cells": 0,
      "number_distinct_values": 98,
      "frequent_values": [
        "27134",
        "29294",
        "30039",
        "32178",
        "18869"
      ],
      "data_types": [
        {
          "type": "INTEGER (LONG)",
          "count": 98,
          "max_value": 174245,
          "min_value": 14411,
          "mean": 39354.4081632653
        }
      ]
    },
    {
      "column_name": "Num Level 3",
      "number_non_empty_cells": 98,
      "number_empty_cells": 0,
      "number_distinct_values": 98,
      "frequent_values": [
        "18222",
        "18552",
        "21757",
        "23026",
        "11189"
      ],
      "data_types": [
        {
          "type": "INTEGER (LONG)",
          "count": 98,
          "max_value": 119581,
          "min_value": 10295,
          "mean": 26394.122448979593
        }
      ]
    },
    {
      "column_name": "Num Level 1",
      "number_non_empty_cells": 98,
      "number_empty_cells": 0,
      "number_distinct_values": 98,
      "frequent_values": [
        "2908",
        "1602",
        "807",
        "314",
        "3814"
      ],
      "data_types": [
        {
          "type": "INTEGER (LONG)",
          "count": 98,
          "max_value": 39088,
          "min_value": 314,
          "mean": 5766.0204081632655
        }
      ]
    },
    {
      "column_name": "Demographic",
      "number_non_empty_cells": 98,
      "number_empty_cells": 0,
      "number_distinct_values": 2,
      "frequent_values": [
        "Female",
        "Male"
      ],
      "data_types": [
        {
          "type": "TEXT",
          "count": 98,
          "shortest_values": "Male",
          "longest_values": "Female",
          "average_length": 5.0
        }
      ]
    },
    {
      "column_name": "Pct Level 3",
      "number_non_empty_cells": 98,
      "number_empty_cells": 0,
      "number_distinct_values": 82,
      "frequent_values": [
        "51.1",
        "52.6",
        "32.3",
        "45.3",
        "49.6"
      ],
      "data_types": [
        {
          "type": "INTEGER (LONG)",
          "count": 11,
          "max_value": 57,
          "min_value": 28,
          "mean": 44.09090909090909
        },
        {
          "type": "REAL",
          "count": 87,
          "max_value": 66.6,
          "min_value": 28.8,
          "mean": 42.93218390804599
        }
      ]
    },
    {
      "column_name": "Pct Level 4",
      "number_non_empty_cells": 98,
      "number_empty_cells": 0,
      "number_distinct_values": 80,
      "frequent_values": [
        "24.4",
        "23.9",
        "25.3",
        "11.6",
        "16.7"
      ],
      "data_types": [
        {
          "type": "REAL",
          "count": 87,
          "max_value": 34.9,
          "min_value": 6.7,
          "mean": 21.701149425287355
        },
        {
          "type": "INTEGER (LONG)",
          "count": 11,
          "max_value": 25,
          "min_value": 8,
          "mean": 17.727272727272727
        }
      ]
    },
    {
      "column_name": "Num Level 4",
      "number_non_empty_cells": 98,
      "number_empty_cells": 0,
      "number_distinct_values": 97,
      "frequent_values": [
        "5034",
        "8912",
        "10742",
        "8282",
        "9152"
      ],
      "data_types": [
        {
          "type": "INTEGER (LONG)",
          "count": 98,
          "max_value": 55110,
          "min_value": 2615,
          "mean": 12960.285714285714
        }
      ]
    },
    {
      "column_name": "Grade",
      "number_non_empty_cells": 98,
      "number_empty_cells": 0,
      "number_distinct_values": 7,
      "frequent_values": [
        "3",
        "4",
        "5",
        "6",
        "7"
      ],
      "data_types": [
        {
          "type": "INTEGER (LONG)",
          "count": 84,
          "max_value": 8,
          "min_value": 3,
          "mean": 5.5
        },
        {
          "type": "TEXT",
          "count": 14,
          "shortest_values": "All Grades",
          "longest_values": "All Grades",
          "average_length": 10.0
        }
      ]
    },
    {
      "column_name": "Pct Level 3 and 4",
      "number_non_empty_cells": 98,
      "number_empty_cells": 0,
      "number_distinct_values": 85,
      "frequent_values": [
        "66.4",
        "54.7",
        "58.7",
        "54.9",
        "57.5"
      ],
      "data_types": [
        {
          "type": "REAL",
          "count": 88,
          "max_value": 92.5,
          "min_value": 37.1,
          "mean": 64.36022727272726
        },
        {
          "type": "INTEGER (LONG)",
          "count": 10,
          "max_value": 84,
          "min_value": 44,
          "mean": 63.9
        }
      ]
    },
    {
      "column_name": "Year",
      "number_non_empty_cells": 98,
      "number_empty_cells": 0,
      "number_distinct_values": 7,
      "frequent_values": [
        "2006",
        "2007",
        "2008",
        "2009",
        "2010"
      ],
      "data_types": [
        {
          "type": "INTEGER (LONG)",
          "count": 98,
          "max_value": 2012,
          "min_value": 2006,
          "mean": 2009.0
        }
      ]
    },
    {
      "column_name": "Number Tested",
      "number_non_empty_cells": 98,
      "number_empty_cells": 0,
      "number_distinct_values": 98,
      "frequent_values": [
        "35655",
        "35240",
        "33950",
        "34802",
        "34588"
      ],
      "data_types": [
        {
          "type": "INTEGER (LONG)",
          "count": 98,
          "max_value": 228262,
          "min_value": 33467,
          "mean": 61346.5918367347
        }
      ]
    },
    {
      "column_name": "Mean Scale Score",
      "number_non_empty_cells": 98,
      "number_empty_cells": 0,
      "number_distinct_values": 38,
      "frequent_values": [
        "670",
        "675",
        "673",
        "685",
        "684"
      ],
      "data_types": [
        {
          "type": "INTEGER (LONG)",
          "count": 98,
          "max_value": 691,
          "min_value": 637,
          "mean": 673.4795918367347
        }
      ]
    },
    {
      "column_name": "Pct Level 1",
      "number_non_empty_cells": 98,
      "number_empty_cells": 0,
      "number_distinct_values": 75,
      "frequent_values": [
        "5.3",
        "11.7",
        "11",
        "10",
        "9.3"
      ],
      "data_types": [
        {
          "type": "REAL",
          "count": 85,
          "max_value": 22.4,
          "min_value": 0.9,
          "mean": 8.959999999999999
        },
        {
          "type": "INTEGER (LONG)",
          "count": 13,
          "max_value": 26,
          "min_value": 4,
          "mean": 11.538461538461538
        }
      ]
    },
    {
      "column_name": "Num Level 2",
      "number_non_empty_cells": 98,
      "number_empty_cells": 0,
      "number_distinct_values": 97,
      "frequent_values": [
        "10874",
        "5613",
        "4344",
        "3104",
        "2310"
      ],
      "data_types": [
        {
          "type": "INTEGER (LONG)",
          "count": 98,
          "max_value": 77493,
          "min_value": 2310,
          "mean": 16226.163265306122
        }
      ]
    },
    {
      "column_name": "Pct Level 2",
      "number_non_empty_cells": 98,
      "number_empty_cells": 0,
      "number_distinct_values": 80,
      "frequent_values": [
        "15.7",
        "35.6",
        "35.5",
        "10.4",
        "31.1"
      ],
      "data_types": [
        {
          "type": "REAL",
          "count": 89,
          "max_value": 41.5,
          "min_value": 6.6,
          "mean": 26.83033707865169
        },
        {
          "type": "INTEGER (LONG)",
          "count": 9,
          "max_value": 34,
          "min_value": 11,
          "mean": 22.0
        }
      ]
    }
  ]
}