{
  "dataset_name": "2mqz-v5im.tsv.gz",
  "key_column_candidates": [
    "Category",
    "SINGLE_MEN",
    "SINGLE_WOMEN",
    "TOTAL_SINGLE_ADULTS",
    "FAMILIES_WITH_CHILDREN",
    "ADULT_FAMILIES",
    "TOTAL_FAMILIES",
    "TOTAL_ADULTS_IN_FAMILIES",
    "TOTAL_CHILDREN",
    "DATA_PERIOD"
  ],
  "columns": [
    {
      "column_name": "SINGLE_MEN",
      "number_non_empty_cells": 137,
      "number_empty_cells": 97,
      "number_distinct_values": 98,
      "frequent_values": [
        "",
        "72",
        "1185",
        "1256",
        "1326"
      ],
      "data_types": [
        {
          "type": "INTEGER (LONG)",
          "count": 137,
          "max_value": 15090,
          "min_value": 71,
          "mean": 2423.2627737226276
        }
      ]
    },
    {
      "column_name": "SINGLE_WOMEN",
      "number_non_empty_cells": 137,
      "number_empty_cells": 97,
      "number_distinct_values": 71,
      "frequent_values": [
        "",
        "1",
        "0",
        "40",
        "553"
      ],
      "data_types": [
        {
          "type": "INTEGER (LONG)",
          "count": 137,
          "max_value": 5546,
          "min_value": 0,
          "mean": 866.0948905109489
        }
      ]
    },
    {
      "column_name": "DATA_PERIOD",
      "number_non_empty_cells": 227,
      "number_empty_cells": 7,
      "number_distinct_values": 9,
      "frequent_values": [
        "201906",
        "201902",
        "201901",
        "201907",
        "201905"
      ],
      "data_types": [
        {
          "type": "INTEGER (LONG)",
          "count": 227,
          "max_value": 201908,
          "min_value": 201901,
          "mean": 201904.4140969163
        }
      ]
    },
    {
      "column_name": "TOTAL_ADULTS_IN_FAMILIES",
      "number_non_empty_cells": 16,
      "number_empty_cells": 218,
      "number_distinct_values": 17,
      "frequent_values": [
        "",
        "18068",
        "21458",
        "21231",
        "17739"
      ],
      "data_types": [
        {
          "type": "INTEGER (LONG)",
          "count": 16,
          "max_value": 22419,
          "min_value": 17521,
          "mean": 19951.1875
        }
      ]
    },
    {
      "column_name": "FAMILIES_WITH_CHILDREN",
      "number_non_empty_cells": 119,
      "number_empty_cells": 115,
      "number_distinct_values": 88,
      "frequent_values": [
        "",
        "3.7",
        "922",
        "855",
        "844"
      ],
      "data_types": [
        {
          "type": "INTEGER (LONG)",
          "count": 70,
          "max_value": 14916,
          "min_value": 3,
          "mean": 3658.457142857143
        },
        {
          "type": "REAL",
          "count": 49,
          "max_value": 60.4,
          "min_value": 2.6,
          "mean": 17.420408163265304
        }
      ]
    },
    {
      "column_name": "Category",
      "number_non_empty_cells": 234,
      "number_empty_cells": 0,
      "number_distinct_values": 86,
      "frequent_values": [
        "Unduplicated applicants",
        "Number of unduplicated persons: DHS veterans shelters",
        "Number of unduplicated persons: DHS safe havens",
        "Average daily overnight census DHS faith-based centers",
        "Average daily overnight census DHS drop-in centers"
      ],
      "data_types": [
        {
          "type": "TEXT",
          "count": 234,
          "shortest_values": "Census: CJ Beds",
          "longest_values": "Average Length of Stay: DHS -administered facility (by type, excluding drop-in and faith-based)",
          "average_length": 53.162393162393165
        }
      ]
    },
    {
      "column_name": "TOTAL_CHILDREN",
      "number_non_empty_cells": 16,
      "number_empty_cells": 218,
      "number_distinct_values": 17,
      "frequent_values": [
        "",
        "23891",
        "21326",
        "20956",
        "23382"
      ],
      "data_types": [
        {
          "type": "INTEGER (LONG)",
          "count": 16,
          "max_value": 26262,
          "min_value": 20820,
          "mean": 22739.9375
        }
      ]
    },
    {
      "column_name": "TOTAL_SINGLE_ADULTS",
      "number_non_empty_cells": 135,
      "number_empty_cells": 99,
      "number_distinct_values": 98,
      "frequent_values": [
        "",
        "112",
        "286",
        "1738",
        "1736"
      ],
      "data_types": [
        {
          "type": "INTEGER (LONG)",
          "count": 135,
          "max_value": 20520,
          "min_value": 110,
          "mean": 3310.5777777777776
        }
      ]
    },
    {
      "column_name": "ADULT_FAMILIES",
      "number_non_empty_cells": 120,
      "number_empty_cells": 114,
      "number_distinct_values": 83,
      "frequent_values": [
        "",
        "114",
        "8.8",
        "102",
        "115"
      ],
      "data_types": [
        {
          "type": "INTEGER (LONG)",
          "count": 69,
          "max_value": 2965,
          "min_value": 8,
          "mean": 775.8260869565217
        },
        {
          "type": "REAL",
          "count": 51,
          "max_value": 43.4,
          "min_value": 3.3,
          "mean": 17.05882352941176
        }
      ]
    },
    {
      "column_name": "TOTAL_FAMILIES",
      "number_non_empty_cells": 24,
      "number_empty_cells": 210,
      "number_distinct_values": 22,
      "frequent_values": [
        "",
        "178",
        "180",
        "183",
        "16309"
      ],
      "data_types": [
        {
          "type": "INTEGER (LONG)",
          "count": 24,
          "max_value": 17881,
          "min_value": 178,
          "mean": 10445.208333333334
        }
      ]
    }
  ]
}