{
  "dataset_name": "2t32-hbca.tsv.gz",
  "key_column_candidates": [
    "JURISDICTION NAME",
    "COUNT PARTICIPANTS",
    "COUNT FEMALE",
    "PERCENT FEMALE",
    "COUNT MALE",
    "PERCENT MALE",
    "COUNT GENDER UNKNOWN",
    "PERCENT GENDER UNKNOWN",
    "COUNT GENDER TOTAL",
    "PERCENT GENDER TOTAL",
    "COUNT PACIFIC ISLANDER",
    "PERCENT PACIFIC ISLANDER",
    "COUNT HISPANIC LATINO",
    "PERCENT HISPANIC LATINO",
    "COUNT AMERICAN INDIAN",
    "PERCENT AMERICAN INDIAN",
    "COUNT ASIAN NON HISPANIC",
    "PERCENT ASIAN NON HISPANIC",
    "COUNT WHITE NON HISPANIC",
    "PERCENT WHITE NON HISPANIC",
    "COUNT BLACK NON HISPANIC",
    "PERCENT BLACK NON HISPANIC",
    "COUNT OTHER ETHNICITY",
    "PERCENT OTHER ETHNICITY",
    "COUNT ETHNICITY UNKNOWN",
    "PERCENT ETHNICITY UNKNOWN",
    "COUNT ETHNICITY TOTAL",
    "PERCENT ETHNICITY TOTAL",
    "COUNT PERMANENT RESIDENT ALIEN",
    "PERCENT PERMANENT RESIDENT ALIEN",
    "COUNT US CITIZEN",
    "PERCENT US CITIZEN",
    "COUNT OTHER CITIZEN STATUS",
    "PERCENT OTHER CITIZEN STATUS",
    "COUNT CITIZEN STATUS UNKNOWN",
    "PERCENT CITIZEN STATUS UNKNOWN",
    "COUNT CITIZEN STATUS TOTAL",
    "PERCENT CITIZEN STATUS TOTAL",
    "COUNT RECEIVES PUBLIC ASSISTANCE",
    "PERCENT RECEIVES PUBLIC ASSISTANCE",
    "COUNT NRECEIVES PUBLIC ASSISTANCE",
    "PERCENT NRECEIVES PUBLIC ASSISTANCE",
    "COUNT PUBLIC ASSISTANCE UNKNOWN",
    "PERCENT PUBLIC ASSISTANCE UNKNOWN",
    "COUNT PUBLIC ASSISTANCE TOTAL",
    "PERCENT PUBLIC ASSISTANCE TOTAL"
  ],
  "columns": [
    {
      "column_name": "PERCENT AMERICAN INDIAN",
      "number_non_empty_cells": 65,
      "number_empty_cells": 0,
      "number_distinct_values": 4,
      "frequent_values": [
        "0",
        "0.5",
        "0.02",
        "0.01"
      ],
      "data_types": [
        {
          "type": "INTEGER (LONG)",
          "count": 62,
          "max_value": 0,
          "min_value": 0,
          "mean": 0.0
        },
        {
          "type": "REAL",
          "count": 3,
          "max_value": 0.5,
          "min_value": 0.01,
          "mean": 0.17666666666666667
        }
      ]
    },
    {
      "column_name": "PERCENT ETHNICITY TOTAL",
      "number_non_empty_cells": 65,
      "number_empty_cells": 0,
      "number_distinct_values": 3,
      "frequent_values": [
        "100",
        "0",
        "99"
      ],
      "data_types": [
        {
          "type": "INTEGER (LONG)",
          "count": 65,
          "max_value": 100,
          "min_value": 0,
          "mean": 75.27692307692308
        }
      ]
    },
    {
      "column_name": "PERCENT MALE",
      "number_non_empty_cells": 65,
      "number_empty_cells": 0,
      "number_distinct_values": 31,
      "frequent_values": [
        "0",
        "0.5",
        "1",
        "0.33",
        "0.36"
      ],
      "data_types": [
        {
          "type": "INTEGER (LONG)",
          "count": 24,
          "max_value": 1,
          "min_value": 0,
          "mean": 0.20833333333333334
        },
        {
          "type": "REAL",
          "count": 41,
          "max_value": 0.77,
          "min_value": 0.09,
          "mean": 0.42707317073170725
        }
      ]
    },
    {
      "column_name": "PERCENT NRECEIVES PUBLIC ASSISTANCE",
      "number_non_empty_cells": 65,
      "number_empty_cells": 0,
      "number_distinct_values": 30,
      "frequent_values": [
        "0",
        "1",
        "0.83",
        "0.5",
        "0.55"
      ],
      "data_types": [
        {
          "type": "INTEGER (LONG)",
          "count": 27,
          "max_value": 1,
          "min_value": 0,
          "mean": 0.4074074074074074
        },
        {
          "type": "REAL",
          "count": 38,
          "max_value": 0.97,
          "min_value": 0.25,
          "mean": 0.6515789473684211
        }
      ]
    },
    {
      "column_name": "COUNT PARTICIPANTS",
      "number_non_empty_cells": 65,
      "number_empty_cells": 0,
      "number_distinct_values": 36,
      "frequent_values": [
        "0",
        "2",
        "1",
        "4",
        "11"
      ],
      "data_types": [
        {
          "type": "INTEGER (LONG)",
          "count": 65,
          "max_value": 263,
          "min_value": 0,
          "mean": 32.353846153846156
        }
      ]
    },
    {
      "column_name": "COUNT ETHNICITY UNKNOWN",
      "number_non_empty_cells": 65,
      "number_empty_cells": 0,
      "number_distinct_values": 4,
      "frequent_values": [
        "0",
        "1",
        "5",
        "2"
      ],
      "data_types": [
        {
          "type": "INTEGER (LONG)",
          "count": 65,
          "max_value": 5,
          "min_value": 0,
          "mean": 0.18461538461538463
        }
      ]
    },
    {
      "column_name": "PERCENT PUBLIC ASSISTANCE UNKNOWN",
      "number_non_empty_cells": 65,
      "number_empty_cells": 0,
      "number_distinct_values": 1,
      "frequent_values": [
        "0"
      ],
      "data_types": [
        {
          "type": "INTEGER (LONG)",
          "count": 65,
          "max_value": 0,
          "min_value": 0,
          "mean": 0.0
        }
      ]
    },
    {
      "column_name": "COUNT GENDER UNKNOWN",
      "number_non_empty_cells": 65,
      "number_empty_cells": 0,
      "number_distinct_values": 1,
      "frequent_values": [
        "0"
      ],
      "data_types": [
        {
          "type": "INTEGER (LONG)",
          "count": 65,
          "max_value": 0,
          "min_value": 0,
          "mean": 0.0
        }
      ]
    },
    {
      "column_name": "COUNT OTHER CITIZEN STATUS",
      "number_non_empty_cells": 65,
      "number_empty_cells": 0,
      "number_distinct_values": 3,
      "frequent_values": [
        "0",
        "1",
        "2"
      ],
      "data_types": [
        {
          "type": "INTEGER (LONG)",
          "count": 65,
          "max_value": 2,
          "min_value": 0,
          "mean": 0.15384615384615385
        }
      ]
    },
    {
      "column_name": "COUNT PERMANENT RESIDENT ALIEN",
      "number_non_empty_cells": 65,
      "number_empty_cells": 0,
      "number_distinct_values": 8,
      "frequent_values": [
        "0",
        "1",
        "2",
        "3",
        "5"
      ],
      "data_types": [
        {
          "type": "INTEGER (LONG)",
          "count": 65,
          "max_value": 12,
          "min_value": 0,
          "mean": 1.3692307692307693
        }
      ]
    },
    {
      "column_name": "COUNT FEMALE",
      "number_non_empty_cells": 65,
      "number_empty_cells": 0,
      "number_distinct_values": 29,
      "frequent_values": [
        "0",
        "1",
        "4",
        "7",
        "5"
      ],
      "data_types": [
        {
          "type": "INTEGER (LONG)",
          "count": 65,
          "max_value": 204,
          "min_value": 0,
          "mean": 20.49230769230769
        }
      ]
    },
    {
      "column_name": "COUNT CITIZEN STATUS TOTAL",
      "number_non_empty_cells": 65,
      "number_empty_cells": 0,
      "number_distinct_values": 36,
      "frequent_values": [
        "0",
        "2",
        "1",
        "4",
        "11"
      ],
      "data_types": [
        {
          "type": "INTEGER (LONG)",
          "count": 65,
          "max_value": 263,
          "min_value": 0,
          "mean": 32.353846153846156
        }
      ]
    },
    {
      "column_name": "COUNT HISPANIC LATINO",
      "number_non_empty_cells": 65,
      "number_empty_cells": 0,
      "number_distinct_values": 18,
      "frequent_values": [
        "0",
        "1",
        "2",
        "3",
        "10"
      ],
      "data_types": [
        {
          "type": "INTEGER (LONG)",
          "count": 65,
          "max_value": 78,
          "min_value": 0,
          "mean": 6.123076923076923
        }
      ]
    },
    {
      "column_name": "COUNT US CITIZEN",
      "number_non_empty_cells": 65,
      "number_empty_cells": 0,
      "number_distinct_values": 36,
      "frequent_values": [
        "0",
        "1",
        "2",
        "4",
        "14"
      ],
      "data_types": [
        {
          "type": "INTEGER (LONG)",
          "count": 65,
          "max_value": 259,
          "min_value": 0,
          "mean": 30.83076923076923
        }
      ]
    },
    {
      "column_name": "PERCENT PACIFIC ISLANDER",
      "number_non_empty_cells": 65,
      "number_empty_cells": 0,
      "number_distinct_values": 3,
      "frequent_values": [
        "0",
        "0.02",
        "0.01"
      ],
      "data_types": [
        {
          "type": "INTEGER (LONG)",
          "count": 63,
          "max_value": 0,
          "min_value": 0,
          "mean": 0.0
        },
        {
          "type": "REAL",
          "count": 2,
          "max_value": 0.02,
          "min_value": 0.01,
          "mean": 0.015
        }
      ]
    },
    {
      "column_name": "PERCENT OTHER CITIZEN STATUS",
      "number_non_empty_cells": 65,
      "number_empty_cells": 0,
      "number_distinct_values": 4,
      "frequent_values": [
        "0",
        "0.01",
        "0.03",
        "0.02"
      ],
      "data_types": [
        {
          "type": "REAL",
          "count": 5,
          "max_value": 0.03,
          "min_value": 0.01,
          "mean": 0.016
        },
        {
          "type": "INTEGER (LONG)",
          "count": 60,
          "max_value": 0,
          "min_value": 0,
          "mean": 0.0
        }
      ]
    },
    {
      "column_name": "COUNT CITIZEN STATUS UNKNOWN",
      "number_non_empty_cells": 65,
      "number_empty_cells": 0,
      "number_distinct_values": 1,
      "frequent_values": [
        "0"
      ],
      "data_types": [
        {
          "type": "INTEGER (LONG)",
          "count": 65,
          "max_value": 0,
          "min_value": 0,
          "mean": 0.0
        }
      ]
    },
    {
      "column_name": "PERCENT PUBLIC ASSISTANCE TOTAL",
      "number_non_empty_cells": 65,
      "number_empty_cells": 0,
      "number_distinct_values": 2,
      "frequent_values": [
        "100",
        "0"
      ],
      "data_types": [
        {
          "type": "INTEGER (LONG)",
          "count": 65,
          "max_value": 100,
          "min_value": 0,
          "mean": 75.38461538461539
        }
      ]
    },
    {
      "column_name": "PERCENT CITIZEN STATUS TOTAL",
      "number_non_empty_cells": 65,
      "number_empty_cells": 0,
      "number_distinct_values": 3,
      "frequent_values": [
        "100",
        "0",
        "99"
      ],
      "data_types": [
        {
          "type": "INTEGER (LONG)",
          "count": 65,
          "max_value": 100,
          "min_value": 0,
          "mean": 75.33846153846154
        }
      ]
    },
    {
      "column_name": "COUNT ASIAN NON HISPANIC",
      "number_non_empty_cells": 65,
      "number_empty_cells": 0,
      "number_distinct_values": 9,
      "frequent_values": [
        "0",
        "1",
        "2",
        "5",
        "16"
      ],
      "data_types": [
        {
          "type": "INTEGER (LONG)",
          "count": 65,
          "max_value": 46,
          "min_value": 0,
          "mean": 1.7230769230769232
        }
      ]
    },
    {
      "column_name": "PERCENT FEMALE",
      "number_non_empty_cells": 65,
      "number_empty_cells": 0,
      "number_distinct_values": 31,
      "frequent_values": [
        "0",
        "0.5",
        "0.67",
        "1",
        "0.64"
      ],
      "data_types": [
        {
          "type": "REAL",
          "count": 41,
          "max_value": 0.91,
          "min_value": 0.23,
          "mean": 0.5729268292682927
        },
        {
          "type": "INTEGER (LONG)",
          "count": 24,
          "max_value": 1,
          "min_value": 0,
          "mean": 0.125
        }
      ]
    },
    {
      "column_name": "PERCENT HISPANIC LATINO",
      "number_non_empty_cells": 65,
      "number_empty_cells": 0,
      "number_distinct_values": 26,
      "frequent_values": [
        "0",
        "0.5",
        "0.04",
        "0.67",
        "0.17"
      ],
      "data_types": [
        {
          "type": "INTEGER (LONG)",
          "count": 32,
          "max_value": 1,
          "min_value": 0,
          "mean": 0.03125
        },
        {
          "type": "REAL",
          "count": 33,
          "max_value": 0.67,
          "min_value": 0.02,
          "mean": 0.3
        }
      ]
    },
    {
      "column_name": "PERCENT ASIAN NON HISPANIC",
      "number_non_empty_cells": 65,
      "number_empty_cells": 0,
      "number_distinct_values": 16,
      "frequent_values": [
        "0",
        "1",
        "0.02",
        "0.01",
        "0.17"
      ],
      "data_types": [
        {
          "type": "INTEGER (LONG)",
          "count": 44,
          "max_value": 1,
          "min_value": 0,
          "mean": 0.09090909090909091
        },
        {
          "type": "REAL",
          "count": 21,
          "max_value": 0.75,
          "min_value": 0.01,
          "mean": 0.11857142857142854
        }
      ]
    },
    {
      "column_name": "PERCENT OTHER ETHNICITY",
      "number_non_empty_cells": 65,
      "number_empty_cells": 0,
      "number_distinct_values": 13,
      "frequent_values": [
        "0",
        "0.05",
        "0.07",
        "0.04",
        "0.09"
      ],
      "data_types": [
        {
          "type": "INTEGER (LONG)",
          "count": 37,
          "max_value": 0,
          "min_value": 0,
          "mean": 0.0
        },
        {
          "type": "REAL",
          "count": 28,
          "max_value": 0.5,
          "min_value": 0.02,
          "mean": 0.09249999999999999
        }
      ]
    },
    {
      "column_name": "PERCENT GENDER TOTAL",
      "number_non_empty_cells": 65,
      "number_empty_cells": 0,
      "number_distinct_values": 2,
      "frequent_values": [
        "100",
        "0"
      ],
      "data_types": [
        {
          "type": "INTEGER (LONG)",
          "count": 65,
          "max_value": 100,
          "min_value": 0,
          "mean": 75.38461538461539
        }
      ]
    },
    {
      "column_name": "COUNT WHITE NON HISPANIC",
      "number_non_empty_cells": 65,
      "number_empty_cells": 0,
      "number_distinct_values": 20,
      "frequent_values": [
        "0",
        "1",
        "4",
        "13",
        "72"
      ],
      "data_types": [
        {
          "type": "INTEGER (LONG)",
          "count": 65,
          "max_value": 241,
          "min_value": 0,
          "mean": 15.261538461538462
        }
      ]
    },
    {
      "column_name": "PERCENT PERMANENT RESIDENT ALIEN",
      "number_non_empty_cells": 65,
      "number_empty_cells": 0,
      "number_distinct_values": 19,
      "frequent_values": [
        "0",
        "0.07",
        "0.02",
        "0.01",
        "0.11"
      ],
      "data_types": [
        {
          "type": "REAL",
          "count": 26,
          "max_value": 0.5,
          "min_value": 0.01,
          "mean": 0.10038461538461542
        },
        {
          "type": "INTEGER (LONG)",
          "count": 39,
          "max_value": 1,
          "min_value": 0,
          "mean": 0.02564102564102564
        }
      ]
    },
    {
      "column_name": "COUNT RECEIVES PUBLIC ASSISTANCE",
      "number_non_empty_cells": 65,
      "number_empty_cells": 0,
      "number_distinct_values": 21,
      "frequent_values": [
        "0",
        "1",
        "5",
        "3",
        "8"
      ],
      "data_types": [
        {
          "type": "INTEGER (LONG)",
          "count": 65,
          "max_value": 133,
          "min_value": 0,
          "mean": 10.153846153846153
        }
      ]
    },
    {
      "column_name": "PERCENT US CITIZEN",
      "number_non_empty_cells": 65,
      "number_empty_cells": 0,
      "number_distinct_values": 19,
      "frequent_values": [
        "1",
        "0",
        "0.98",
        "0.91",
        "0.9"
      ],
      "data_types": [
        {
          "type": "REAL",
          "count": 26,
          "max_value": 0.99,
          "min_value": 0.5,
          "mean": 0.8953846153846156
        },
        {
          "type": "INTEGER (LONG)",
          "count": 39,
          "max_value": 1,
          "min_value": 0,
          "mean": 0.5641025641025641
        }
      ]
    },
    {
      "column_name": "PERCENT GENDER UNKNOWN",
      "number_non_empty_cells": 65,
      "number_empty_cells": 0,
      "number_distinct_values": 1,
      "frequent_values": [
        "0"
      ],
      "data_types": [
        {
          "type": "INTEGER (LONG)",
          "count": 65,
          "max_value": 0,
          "min_value": 0,
          "mean": 0.0
        }
      ]
    },
    {
      "column_name": "PERCENT RECEIVES PUBLIC ASSISTANCE",
      "number_non_empty_cells": 65,
      "number_empty_cells": 0,
      "number_distinct_values": 29,
      "frequent_values": [
        "0",
        "0.17",
        "0.5",
        "0.45",
        "0.4"
      ],
      "data_types": [
        {
          "type": "REAL",
          "count": 38,
          "max_value": 0.75,
          "min_value": 0.03,
          "mean": 0.34842105263157896
        },
        {
          "type": "INTEGER (LONG)",
          "count": 27,
          "max_value": 0,
          "min_value": 0,
          "mean": 0.0
        }
      ]
    },
    {
      "column_name": "COUNT OTHER ETHNICITY",
      "number_non_empty_cells": 65,
      "number_empty_cells": 0,
      "number_distinct_values": 10,
      "frequent_values": [
        "0",
        "1",
        "4",
        "2",
        "8"
      ],
      "data_types": [
        {
          "type": "INTEGER (LONG)",
          "count": 65,
          "max_value": 13,
          "min_value": 0,
          "mean": 1.646153846153846
        }
      ]
    },
    {
      "column_name": "COUNT PUBLIC ASSISTANCE UNKNOWN",
      "number_non_empty_cells": 65,
      "number_empty_cells": 0,
      "number_distinct_values": 1,
      "frequent_values": [
        "0"
      ],
      "data_types": [
        {
          "type": "INTEGER (LONG)",
          "count": 65,
          "max_value": 0,
          "min_value": 0,
          "mean": 0.0
        }
      ]
    },
    {
      "column_name": "COUNT GENDER TOTAL",
      "number_non_empty_cells": 65,
      "number_empty_cells": 0,
      "number_distinct_values": 36,
      "frequent_values": [
        "0",
        "2",
        "1",
        "4",
        "11"
      ],
      "data_types": [
        {
          "type": "INTEGER (LONG)",
          "count": 65,
          "max_value": 263,
          "min_value": 0,
          "mean": 32.353846153846156
        }
      ]
    },
    {
      "column_name": "JURISDICTION NAME",
      "number_non_empty_cells": 65,
      "number_empty_cells": 0,
      "number_distinct_values": 65,
      "frequent_values": [
        "State Assembly District 037",
        "State Assembly District 057",
        "State Assembly District 036",
        "State Assembly District 061",
        "State Assembly District 031"
      ],
      "data_types": [
        {
          "type": "TEXT",
          "count": 65,
          "shortest_values": "State Assembly District 037",
          "longest_values": "State Assembly District 037",
          "average_length": 27.0
        }
      ]
    },
    {
      "column_name": "COUNT BLACK NON HISPANIC",
      "number_non_empty_cells": 65,
      "number_empty_cells": 0,
      "number_distinct_values": 21,
      "frequent_values": [
        "0",
        "1",
        "4",
        "2",
        "6"
      ],
      "data_types": [
        {
          "type": "INTEGER (LONG)",
          "count": 65,
          "max_value": 68,
          "min_value": 0,
          "mean": 7.338461538461538
        }
      ]
    },
    {
      "column_name": "COUNT AMERICAN INDIAN",
      "number_non_empty_cells": 65,
      "number_empty_cells": 0,
      "number_distinct_values": 2,
      "frequent_values": [
        "0",
        "1"
      ],
      "data_types": [
        {
          "type": "INTEGER (LONG)",
          "count": 65,
          "max_value": 1,
          "min_value": 0,
          "mean": 0.046153846153846156
        }
      ]
    },
    {
      "column_name": "PERCENT WHITE NON HISPANIC",
      "number_non_empty_cells": 65,
      "number_empty_cells": 0,
      "number_distinct_values": 23,
      "frequent_values": [
        "0",
        "0.92",
        "0.91",
        "0.87",
        "0.93"
      ],
      "data_types": [
        {
          "type": "INTEGER (LONG)",
          "count": 39,
          "max_value": 1,
          "min_value": 0,
          "mean": 0.02564102564102564
        },
        {
          "type": "REAL",
          "count": 26,
          "max_value": 0.93,
          "min_value": 0.01,
          "mean": 0.5357692307692306
        }
      ]
    },
    {
      "column_name": "COUNT ETHNICITY TOTAL",
      "number_non_empty_cells": 65,
      "number_empty_cells": 0,
      "number_distinct_values": 36,
      "frequent_values": [
        "0",
        "2",
        "1",
        "4",
        "11"
      ],
      "data_types": [
        {
          "type": "INTEGER (LONG)",
          "count": 65,
          "max_value": 263,
          "min_value": 0,
          "mean": 32.353846153846156
        }
      ]
    },
    {
      "column_name": "PERCENT CITIZEN STATUS UNKNOWN",
      "number_non_empty_cells": 65,
      "number_empty_cells": 0,
      "number_distinct_values": 1,
      "frequent_values": [
        "0"
      ],
      "data_types": [
        {
          "type": "INTEGER (LONG)",
          "count": 65,
          "max_value": 0,
          "min_value": 0,
          "mean": 0.0
        }
      ]
    },
    {
      "column_name": "COUNT NRECEIVES PUBLIC ASSISTANCE",
      "number_non_empty_cells": 65,
      "number_empty_cells": 0,
      "number_distinct_values": 34,
      "frequent_values": [
        "0",
        "1",
        "2",
        "5",
        "3"
      ],
      "data_types": [
        {
          "type": "INTEGER (LONG)",
          "count": 65,
          "max_value": 199,
          "min_value": 0,
          "mean": 22.2
        }
      ]
    },
    {
      "column_name": "COUNT PUBLIC ASSISTANCE TOTAL",
      "number_non_empty_cells": 65,
      "number_empty_cells": 0,
      "number_distinct_values": 36,
      "frequent_values": [
        "0",
        "2",
        "1",
        "4",
        "11"
      ],
      "data_types": [
        {
          "type": "INTEGER (LONG)",
          "count": 65,
          "max_value": 263,
          "min_value": 0,
          "mean": 32.353846153846156
        }
      ]
    },
    {
      "column_name": "PERCENT ETHNICITY UNKNOWN",
      "number_non_empty_cells": 65,
      "number_empty_cells": 0,
      "number_distinct_values": 5,
      "frequent_values": [
        "0",
        "0.02",
        "0.17",
        "0.03",
        "0.25"
      ],
      "data_types": [
        {
          "type": "INTEGER (LONG)",
          "count": 59,
          "max_value": 0,
          "min_value": 0,
          "mean": 0.0
        },
        {
          "type": "REAL",
          "count": 6,
          "max_value": 0.25,
          "min_value": 0.02,
          "mean": 0.085
        }
      ]
    },
    {
      "column_name": "COUNT PACIFIC ISLANDER",
      "number_non_empty_cells": 65,
      "number_empty_cells": 0,
      "number_distinct_values": 2,
      "frequent_values": [
        "0",
        "1"
      ],
      "data_types": [
        {
          "type": "INTEGER (LONG)",
          "count": 65,
          "max_value": 1,
          "min_value": 0,
          "mean": 0.03076923076923077
        }
      ]
    },
    {
      "column_name": "PERCENT BLACK NON HISPANIC",
      "number_non_empty_cells": 65,
      "number_empty_cells": 0,
      "number_distinct_values": 25,
      "frequent_values": [
        "0",
        "0.44",
        "1",
        "0.2",
        "0.75"
      ],
      "data_types": [
        {
          "type": "REAL",
          "count": 30,
          "max_value": 0.75,
          "min_value": 0.01,
          "mean": 0.36800000000000005
        },
        {
          "type": "INTEGER (LONG)",
          "count": 35,
          "max_value": 1,
          "min_value": 0,
          "mean": 0.05714285714285714
        }
      ]
    },
    {
      "column_name": "COUNT MALE",
      "number_non_empty_cells": 65,
      "number_empty_cells": 0,
      "number_distinct_values": 27,
      "frequent_values": [
        "0",
        "1",
        "2",
        "10",
        "3"
      ],
      "data_types": [
        {
          "type": "INTEGER (LONG)",
          "count": 65,
          "max_value": 92,
          "min_value": 0,
          "mean": 11.861538461538462
        }
      ]
    }
  ]
}