{
  "dataset_name": "33db-aeds.tsv.gz",
  "key_column_candidates": [
    "Month",
    "Cash Assistance - Medical Assistance",
    "Supplemental Security Income - Medical Assistance",
    "Nursing Home - Medical Assistance",
    "Medical Assistance Only",
    "Total HRA-Enrolled Medical Assistance Individuals"
  ],
  "columns": [
    {
      "column_name": "Supplemental Security Income - Medical Assistance",
      "number_non_empty_cells": 152,
      "number_empty_cells": 0,
      "number_distinct_values": 152,
      "frequent_values": [
        "383793",
        "389488",
        "390622",
        "391685",
        "392184"
      ],
      "data_types": [
        {
          "type": "INTEGER (LONG)",
          "count": 152,
          "max_value": 420076,
          "min_value": 383793,
          "mean": 410314.2105263158
        }
      ]
    },
    {
      "column_name": "Nursing Home - Medical Assistance",
      "number_non_empty_cells": 152,
      "number_empty_cells": 0,
      "number_distinct_values": 149,
      "frequent_values": [
        "30096",
        "37161",
        "39412",
        "29399",
        "30038"
      ],
      "data_types": [
        {
          "type": "INTEGER (LONG)",
          "count": 152,
          "max_value": 90768,
          "min_value": 28985,
          "mean": 36274.15789473684
        }
      ]
    },
    {
      "column_name": "Cash Assistance - Medical Assistance",
      "number_non_empty_cells": 152,
      "number_empty_cells": 0,
      "number_distinct_values": 152,
      "frequent_values": [
        "327827",
        "322114",
        "327961",
        "324433",
        "325468"
      ],
      "data_types": [
        {
          "type": "INTEGER (LONG)",
          "count": 152,
          "max_value": 369672,
          "min_value": 322114,
          "mean": 347531.1381578947
        }
      ]
    },
    {
      "column_name": "Total HRA-Enrolled Medical Assistance Individuals",
      "number_non_empty_cells": 152,
      "number_empty_cells": 0,
      "number_distinct_values": 152,
      "frequent_values": [
        "1570911",
        "1573728",
        "1593507",
        "1602855",
        "1614447"
      ],
      "data_types": [
        {
          "type": "INTEGER (LONG)",
          "count": 152,
          "max_value": 3120366,
          "min_value": 1570911,
          "mean": 2498088.3092105263
        }
      ]
    },
    {
      "column_name": "Month",
      "number_non_empty_cells": 152,
      "number_empty_cells": 0,
      "number_distinct_values": 152,
      "frequent_values": [
        "08/01/2019",
        "07/01/2019",
        "06/01/2019",
        "05/01/2019",
        "04/01/2019"
      ],
      "data_types": [
        {
          "type": "DATE/TIME",
          "count": 152,
          "max_value": "08/01/2019",
          "min_value": "01/01/2007"
        }
      ]
    },
    {
      "column_name": "Medical Assistance Only",
      "number_non_empty_cells": 152,
      "number_empty_cells": 0,
      "number_distinct_values": 152,
      "frequent_values": [
        "854291",
        "862126",
        "874924",
        "886737",
        "896795"
      ],
      "data_types": [
        {
          "type": "INTEGER (LONG)",
          "count": 152,
          "max_value": 2347770,
          "min_value": 854291,
          "mean": 1740210.0657894737
        }
      ]
    }
  ]
}