{
  "dataset_name": "35ey-ieq4.tsv.gz",
  "key_column_candidates": [
    "DBN",
    "School",
    "Cohort Year",
    "Cohort Category",
    "Total Cohort #",
    "Total Grads #",
    "Total Grads   % of cohort",
    "Total Regents #",
    "Total Regents    % of cohort",
    "Total Regents   % of grads",
    "Advanced Regents #",
    "Advanced   Regents   % of cohort",
    "Advanced Regents    % of grads",
    "Regents w/o Advanced  #",
    "Regents w/o Advanced                          % of cohort",
    "Regents w/o Advanced        % of grads",
    "Local  #",
    "Local   % of cohort",
    "Local   % of grads",
    "Still Enrolled #",
    "Still Enrolled    % of cohort",
    "Dropped Out  #",
    "Dropped Out    % of cohort"
  ],
  "columns": [
    {
      "column_name": "Still Enrolled #",
      "number_non_empty_cells": 17095,
      "number_empty_cells": 0,
      "number_distinct_values": 300,
      "frequent_values": [
        "s",
        "0",
        "1",
        "2",
        "3"
      ],
      "data_types": [
        {
          "type": "INTEGER (LONG)",
          "count": 15512,
          "max_value": 419,
          "min_value": 0,
          "mean": 25.10656266116555
        },
        {
          "type": "TEXT",
          "count": 1583,
          "shortest_values": "s",
          "longest_values": "s",
          "average_length": 1.0
        }
      ]
    },
    {
      "column_name": "Local   % of cohort",
      "number_non_empty_cells": 17095,
      "number_empty_cells": 0,
      "number_distinct_values": 677,
      "frequent_values": [
        "s",
        "0.0%",
        "2.2%",
        "4.5%",
        "3.1%"
      ],
      "data_types": [
        {
          "type": "TEXT",
          "count": 17095,
          "shortest_values": "s",
          "longest_values": "36.4%",
          "average_length": 4.149458906112899
        }
      ]
    },
    {
      "column_name": "Regents w/o Advanced        % of grads",
      "number_non_empty_cells": 17087,
      "number_empty_cells": 8,
      "number_distinct_values": 971,
      "frequent_values": [
        "s",
        "100.0%",
        "0.0%",
        "50.0%",
        "66.7%"
      ],
      "data_types": [
        {
          "type": "TEXT",
          "count": 17087,
          "shortest_values": "s",
          "longest_values": "100.0%",
          "average_length": 4.633932229180078
        }
      ]
    },
    {
      "column_name": "Total Grads #",
      "number_non_empty_cells": 17095,
      "number_empty_cells": 0,
      "number_distinct_values": 909,
      "frequent_values": [
        "s",
        "63",
        "66",
        "56",
        "57"
      ],
      "data_types": [
        {
          "type": "INTEGER (LONG)",
          "count": 15469,
          "max_value": 994,
          "min_value": 0,
          "mean": 132.81382119076864
        },
        {
          "type": "TEXT",
          "count": 1584,
          "shortest_values": "s",
          "longest_values": "1,000",
          "average_length": 1.0025252525252526
        },
        {
          "type": "DATE/TIME",
          "count": 42,
          "max_value": "1,068",
          "min_value": "1,100"
        }
      ]
    },
    {
      "column_name": "Total Grads   % of cohort",
      "number_non_empty_cells": 17095,
      "number_empty_cells": 0,
      "number_distinct_values": 961,
      "frequent_values": [
        "s",
        "100.0%",
        "66.7%",
        "75.0%",
        "50.0%"
      ],
      "data_types": [
        {
          "type": "TEXT",
          "count": 17095,
          "shortest_values": "s",
          "longest_values": "100.0%",
          "average_length": 4.64106463878327
        }
      ]
    },
    {
      "column_name": "Advanced Regents #",
      "number_non_empty_cells": 17095,
      "number_empty_cells": 0,
      "number_distinct_values": 453,
      "frequent_values": [
        "0",
        "s",
        "1",
        "2",
        "4"
      ],
      "data_types": [
        {
          "type": "INTEGER (LONG)",
          "count": 15496,
          "max_value": 987,
          "min_value": 0,
          "mean": 32.740126484254
        },
        {
          "type": "TEXT",
          "count": 1583,
          "shortest_values": "s",
          "longest_values": "s",
          "average_length": 1.0
        },
        {
          "type": "DATE/TIME",
          "count": 16,
          "max_value": "1,062",
          "min_value": "1,120"
        }
      ]
    },
    {
      "column_name": "Advanced   Regents   % of cohort",
      "number_non_empty_cells": 17095,
      "number_empty_cells": 0,
      "number_distinct_values": 724,
      "frequent_values": [
        "0.0%",
        "s",
        "1.0%",
        "1.1%",
        "1.2%"
      ],
      "data_types": [
        {
          "type": "TEXT",
          "count": 17095,
          "shortest_values": "s",
          "longest_values": "100.0%",
          "average_length": 3.992336940625914
        }
      ]
    },
    {
      "column_name": "Dropped Out    % of cohort",
      "number_non_empty_cells": 17095,
      "number_empty_cells": 0,
      "number_distinct_values": 539,
      "frequent_values": [
        "s",
        "0.0%",
        "1.1%",
        "6.3%",
        "4.5%"
      ],
      "data_types": [
        {
          "type": "TEXT",
          "count": 17095,
          "shortest_values": "s",
          "longest_values": "22.4%",
          "average_length": 4.25516232816613
        }
      ]
    },
    {
      "column_name": "School",
      "number_non_empty_cells": 17095,
      "number_empty_cells": 0,
      "number_distinct_values": 545,
      "frequent_values": [
        "UNIVERSITY NEIGHBORHOOD HIGH SCHOOL",
        "EAST SIDE COMMUNITY SCHOOL",
        "MARTA VALLE HIGH SCHOOL",
        "LOWER EAST SIDE PREPARATORY HIGH SCHOOL",
        "NEW EXPLORATIONS INTO SCIENCE, TECHNOLOGY AND MATH HIG"
      ],
      "data_types": [
        {
          "type": "TEXT",
          "count": 17095,
          "shortest_values": "NYC ISCHOOL",
          "longest_values": "NEW EXPLORATIONS INTO SCIENCE, TECHNOLOGY AND MATH HIG",
          "average_length": 35.13331383445452
        }
      ]
    },
    {
      "column_name": "Regents w/o Advanced                          % of cohort",
      "number_non_empty_cells": 17095,
      "number_empty_cells": 0,
      "number_distinct_values": 956,
      "frequent_values": [
        "s",
        "0.0%",
        "50.0%",
        "66.7%",
        "43.8%"
      ],
      "data_types": [
        {
          "type": "TEXT",
          "count": 17095,
          "shortest_values": "s",
          "longest_values": "100.0%",
          "average_length": 4.563673588768646
        }
      ]
    },
    {
      "column_name": "Dropped Out  #",
      "number_non_empty_cells": 17095,
      "number_empty_cells": 0,
      "number_distinct_values": 301,
      "frequent_values": [
        "s",
        "0",
        "2",
        "1",
        "3"
      ],
      "data_types": [
        {
          "type": "INTEGER (LONG)",
          "count": 15512,
          "max_value": 380,
          "min_value": 0,
          "mean": 29.521725116039196
        },
        {
          "type": "TEXT",
          "count": 1583,
          "shortest_values": "s",
          "longest_values": "s",
          "average_length": 1.0
        }
      ]
    },
    {
      "column_name": "Cohort Category",
      "number_non_empty_cells": 17095,
      "number_empty_cells": 0,
      "number_distinct_values": 5,
      "frequent_values": [
        "4 Year  June",
        "5 Year  June",
        "6 Year",
        "4 Year August",
        "5 Year August"
      ],
      "data_types": [
        {
          "type": "TEXT",
          "count": 17095,
          "shortest_values": "6 Year",
          "longest_values": "4 Year August",
          "average_length": 11.084059666569173
        }
      ]
    },
    {
      "column_name": "Total Regents #",
      "number_non_empty_cells": 17095,
      "number_empty_cells": 0,
      "number_distinct_values": 840,
      "frequent_values": [
        "s",
        "45",
        "47",
        "49",
        "48"
      ],
      "data_types": [
        {
          "type": "INTEGER (LONG)",
          "count": 15484,
          "max_value": 996,
          "min_value": 0,
          "mean": 108.44090674244381
        },
        {
          "type": "TEXT",
          "count": 1583,
          "shortest_values": "s",
          "longest_values": "s",
          "average_length": 1.0
        },
        {
          "type": "DATE/TIME",
          "count": 28,
          "max_value": "1,068",
          "min_value": "1,100"
        }
      ]
    },
    {
      "column_name": "Total Regents    % of cohort",
      "number_non_empty_cells": 17095,
      "number_empty_cells": 0,
      "number_distinct_values": 997,
      "frequent_values": [
        "s",
        "100.0%",
        "0.0%",
        "50.0%",
        "66.7%"
      ],
      "data_types": [
        {
          "type": "TEXT",
          "count": 17095,
          "shortest_values": "s",
          "longest_values": "100.0%",
          "average_length": 4.597133664814273
        }
      ]
    },
    {
      "column_name": "Local  #",
      "number_non_empty_cells": 17095,
      "number_empty_cells": 0,
      "number_distinct_values": 290,
      "frequent_values": [
        "s",
        "0",
        "2",
        "1",
        "3"
      ],
      "data_types": [
        {
          "type": "INTEGER (LONG)",
          "count": 15512,
          "max_value": 374,
          "min_value": 0,
          "mean": 25.228790613718413
        },
        {
          "type": "TEXT",
          "count": 1583,
          "shortest_values": "s",
          "longest_values": "s",
          "average_length": 1.0
        }
      ]
    },
    {
      "column_name": "DBN",
      "number_non_empty_cells": 17095,
      "number_empty_cells": 0,
      "number_distinct_values": 546,
      "frequent_values": [
        "01M448",
        "01M450",
        "01M509",
        "01M515",
        "01M539"
      ],
      "data_types": [
        {
          "type": "TEXT",
          "count": 17045,
          "shortest_values": "01M292",
          "longest_values": "01M292",
          "average_length": 6.0
        },
        {
          "type": "DATE/TIME",
          "count": 50,
          "max_value": "02M047",
          "min_value": "01M056"
        }
      ]
    },
    {
      "column_name": "Cohort Year",
      "number_non_empty_cells": 17095,
      "number_empty_cells": 0,
      "number_distinct_values": 11,
      "frequent_values": [
        "2009",
        "2008",
        "2007",
        "2006",
        "2010"
      ],
      "data_types": [
        {
          "type": "INTEGER (LONG)",
          "count": 17095,
          "max_value": 2011,
          "min_value": 2001,
          "mean": 2006.6177829774788
        }
      ]
    },
    {
      "column_name": "Regents w/o Advanced  #",
      "number_non_empty_cells": 17095,
      "number_empty_cells": 0,
      "number_distinct_values": 507,
      "frequent_values": [
        "s",
        "45",
        "44",
        "47",
        "48"
      ],
      "data_types": [
        {
          "type": "INTEGER (LONG)",
          "count": 15512,
          "max_value": 569,
          "min_value": 0,
          "mean": 76.48846054667354
        },
        {
          "type": "TEXT",
          "count": 1583,
          "shortest_values": "s",
          "longest_values": "s",
          "average_length": 1.0
        }
      ]
    },
    {
      "column_name": "Advanced Regents    % of grads",
      "number_non_empty_cells": 17087,
      "number_empty_cells": 8,
      "number_distinct_values": 814,
      "frequent_values": [
        "0.0%",
        "s",
        "3.8%",
        "1.5%",
        "1.6%"
      ],
      "data_types": [
        {
          "type": "TEXT",
          "count": 17087,
          "shortest_values": "s",
          "longest_values": "100.0%",
          "average_length": 4.056417159243869
        }
      ]
    },
    {
      "column_name": "Total Cohort #",
      "number_non_empty_cells": 17095,
      "number_empty_cells": 0,
      "number_distinct_values": 979,
      "frequent_values": [
        "1",
        "2",
        "90",
        "89",
        "3"
      ],
      "data_types": [
        {
          "type": "INTEGER (LONG)",
          "count": 17095,
          "max_value": 1330,
          "min_value": 1,
          "mean": 178.10523544896168
        }
      ]
    },
    {
      "column_name": "Local   % of grads",
      "number_non_empty_cells": 17087,
      "number_empty_cells": 8,
      "number_distinct_values": 911,
      "frequent_values": [
        "s",
        "0.0%",
        "100.0%",
        "50.0%",
        "33.3%"
      ],
      "data_types": [
        {
          "type": "TEXT",
          "count": 17087,
          "shortest_values": "s",
          "longest_values": "100.0%",
          "average_length": 4.269854275179961
        }
      ]
    },
    {
      "column_name": "Still Enrolled    % of cohort",
      "number_non_empty_cells": 17095,
      "number_empty_cells": 0,
      "number_distinct_values": 773,
      "frequent_values": [
        "s",
        "0.0%",
        "1.1%",
        "1.0%",
        "1.3%"
      ],
      "data_types": [
        {
          "type": "TEXT",
          "count": 17095,
          "shortest_values": "s",
          "longest_values": "100.0%",
          "average_length": 4.140157940918397
        }
      ]
    },
    {
      "column_name": "Total Regents   % of grads",
      "number_non_empty_cells": 17087,
      "number_empty_cells": 8,
      "number_distinct_values": 903,
      "frequent_values": [
        "s",
        "100.0%",
        "0.0%",
        "50.0%",
        "66.7%"
      ],
      "data_types": [
        {
          "type": "TEXT",
          "count": 17087,
          "shortest_values": "s",
          "longest_values": "100.0%",
          "average_length": 4.705038918476035
        }
      ]
    }
  ]
}