{
  "dataset_name": "3av7-txd8.tsv.gz",
  "key_column_candidates": [
    "Region",
    "Calendar Year",
    "Passthrough Count"
  ],
  "columns": [
    {
      "column_name": "Calendar Year",
      "number_non_empty_cells": 65,
      "number_empty_cells": 0,
      "number_distinct_values": 13,
      "frequent_values": [
        "2018",
        "2017",
        "2016",
        "2015",
        "2014"
      ],
      "data_types": [
        {
          "type": "INTEGER (LONG)",
          "count": 65,
          "max_value": 2018,
          "min_value": 2006,
          "mean": 2012.0
        }
      ]
    },
    {
      "column_name": "Passthrough Count",
      "number_non_empty_cells": 65,
      "number_empty_cells": 0,
      "number_distinct_values": 65,
      "frequent_values": [
        "5742",
        "5052",
        "6677",
        "6215",
        "1509"
      ],
      "data_types": [
        {
          "type": "INTEGER (LONG)",
          "count": 65,
          "max_value": 10764,
          "min_value": 1462,
          "mean": 6391.584615384615
        }
      ]
    },
    {
      "column_name": "Region",
      "number_non_empty_cells": 65,
      "number_empty_cells": 0,
      "number_distinct_values": 5,
      "frequent_values": [
        "Queens",
        "Manhattan",
        "Bronx",
        "Brooklyn",
        "Staten Island"
      ],
      "data_types": [
        {
          "type": "TEXT",
          "count": 65,
          "shortest_values": "Bronx",
          "longest_values": "Staten Island",
          "average_length": 8.2
        }
      ]
    }
  ]
}