{
  "dataset_name": "3vvi-fwjs.tsv.gz",
  "key_column_candidates": [
    "Income Group",
    "Total NYC PIT Liability",
    "Avg PIT Liability",
    "Number of tax Payers"
  ],
  "columns": [
    {
      "column_name": "Total NYC PIT Liability",
      "number_non_empty_cells": 11,
      "number_empty_cells": 0,
      "number_distinct_values": 11,
      "frequent_values": [
        "-27",
        "-37",
        "-39.6",
        "-2.1",
        "78.400000000000006"
      ],
      "data_types": [
        {
          "type": "INTEGER (LONG)",
          "count": 3,
          "max_value": 4306,
          "min_value": -37,
          "mean": 1414.0
        },
        {
          "type": "REAL",
          "count": 8,
          "max_value": 6044.3,
          "min_value": -39.6,
          "mean": 980.8000000000001
        }
      ]
    },
    {
      "column_name": "Avg PIT Liability",
      "number_non_empty_cells": 11,
      "number_empty_cells": 0,
      "number_distinct_values": 11,
      "frequent_values": [
        "-78",
        "-107",
        "-114",
        "-6",
        "226"
      ],
      "data_types": [
        {
          "type": "INTEGER (LONG)",
          "count": 11,
          "max_value": 12441,
          "min_value": -114,
          "mean": 1746.2727272727273
        }
      ]
    },
    {
      "column_name": "Income Group",
      "number_non_empty_cells": 11,
      "number_empty_cells": 0,
      "number_distinct_values": 11,
      "frequent_values": [
        "1st Decile",
        "2nd Decile",
        "3rd Decile",
        "4th Decile",
        "5th Decile"
      ],
      "data_types": [
        {
          "type": "TEXT",
          "count": 11,
          "shortest_values": "Total",
          "longest_values": "10th Decile",
          "average_length": 9.636363636363637
        }
      ]
    },
    {
      "column_name": "Number of tax Payers",
      "number_non_empty_cells": 11,
      "number_empty_cells": 0,
      "number_distinct_values": 11,
      "frequent_values": [
        "9",
        "214",
        "104979",
        "175647",
        "286107"
      ],
      "data_types": [
        {
          "type": "INTEGER (LONG)",
          "count": 11,
          "max_value": 2282001,
          "min_value": 9,
          "mean": 414909.2727272727
        }
      ]
    }
  ]
}