{
  "dataset_name": "3wfy-sn5g.tsv.gz",
  "key_column_candidates": [
    "BN",
    "School_Year",
    "Start_Date",
    "Overall_Rating",
    "Indicator_1.1",
    "Indicator_1.2",
    "Indicator_1.3",
    "Indicator_1.4",
    "Indicator_1.5",
    "Indicator_1.6",
    "Indicator_1.7",
    "IndicatorOverall_1",
    "Indicator_2.1",
    "Indicator_2.2",
    "Indicator_2.3",
    "Indicator_2.4",
    "Indicator_2.5",
    "Indicator_2.6",
    "Indicator_2.7",
    "IndicatorOverall_2",
    "Indicator_3.1",
    "Indicator_3.2",
    "Indicator_3.3",
    "Indicator_3.4",
    "Indicator_3.5",
    "Indicator_3.6",
    "Indicator_3.7",
    "Indicator_3.8",
    "IndicatorOverall_3",
    "Indicator_4.1",
    "Indicator_4.2",
    "Indicator_4.3",
    "Indicator_4.4",
    "Indicator_4.5",
    "Indicator_4.6",
    "Indicator_4.7",
    "IndicatorOverall_4",
    "Indicator_5.1",
    "Indicator_5.2",
    "Indicator_5.3",
    "Indicator_5.4",
    "Indicator_5.5",
    "Indicator_5.6",
    "Indicator_5.7",
    "IndicatorOverall_5"
  ],
  "columns": [
    {
      "column_name": "Indicator_2.4",
      "number_non_empty_cells": 8519,
      "number_empty_cells": 0,
      "number_distinct_values": 8,
      "frequent_values": [
        "No Data",
        "P",
        "WD",
        "D",
        "UPF"
      ],
      "data_types": [
        {
          "type": "TEXT",
          "count": 8519,
          "shortest_values": "P",
          "longest_values": "No Data",
          "average_length": 3.8968188754548656
        }
      ]
    },
    {
      "column_name": "IndicatorOverall_3",
      "number_non_empty_cells": 8519,
      "number_empty_cells": 0,
      "number_distinct_values": 6,
      "frequent_values": [
        "No Data",
        "WD",
        "P",
        "UPF",
        "U"
      ],
      "data_types": [
        {
          "type": "TEXT",
          "count": 8519,
          "shortest_values": "P",
          "longest_values": "No Data",
          "average_length": 4.573306726141566
        }
      ]
    },
    {
      "column_name": "Indicator_4.3",
      "number_non_empty_cells": 8519,
      "number_empty_cells": 0,
      "number_distinct_values": 7,
      "frequent_values": [
        "No Data",
        "WD",
        "P",
        "D",
        "UPF"
      ],
      "data_types": [
        {
          "type": "TEXT",
          "count": 8519,
          "shortest_values": "P",
          "longest_values": "No Data",
          "average_length": 3.895645028759244
        }
      ]
    },
    {
      "column_name": "Indicator_1.2",
      "number_non_empty_cells": 8519,
      "number_empty_cells": 0,
      "number_distinct_values": 9,
      "frequent_values": [
        "P",
        "WD",
        "D",
        "UPF",
        "U"
      ],
      "data_types": [
        {
          "type": "TEXT",
          "count": 8503,
          "shortest_values": "P",
          "longest_values": "No Data",
          "average_length": 1.3475244031518288
        },
        {
          "type": "INTEGER (LONG)",
          "count": 16,
          "max_value": 0,
          "min_value": 0,
          "mean": 0.0
        }
      ]
    },
    {
      "column_name": "Indicator_1.7",
      "number_non_empty_cells": 8519,
      "number_empty_cells": 0,
      "number_distinct_values": 6,
      "frequent_values": [
        "No Data",
        "WD",
        "P",
        "O",
        "UPF"
      ],
      "data_types": [
        {
          "type": "TEXT",
          "count": 8519,
          "shortest_values": "P",
          "longest_values": "No Data",
          "average_length": 6.129475290527057
        }
      ]
    },
    {
      "column_name": "Indicator_2.1",
      "number_non_empty_cells": 8519,
      "number_empty_cells": 0,
      "number_distinct_values": 8,
      "frequent_values": [
        "No Data",
        "P",
        "WD",
        "UPF",
        "U"
      ],
      "data_types": [
        {
          "type": "TEXT",
          "count": 8519,
          "shortest_values": "P",
          "longest_values": "No Data",
          "average_length": 3.878154712994483
        }
      ]
    },
    {
      "column_name": "Indicator_5.1",
      "number_non_empty_cells": 8519,
      "number_empty_cells": 0,
      "number_distinct_values": 9,
      "frequent_values": [
        "P",
        "No Data",
        "WD",
        "D",
        "U"
      ],
      "data_types": [
        {
          "type": "TEXT",
          "count": 8519,
          "shortest_values": "P",
          "longest_values": "No Data",
          "average_length": 2.481159760535274
        }
      ]
    },
    {
      "column_name": "Indicator_3.1",
      "number_non_empty_cells": 8519,
      "number_empty_cells": 0,
      "number_distinct_values": 9,
      "frequent_values": [
        "P",
        "WD",
        "No Data",
        "D",
        "UPF"
      ],
      "data_types": [
        {
          "type": "TEXT",
          "count": 8519,
          "shortest_values": "P",
          "longest_values": "No Data",
          "average_length": 2.5257659349688932
        }
      ]
    },
    {
      "column_name": "Indicator_3.8",
      "number_non_empty_cells": 8519,
      "number_empty_cells": 0,
      "number_distinct_values": 4,
      "frequent_values": [
        "No Data",
        "WD",
        "P",
        "U"
      ],
      "data_types": [
        {
          "type": "TEXT",
          "count": 8519,
          "shortest_values": "P",
          "longest_values": "No Data",
          "average_length": 6.0883906561803025
        }
      ]
    },
    {
      "column_name": "Indicator_4.4",
      "number_non_empty_cells": 8519,
      "number_empty_cells": 0,
      "number_distinct_values": 7,
      "frequent_values": [
        "No Data",
        "WD",
        "P",
        "U",
        "O"
      ],
      "data_types": [
        {
          "type": "TEXT",
          "count": 8519,
          "shortest_values": "P",
          "longest_values": "No Data",
          "average_length": 3.9232304261063504
        }
      ]
    },
    {
      "column_name": "Indicator_1.3",
      "number_non_empty_cells": 8519,
      "number_empty_cells": 0,
      "number_distinct_values": 9,
      "frequent_values": [
        "P",
        "WD",
        "No Data",
        "D",
        "U"
      ],
      "data_types": [
        {
          "type": "INTEGER (LONG)",
          "count": 21,
          "max_value": 0,
          "min_value": 0,
          "mean": 0.0
        },
        {
          "type": "TEXT",
          "count": 8498,
          "shortest_values": "P",
          "longest_values": "No Data",
          "average_length": 2.5698987997175804
        }
      ]
    },
    {
      "column_name": "Indicator_3.6",
      "number_non_empty_cells": 8519,
      "number_empty_cells": 0,
      "number_distinct_values": 6,
      "frequent_values": [
        "No Data",
        "WD",
        "P",
        "O",
        "U"
      ],
      "data_types": [
        {
          "type": "TEXT",
          "count": 8519,
          "shortest_values": "P",
          "longest_values": "No Data",
          "average_length": 5.210470712524944
        }
      ]
    },
    {
      "column_name": "Indicator_4.2",
      "number_non_empty_cells": 8519,
      "number_empty_cells": 0,
      "number_distinct_values": 9,
      "frequent_values": [
        "P",
        "WD",
        "D",
        "UPF",
        "O"
      ],
      "data_types": [
        {
          "type": "TEXT",
          "count": 8519,
          "shortest_values": "P",
          "longest_values": "No Data",
          "average_length": 1.425754196501937
        }
      ]
    },
    {
      "column_name": "Overall_Rating",
      "number_non_empty_cells": 8519,
      "number_empty_cells": 0,
      "number_distinct_values": 10,
      "frequent_values": [
        "P",
        "No Data",
        "WD",
        "D",
        "U"
      ],
      "data_types": [
        {
          "type": "TEXT",
          "count": 8519,
          "shortest_values": "P",
          "longest_values": "No Data",
          "average_length": 3.1448526822396996
        }
      ]
    },
    {
      "column_name": "Indicator_3.3",
      "number_non_empty_cells": 8519,
      "number_empty_cells": 0,
      "number_distinct_values": 7,
      "frequent_values": [
        "No Data",
        "P",
        "WD",
        "D",
        "UPF"
      ],
      "data_types": [
        {
          "type": "TEXT",
          "count": 8519,
          "shortest_values": "P",
          "longest_values": "No Data",
          "average_length": 3.896114567437493
        }
      ]
    },
    {
      "column_name": "Indicator_4.1",
      "number_non_empty_cells": 8519,
      "number_empty_cells": 0,
      "number_distinct_values": 9,
      "frequent_values": [
        "P",
        "WD",
        "No Data",
        "D",
        "UPF"
      ],
      "data_types": [
        {
          "type": "TEXT",
          "count": 8519,
          "shortest_values": "P",
          "longest_values": "No Data",
          "average_length": 2.5783542669327386
        }
      ]
    },
    {
      "column_name": "School_Year",
      "number_non_empty_cells": 4829,
      "number_empty_cells": 3690,
      "number_distinct_values": 8,
      "frequent_values": [
        "",
        "08/01/2007 12:00:00 AM",
        "07/01/2006 12:00:00 AM",
        "11/01/2010 12:00:00 AM",
        "09/01/2008 12:00:00 AM"
      ],
      "data_types": [
        {
          "type": "DATE/TIME",
          "count": 4829,
          "max_value": "12/01/2011 12:00:00 AM",
          "min_value": "06/01/2005 12:00:00 AM"
        }
      ]
    },
    {
      "column_name": "Indicator_3.2",
      "number_non_empty_cells": 8519,
      "number_empty_cells": 0,
      "number_distinct_values": 7,
      "frequent_values": [
        "No Data",
        "P",
        "WD",
        "UPF",
        "D"
      ],
      "data_types": [
        {
          "type": "TEXT",
          "count": 8519,
          "shortest_values": "P",
          "longest_values": "No Data",
          "average_length": 3.88179363775091
        }
      ]
    },
    {
      "column_name": "Indicator_4.7",
      "number_non_empty_cells": 8519,
      "number_empty_cells": 0,
      "number_distinct_values": 6,
      "frequent_values": [
        "No Data",
        "WD",
        "P",
        "O",
        "U"
      ],
      "data_types": [
        {
          "type": "TEXT",
          "count": 8519,
          "shortest_values": "P",
          "longest_values": "No Data",
          "average_length": 5.236764878506867
        }
      ]
    },
    {
      "column_name": "Indicator_5.2",
      "number_non_empty_cells": 8519,
      "number_empty_cells": 0,
      "number_distinct_values": 8,
      "frequent_values": [
        "No Data",
        "P",
        "WD",
        "D",
        "UPF"
      ],
      "data_types": [
        {
          "type": "TEXT",
          "count": 8519,
          "shortest_values": "P",
          "longest_values": "No Data",
          "average_length": 3.8470477755605117
        }
      ]
    },
    {
      "column_name": "Indicator_5.6",
      "number_non_empty_cells": 8519,
      "number_empty_cells": 0,
      "number_distinct_values": 6,
      "frequent_values": [
        "No Data",
        "WD",
        "P",
        "UPF",
        "O"
      ],
      "data_types": [
        {
          "type": "TEXT",
          "count": 8519,
          "shortest_values": "P",
          "longest_values": "No Data",
          "average_length": 6.135814062683414
        }
      ]
    },
    {
      "column_name": "BN",
      "number_non_empty_cells": 8519,
      "number_empty_cells": 0,
      "number_distinct_values": 1752,
      "frequent_values": [
        "X440",
        "M409",
        "X405",
        "K298",
        "X530"
      ],
      "data_types": [
        {
          "type": "TEXT",
          "count": 8327,
          "shortest_values": "M307",
          "longest_values": "M307",
          "average_length": 4.0
        },
        {
          "type": "DATE/TIME",
          "count": 192,
          "max_value": "M059",
          "min_value": "M001"
        }
      ]
    },
    {
      "column_name": "Start_Date",
      "number_non_empty_cells": 8519,
      "number_empty_cells": 0,
      "number_distinct_values": 1230,
      "frequent_values": [
        "05/29/2008 12:00:00 AM",
        "03/10/2008 12:00:00 AM",
        "03/12/2007 12:00:00 AM",
        "05/19/2008 12:00:00 AM",
        "01/14/2015 12:00:00 AM"
      ],
      "data_types": [
        {
          "type": "DATE/TIME",
          "count": 8519,
          "max_value": "06/05/2018 12:00:00 AM",
          "min_value": "04/03/2006 12:00:00 AM"
        }
      ]
    },
    {
      "column_name": "Indicator_4.6",
      "number_non_empty_cells": 8519,
      "number_empty_cells": 0,
      "number_distinct_values": 6,
      "frequent_values": [
        "No Data",
        "WD",
        "P",
        "O",
        "U"
      ],
      "data_types": [
        {
          "type": "TEXT",
          "count": 8519,
          "shortest_values": "P",
          "longest_values": "No Data",
          "average_length": 5.254842117619439
        }
      ]
    },
    {
      "column_name": "Indicator_2.3",
      "number_non_empty_cells": 8519,
      "number_empty_cells": 0,
      "number_distinct_values": 8,
      "frequent_values": [
        "No Data",
        "WD",
        "P",
        "D",
        "UPF"
      ],
      "data_types": [
        {
          "type": "TEXT",
          "count": 8519,
          "shortest_values": "P",
          "longest_values": "No Data",
          "average_length": 3.9063270336894003
        }
      ]
    },
    {
      "column_name": "Indicator_5.3",
      "number_non_empty_cells": 8519,
      "number_empty_cells": 0,
      "number_distinct_values": 7,
      "frequent_values": [
        "No Data",
        "P",
        "WD",
        "D",
        "U"
      ],
      "data_types": [
        {
          "type": "TEXT",
          "count": 8519,
          "shortest_values": "P",
          "longest_values": "No Data",
          "average_length": 3.865242399342646
        }
      ]
    },
    {
      "column_name": "Indicator_3.7",
      "number_non_empty_cells": 8519,
      "number_empty_cells": 0,
      "number_distinct_values": 6,
      "frequent_values": [
        "No Data",
        "WD",
        "P",
        "O",
        "UPF"
      ],
      "data_types": [
        {
          "type": "TEXT",
          "count": 8519,
          "shortest_values": "P",
          "longest_values": "No Data",
          "average_length": 5.252846578236882
        }
      ]
    },
    {
      "column_name": "Indicator_5.5",
      "number_non_empty_cells": 8519,
      "number_empty_cells": 0,
      "number_distinct_values": 6,
      "frequent_values": [
        "No Data",
        "WD",
        "P",
        "O",
        "UPF"
      ],
      "data_types": [
        {
          "type": "TEXT",
          "count": 8519,
          "shortest_values": "P",
          "longest_values": "No Data",
          "average_length": 6.137457448057284
        }
      ]
    },
    {
      "column_name": "Indicator_1.1",
      "number_non_empty_cells": 8519,
      "number_empty_cells": 0,
      "number_distinct_values": 8,
      "frequent_values": [
        "P",
        "WD",
        "D",
        "U",
        "O"
      ],
      "data_types": [
        {
          "type": "TEXT",
          "count": 8519,
          "shortest_values": "P",
          "longest_values": "No Data",
          "average_length": 1.409320342763235
        }
      ]
    },
    {
      "column_name": "Indicator_1.4",
      "number_non_empty_cells": 8519,
      "number_empty_cells": 0,
      "number_distinct_values": 8,
      "frequent_values": [
        "P",
        "WD",
        "No Data",
        "D",
        "U"
      ],
      "data_types": [
        {
          "type": "TEXT",
          "count": 8519,
          "shortest_values": "P",
          "longest_values": "No Data",
          "average_length": 2.6041788942364126
        }
      ]
    },
    {
      "column_name": "Indicator_1.6",
      "number_non_empty_cells": 8519,
      "number_empty_cells": 0,
      "number_distinct_values": 6,
      "frequent_values": [
        "No Data",
        "WD",
        "P",
        "UPF",
        "O"
      ],
      "data_types": [
        {
          "type": "TEXT",
          "count": 8519,
          "shortest_values": "P",
          "longest_values": "No Data",
          "average_length": 6.139922526118089
        }
      ]
    },
    {
      "column_name": "IndicatorOverall_2",
      "number_non_empty_cells": 8519,
      "number_empty_cells": 0,
      "number_distinct_values": 6,
      "frequent_values": [
        "No Data",
        "P",
        "WD",
        "U",
        "UPF"
      ],
      "data_types": [
        {
          "type": "TEXT",
          "count": 8519,
          "shortest_values": "P",
          "longest_values": "No Data",
          "average_length": 4.5554642563681185
        }
      ]
    },
    {
      "column_name": "IndicatorOverall_5",
      "number_non_empty_cells": 8519,
      "number_empty_cells": 0,
      "number_distinct_values": 6,
      "frequent_values": [
        "No Data",
        "P",
        "WD",
        "U",
        "UPF"
      ],
      "data_types": [
        {
          "type": "TEXT",
          "count": 8519,
          "shortest_values": "P",
          "longest_values": "No Data",
          "average_length": 4.539617325977227
        }
      ]
    },
    {
      "column_name": "Indicator_1.5",
      "number_non_empty_cells": 8519,
      "number_empty_cells": 0,
      "number_distinct_values": 6,
      "frequent_values": [
        "No Data",
        "WD",
        "P",
        "O",
        "UPF"
      ],
      "data_types": [
        {
          "type": "TEXT",
          "count": 8519,
          "shortest_values": "P",
          "longest_values": "No Data",
          "average_length": 6.1445005282310134
        }
      ]
    },
    {
      "column_name": "Indicator_2.6",
      "number_non_empty_cells": 8519,
      "number_empty_cells": 0,
      "number_distinct_values": 6,
      "frequent_values": [
        "No Data",
        "WD",
        "P",
        "O",
        "UPF"
      ],
      "data_types": [
        {
          "type": "TEXT",
          "count": 8519,
          "shortest_values": "P",
          "longest_values": "No Data",
          "average_length": 6.137105294048597
        }
      ]
    },
    {
      "column_name": "Indicator_2.7",
      "number_non_empty_cells": 8519,
      "number_empty_cells": 0,
      "number_distinct_values": 6,
      "frequent_values": [
        "No Data",
        "WD",
        "P",
        "O",
        "UPF"
      ],
      "data_types": [
        {
          "type": "TEXT",
          "count": 8519,
          "shortest_values": "P",
          "longest_values": "No Data",
          "average_length": 6.136400986031225
        }
      ]
    },
    {
      "column_name": "IndicatorOverall_4",
      "number_non_empty_cells": 8519,
      "number_empty_cells": 0,
      "number_distinct_values": 6,
      "frequent_values": [
        "No Data",
        "WD",
        "P",
        "O",
        "UPF"
      ],
      "data_types": [
        {
          "type": "TEXT",
          "count": 8519,
          "shortest_values": "P",
          "longest_values": "No Data",
          "average_length": 4.5964315060453105
        }
      ]
    },
    {
      "column_name": "Indicator_2.2",
      "number_non_empty_cells": 8519,
      "number_empty_cells": 0,
      "number_distinct_values": 8,
      "frequent_values": [
        "P",
        "WD",
        "D",
        "U",
        "UPF"
      ],
      "data_types": [
        {
          "type": "TEXT",
          "count": 8519,
          "shortest_values": "P",
          "longest_values": "No Data",
          "average_length": 1.3406503110693744
        }
      ]
    },
    {
      "column_name": "Indicator_5.4",
      "number_non_empty_cells": 8519,
      "number_empty_cells": 0,
      "number_distinct_values": 7,
      "frequent_values": [
        "No Data",
        "P",
        "WD",
        "D",
        "U"
      ],
      "data_types": [
        {
          "type": "TEXT",
          "count": 8519,
          "shortest_values": "P",
          "longest_values": "No Data",
          "average_length": 3.8579645498297923
        }
      ]
    },
    {
      "column_name": "Indicator_3.5",
      "number_non_empty_cells": 8519,
      "number_empty_cells": 0,
      "number_distinct_values": 6,
      "frequent_values": [
        "No Data",
        "WD",
        "P",
        "O",
        "U"
      ],
      "data_types": [
        {
          "type": "TEXT",
          "count": 8519,
          "shortest_values": "P",
          "longest_values": "No Data",
          "average_length": 5.230073952341824
        }
      ]
    },
    {
      "column_name": "Indicator_4.5",
      "number_non_empty_cells": 8519,
      "number_empty_cells": 0,
      "number_distinct_values": 6,
      "frequent_values": [
        "No Data",
        "WD",
        "P",
        "O",
        "UPF"
      ],
      "data_types": [
        {
          "type": "TEXT",
          "count": 8519,
          "shortest_values": "P",
          "longest_values": "No Data",
          "average_length": 5.27397581875807
        }
      ]
    },
    {
      "column_name": "Indicator_5.7",
      "number_non_empty_cells": 8519,
      "number_empty_cells": 0,
      "number_distinct_values": 6,
      "frequent_values": [
        "No Data",
        "WD",
        "P",
        "O",
        "UPF"
      ],
      "data_types": [
        {
          "type": "TEXT",
          "count": 8519,
          "shortest_values": "P",
          "longest_values": "No Data",
          "average_length": 6.139922526118089
        }
      ]
    },
    {
      "column_name": "IndicatorOverall_1",
      "number_non_empty_cells": 8519,
      "number_empty_cells": 0,
      "number_distinct_values": 6,
      "frequent_values": [
        "No Data",
        "P",
        "WD",
        "U",
        "UPF"
      ],
      "data_types": [
        {
          "type": "TEXT",
          "count": 8519,
          "shortest_values": "P",
          "longest_values": "No Data",
          "average_length": 4.560746566498415
        }
      ]
    },
    {
      "column_name": "Indicator_3.4",
      "number_non_empty_cells": 8519,
      "number_empty_cells": 0,
      "number_distinct_values": 8,
      "frequent_values": [
        "P",
        "WD",
        "D",
        "UPF",
        "U"
      ],
      "data_types": [
        {
          "type": "TEXT",
          "count": 8519,
          "shortest_values": "P",
          "longest_values": "No Data",
          "average_length": 1.4701256015964315
        }
      ]
    },
    {
      "column_name": "Indicator_2.5",
      "number_non_empty_cells": 8519,
      "number_empty_cells": 0,
      "number_distinct_values": 6,
      "frequent_values": [
        "No Data",
        "WD",
        "P",
        "U",
        "O"
      ],
      "data_types": [
        {
          "type": "TEXT",
          "count": 8519,
          "shortest_values": "P",
          "longest_values": "No Data",
          "average_length": 5.201901631646907
        }
      ]
    }
  ]
}