{
  "dataset_name": "3wxk-qa8q.tsv.gz",
  "key_column_candidates": [
    "KIT ID Number",
    "Borough",
    "Zipcode",
    "Date Collected",
    "Received Date",
    "First Draw at-the-tap Lead level (\u00b5g/l)",
    "First Draw at-the-tap copper level (mg/l)"
  ],
  "columns": [
    {
      "column_name": "Borough",
      "number_non_empty_cells": 5469,
      "number_empty_cells": 0,
      "number_distinct_values": 48,
      "frequent_values": [
        "BROOKLYN",
        "NEW YORK",
        "STATEN ISLAND",
        "BRONX",
        "RIDGEWOOD"
      ],
      "data_types": [
        {
          "type": "TEXT",
          "count": 5469,
          "shortest_values": "BRONX",
          "longest_values": "SOUTH RICHMOND HILL",
          "average_length": 9.078442128359846
        }
      ]
    },
    {
      "column_name": "Zipcode",
      "number_non_empty_cells": 5469,
      "number_empty_cells": 0,
      "number_distinct_values": 178,
      "frequent_values": [
        "11215",
        "11385",
        "10309",
        "10314",
        "10306"
      ],
      "data_types": [
        {
          "type": "INTEGER (LONG)",
          "count": 5469,
          "max_value": 11694,
          "min_value": 10001,
          "mean": 10835.349058328762
        }
      ]
    },
    {
      "column_name": "First Draw at-the-tap copper level (mg/l)",
      "number_non_empty_cells": 5469,
      "number_empty_cells": 0,
      "number_distinct_values": 474,
      "frequent_values": [
        "0.115",
        "0.122",
        "0.116",
        "0.125",
        "0.124"
      ],
      "data_types": [
        {
          "type": "REAL",
          "count": 5463,
          "max_value": 18.17,
          "min_value": 0.002,
          "mean": 0.15531008603331503
        },
        {
          "type": "INTEGER (LONG)",
          "count": 6,
          "max_value": 0,
          "min_value": 0,
          "mean": 0.0
        }
      ]
    },
    {
      "column_name": "KIT ID Number",
      "number_non_empty_cells": 5469,
      "number_empty_cells": 0,
      "number_distinct_values": 5469,
      "frequent_values": [
        "1410092",
        "1410161",
        "1410201",
        "1410007",
        "1410118"
      ],
      "data_types": [
        {
          "type": "INTEGER (LONG)",
          "count": 5469,
          "max_value": 18356280,
          "min_value": 151365,
          "mean": 16894498.54763211
        }
      ]
    },
    {
      "column_name": "Date Collected",
      "number_non_empty_cells": 5469,
      "number_empty_cells": 0,
      "number_distinct_values": 635,
      "frequent_values": [
        "06/08/2017",
        "06/07/2017",
        "10/04/2018",
        "06/07/2016",
        "10/01/2018"
      ],
      "data_types": [
        {
          "type": "DATE/TIME",
          "count": 5469,
          "max_value": "12/31/2018",
          "min_value": "06/07/2014"
        }
      ]
    },
    {
      "column_name": "First Draw at-the-tap Lead level (\u00b5g/l)",
      "number_non_empty_cells": 5469,
      "number_empty_cells": 0,
      "number_distinct_values": 149,
      "frequent_values": [
        "0",
        "0.001",
        "0.002",
        "2",
        "0.003"
      ],
      "data_types": [
        {
          "type": "INTEGER (LONG)",
          "count": 4274,
          "max_value": 4960,
          "min_value": 0,
          "mean": 4.270004679457183
        },
        {
          "type": "REAL",
          "count": 1195,
          "max_value": 15.483,
          "min_value": 0.001,
          "mean": 0.03981171548117156
        }
      ]
    },
    {
      "column_name": "Received Date",
      "number_non_empty_cells": 5469,
      "number_empty_cells": 0,
      "number_distinct_values": 408,
      "frequent_values": [
        "06/09/2016",
        "10/02/2018",
        "06/09/2015",
        "10/09/2018",
        "10/04/2018"
      ],
      "data_types": [
        {
          "type": "DATE/TIME",
          "count": 5469,
          "max_value": "01/11/2019",
          "min_value": "06/11/2014"
        }
      ]
    }
  ]
}