{
  "dataset_name": "43qn-d6r8.tsv.gz",
  "key_column_candidates": [
    "Grade Level",
    "Program Type",
    "Department",
    "Subject",
    "Number of Students",
    "Number of Classes",
    "Average Class Size"
  ],
  "columns": [
    {
      "column_name": "Subject",
      "number_non_empty_cells": 100,
      "number_empty_cells": 0,
      "number_distinct_values": 31,
      "frequent_values": [
        "MS English Core",
        "MS Science Other",
        "MS Social Studies Other",
        "MS Integrated Algebra",
        "MS Math Other"
      ],
      "data_types": [
        {
          "type": "TEXT",
          "count": 100,
          "shortest_values": "HS Physics",
          "longest_values": "HS Social Studies Other",
          "average_length": 15.67
        }
      ]
    },
    {
      "column_name": "Program Type",
      "number_non_empty_cells": 100,
      "number_empty_cells": 0,
      "number_distinct_values": 5,
      "frequent_values": [
        "Gen Ed",
        "ICT",
        "SC",
        "Accelerated",
        "ICT & Acc"
      ],
      "data_types": [
        {
          "type": "TEXT",
          "count": 100,
          "shortest_values": "SC",
          "longest_values": "Accelerated",
          "average_length": 4.27
        }
      ]
    },
    {
      "column_name": "Number of Students",
      "number_non_empty_cells": 100,
      "number_empty_cells": 0,
      "number_distinct_values": 100,
      "frequent_values": [
        "48093",
        "46274",
        "45892",
        "44382",
        "75065"
      ],
      "data_types": [
        {
          "type": "INTEGER (LONG)",
          "count": 100,
          "max_value": 124970,
          "min_value": 29,
          "mean": 21838.11
        }
      ]
    },
    {
      "column_name": "Average Class Size",
      "number_non_empty_cells": 100,
      "number_empty_cells": 0,
      "number_distinct_values": 59,
      "frequent_values": [
        "26.9",
        "27.4",
        "25.6",
        "27.6",
        "27.5"
      ],
      "data_types": [
        {
          "type": "REAL",
          "count": 100,
          "max_value": 28.9,
          "min_value": 8.6,
          "mean": 21.641000000000005
        }
      ]
    },
    {
      "column_name": "Department",
      "number_non_empty_cells": 100,
      "number_empty_cells": 0,
      "number_distinct_values": 4,
      "frequent_values": [
        "Math",
        "Science",
        "English",
        "Social Studies"
      ],
      "data_types": [
        {
          "type": "TEXT",
          "count": 100,
          "shortest_values": "Math",
          "longest_values": "Social Studies",
          "average_length": 7.47
        }
      ]
    },
    {
      "column_name": "Number of Classes",
      "number_non_empty_cells": 100,
      "number_empty_cells": 0,
      "number_distinct_values": 91,
      "frequent_values": [
        "6",
        "60",
        "13",
        "124",
        "101"
      ],
      "data_types": [
        {
          "type": "INTEGER (LONG)",
          "count": 100,
          "max_value": 4548,
          "min_value": 2,
          "mean": 871.9
        }
      ]
    },
    {
      "column_name": "Grade Level",
      "number_non_empty_cells": 100,
      "number_empty_cells": 0,
      "number_distinct_values": 2,
      "frequent_values": [
        "HS Core",
        "MS Core"
      ],
      "data_types": [
        {
          "type": "TEXT",
          "count": 100,
          "shortest_values": "HS Core",
          "longest_values": "HS Core",
          "average_length": 7.0
        }
      ]
    }
  ]
}