{
  "dataset_name": "4f2g-zrdv.tsv.gz",
  "key_column_candidates": [
    "ProviderType",
    "DFTA ID",
    "ContractYear",
    "SponsorName",
    "ProgramName",
    "ServiceID",
    "ServiceName",
    "ReportedMonth",
    "ReportedUnits"
  ],
  "columns": [
    {
      "column_name": "ContractYear",
      "number_non_empty_cells": 8,
      "number_empty_cells": 1,
      "number_distinct_values": 2,
      "frequent_values": [
        "2020",
        ""
      ],
      "data_types": [
        {
          "type": "INTEGER (LONG)",
          "count": 8,
          "max_value": 2020,
          "min_value": 2020,
          "mean": 2020.0
        }
      ]
    },
    {
      "column_name": "ProviderType",
      "number_non_empty_cells": 9,
      "number_empty_cells": 0,
      "number_distinct_values": 2,
      "frequent_values": [
        "HOME DELIVERED MEAL SERVICE CONTRACTS",
        "\u001a"
      ],
      "data_types": [
        {
          "type": "TEXT",
          "count": 9,
          "shortest_values": "\u001a",
          "longest_values": "HOME DELIVERED MEAL SERVICE CONTRACTS",
          "average_length": 33.0
        }
      ]
    },
    {
      "column_name": "SponsorName",
      "number_non_empty_cells": 8,
      "number_empty_cells": 1,
      "number_distinct_values": 8,
      "frequent_values": [
        "THE JEWISH ASSOCIATION FOR SERVICES FOR THE AGED",
        "",
        "WAYSIDE OUT-REACH DEVELOPMENT INC",
        "PETER CARDELLA SENIOR CITIZEN CENTER INC",
        "REGIONAL AID FOR INTERIM NEEDS INC"
      ],
      "data_types": [
        {
          "type": "TEXT",
          "count": 8,
          "shortest_values": "WAYSIDE OUT-REACH DEVELOPMENT INC",
          "longest_values": "THE JEWISH ASSOCIATION FOR SERVICES FOR THE AGED",
          "average_length": 40.25
        }
      ]
    },
    {
      "column_name": "ProgramName",
      "number_non_empty_cells": 8,
      "number_empty_cells": 1,
      "number_distinct_values": 8,
      "frequent_values": [
        "JASA HOME DELIVERED MEALS",
        "",
        "WAYSIDE HOME DELIVERED MEALS",
        "PETER CARDELLA HOME DELIVERED MEALS",
        "RAIN HOME DELIVERED MEALS"
      ],
      "data_types": [
        {
          "type": "TEXT",
          "count": 8,
          "shortest_values": "JASA HOME DELIVERED MEALS",
          "longest_values": "CHARLES WALBURG HOME DELIVERED MEALS",
          "average_length": 28.625
        }
      ]
    },
    {
      "column_name": "ServiceName",
      "number_non_empty_cells": 8,
      "number_empty_cells": 1,
      "number_distinct_values": 2,
      "frequent_values": [
        "HOME DELIVERED ALT MEALS",
        ""
      ],
      "data_types": [
        {
          "type": "TEXT",
          "count": 8,
          "shortest_values": "HOME DELIVERED ALT MEALS",
          "longest_values": "HOME DELIVERED ALT MEALS",
          "average_length": 24.0
        }
      ]
    },
    {
      "column_name": "ReportedMonth",
      "number_non_empty_cells": 8,
      "number_empty_cells": 1,
      "number_distinct_values": 2,
      "frequent_values": [
        "Jul 2019",
        ""
      ],
      "data_types": [
        {
          "type": "DATE/TIME",
          "count": 8,
          "max_value": "Jul 2019",
          "min_value": "Jul 2019"
        }
      ]
    },
    {
      "column_name": "ServiceID",
      "number_non_empty_cells": 8,
      "number_empty_cells": 1,
      "number_distinct_values": 2,
      "frequent_values": [
        "HDAM",
        ""
      ],
      "data_types": [
        {
          "type": "TEXT",
          "count": 8,
          "shortest_values": "HDAM",
          "longest_values": "HDAM",
          "average_length": 4.0
        }
      ]
    },
    {
      "column_name": "DFTA ID",
      "number_non_empty_cells": 8,
      "number_empty_cells": 1,
      "number_distinct_values": 9,
      "frequent_values": [
        "",
        "29G01",
        "29D01",
        "46P01",
        "15Y01"
      ],
      "data_types": [
        {
          "type": "TEXT",
          "count": 8,
          "shortest_values": "29G01",
          "longest_values": "29G01",
          "average_length": 5.0
        }
      ]
    },
    {
      "column_name": "ReportedUnits",
      "number_non_empty_cells": 8,
      "number_empty_cells": 1,
      "number_distinct_values": 9,
      "frequent_values": [
        "",
        "19806",
        "22876",
        "9865",
        "13978"
      ],
      "data_types": [
        {
          "type": "INTEGER (LONG)",
          "count": 8,
          "max_value": 22876,
          "min_value": 7292,
          "mean": 16165.25
        }
      ]
    }
  ]
}