{
  "dataset_name": "4tqt-y424.tsv.gz",
  "key_column_candidates": [
    "School_Year",
    "Vendor_Name",
    "Type_of_Service",
    "Active_Employees",
    "Job_Type"
  ],
  "columns": [
    {
      "column_name": "Type_of_Service",
      "number_non_empty_cells": 835,
      "number_empty_cells": 0,
      "number_distinct_values": 5,
      "frequent_values": [
        "School Age",
        "Pre-K",
        "Ambulance",
        "Coach",
        "Attendant"
      ],
      "data_types": [
        {
          "type": "TEXT",
          "count": 835,
          "shortest_values": "Coach",
          "longest_values": "School Age",
          "average_length": 8.834730538922155
        }
      ]
    },
    {
      "column_name": "School_Year",
      "number_non_empty_cells": 835,
      "number_empty_cells": 0,
      "number_distinct_values": 4,
      "frequent_values": [
        "2017-2018",
        "2016-2017",
        "2018-2019",
        "2015-2016"
      ],
      "data_types": [
        {
          "type": "TEXT",
          "count": 835,
          "shortest_values": "2018-2019",
          "longest_values": "2018-2019",
          "average_length": 9.0
        }
      ]
    },
    {
      "column_name": "Vendor_Name",
      "number_non_empty_cells": 835,
      "number_empty_cells": 0,
      "number_distinct_values": 97,
      "frequent_values": [
        "RICHMOND COUNTY AMBULANCE SERV",
        "ALINA SERVICES CORP.",
        "ALLIED TRANSIT CORP.",
        "B & F SKILLED INC.(B2192)",
        "BORO TRANSIT, INC."
      ],
      "data_types": [
        {
          "type": "TEXT",
          "count": 835,
          "shortest_values": "MJT BUS",
          "longest_values": "MONTAUK STUDENT TRANS, INC. (B2321)",
          "average_length": 23.453892215568864
        }
      ]
    },
    {
      "column_name": "Active_Employees",
      "number_non_empty_cells": 835,
      "number_empty_cells": 0,
      "number_distinct_values": 248,
      "frequent_values": [
        "1",
        "2",
        "3",
        "10",
        "4"
      ],
      "data_types": [
        {
          "type": "INTEGER (LONG)",
          "count": 835,
          "max_value": 991,
          "min_value": 1,
          "mean": 85.00838323353294
        }
      ]
    },
    {
      "column_name": "Job_Type",
      "number_non_empty_cells": 835,
      "number_empty_cells": 0,
      "number_distinct_values": 7,
      "frequent_values": [
        "Driver",
        "Attendant",
        "Driver&Attendant",
        "Paramedic",
        "Driver&EMT"
      ],
      "data_types": [
        {
          "type": "TEXT",
          "count": 835,
          "shortest_values": "EMT",
          "longest_values": "Driver&Attendant",
          "average_length": 9.502994011976048
        }
      ]
    }
  ]
}