{
  "dataset_name": "5fsg-d8c9.tsv.gz",
  "key_column_candidates": [
    "BN",
    "SCHOOL NAME",
    "PROGRESS REPORT TYPE",
    "2010-11 PROGRESS REPORT GRADE",
    "2009-10 PROGRESS REPORT GRADE",
    "2008-09 PROGRESS REPORT GRADE",
    "2007-08 PROGRESS REPORT GRADE",
    "2006-07 PROGRESS REPORT GRADE"
  ],
  "columns": [
    {
      "column_name": "2007-08 PROGRESS REPORT GRADE",
      "number_non_empty_cells": 1795,
      "number_empty_cells": 0,
      "number_distinct_values": 6,
      "frequent_values": [
        "B",
        "A",
        "None",
        "C",
        "D"
      ],
      "data_types": [
        {
          "type": "TEXT",
          "count": 1795,
          "shortest_values": "B",
          "longest_values": "None",
          "average_length": 1.7387186629526463
        }
      ]
    },
    {
      "column_name": "2008-09 PROGRESS REPORT GRADE",
      "number_non_empty_cells": 1795,
      "number_empty_cells": 0,
      "number_distinct_values": 6,
      "frequent_values": [
        "A",
        "None",
        "B",
        "C",
        "D"
      ],
      "data_types": [
        {
          "type": "TEXT",
          "count": 1795,
          "shortest_values": "A",
          "longest_values": "None",
          "average_length": 1.66016713091922
        }
      ]
    },
    {
      "column_name": "SCHOOL NAME",
      "number_non_empty_cells": 1795,
      "number_empty_cells": 0,
      "number_distinct_values": 1657,
      "frequent_values": [
        "Brooklyn Ascend Charter School",
        "RED HOOK NEIGHBORHOOD SCHOOL",
        "EAST NEW YORK ELEMENTARY SCHOOL OF EXCELLENCE",
        "P.S. 036 Margaret Douglas",
        "WATERSIDE CHILDREN'S STUDIO SCHOOL"
      ],
      "data_types": [
        {
          "type": "TEXT",
          "count": 1795,
          "shortest_values": "X723",
          "longest_values": "ROCKAWAY PARK HIGH SCHOOL FOR ENVIRONMENTAL SUSTAINABILITY",
          "average_length": 28.752646239554316
        }
      ]
    },
    {
      "column_name": "BN",
      "number_non_empty_cells": 1795,
      "number_empty_cells": 0,
      "number_distinct_values": 1658,
      "frequent_values": [
        "K652",
        "K676",
        "K677",
        "M036",
        "Q317"
      ],
      "data_types": [
        {
          "type": "DATE/TIME",
          "count": 39,
          "max_value": "M059",
          "min_value": "M001"
        },
        {
          "type": "TEXT",
          "count": 1756,
          "shortest_values": "K036",
          "longest_values": "K036",
          "average_length": 4.0
        }
      ]
    },
    {
      "column_name": "2009-10 PROGRESS REPORT GRADE",
      "number_non_empty_cells": 1795,
      "number_empty_cells": 0,
      "number_distinct_values": 6,
      "frequent_values": [
        "B",
        "C",
        "A",
        "None",
        "D"
      ],
      "data_types": [
        {
          "type": "TEXT",
          "count": 1795,
          "shortest_values": "C",
          "longest_values": "None",
          "average_length": 1.4362116991643454
        }
      ]
    },
    {
      "column_name": "2006-07 PROGRESS REPORT GRADE",
      "number_non_empty_cells": 1795,
      "number_empty_cells": 0,
      "number_distinct_values": 6,
      "frequent_values": [
        "None",
        "B",
        "C",
        "A",
        "D"
      ],
      "data_types": [
        {
          "type": "TEXT",
          "count": 1795,
          "shortest_values": "B",
          "longest_values": "None",
          "average_length": 1.8924791086350974
        }
      ]
    },
    {
      "column_name": "2010-11 PROGRESS REPORT GRADE",
      "number_non_empty_cells": 1795,
      "number_empty_cells": 0,
      "number_distinct_values": 7,
      "frequent_values": [
        "B",
        "C",
        "A",
        "None",
        "D"
      ],
      "data_types": [
        {
          "type": "TEXT",
          "count": 1795,
          "shortest_values": "A",
          "longest_values": "Pending",
          "average_length": 1.3910863509749303
        }
      ]
    },
    {
      "column_name": "PROGRESS REPORT TYPE",
      "number_non_empty_cells": 1795,
      "number_empty_cells": 0,
      "number_distinct_values": 6,
      "frequent_values": [
        "EMS",
        "HS",
        "EC",
        "HST",
        "D75"
      ],
      "data_types": [
        {
          "type": "TEXT",
          "count": 1795,
          "shortest_values": "EC",
          "longest_values": "YABC",
          "average_length": 2.7225626740947075
        }
      ]
    }
  ]
}