{
  "dataset_name": "5gde-fmj3.tsv.gz",
  "key_column_candidates": [
    "BBL",
    "Street Number",
    "Street Name",
    "Borough",
    "Postcode",
    "Benchmarking Submission",
    "Entry Number",
    "Site EUI(kBtu/ft2)",
    "Weather Normalized Source EUI(kBtu/ft2)",
    "Indoor Water Intensity (All Water Sources)(gal/ft2)",
    "Reported Water Method",
    "ENERGY STAR Score",
    "Total GHG Emissions(MtCO2e)",
    "Property Floor Area (Buildngs and Parking)(ft2)",
    "Primary Property Type - Self Selected",
    "Number of Buildings",
    "BIN",
    "Latitude",
    "Longitude",
    "Community Board",
    "Council District",
    "Census Tract",
    "NTA"
  ],
  "columns": [
    {
      "column_name": "BIN",
      "number_non_empty_cells": 11410,
      "number_empty_cells": 2702,
      "number_distinct_values": 10857,
      "frequent_values": [
        "",
        "4439412",
        "3397020;3343583;3343590;3343584;3343585;3343586;3343587;3343588;3343589;3343591;3343595;3343596;3343597;3343592;3336173;3336177;3336174;3336175;3336176;3342906;3342907;3342908;3342901;3342902;3342903;3342904;3342905;3843388;3391210;3340239;3340240;3340241",
        "1056058;1057018;1057033;1057034;1057035;1057049;1059497;1059498;1059818;1059823;1059827;1059828;1059834;1076680;1082159;1082160;1082163;1082164;1082165;1082166;1082692;1083301;1083609;1083610;1084457;1084458;1084459;1084460;1084461;1084463;1084464;1084465",
        "5106890"
      ],
      "data_types": [
        {
          "type": "TEXT",
          "count": 1868,
          "shortest_values": "N/A",
          "longest_values": "1077504;1077538;1077539;1077540;1077541;1077541;1077544;1077545;1077546;1077547;1077548;1077549;1077550;1077507;1077551;1077552;1077553;1077554;1077554;1077896;1078045;1078046;1078047;1078048;1078048;1078050;1078051;1078052;1078053;1078054;1078055;1078056",
          "average_length": 51.09154175588865
        },
        {
          "type": "INTEGER (LONG)",
          "count": 9533,
          "max_value": 44441794444181444418244441804444184444417844441774444183,
          "min_value": 168,
          "mean": 4.661890228955873e+51
        },
        {
          "type": "REAL",
          "count": 9,
          "max_value": 3.25e+34,
          "min_value": 10100000000000.0,
          "mean": 3.6111122199999997e+33
        }
      ]
    },
    {
      "column_name": "Latitude",
      "number_non_empty_cells": 11338,
      "number_empty_cells": 2774,
      "number_distinct_values": 10487,
      "frequent_values": [
        "",
        "40.875986",
        "40.876814",
        "40.877758",
        "40.877729"
      ],
      "data_types": [
        {
          "type": "REAL",
          "count": 11338,
          "max_value": 40.912869,
          "min_value": 40.508809,
          "mean": 40.75351839063312
        }
      ]
    },
    {
      "column_name": "Borough",
      "number_non_empty_cells": 14112,
      "number_empty_cells": 0,
      "number_distinct_values": 5,
      "frequent_values": [
        "MANHATTAN",
        "BROOKLYN",
        "QUEENS",
        "BRONX",
        "STATEN ISLAND"
      ],
      "data_types": [
        {
          "type": "TEXT",
          "count": 14112,
          "shortest_values": "BRONX",
          "longest_values": "STATEN ISLAND",
          "average_length": 7.617488662131519
        }
      ]
    },
    {
      "column_name": "Property Floor Area (Buildngs and Parking)(ft2)",
      "number_non_empty_cells": 11989,
      "number_empty_cells": 2123,
      "number_distinct_values": 9415,
      "frequent_values": [
        "",
        "0",
        "60000",
        "75000",
        "70000"
      ],
      "data_types": [
        {
          "type": "INTEGER (LONG)",
          "count": 11989,
          "max_value": 14217119,
          "min_value": 0,
          "mean": 203823.26173992828
        }
      ]
    },
    {
      "column_name": "BBL",
      "number_non_empty_cells": 14112,
      "number_empty_cells": 0,
      "number_distinct_values": 13196,
      "frequent_values": [
        "2047120001",
        "4070210001",
        "2047130001",
        "2047210017",
        "2047220012"
      ],
      "data_types": [
        {
          "type": "INTEGER (LONG)",
          "count": 14112,
          "max_value": 5080080134,
          "min_value": 1000010010,
          "mean": 2240990821.999433
        }
      ]
    },
    {
      "column_name": "Council District",
      "number_non_empty_cells": 11338,
      "number_empty_cells": 2774,
      "number_distinct_values": 46,
      "frequent_values": [
        "",
        "4",
        "3",
        "6",
        "1"
      ],
      "data_types": [
        {
          "type": "INTEGER (LONG)",
          "count": 11338,
          "max_value": 51,
          "min_value": 1,
          "mean": 16.30393367436938
        }
      ]
    },
    {
      "column_name": "Indoor Water Intensity (All Water Sources)(gal/ft2)",
      "number_non_empty_cells": 6867,
      "number_empty_cells": 7245,
      "number_distinct_values": 4126,
      "frequent_values": [
        "",
        "0",
        "1.7",
        "54.43",
        "38.71"
      ],
      "data_types": [
        {
          "type": "INTEGER (LONG)",
          "count": 1702,
          "max_value": 191,
          "min_value": 0,
          "mean": 1.163924794359577
        },
        {
          "type": "REAL",
          "count": 5165,
          "max_value": 41737.05,
          "min_value": 0.01,
          "mean": 77.55307454017446
        }
      ]
    },
    {
      "column_name": "Street Number",
      "number_non_empty_cells": 11416,
      "number_empty_cells": 2696,
      "number_distinct_values": 2714,
      "frequent_values": [
        "",
        "1",
        "2",
        "100",
        "120"
      ],
      "data_types": [
        {
          "type": "INTEGER (LONG)",
          "count": 11416,
          "max_value": 76179,
          "min_value": 1,
          "mean": 1036.5711282410653
        }
      ]
    },
    {
      "column_name": "Longitude",
      "number_non_empty_cells": 11338,
      "number_empty_cells": 2774,
      "number_distinct_values": 10277,
      "frequent_values": [
        "",
        "-73.851039",
        "-73.850354",
        "-73.84786",
        "-73.846757"
      ],
      "data_types": [
        {
          "type": "REAL",
          "count": 11338,
          "max_value": -73.715543,
          "min_value": -74.243582,
          "mean": -73.95627076486103
        }
      ]
    },
    {
      "column_name": "Street Name",
      "number_non_empty_cells": 14106,
      "number_empty_cells": 6,
      "number_distinct_values": 2258,
      "frequent_values": [
        "BROADWAY",
        "   5 AVENUE",
        "PARK AVENUE",
        "   3 AVENUE",
        "MADISON AVENUE"
      ],
      "data_types": [
        {
          "type": "TEXT",
          "count": 14106,
          "shortest_values": "PIER",
          "longest_values": "FT WASHINGTON AVENUE",
          "average_length": 13.965475684106055
        }
      ]
    },
    {
      "column_name": "Number of Buildings",
      "number_non_empty_cells": 14112,
      "number_empty_cells": 0,
      "number_distinct_values": 45,
      "frequent_values": [
        "1",
        "2",
        "0",
        "3",
        "4"
      ],
      "data_types": [
        {
          "type": "INTEGER (LONG)",
          "count": 14112,
          "max_value": 160,
          "min_value": 0,
          "mean": 1.8441751700680271
        }
      ]
    },
    {
      "column_name": "Census Tract",
      "number_non_empty_cells": 11338,
      "number_empty_cells": 2774,
      "number_distinct_values": 850,
      "frequent_values": [
        "",
        "386",
        "137",
        "21",
        "195"
      ],
      "data_types": [
        {
          "type": "INTEGER (LONG)",
          "count": 11338,
          "max_value": 155101,
          "min_value": 1,
          "mean": 4717.848209560769
        }
      ]
    },
    {
      "column_name": "Benchmarking Submission",
      "number_non_empty_cells": 14112,
      "number_empty_cells": 0,
      "number_distinct_values": 2,
      "frequent_values": [
        "Yes",
        "No Record as of 08/1/13"
      ],
      "data_types": [
        {
          "type": "TEXT",
          "count": 14112,
          "shortest_values": "Yes",
          "longest_values": "No Record as of 08/1/13",
          "average_length": 6.008786848072562
        }
      ]
    },
    {
      "column_name": "NTA",
      "number_non_empty_cells": 11341,
      "number_empty_cells": 2771,
      "number_distinct_values": 147,
      "frequent_values": [
        "",
        "Midtown-Midtown South                                                      ",
        "Hudson Yards-Chelsea-Flatiron-Union Square                                 ",
        "Upper East Side-Carnegie Hill                                              ",
        "Upper West Side                                                            "
      ],
      "data_types": [
        {
          "type": "TEXT",
          "count": 11341,
          "shortest_values": "park-cemetery-etc-Manhattan                                                ",
          "longest_values": "park-cemetery-etc-Manhattan                                                ",
          "average_length": 75.0
        }
      ]
    },
    {
      "column_name": "ENERGY STAR Score",
      "number_non_empty_cells": 11989,
      "number_empty_cells": 2123,
      "number_distinct_values": 103,
      "frequent_values": [
        "N/A",
        "",
        "100",
        "1",
        "78"
      ],
      "data_types": [
        {
          "type": "TEXT",
          "count": 10125,
          "shortest_values": "N/A",
          "longest_values": "Exempt",
          "average_length": 3.0023703703703704
        },
        {
          "type": "INTEGER (LONG)",
          "count": 1864,
          "max_value": 100,
          "min_value": 1,
          "mean": 62.752682403433475
        }
      ]
    },
    {
      "column_name": "Postcode",
      "number_non_empty_cells": 14112,
      "number_empty_cells": 0,
      "number_distinct_values": 183,
      "frequent_values": [
        "10025",
        "10022",
        "10019",
        "10001",
        "10016"
      ],
      "data_types": [
        {
          "type": "INTEGER (LONG)",
          "count": 14112,
          "max_value": 11694,
          "min_value": 0,
          "mean": 10564.422760770974
        }
      ]
    },
    {
      "column_name": "Site EUI(kBtu/ft2)",
      "number_non_empty_cells": 11074,
      "number_empty_cells": 3038,
      "number_distinct_values": 1974,
      "frequent_values": [
        "",
        "0",
        "74.8",
        "71.4",
        "77.1"
      ],
      "data_types": [
        {
          "type": "REAL",
          "count": 9901,
          "max_value": 494449.3,
          "min_value": 0.1,
          "mean": 450.84431875567986
        },
        {
          "type": "INTEGER (LONG)",
          "count": 1173,
          "max_value": 66799,
          "min_value": 0,
          "mean": 366.5780051150895
        }
      ]
    },
    {
      "column_name": "Total GHG Emissions(MtCO2e)",
      "number_non_empty_cells": 11024,
      "number_empty_cells": 3088,
      "number_distinct_values": 10413,
      "frequent_values": [
        "",
        "14.05",
        "82561.06",
        "80528.81",
        "8506.52"
      ],
      "data_types": [
        {
          "type": "REAL",
          "count": 10919,
          "max_value": 22449210.27,
          "min_value": 0.12,
          "mean": 10789.072510303195
        },
        {
          "type": "INTEGER (LONG)",
          "count": 105,
          "max_value": 51335,
          "min_value": 29,
          "mean": 1486.5904761904762
        }
      ]
    },
    {
      "column_name": "Primary Property Type - Self Selected",
      "number_non_empty_cells": 11953,
      "number_empty_cells": 2159,
      "number_distinct_values": 41,
      "frequent_values": [
        "Multifamily Housing",
        "",
        "Office",
        "Other",
        "Warehouse (Unrefrigerated)"
      ],
      "data_types": [
        {
          "type": "TEXT",
          "count": 11953,
          "shortest_values": "Hotel",
          "longest_values": "Health Care: Inpatient (Specialty Hospitals, Excluding Children's)",
          "average_length": 17.277587216598345
        }
      ]
    },
    {
      "column_name": "Entry Number",
      "number_non_empty_cells": 11989,
      "number_empty_cells": 2123,
      "number_distinct_values": 11717,
      "frequent_values": [
        "",
        "6446",
        "10626",
        "8238",
        "8113"
      ],
      "data_types": [
        {
          "type": "INTEGER (LONG)",
          "count": 11989,
          "max_value": 13040,
          "min_value": 1,
          "mean": 6444.970889982484
        }
      ]
    },
    {
      "column_name": "Weather Normalized Source EUI(kBtu/ft2)",
      "number_non_empty_cells": 11071,
      "number_empty_cells": 3041,
      "number_distinct_values": 3021,
      "frequent_values": [
        "",
        "0",
        "120.1",
        "111",
        "112.8"
      ],
      "data_types": [
        {
          "type": "INTEGER (LONG)",
          "count": 1182,
          "max_value": 576072,
          "min_value": 0,
          "mean": 722.4340101522843
        },
        {
          "type": "REAL",
          "count": 9889,
          "max_value": 324092.3,
          "min_value": 0.1,
          "mean": 612.878986752954
        }
      ]
    },
    {
      "column_name": "Reported Water Method",
      "number_non_empty_cells": 11989,
      "number_empty_cells": 2123,
      "number_distinct_values": 3,
      "frequent_values": [
        "Manual",
        "ABS",
        ""
      ],
      "data_types": [
        {
          "type": "TEXT",
          "count": 11989,
          "shortest_values": "ABS",
          "longest_values": "Manual",
          "average_length": 5.107932271248645
        }
      ]
    },
    {
      "column_name": "Community Board",
      "number_non_empty_cells": 11338,
      "number_empty_cells": 2774,
      "number_distinct_values": 20,
      "frequent_values": [
        "",
        "5",
        "8",
        "7",
        "2"
      ],
      "data_types": [
        {
          "type": "INTEGER (LONG)",
          "count": 11338,
          "max_value": 56,
          "min_value": 1,
          "mean": 7.042600105838773
        }
      ]
    }
  ]
}