{
  "dataset_name": "5hiy-kwc2.tsv.gz",
  "key_column_candidates": [
    "Borough",
    "Grade",
    "Year",
    "Category",
    "Number Tested",
    "Mean Scale Score",
    "Level1_N",
    "Level1_%",
    "Level2_N",
    "Level2_%",
    "Level3_N",
    "Level3_%",
    "Level4_N",
    "Level4_%",
    "Level3+4_N",
    "Level3+4_%"
  ],
  "columns": [
    {
      "column_name": "Level1_N",
      "number_non_empty_cells": 350,
      "number_empty_cells": 0,
      "number_distinct_values": 339,
      "frequent_values": [
        "3144",
        "2817",
        "2660",
        "4289",
        "3577"
      ],
      "data_types": [
        {
          "type": "INTEGER (LONG)",
          "count": 350,
          "max_value": 26700,
          "min_value": 171,
          "mean": 3594.982857142857
        }
      ]
    },
    {
      "column_name": "Borough",
      "number_non_empty_cells": 350,
      "number_empty_cells": 0,
      "number_distinct_values": 5,
      "frequent_values": [
        "BRONX",
        "BROOKLYN",
        "MANHATTAN",
        "QUEENS",
        "STATEN ISLAND"
      ],
      "data_types": [
        {
          "type": "TEXT",
          "count": 350,
          "shortest_values": "BRONX",
          "longest_values": "STATEN ISLAND",
          "average_length": 8.2
        }
      ]
    },
    {
      "column_name": "Level3+4_N",
      "number_non_empty_cells": 350,
      "number_empty_cells": 0,
      "number_distinct_values": 336,
      "frequent_values": [
        "910",
        "1537",
        "1365",
        "2830",
        "928"
      ],
      "data_types": [
        {
          "type": "INTEGER (LONG)",
          "count": 350,
          "max_value": 30742,
          "min_value": 509,
          "mean": 3783.52
        }
      ]
    },
    {
      "column_name": "Level1_%",
      "number_non_empty_cells": 350,
      "number_empty_cells": 0,
      "number_distinct_values": 223,
      "frequent_values": [
        "25.7",
        "25.8",
        "33.4",
        "29.0",
        "31.1"
      ],
      "data_types": [
        {
          "type": "REAL",
          "count": 350,
          "max_value": 59.1,
          "min_value": 8.8,
          "mean": 30.2302857142857
        }
      ]
    },
    {
      "column_name": "Level3_N",
      "number_non_empty_cells": 350,
      "number_empty_cells": 0,
      "number_distinct_values": 331,
      "frequent_values": [
        "1008",
        "599",
        "1417",
        "944",
        "1656"
      ],
      "data_types": [
        {
          "type": "INTEGER (LONG)",
          "count": 350,
          "max_value": 18326,
          "min_value": 290,
          "mean": 2564.8914285714286
        }
      ]
    },
    {
      "column_name": "Level3+4_%",
      "number_non_empty_cells": 350,
      "number_empty_cells": 0,
      "number_distinct_values": 230,
      "frequent_values": [
        "28.8",
        "33.8",
        "43.0",
        "36.2",
        "37.8"
      ],
      "data_types": [
        {
          "type": "REAL",
          "count": 350,
          "max_value": 61.3,
          "min_value": 9.5,
          "mean": 34.09685714285714
        }
      ]
    },
    {
      "column_name": "Level2_N",
      "number_non_empty_cells": 350,
      "number_empty_cells": 0,
      "number_distinct_values": 340,
      "frequent_values": [
        "2813",
        "2966",
        "3268",
        "3672",
        "3750"
      ],
      "data_types": [
        {
          "type": "INTEGER (LONG)",
          "count": 350,
          "max_value": 24054,
          "min_value": 596,
          "mean": 4128.817142857143
        }
      ]
    },
    {
      "column_name": "Level4_N",
      "number_non_empty_cells": 350,
      "number_empty_cells": 0,
      "number_distinct_values": 317,
      "frequent_values": [
        "491",
        "174",
        "366",
        "582",
        "422"
      ],
      "data_types": [
        {
          "type": "INTEGER (LONG)",
          "count": 350,
          "max_value": 12618,
          "min_value": 49,
          "mean": 1218.6285714285714
        }
      ]
    },
    {
      "column_name": "Category",
      "number_non_empty_cells": 350,
      "number_empty_cells": 0,
      "number_distinct_values": 2,
      "frequent_values": [
        "Female",
        "Male"
      ],
      "data_types": [
        {
          "type": "TEXT",
          "count": 350,
          "shortest_values": "Male",
          "longest_values": "Female",
          "average_length": 5.0
        }
      ]
    },
    {
      "column_name": "Grade",
      "number_non_empty_cells": 350,
      "number_empty_cells": 0,
      "number_distinct_values": 7,
      "frequent_values": [
        "3",
        "4",
        "5",
        "6",
        "7"
      ],
      "data_types": [
        {
          "type": "INTEGER (LONG)",
          "count": 300,
          "max_value": 8,
          "min_value": 3,
          "mean": 5.5
        },
        {
          "type": "TEXT",
          "count": 50,
          "shortest_values": "All Grades",
          "longest_values": "All Grades",
          "average_length": 10.0
        }
      ]
    },
    {
      "column_name": "Level2_%",
      "number_non_empty_cells": 350,
      "number_empty_cells": 0,
      "number_distinct_values": 146,
      "frequent_values": [
        "38.4",
        "32.5",
        "38.7",
        "32.0",
        "34.4"
      ],
      "data_types": [
        {
          "type": "REAL",
          "count": 350,
          "max_value": 48.4,
          "min_value": 23.8,
          "mean": 35.66971428571431
        }
      ]
    },
    {
      "column_name": "Level4_%",
      "number_non_empty_cells": 350,
      "number_empty_cells": 0,
      "number_distinct_values": 185,
      "frequent_values": [
        "12.0",
        "7.7",
        "10.4",
        "4.1",
        "9.2"
      ],
      "data_types": [
        {
          "type": "REAL",
          "count": 350,
          "max_value": 32.7,
          "min_value": 0.6,
          "mean": 11.237714285714276
        }
      ]
    },
    {
      "column_name": "Year",
      "number_non_empty_cells": 350,
      "number_empty_cells": 0,
      "number_distinct_values": 5,
      "frequent_values": [
        "2013",
        "2014",
        "2015",
        "2016",
        "2017"
      ],
      "data_types": [
        {
          "type": "INTEGER (LONG)",
          "count": 350,
          "max_value": 2017,
          "min_value": 2013,
          "mean": 2015.0
        }
      ]
    },
    {
      "column_name": "Number Tested",
      "number_non_empty_cells": 350,
      "number_empty_cells": 0,
      "number_distinct_values": 340,
      "frequent_values": [
        "7245",
        "10134",
        "10207",
        "10151",
        "9713"
      ],
      "data_types": [
        {
          "type": "INTEGER (LONG)",
          "count": 350,
          "max_value": 63962,
          "min_value": 1932,
          "mean": 11507.32
        }
      ]
    },
    {
      "column_name": "Mean Scale Score",
      "number_non_empty_cells": 350,
      "number_empty_cells": 0,
      "number_distinct_values": 46,
      "frequent_values": [
        "301",
        "306",
        "298",
        "308",
        "309"
      ],
      "data_types": [
        {
          "type": "INTEGER (LONG)",
          "count": 350,
          "max_value": 323,
          "min_value": 275,
          "mean": 301.31142857142856
        }
      ]
    },
    {
      "column_name": "Level3_%",
      "number_non_empty_cells": 350,
      "number_empty_cells": 0,
      "number_distinct_values": 207,
      "frequent_values": [
        "14.1",
        "19.6",
        "26.6",
        "22.1",
        "25.0"
      ],
      "data_types": [
        {
          "type": "REAL",
          "count": 350,
          "max_value": 41.8,
          "min_value": 6.7,
          "mean": 22.859714285714308
        }
      ]
    }
  ]
}