{
  "dataset_name": "5mw2-hzqx.tsv.gz",
  "key_column_candidates": [
    "BROOKLYN CONDOMINIUM PROPERTY Boro-Block-Lot",
    "BROOKLYN CONDOMINIUM PROPERTY Condo Section",
    "BROOKLYN CONDOMINIUM PROPERTY Address",
    "Borough",
    "Postcode",
    "Latitude",
    "Longitude",
    "Community Board",
    "Council District",
    "Census Tract",
    "BIN",
    "BBL",
    "NTA",
    "BROOKLYN CONDOMINIUM PROPERTY Neighborhood",
    "BROOKLYN CONDOMINIUM PROPERTY Building Classification",
    "BROOKLYN CONDOMINIUM PROPERTY Total Units",
    "BROOKLYN CONDOMINIUM PROPERTY Year Built",
    "BROOKLYN CONDOMINIUM PROPERTY Gross SqFt",
    "BROOKLYN CONDOMINIUM PROPERTY Est. Gross Income",
    "BROOKLYN CONDOMINIUM PROPERTY Gross Income per SqFt",
    "BROOKLYN CONDOMINIUM PROPERTY Full Market Value",
    "BROOKLYN CONDOMINIUM PROPERTY Market Value per SqFt",
    " COMPARABLE RENTAL 1 Boro-Block-Lot",
    "COMPARABLE RENTAL 1 Address",
    "COMPARABLE RENTAL 1  Neighborhood",
    "COMPARABLE RENTAL 1  Building Classification",
    "COMPARABLE RENTAL 1  Total Units",
    "COMPARABLE RENTAL 1  Year Built",
    "COMPARABLE RENTAL 1  Gross SqFt",
    "COMPARABLE RENTAL 1  Est. Gross Income",
    "COMPARABLE RENTAL 1  Gross Income per SqFt",
    "COMPARABLE RENTAL 1 Full Market Value",
    "COMPARABLE RENTAL 1  Market Value per SqFt",
    "COMPARABLE RENTAL 1  Dist. from Coop in miles",
    "COMPARABLE RENTAL 2  Boro-Block-Lot",
    "COMPARABLE RENTAL 2  Address",
    "COMPARABLE RENTAL 2  Neighborhood",
    "COMPARABLE RENTAL 2  Building Classification",
    "COMPARABLE RENTAL 2  Total Units",
    "COMPARABLE RENTAL 2  Year Built",
    "COMPARABLE RENTAL 2  Gross SqFt",
    "COMPARABLE RENTAL 2  Est. Gross Income",
    "COMPARABLE RENTAL 2  Gross Income per SqFt",
    "COMPARABLE RENTAL 2  Full Market Value",
    "COMPARABLE RENTAL 2  Market Value per SqFt",
    "COMPARABLE RENTAL 2  Dist. from Coop in miles"
  ],
  "columns": [
    {
      "column_name": "Borough",
      "number_non_empty_cells": 595,
      "number_empty_cells": 0,
      "number_distinct_values": 1,
      "frequent_values": [
        "3"
      ],
      "data_types": [
        {
          "type": "INTEGER (LONG)",
          "count": 595,
          "max_value": 3,
          "min_value": 3,
          "mean": 3.0
        }
      ]
    },
    {
      "column_name": "Council District",
      "number_non_empty_cells": 577,
      "number_empty_cells": 18,
      "number_distinct_values": 17,
      "frequent_values": [
        "33",
        "39",
        "35",
        "48",
        "34"
      ],
      "data_types": [
        {
          "type": "INTEGER (LONG)",
          "count": 577,
          "max_value": 48,
          "min_value": 33,
          "mean": 37.32928942807626
        }
      ]
    },
    {
      "column_name": "COMPARABLE RENTAL 2  Address",
      "number_non_empty_cells": 486,
      "number_empty_cells": 109,
      "number_distinct_values": 239,
      "frequent_values": [
        "",
        "247 SOUTH 3 STREET",
        "362 SOUTH 2 STREET",
        "370 SOUTH 2 STREET",
        "740 GRAND STREET"
      ],
      "data_types": [
        {
          "type": "TEXT",
          "count": 486,
          "shortest_values": "104 2 PLACE",
          "longest_values": "1629 EASTERN PARKWAY EXT",
          "average_length": 17.45679012345679
        }
      ]
    },
    {
      "column_name": "COMPARABLE RENTAL 2  Dist. from Coop in miles",
      "number_non_empty_cells": 486,
      "number_empty_cells": 109,
      "number_distinct_values": 77,
      "frequent_values": [
        "",
        "0.75",
        "0.7",
        "0.6",
        "0.5"
      ],
      "data_types": [
        {
          "type": "REAL",
          "count": 472,
          "max_value": 9.2,
          "min_value": 0.04,
          "mean": 1.1359957627118642
        },
        {
          "type": "INTEGER (LONG)",
          "count": 14,
          "max_value": 9,
          "min_value": 0,
          "mean": 2.0714285714285716
        }
      ]
    },
    {
      "column_name": "COMPARABLE RENTAL 1 Full Market Value",
      "number_non_empty_cells": 595,
      "number_empty_cells": 0,
      "number_distinct_values": 214,
      "frequent_values": [
        "2450000",
        "646000",
        "985000",
        "1390000",
        "3240000"
      ],
      "data_types": [
        {
          "type": "INTEGER (LONG)",
          "count": 595,
          "max_value": 40300000,
          "min_value": 161000,
          "mean": 2642373.1092436975
        }
      ]
    },
    {
      "column_name": "COMPARABLE RENTAL 1  Gross SqFt",
      "number_non_empty_cells": 595,
      "number_empty_cells": 0,
      "number_distinct_values": 248,
      "frequent_values": [
        "26631",
        "14470",
        "7150",
        "24620",
        "45000"
      ],
      "data_types": [
        {
          "type": "INTEGER (LONG)",
          "count": 595,
          "max_value": 277200,
          "min_value": 4120,
          "mean": 32932.12268907563
        }
      ]
    },
    {
      "column_name": "BIN",
      "number_non_empty_cells": 575,
      "number_empty_cells": 20,
      "number_distinct_values": 573,
      "frequent_values": [
        "",
        "3000000",
        "3084095",
        "3346104",
        "3388012"
      ],
      "data_types": [
        {
          "type": "INTEGER (LONG)",
          "count": 575,
          "max_value": 3423483,
          "min_value": 3000000,
          "mean": 3274284.473043478
        }
      ]
    },
    {
      "column_name": "BBL",
      "number_non_empty_cells": 575,
      "number_empty_cells": 20,
      "number_distinct_values": 573,
      "frequent_values": [
        "",
        "3019587501",
        "3037557501",
        "3011170001",
        "3000277501"
      ],
      "data_types": [
        {
          "type": "INTEGER (LONG)",
          "count": 575,
          "max_value": 3088127501,
          "min_value": 3000277501,
          "mean": 3028511328.8608694
        }
      ]
    },
    {
      "column_name": "Latitude",
      "number_non_empty_cells": 577,
      "number_empty_cells": 18,
      "number_distinct_values": 574,
      "frequent_values": [
        "",
        "40.671335",
        "40.644025",
        "40.670049",
        "40.661354"
      ],
      "data_types": [
        {
          "type": "REAL",
          "count": 577,
          "max_value": 40.733325,
          "min_value": 40.575571,
          "mean": 40.67283041767763
        }
      ]
    },
    {
      "column_name": "COMPARABLE RENTAL 2  Gross Income per SqFt",
      "number_non_empty_cells": 486,
      "number_empty_cells": 109,
      "number_distinct_values": 220,
      "frequent_values": [
        "",
        "20.9",
        "22.2",
        "17.42",
        "25.2"
      ],
      "data_types": [
        {
          "type": "REAL",
          "count": 477,
          "max_value": 45.1,
          "min_value": 5.51,
          "mean": 20.512536687631037
        },
        {
          "type": "INTEGER (LONG)",
          "count": 9,
          "max_value": 33,
          "min_value": 13,
          "mean": 28.333333333333332
        }
      ]
    },
    {
      "column_name": "BROOKLYN CONDOMINIUM PROPERTY Gross SqFt",
      "number_non_empty_cells": 595,
      "number_empty_cells": 0,
      "number_distinct_values": 573,
      "frequent_values": [
        "24200",
        "16637",
        "32500",
        "20000",
        "63000"
      ],
      "data_types": [
        {
          "type": "INTEGER (LONG)",
          "count": 595,
          "max_value": 628669,
          "min_value": 3750,
          "mean": 40875.44033613445
        }
      ]
    },
    {
      "column_name": "COMPARABLE RENTAL 1  Neighborhood",
      "number_non_empty_cells": 595,
      "number_empty_cells": 0,
      "number_distinct_values": 42,
      "frequent_values": [
        "WILLIAMSBURG-SOUTH",
        "BEDFORD STUYVESANT",
        "CROWN HEIGHTS",
        "PARK SLOPE",
        "BOROUGH PARK"
      ],
      "data_types": [
        {
          "type": "TEXT",
          "count": 595,
          "shortest_values": "GOWANUS",
          "longest_values": "DOWNTOWN-FULTON FERRY",
          "average_length": 14.66218487394958
        }
      ]
    },
    {
      "column_name": "COMPARABLE RENTAL 1  Dist. from Coop in miles",
      "number_non_empty_cells": 595,
      "number_empty_cells": 0,
      "number_distinct_values": 96,
      "frequent_values": [
        "0.65",
        "0.45",
        "0.6",
        "0.55",
        "0.8"
      ],
      "data_types": [
        {
          "type": "REAL",
          "count": 579,
          "max_value": 9.2,
          "min_value": 0.05,
          "mean": 1.3174438687392072
        },
        {
          "type": "INTEGER (LONG)",
          "count": 16,
          "max_value": 6,
          "min_value": 0,
          "mean": 1.375
        }
      ]
    },
    {
      "column_name": "COMPARABLE RENTAL 2  Neighborhood",
      "number_non_empty_cells": 486,
      "number_empty_cells": 109,
      "number_distinct_values": 42,
      "frequent_values": [
        "WILLIAMSBURG-SOUTH",
        "",
        "PARK SLOPE",
        "BROOKLYN HEIGHTS",
        "BEDFORD STUYVESANT"
      ],
      "data_types": [
        {
          "type": "TEXT",
          "count": 486,
          "shortest_values": "GOWANUS",
          "longest_values": "DOWNTOWN-FULTON FERRY",
          "average_length": 14.783950617283951
        }
      ]
    },
    {
      "column_name": "COMPARABLE RENTAL 2  Est. Gross Income",
      "number_non_empty_cells": 486,
      "number_empty_cells": 109,
      "number_distinct_values": 233,
      "frequent_values": [
        "",
        "454364",
        "470568",
        "400572",
        "866384"
      ],
      "data_types": [
        {
          "type": "INTEGER (LONG)",
          "count": 486,
          "max_value": 8212471,
          "min_value": 62212,
          "mean": 733462.512345679
        }
      ]
    },
    {
      "column_name": "COMPARABLE RENTAL 2  Market Value per SqFt",
      "number_non_empty_cells": 486,
      "number_empty_cells": 109,
      "number_distinct_values": 150,
      "frequent_values": [
        "",
        "47.1",
        "44.3",
        "36.9",
        "104"
      ],
      "data_types": [
        {
          "type": "REAL",
          "count": 173,
          "max_value": 49.5,
          "min_value": 11.68,
          "mean": 37.39508670520236
        },
        {
          "type": "INTEGER (LONG)",
          "count": 313,
          "max_value": 221,
          "min_value": 28,
          "mean": 92.88817891373802
        }
      ]
    },
    {
      "column_name": "Longitude",
      "number_non_empty_cells": 577,
      "number_empty_cells": 18,
      "number_distinct_values": 573,
      "frequent_values": [
        "",
        "-73.995752",
        "-73.98845",
        "-73.894382",
        "-73.96968"
      ],
      "data_types": [
        {
          "type": "REAL",
          "count": 576,
          "max_value": -73.878505,
          "min_value": -74.038986,
          "mean": -73.9664721822917
        },
        {
          "type": "INTEGER (LONG)",
          "count": 1,
          "max_value": -74,
          "min_value": -74,
          "mean": -74.0
        }
      ]
    },
    {
      "column_name": "BROOKLYN CONDOMINIUM PROPERTY Total Units",
      "number_non_empty_cells": 595,
      "number_empty_cells": 0,
      "number_distinct_values": 101,
      "frequent_values": [
        "12",
        "16",
        "14",
        "15",
        "13"
      ],
      "data_types": [
        {
          "type": "INTEGER (LONG)",
          "count": 595,
          "max_value": 552,
          "min_value": 11,
          "mean": 34.667226890756304
        }
      ]
    },
    {
      "column_name": "COMPARABLE RENTAL 2  Gross SqFt",
      "number_non_empty_cells": 486,
      "number_empty_cells": 109,
      "number_distinct_values": 225,
      "frequent_values": [
        "",
        "21744",
        "21197",
        "23000",
        "48000"
      ],
      "data_types": [
        {
          "type": "INTEGER (LONG)",
          "count": 486,
          "max_value": 242752,
          "min_value": 4120,
          "mean": 34172.5329218107
        }
      ]
    },
    {
      "column_name": "BROOKLYN CONDOMINIUM PROPERTY Building Classification",
      "number_non_empty_cells": 595,
      "number_empty_cells": 0,
      "number_distinct_values": 3,
      "frequent_values": [
        "R4-ELEVATOR",
        "R2-WALK-UP",
        "R9-CONDOPS"
      ],
      "data_types": [
        {
          "type": "TEXT",
          "count": 595,
          "shortest_values": "R2-WALK-UP",
          "longest_values": "R4-ELEVATOR",
          "average_length": 10.657142857142857
        }
      ]
    },
    {
      "column_name": "BROOKLYN CONDOMINIUM PROPERTY Gross Income per SqFt",
      "number_non_empty_cells": 595,
      "number_empty_cells": 0,
      "number_distinct_values": 322,
      "frequent_values": [
        "0",
        "18.17",
        "20.37",
        "20.94",
        "21.92"
      ],
      "data_types": [
        {
          "type": "REAL",
          "count": 449,
          "max_value": 37.4,
          "min_value": 7.68,
          "mean": 19.341247216035622
        },
        {
          "type": "INTEGER (LONG)",
          "count": 146,
          "max_value": 36,
          "min_value": 0,
          "mean": 11.787671232876713
        }
      ]
    },
    {
      "column_name": "COMPARABLE RENTAL 1  Total Units",
      "number_non_empty_cells": 595,
      "number_empty_cells": 0,
      "number_distinct_values": 77,
      "frequent_values": [
        "16",
        "24",
        "25",
        "12",
        "20"
      ],
      "data_types": [
        {
          "type": "INTEGER (LONG)",
          "count": 595,
          "max_value": 364,
          "min_value": 11,
          "mean": 37.33445378151261
        }
      ]
    },
    {
      "column_name": "BROOKLYN CONDOMINIUM PROPERTY Address",
      "number_non_empty_cells": 595,
      "number_empty_cells": 0,
      "number_distinct_values": 594,
      "frequent_values": [
        "384 NEW JERSEY AVENUE",
        "1 MAIN STREET",
        "31 WASHINGTON STREET",
        "133 WATER STREET",
        "50 BRIDGE STREET"
      ],
      "data_types": [
        {
          "type": "TEXT",
          "count": 595,
          "shortest_values": "5 UNKNOWN",
          "longest_values": "82 ,84,86,88 GREEN STREET",
          "average_length": 16.946218487394958
        }
      ]
    },
    {
      "column_name": "COMPARABLE RENTAL 2  Building Classification",
      "number_non_empty_cells": 486,
      "number_empty_cells": 109,
      "number_distinct_values": 14,
      "frequent_values": [
        "C1-WALK-UP",
        "D9-ELEVATOR",
        "",
        "D1-ELEVATOR",
        "C7-WALK-UP"
      ],
      "data_types": [
        {
          "type": "TEXT",
          "count": 486,
          "shortest_values": "C7-WALK-UP",
          "longest_values": "D6-ELEVATOR",
          "average_length": 10.547325102880658
        }
      ]
    },
    {
      "column_name": "COMPARABLE RENTAL 2  Total Units",
      "number_non_empty_cells": 486,
      "number_empty_cells": 109,
      "number_distinct_values": 72,
      "frequent_values": [
        "",
        "16",
        "30",
        "20",
        "24"
      ],
      "data_types": [
        {
          "type": "INTEGER (LONG)",
          "count": 486,
          "max_value": 364,
          "min_value": 11,
          "mean": 39.73868312757202
        }
      ]
    },
    {
      "column_name": "COMPARABLE RENTAL 2  Full Market Value",
      "number_non_empty_cells": 486,
      "number_empty_cells": 109,
      "number_distinct_values": 199,
      "frequent_values": [
        "",
        "963000",
        "998000",
        "849000",
        "3240000"
      ],
      "data_types": [
        {
          "type": "INTEGER (LONG)",
          "count": 486,
          "max_value": 40300000,
          "min_value": 161000,
          "mean": 2722471.193415638
        }
      ]
    },
    {
      "column_name": "COMPARABLE RENTAL 1  Year Built",
      "number_non_empty_cells": 595,
      "number_empty_cells": 0,
      "number_distinct_values": 64,
      "frequent_values": [
        "1920",
        "1931",
        "1930",
        "1915",
        "1900"
      ],
      "data_types": [
        {
          "type": "INTEGER (LONG)",
          "count": 595,
          "max_value": 2006,
          "min_value": 1870,
          "mean": 1933.5529411764705
        }
      ]
    },
    {
      "column_name": "BROOKLYN CONDOMINIUM PROPERTY Est. Gross Income",
      "number_non_empty_cells": 595,
      "number_empty_cells": 0,
      "number_distinct_values": 522,
      "frequent_values": [
        "0",
        "720000",
        "338895",
        "280800",
        "470400"
      ],
      "data_types": [
        {
          "type": "INTEGER (LONG)",
          "count": 595,
          "max_value": 18860070,
          "min_value": 0,
          "mean": 729027.4268907564
        }
      ]
    },
    {
      "column_name": "BROOKLYN CONDOMINIUM PROPERTY Full Market Value",
      "number_non_empty_cells": 595,
      "number_empty_cells": 0,
      "number_distinct_values": 559,
      "frequent_values": [
        "10800001",
        "1470000",
        "1880000",
        "1700000",
        "1160002"
      ],
      "data_types": [
        {
          "type": "INTEGER (LONG)",
          "count": 595,
          "max_value": 78099944,
          "min_value": 162999,
          "mean": 3248364.816806723
        }
      ]
    },
    {
      "column_name": "NTA",
      "number_non_empty_cells": 577,
      "number_empty_cells": 18,
      "number_distinct_values": 45,
      "frequent_values": [
        "Bedford                                                                    ",
        "North Side-South Side                                                      ",
        "Park Slope-Gowanus                                                         ",
        "Williamsburg                                                               ",
        "DUMBO-Vinegar Hill-Downtown Brooklyn-Boerum Hill                           "
      ],
      "data_types": [
        {
          "type": "TEXT",
          "count": 577,
          "shortest_values": "DUMBO-Vinegar Hill-Downtown Brooklyn-Boerum Hill                           ",
          "longest_values": "DUMBO-Vinegar Hill-Downtown Brooklyn-Boerum Hill                           ",
          "average_length": 75.0
        }
      ]
    },
    {
      "column_name": "COMPARABLE RENTAL 2  Boro-Block-Lot",
      "number_non_empty_cells": 486,
      "number_empty_cells": 109,
      "number_distinct_values": 239,
      "frequent_values": [
        "",
        "3-02421-0035",
        "3-02424-0012",
        "3-02424-0016",
        "3-02789-0011"
      ],
      "data_types": [
        {
          "type": "TEXT",
          "count": 486,
          "shortest_values": "3-00221-0020",
          "longest_values": "3-00221-0020",
          "average_length": 12.0
        }
      ]
    },
    {
      "column_name": "COMPARABLE RENTAL 1  Building Classification",
      "number_non_empty_cells": 595,
      "number_empty_cells": 0,
      "number_distinct_values": 13,
      "frequent_values": [
        "C1-WALK-UP",
        "D1-ELEVATOR",
        "D9-ELEVATOR",
        "D7-ELEVATOR",
        "C7-WALK-UP"
      ],
      "data_types": [
        {
          "type": "TEXT",
          "count": 595,
          "shortest_values": "C7-WALK-UP",
          "longest_values": "D1-ELEVATOR",
          "average_length": 10.522689075630252
        }
      ]
    },
    {
      "column_name": "Postcode",
      "number_non_empty_cells": 577,
      "number_empty_cells": 18,
      "number_distinct_values": 34,
      "frequent_values": [
        "11206",
        "11249",
        "11215",
        "11211",
        "11205"
      ],
      "data_types": [
        {
          "type": "INTEGER (LONG)",
          "count": 577,
          "max_value": 11249,
          "min_value": 11201,
          "mean": 11219.715771230503
        }
      ]
    },
    {
      "column_name": "Census Tract",
      "number_non_empty_cells": 577,
      "number_empty_cells": 18,
      "number_distinct_values": 228,
      "frequent_values": [
        "531",
        "1237",
        "",
        "537",
        "21"
      ],
      "data_types": [
        {
          "type": "INTEGER (LONG)",
          "count": 577,
          "max_value": 79602,
          "min_value": 1,
          "mean": 2294.7140381282497
        }
      ]
    },
    {
      "column_name": " COMPARABLE RENTAL 1 Boro-Block-Lot",
      "number_non_empty_cells": 595,
      "number_empty_cells": 0,
      "number_distinct_values": 264,
      "frequent_values": [
        "3-02130-0017",
        "3-02409-0015",
        "3-01789-0033",
        "3-00714-0044",
        "3-01149-0006"
      ],
      "data_types": [
        {
          "type": "TEXT",
          "count": 595,
          "shortest_values": "3-00271-0001",
          "longest_values": "3-00271-0001",
          "average_length": 12.0
        }
      ]
    },
    {
      "column_name": "BROOKLYN CONDOMINIUM PROPERTY Market Value per SqFt",
      "number_non_empty_cells": 595,
      "number_empty_cells": 0,
      "number_distinct_values": 165,
      "frequent_values": [
        "72",
        "91",
        "75",
        "67",
        "88"
      ],
      "data_types": [
        {
          "type": "REAL",
          "count": 69,
          "max_value": 49.9,
          "min_value": 8.52,
          "mean": 37.134202898550726
        },
        {
          "type": "INTEGER (LONG)",
          "count": 526,
          "max_value": 259,
          "min_value": 27,
          "mean": 86.34790874524715
        }
      ]
    },
    {
      "column_name": "BROOKLYN CONDOMINIUM PROPERTY Boro-Block-Lot",
      "number_non_empty_cells": 595,
      "number_empty_cells": 0,
      "number_distinct_values": 585,
      "frequent_values": [
        "3-01957-7501",
        "3-04414-7501",
        "3-05462-7501",
        "3-08720-7502",
        "3-03755-7501"
      ],
      "data_types": [
        {
          "type": "TEXT",
          "count": 595,
          "shortest_values": "3-00027-7501",
          "longest_values": "3-00027-7501",
          "average_length": 12.0
        }
      ]
    },
    {
      "column_name": "BROOKLYN CONDOMINIUM PROPERTY Year Built",
      "number_non_empty_cells": 595,
      "number_empty_cells": 0,
      "number_distinct_values": 63,
      "frequent_values": [
        "0",
        "2006",
        "2004",
        "2005",
        "2007"
      ],
      "data_types": [
        {
          "type": "INTEGER (LONG)",
          "count": 595,
          "max_value": 2009,
          "min_value": 0,
          "mean": 1659.9411764705883
        }
      ]
    },
    {
      "column_name": "COMPARABLE RENTAL 1 Address",
      "number_non_empty_cells": 595,
      "number_empty_cells": 0,
      "number_distinct_values": 263,
      "frequent_values": [
        "84 BROADWAY",
        "276 SOUTH 1 STREET",
        "640 LAFAYETTE AVENUE",
        "4018 5 AVENUE",
        "677 CLASSON AVENUE"
      ],
      "data_types": [
        {
          "type": "TEXT",
          "count": 595,
          "shortest_values": "66 7 AVENUE",
          "longest_values": "1631 EASTERN PARKWAY EXT",
          "average_length": 17.052100840336134
        }
      ]
    },
    {
      "column_name": "COMPARABLE RENTAL 1  Est. Gross Income",
      "number_non_empty_cells": 595,
      "number_empty_cells": 0,
      "number_distinct_values": 261,
      "frequent_values": [
        "591705",
        "304835",
        "211376",
        "410892",
        "173106"
      ],
      "data_types": [
        {
          "type": "INTEGER (LONG)",
          "count": 595,
          "max_value": 8212471,
          "min_value": 62212,
          "mean": 702363.3848739496
        }
      ]
    },
    {
      "column_name": "Community Board",
      "number_non_empty_cells": 577,
      "number_empty_cells": 18,
      "number_distinct_values": 20,
      "frequent_values": [
        "1",
        "2",
        "6",
        "3",
        "12"
      ],
      "data_types": [
        {
          "type": "INTEGER (LONG)",
          "count": 577,
          "max_value": 55,
          "min_value": 1,
          "mean": 5.963604852686308
        }
      ]
    },
    {
      "column_name": "BROOKLYN CONDOMINIUM PROPERTY Neighborhood",
      "number_non_empty_cells": 595,
      "number_empty_cells": 0,
      "number_distinct_values": 45,
      "frequent_values": [
        "WILLIAMSBURG-CENTRAL",
        "BEDFORD STUYVESANT",
        "PARK SLOPE",
        "WILLIAMSBURG-SOUTH",
        "BOROUGH PARK"
      ],
      "data_types": [
        {
          "type": "TEXT",
          "count": 595,
          "shortest_values": "GOWANUS",
          "longest_values": "FLATBUSH-LEFFERTS GARDEN",
          "average_length": 14.615126050420168
        }
      ]
    },
    {
      "column_name": "COMPARABLE RENTAL 1  Market Value per SqFt",
      "number_non_empty_cells": 595,
      "number_empty_cells": 0,
      "number_distinct_values": 156,
      "frequent_values": [
        "92",
        "44.6",
        "118",
        "119",
        "138"
      ],
      "data_types": [
        {
          "type": "INTEGER (LONG)",
          "count": 406,
          "max_value": 246,
          "min_value": 33,
          "mean": 94.80049261083744
        },
        {
          "type": "REAL",
          "count": 189,
          "max_value": 49.7,
          "min_value": 11.85,
          "mean": 36.553915343915364
        }
      ]
    },
    {
      "column_name": "COMPARABLE RENTAL 1  Gross Income per SqFt",
      "number_non_empty_cells": 595,
      "number_empty_cells": 0,
      "number_distinct_values": 247,
      "frequent_values": [
        "22.22",
        "21.07",
        "29.6",
        "16.69",
        "25.2"
      ],
      "data_types": [
        {
          "type": "REAL",
          "count": 569,
          "max_value": 45.1,
          "min_value": 5.59,
          "mean": 20.463532513181047
        },
        {
          "type": "INTEGER (LONG)",
          "count": 26,
          "max_value": 50,
          "min_value": 13,
          "mean": 27.384615384615383
        }
      ]
    },
    {
      "column_name": "BROOKLYN CONDOMINIUM PROPERTY Condo Section",
      "number_non_empty_cells": 595,
      "number_empty_cells": 0,
      "number_distinct_values": 595,
      "frequent_values": [
        "658-R1",
        "1370-R1",
        "2018-R1",
        "1181-R1",
        "1771-R1"
      ],
      "data_types": [
        {
          "type": "TEXT",
          "count": 595,
          "shortest_values": "6-R1",
          "longest_values": "1370-R1",
          "average_length": 6.598319327731092
        }
      ]
    },
    {
      "column_name": "COMPARABLE RENTAL 2  Year Built",
      "number_non_empty_cells": 486,
      "number_empty_cells": 109,
      "number_distinct_values": 54,
      "frequent_values": [
        "",
        "1920",
        "1915",
        "1931",
        "1930"
      ],
      "data_types": [
        {
          "type": "INTEGER (LONG)",
          "count": 486,
          "max_value": 2006,
          "min_value": 1870,
          "mean": 1929.3703703703704
        }
      ]
    }
  ]
}