{
  "dataset_name": "5rzx-3686.tsv.gz",
  "key_column_candidates": [
    "Date",
    "Agency",
    "Fleet Name",
    "Fleet Roster",
    "Target % In Service",
    "Actual Count In Service",
    "Seasonal Flag",
    "Description"
  ],
  "columns": [
    {
      "column_name": "Seasonal Flag",
      "number_non_empty_cells": 37,
      "number_empty_cells": 0,
      "number_distinct_values": 2,
      "frequent_values": [
        "N",
        "Y"
      ],
      "data_types": [
        {
          "type": "TEXT",
          "count": 37,
          "shortest_values": "N",
          "longest_values": "N",
          "average_length": 1.0
        }
      ]
    },
    {
      "column_name": "Agency",
      "number_non_empty_cells": 37,
      "number_empty_cells": 0,
      "number_distinct_values": 11,
      "frequent_values": [
        "DOT",
        "DEP",
        "DSNY",
        "DCAS",
        "DOC"
      ],
      "data_types": [
        {
          "type": "TEXT",
          "count": 37,
          "shortest_values": "DEP",
          "longest_values": "DOHMH",
          "average_length": 3.4594594594594597
        }
      ]
    },
    {
      "column_name": "Fleet Roster",
      "number_non_empty_cells": 37,
      "number_empty_cells": 0,
      "number_distinct_values": 36,
      "frequent_values": [
        "112",
        "2532",
        "2296",
        "666",
        "354"
      ],
      "data_types": [
        {
          "type": "INTEGER (LONG)",
          "count": 37,
          "max_value": 32186,
          "min_value": 40,
          "mean": 1965.972972972973
        }
      ]
    },
    {
      "column_name": "Description",
      "number_non_empty_cells": 37,
      "number_empty_cells": 0,
      "number_distinct_values": 13,
      "frequent_values": [
        "Critical fleet",
        "Agency total",
        "Agency total: Includes DCAS and all client agencies",
        "Citywide fleet total in service",
        "Critical fleet: vehicles assigned to Mayor's office in MCMS"
      ],
      "data_types": [
        {
          "type": "TEXT",
          "count": 37,
          "shortest_values": "Agency total",
          "longest_values": "Critical fleet: large rear-loading collection trucks; does not include alley, front loader, or dual bin collection trucks.",
          "average_length": 26.89189189189189
        }
      ]
    },
    {
      "column_name": "Date",
      "number_non_empty_cells": 37,
      "number_empty_cells": 0,
      "number_distinct_values": 1,
      "frequent_values": [
        "12/06/2018"
      ],
      "data_types": [
        {
          "type": "DATE/TIME",
          "count": 37,
          "max_value": "12/06/2018",
          "min_value": "12/06/2018"
        }
      ]
    },
    {
      "column_name": "Actual Count In Service",
      "number_non_empty_cells": 37,
      "number_empty_cells": 0,
      "number_distinct_values": 35,
      "frequent_values": [
        "157",
        "2479",
        "2132",
        "627",
        "346"
      ],
      "data_types": [
        {
          "type": "INTEGER (LONG)",
          "count": 37,
          "max_value": 29178,
          "min_value": 39,
          "mean": 1769.918918918919
        }
      ]
    },
    {
      "column_name": "Target % In Service",
      "number_non_empty_cells": 37,
      "number_empty_cells": 0,
      "number_distinct_values": 10,
      "frequent_values": [
        "0.9",
        "0.94",
        "0.85",
        "0.75",
        "0.78"
      ],
      "data_types": [
        {
          "type": "INTEGER (LONG)",
          "count": 1,
          "max_value": 1,
          "min_value": 1,
          "mean": 1.0
        },
        {
          "type": "REAL",
          "count": 36,
          "max_value": 0.94,
          "min_value": 0.61,
          "mean": 0.8649999999999998
        }
      ]
    },
    {
      "column_name": "Fleet Name",
      "number_non_empty_cells": 37,
      "number_empty_cells": 0,
      "number_distinct_values": 28,
      "frequent_values": [
        "All vehicles",
        "NYC fleet overall",
        "Mayoral fleet",
        "OEM",
        "Sheriff"
      ],
      "data_types": [
        {
          "type": "TEXT",
          "count": 37,
          "shortest_values": "OEM",
          "longest_values": "Dual bin collection trucks",
          "average_length": 11.216216216216216
        }
      ]
    }
  ]
}