{
  "dataset_name": "63us-eqtq.tsv.gz",
  "key_column_candidates": [
    "Request",
    "What question are you trying to answer with this data?",
    "Submission Date",
    "Response",
    "Final Determination Given (Y/N)"
  ],
  "columns": [
    {
      "column_name": "Response",
      "number_non_empty_cells": 1199,
      "number_empty_cells": 108,
      "number_distinct_values": 1055,
      "frequent_values": [
        "",
        "To whom it may concern,At this time, we believe that your nominated data set is not maintained by a New York City agency.Some entities may not be covered by NYC open data law. You can find further detail on the law here: http://www1.nyc.gov/site/doitt/initiatives/open-data-law.pageYou can also submit a new nomination with additional detail and specifically named agencies for referral.Thank you,NYC Open Data team",
        "Thank you for your dataset nomination. Your request is being forwarded to the appropriate agency.",
        "This dataset exists within the Department of Buildings (DOB) and we anticipate releasing it on the Open Data Portal when the work type is added to DOB NOW.Best,Department of Buildings (DOB)",
        "Please use the Freedom of Information Law Request (FOIL) Form to make a data request - https://www1.nyc.gov/assets/nycha/downloads/pdf/FOIL.FAQ.pdf"
      ],
      "data_types": [
        {
          "type": "TEXT",
          "count": 1199,
          "shortest_values": "Duplicate inquiry closed out.",
          "longest_values": "Hello,The data you've requested can be found here:https://data.cityofnewyork.us/Transportation/Parki...Your question regarding the relationship of location and signs can be found in the metadata attached in the section called \"About this Dataset\"As a reminder, you can always find the list of datasets maintained by the Department of Transportation here: https://data.cityofnewyork.us/browse?Dataset-Infor...- DOT Open Data---------------------------------Original Response:Hello, We would like to request you that can you guys help us in nycdot.info website. We are going through the files which you have used in the website \u201clocations\u201d and \u201csigns\u201d. We are developing a mobile application where we would like to use the details which are shown on the nycdot website. Can you please let us know how the two files are related and how can we retrieve the parking details from both the files. We would like to know the relationship between both the files and how the files are used to show the parking restrictions. Because both files are connected by the Status-Order Number and Boro code. But how it\u2019s used in the depicting the parking restrictions we can\u2019t find it. I would like to request you that can you please help us in the API. We are developing an application for one of our client. The application will showcase the users to view the parking restrictions in New York. The users will be able to view the parking status on the app like your nycdot.info website.Hello, We would like to request you that can you guys help us in nycdot.info website. We are going through the files which you have used in the website \u201clocations\u201d and \u201csigns\u201d. We are developing a mobile application where we would like to use the details which are shown on the nycdot website. Can you please let us know how the two files are related and how can we retrieve the parking details from both the files. We would like to know the relationship between both the files and how the files are used to show the parking restrictions. Because both files are connected by the Status-Order Number and Boro code. But how it\u2019s used in the depicting the parking restrictions we can\u2019t find it. I would like to request you that can you please help us in the API. We are developing an application for one of our client. The application will showcase the users to view the parking restrictions in New York. The users will be able to view the parking status on the app like your nycdot.info website.NOTE: To respond to this inquiry, you must edit your original submission by opening the following link and selecting \"Edit Response\": https://nyc-moda.forms.fm/nyc-open-data-team-help-desk/responses/dB0uP3VrU5Po",
          "average_length": 349.6622185154295
        }
      ]
    },
    {
      "column_name": "Submission Date",
      "number_non_empty_cells": 1307,
      "number_empty_cells": 0,
      "number_distinct_values": 915,
      "frequent_values": [
        "05/10/2019 12:00:00 AM",
        "11/09/2017 12:00:00 AM",
        "07/19/2018 12:00:00 AM",
        "05/04/2017 12:00:00 AM",
        "04/05/2019 12:00:00 AM"
      ],
      "data_types": [
        {
          "type": "DATE/TIME",
          "count": 1307,
          "max_value": "07/15/2019 12:00:00 AM",
          "min_value": "10/10/2011 12:00:00 AM"
        }
      ]
    },
    {
      "column_name": "What question are you trying to answer with this data?",
      "number_non_empty_cells": 886,
      "number_empty_cells": 421,
      "number_distinct_values": 866,
      "frequent_values": [
        "",
        "I am attempting to estimate the causal link between noise pollution and crime. There is a small but growing literature on how factors from the built environment can affect people's propensity for violence. I plan to use a difference-in-differences approach to isolate noise from elevated subways in New York.",
        "I am trying to get Real Property records.",
        "I am reviewing these factors to determine if they correlate with the dropout rate of the high school.",
        "City Planning is required by City Charter to provide annual updates of our Facilities Database. We'd like to automate the procedure of creating the Facilities Database."
      ],
      "data_types": [
        {
          "type": "TEXT",
          "count": 886,
          "shortest_values": ".",
          "longest_values": "My name is Morgan Nevins and I am a graduate student at Columbia University's School of Social Work (CSSW). With a small group of my colleagues, we are building our quantitative skills at CSSW in our Advanced Research and Statistics class, with Dr. Eva Haldane, and are looking for secondary data to inform a semester-long research project.  Our project is intended for class purposes only, not for publication.  We would like to investigate access to health care services, especially STI and/or HIV prevention and treatment, for sex workers, but the scope of our project will be defined in detail once we obtain a data set.  While reviewing literature for our research proposal, we came across an article citing data from the Bureau of Correctional Health Services, the NYC Department of Health and Mental Hygiene, published in 2013, entitled \"Female sex workers incarcerated in New York City jails: prevalence of sexually transmitted infections and associated risk behaviors\" (https://www.ncbi.nlm.nih.gov/pubmed/23687128).  This article was helpful in conceptualizing our research question.  We are still looking for a data set that is U.S. focused and were wondering if DOC Health Services or other NYC gov open data might be available and able to help. We appreciate any information you might be able to provide and hope to hear from you soon. Sincerely,Morgan NevinsMaster of International Affairs/Master of Science in Social Work Dual Degree Candidatemnn2116@columbia.edu(603)828-4501",
          "average_length": 148.53498871331828
        }
      ]
    },
    {
      "column_name": "Request",
      "number_non_empty_cells": 1287,
      "number_empty_cells": 20,
      "number_distinct_values": 1266,
      "frequent_values": [
        "",
        "Dataset of tax lots that are part of a Zoning Lot Development Agreement (ZLDA). The dataset should label lots with updated BBL numbers, differentiate receiving sites from transferring sites, provide document ID of the ZLDA, and disclose amount of development rights transferred.",
        "tlc -",
        "To whom it may concern -I am looking to obtain the information relating to the 421-a abatement for my building: 301 East 50th St.  Specifically, I'm looking to understand the public information on when the building applied for the abatement, when it was approved, and any interim updates.  Are you able to send me this information?",
        "I would like to get data on drug arrests in NYC over the course of a year in order to be able to map out the locations/frequency etc."
      ],
      "data_types": [
        {
          "type": "TEXT",
          "count": 1285,
          "shortest_values": "TLC -",
          "longest_values": "Indices to NYC vital records (i.e. birth index, death index, etc.) - I was to make a formal request for these datasets here, as a follow-up up to a Twitter and e-mail conversation I had with her recently.  I am requesting that the city publish its vital records indices online as open data.Please note that this is not a request for any actual certificate information, which of course have strict privacy rules, but merely the indices to the basic data.  These data sets, which are held by the New York City Department of Health, have been previously published in other (older) forms, although all are incomplete.  For example, the city birth index from 1881-1965 is available as microfilm images at Family History Libraries across the world, and the city death index through 1982 or 1983 is available in a tiny number of libraries in printed book form.Agreeing that the indices are public data, the New York State (not city) Department of Health has recently begun adding their State death index data to their Socrata portal for the years 1957-1962.  It would be nice to see the city follow suit.Here are the data sets that would be helpful:1) Index of all births reported in the city of New York, 1881 (or as early as data is available) through 2012 (or as recently as data is available)  Fields in this dataset should include, at a minimum:- first name- surname- gender- date of birth (or year, if date is unavailable)- borough of birth- certificate number2) Index of all deaths reported in the city of New York, 1881 (or as early as data is available) through 2012 (or as recently as data is available)  Fields in this dataset should include, at a minimum:- first name- surname- gender- date of death (or year, if date is unavailable)- borough of death- certificate number3) Index of all marriages reported in the city of New York, 1881 (or as early as data is available) through 2012 (or as recently as data is available)  Fields in this dataset should include, at a minimum:- first name of bride (or spouse #1)- surname of bride (or spouse #1)- gender of of bride (or spouse #1)- date of birth (or year, if date is unavailable) of bride (or spouse #1)- first name of groom (or spouse #2)- surname of groom (or spouse #2)- gender of of groom (or spouse #2)- date of birth (or year, if date is unavailable) of groom (or spouse #2)- date of marriage (or date of issuance of marriage license)- borough where marriage took place- certificate number4) Index of all domestic partnerships reported in the city of New York, 1997 through 2012 (or as recently as data is available)  Fields in this dataset should include, at a minimum:- first name of partner #1- surname of partner #1- gender of of partner #1- date of birth (or year, if date is unavailable) of partner #1- first name of partner #2- surname of partner #2- gender of of partner #2- date of birth (or year, if date is unavailable) of partner #2- date of issuance of partnership certificate- borough of residence of the partners- certificate numberFor the index to divorce decrees and/or certificates, you will probably have to direct this request to each individual borough in the city, to their courts, not to the city's Department of Health:5) Index of all divorces reported in the city of New York, 1881 (or as early as data is available) through 2012 (or as recently as data is available)  Fields in this dataset should include, at a minimum:- first name of bride (or spouse #1)- surname of bride (or spouse #1)- gender of of bride (or spouse #1)- date of birth (or year, if date is unavailable) of bride (or spouse #1)- first name of groom (or spouse #2)- surname of groom (or spouse #2)- gender of of groom (or spouse #2)- date of birth (or year, if date is unavailable) of groom (or spouse #2)- date of divorce decree or certificate- borough where divorce took place- certificate number or decree numberI anticipate that the NYC Department of Health may try to claim to you that these indices are private or protected data, but as I mentioned in my initial request e-mails, this is clearly not the case.  The certificates are private, yes, but the indices are not private, are not copyrighted, and have been published in other forms previously.Please let me know if there is any other information you'd like me to provide regarding this request.  Thanks.",
          "average_length": 209.18365758754865
        },
        {
          "type": "DATE/TIME",
          "count": 2,
          "max_value": "311 -",
          "min_value": "311 -"
        }
      ]
    }
  ]
}