{
  "dataset_name": "69wu-b929.tsv.gz",
  "key_column_candidates": [
    "Week",
    "Sessions Per Week",
    "Cumulative Sessions To Date",
    "Bandwidth Utilization Per Week (TB)",
    "Cumulative Bandwidth Utilization To Date (TB)",
    "Average Session Duration",
    "New Subscribers Per Week",
    "Total Subscribers Per Week",
    "Cumulative Subscribers To Date"
  ],
  "columns": [
    {
      "column_name": "Week",
      "number_non_empty_cells": 185,
      "number_empty_cells": 0,
      "number_distinct_values": 185,
      "frequent_values": [
        "Week of 2/29/2016",
        "Week of 3/7/2016",
        "Week of 3/14/2016",
        "Week of 3/21/2016",
        "Week of 3/28/2016"
      ],
      "data_types": [
        {
          "type": "TEXT",
          "count": 185,
          "shortest_values": "Week of 3/7/2016",
          "longest_values": "Week of 10/10/2016",
          "average_length": 16.924324324324324
        }
      ]
    },
    {
      "column_name": "Cumulative Sessions To Date",
      "number_non_empty_cells": 185,
      "number_empty_cells": 0,
      "number_distinct_values": 184,
      "frequent_values": [
        "1092790183",
        "161899",
        "216795",
        "285012",
        "381766"
      ],
      "data_types": [
        {
          "type": "INTEGER (LONG)",
          "count": 185,
          "max_value": 20022516925,
          "min_value": 161899,
          "mean": 805940846.7459459
        }
      ]
    },
    {
      "column_name": "Bandwidth Utilization Per Week (TB)",
      "number_non_empty_cells": 185,
      "number_empty_cells": 0,
      "number_distinct_values": 181,
      "frequent_values": [
        "5.6",
        "82.1",
        "90.29",
        "62.92",
        "0.418"
      ],
      "data_types": [
        {
          "type": "INTEGER (LONG)",
          "count": 1,
          "max_value": 77,
          "min_value": 77,
          "mean": 77.0
        },
        {
          "type": "REAL",
          "count": 184,
          "max_value": 116.43,
          "min_value": 0.418,
          "mean": 60.18876630434786
        }
      ]
    },
    {
      "column_name": "New Subscribers Per Week",
      "number_non_empty_cells": 185,
      "number_empty_cells": 0,
      "number_distinct_values": 184,
      "frequent_values": [
        "53673",
        "1022",
        "2216",
        "2587",
        "5223"
      ],
      "data_types": [
        {
          "type": "INTEGER (LONG)",
          "count": 185,
          "max_value": 73215,
          "min_value": 1022,
          "mean": 40842.545945945945
        }
      ]
    },
    {
      "column_name": "Total Subscribers Per Week",
      "number_non_empty_cells": 185,
      "number_empty_cells": 0,
      "number_distinct_values": 184,
      "frequent_values": [
        "684588",
        "2391",
        "4041",
        "4983",
        "8322"
      ],
      "data_types": [
        {
          "type": "INTEGER (LONG)",
          "count": 185,
          "max_value": 767755,
          "min_value": 2391,
          "mean": 499196.85405405407
        }
      ]
    },
    {
      "column_name": "Average Session Duration",
      "number_non_empty_cells": 185,
      "number_empty_cells": 0,
      "number_distinct_values": 92,
      "frequent_values": [
        " 00:03:45.000",
        " 00:02:55.000",
        " 00:03:53.000",
        " 00:03:55.000",
        " 00:03:54.000"
      ],
      "data_types": [
        {
          "type": "DATE/TIME",
          "count": 184,
          "max_value": " 00:08:09.000",
          "min_value": " 00:02:41.000"
        },
        {
          "type": "TEXT",
          "count": 1,
          "shortest_values": "NA",
          "longest_values": "NA",
          "average_length": 2.0
        }
      ]
    },
    {
      "column_name": "Cumulative Bandwidth Utilization To Date (TB)",
      "number_non_empty_cells": 185,
      "number_empty_cells": 0,
      "number_distinct_values": 184,
      "frequent_values": [
        "6504.11",
        "1.73",
        "1.84",
        "2.32",
        "3.21"
      ],
      "data_types": [
        {
          "type": "REAL",
          "count": 185,
          "max_value": 12524.61,
          "min_value": 1.73,
          "mean": 4409.3101081081095
        }
      ]
    },
    {
      "column_name": "Cumulative Subscribers To Date",
      "number_non_empty_cells": 185,
      "number_empty_cells": 0,
      "number_distinct_values": 184,
      "frequent_values": [
        "4728522",
        "6116",
        "8357",
        "10984",
        "15920"
      ],
      "data_types": [
        {
          "type": "INTEGER (LONG)",
          "count": 185,
          "max_value": 7669169,
          "min_value": 6116,
          "mean": 3272197.237837838
        }
      ]
    },
    {
      "column_name": "Sessions Per Week",
      "number_non_empty_cells": 185,
      "number_empty_cells": 0,
      "number_distinct_values": 184,
      "frequent_values": [
        "14608378",
        "31523",
        "54896",
        "61217",
        "103613"
      ],
      "data_types": [
        {
          "type": "INTEGER (LONG)",
          "count": 185,
          "max_value": 21943924,
          "min_value": 31523,
          "mean": 10993296.724324325
        }
      ]
    }
  ]
}