{
  "dataset_name": "6eti-k994.tsv.gz",
  "key_column_candidates": [
    "event_id",
    "path",
    "main"
  ],
  "columns": [
    {
      "column_name": "event_id",
      "number_non_empty_cells": 56641,
      "number_empty_cells": 0,
      "number_distinct_values": 54653,
      "frequent_values": [
        "147405",
        "147415",
        "147422",
        "147409",
        "147420"
      ],
      "data_types": [
        {
          "type": "INTEGER (LONG)",
          "count": 56641,
          "max_value": 179422,
          "min_value": 62249,
          "mean": 132129.6841687117
        }
      ]
    },
    {
      "column_name": "main",
      "number_non_empty_cells": 56641,
      "number_empty_cells": 0,
      "number_distinct_values": 2,
      "frequent_values": [
        "1",
        "0"
      ],
      "data_types": [
        {
          "type": "INTEGER (LONG)",
          "count": 56641,
          "max_value": 1,
          "min_value": 0,
          "mean": 0.955509260076623
        }
      ]
    },
    {
      "column_name": "path",
      "number_non_empty_cells": 56641,
      "number_empty_cells": 0,
      "number_distinct_values": 13050,
      "frequent_values": [
        "https://www.nycgovparks.org/common_images/events/full/575f1abebf753.jpg",
        "https://www.nycgovparks.org/common_images/events/full/5395c8d750ccf.jpg",
        "https://www.nycgovparks.org/common_images/events/full/5b6b1dd78b7c9.jpg",
        "https://www.nycgovparks.org/common_images/events/full/573c8b564a761.jpg",
        "https://www.nycgovparks.org/common_images/events/full/573238818609b.jpg"
      ],
      "data_types": [
        {
          "type": "TEXT",
          "count": 56641,
          "shortest_values": "https://www.nycgovparks.org/common_images/events/full/5b5b2bf6274cb.",
          "longest_values": "https://www.nycgovparks.org/common_images/events/full/55d4d82e97d6a.00_jpg_srb",
          "average_length": 71.01355908264331
        }
      ]
    }
  ]
}