{
  "dataset_name": "6gzn-qtm3.tsv.gz",
  "key_column_candidates": [
    "Site ID",
    "Site Name",
    "Site Type",
    "Year",
    "Total Enrollment",
    "# Female",
    "% Female",
    "# Male",
    "% Male",
    "# Asian",
    "% Asian",
    "# Black",
    "% Black",
    "# Hispanic",
    "% Hispanic",
    "# Multiple Race Categories Not Represented",
    "% Multiple Race Categories Not Represented",
    "# White",
    "% White"
  ],
  "columns": [
    {
      "column_name": "% Female",
      "number_non_empty_cells": 7272,
      "number_empty_cells": 0,
      "number_distinct_values": 434,
      "frequent_values": [
        "0.5",
        "0.556",
        "0.444",
        "0.667",
        "0.6"
      ],
      "data_types": [
        {
          "type": "REAL",
          "count": 7188,
          "max_value": 0.988,
          "min_value": 0.017,
          "mean": 0.5046487200890378
        },
        {
          "type": "INTEGER (LONG)",
          "count": 84,
          "max_value": 1,
          "min_value": 0,
          "mean": 0.4166666666666667
        }
      ]
    },
    {
      "column_name": "# Black",
      "number_non_empty_cells": 7272,
      "number_empty_cells": 0,
      "number_distinct_values": 91,
      "frequent_values": [
        "0",
        "1",
        "2",
        "3",
        "4"
      ],
      "data_types": [
        {
          "type": "INTEGER (LONG)",
          "count": 7272,
          "max_value": 135,
          "min_value": 0,
          "mean": 8.592409240924093
        }
      ]
    },
    {
      "column_name": "# White",
      "number_non_empty_cells": 7272,
      "number_empty_cells": 0,
      "number_distinct_values": 90,
      "frequent_values": [
        "0",
        "1",
        "2",
        "3",
        "4"
      ],
      "data_types": [
        {
          "type": "INTEGER (LONG)",
          "count": 7272,
          "max_value": 284,
          "min_value": 0,
          "mean": 7.0816831683168315
        }
      ]
    },
    {
      "column_name": "# Multiple Race Categories Not Represented",
      "number_non_empty_cells": 7272,
      "number_empty_cells": 0,
      "number_distinct_values": 27,
      "frequent_values": [
        "0",
        "1",
        "2",
        "3",
        "4"
      ],
      "data_types": [
        {
          "type": "INTEGER (LONG)",
          "count": 7272,
          "max_value": 43,
          "min_value": 0,
          "mean": 1.1597909790979097
        }
      ]
    },
    {
      "column_name": "% Asian",
      "number_non_empty_cells": 7272,
      "number_empty_cells": 0,
      "number_distinct_values": 662,
      "frequent_values": [
        "0",
        "0.056",
        "0.111",
        "0.028",
        "0.167"
      ],
      "data_types": [
        {
          "type": "INTEGER (LONG)",
          "count": 2689,
          "max_value": 1,
          "min_value": 0,
          "mean": 0.021197471178876905
        },
        {
          "type": "REAL",
          "count": 4583,
          "max_value": 0.99,
          "min_value": 0.008,
          "mean": 0.23569015928431244
        }
      ]
    },
    {
      "column_name": "% Hispanic",
      "number_non_empty_cells": 7272,
      "number_empty_cells": 0,
      "number_distinct_values": 833,
      "frequent_values": [
        "0",
        "0.167",
        "0.5",
        "0.111",
        "0.333"
      ],
      "data_types": [
        {
          "type": "REAL",
          "count": 6645,
          "max_value": 0.989,
          "min_value": 0.01,
          "mean": 0.39157667419112285
        },
        {
          "type": "INTEGER (LONG)",
          "count": 627,
          "max_value": 1,
          "min_value": 0,
          "mean": 0.11642743221690591
        }
      ]
    },
    {
      "column_name": "% Multiple Race Categories Not Represented",
      "number_non_empty_cells": 7272,
      "number_empty_cells": 0,
      "number_distinct_values": 227,
      "frequent_values": [
        "0",
        "0.056",
        "0.028",
        "0.029",
        "0.111"
      ],
      "data_types": [
        {
          "type": "INTEGER (LONG)",
          "count": 3876,
          "max_value": 1,
          "min_value": 0,
          "mean": 0.00025799793601651185
        },
        {
          "type": "REAL",
          "count": 3396,
          "max_value": 0.878,
          "min_value": 0.002,
          "mean": 0.06824293286219077
        }
      ]
    },
    {
      "column_name": "# Hispanic",
      "number_non_empty_cells": 7272,
      "number_empty_cells": 0,
      "number_distinct_values": 110,
      "frequent_values": [
        "0",
        "2",
        "1",
        "3",
        "6"
      ],
      "data_types": [
        {
          "type": "INTEGER (LONG)",
          "count": 7272,
          "max_value": 447,
          "min_value": 0,
          "mean": 14.438393839383938
        }
      ]
    },
    {
      "column_name": "Site Type",
      "number_non_empty_cells": 7272,
      "number_empty_cells": 0,
      "number_distinct_values": 7,
      "frequent_values": [
        "DOE",
        "PS",
        "ACS",
        "PS - PreK Center",
        "Special Education"
      ],
      "data_types": [
        {
          "type": "TEXT",
          "count": 7272,
          "shortest_values": "PS",
          "longest_values": "Special Education",
          "average_length": 3.4067656765676566
        }
      ]
    },
    {
      "column_name": "# Asian",
      "number_non_empty_cells": 7272,
      "number_empty_cells": 0,
      "number_distinct_values": 95,
      "frequent_values": [
        "0",
        "1",
        "2",
        "3",
        "4"
      ],
      "data_types": [
        {
          "type": "INTEGER (LONG)",
          "count": 7272,
          "max_value": 127,
          "min_value": 0,
          "mean": 6.396039603960396
        }
      ]
    },
    {
      "column_name": "% Black",
      "number_non_empty_cells": 7272,
      "number_empty_cells": 0,
      "number_distinct_values": 744,
      "frequent_values": [
        "0",
        "0.056",
        "0.028",
        "0.167",
        "0.5"
      ],
      "data_types": [
        {
          "type": "INTEGER (LONG)",
          "count": 1892,
          "max_value": 1,
          "min_value": 0,
          "mean": 0.0354122621564482
        },
        {
          "type": "REAL",
          "count": 5380,
          "max_value": 0.987,
          "min_value": 0.006,
          "mean": 0.3339446096654284
        }
      ]
    },
    {
      "column_name": "% White",
      "number_non_empty_cells": 7272,
      "number_empty_cells": 0,
      "number_distinct_values": 664,
      "frequent_values": [
        "0",
        "1",
        "0.056",
        "0.5",
        "0.028"
      ],
      "data_types": [
        {
          "type": "INTEGER (LONG)",
          "count": 2872,
          "max_value": 1,
          "min_value": 0,
          "mean": 0.05814763231197772
        },
        {
          "type": "REAL",
          "count": 4400,
          "max_value": 0.988,
          "min_value": 0.005,
          "mean": 0.2720345454545456
        }
      ]
    },
    {
      "column_name": "% Male",
      "number_non_empty_cells": 7272,
      "number_empty_cells": 0,
      "number_distinct_values": 434,
      "frequent_values": [
        "0.5",
        "0.444",
        "0.556",
        "0.333",
        "0.4"
      ],
      "data_types": [
        {
          "type": "REAL",
          "count": 7188,
          "max_value": 0.983,
          "min_value": 0.012,
          "mean": 0.49536908736783714
        },
        {
          "type": "INTEGER (LONG)",
          "count": 84,
          "max_value": 1,
          "min_value": 0,
          "mean": 0.5833333333333334
        }
      ]
    },
    {
      "column_name": "Site Name",
      "number_non_empty_cells": 7272,
      "number_empty_cells": 0,
      "number_distinct_values": 2528,
      "frequent_values": [
        "Trabajamos Community Head Start",
        "Mi Nuevo Mundo",
        "Brooklyn Chinese American Association",
        "Jewish Community Center Of Staten Island",
        "East Side House"
      ],
      "data_types": [
        {
          "type": "TEXT",
          "count": 7272,
          "shortest_values": "ICCD",
          "longest_values": "Girls Preparatory Charter School of the Bronx and Boys Preparatory Charter School of the Bronx (PrePrep - Joan Ganz Cooney Early Learning Program)",
          "average_length": 26.772827282728272
        }
      ]
    },
    {
      "column_name": "# Male",
      "number_non_empty_cells": 7272,
      "number_empty_cells": 0,
      "number_distinct_values": 95,
      "frequent_values": [
        "9",
        "16",
        "10",
        "7",
        "15"
      ],
      "data_types": [
        {
          "type": "INTEGER (LONG)",
          "count": 7272,
          "max_value": 230,
          "min_value": 0,
          "mean": 18.57439493949395
        }
      ]
    },
    {
      "column_name": "# Female",
      "number_non_empty_cells": 7272,
      "number_empty_cells": 0,
      "number_distinct_values": 97,
      "frequent_values": [
        "9",
        "8",
        "10",
        "18",
        "11"
      ],
      "data_types": [
        {
          "type": "INTEGER (LONG)",
          "count": 7272,
          "max_value": 254,
          "min_value": 0,
          "mean": 19.09392189218922
        }
      ]
    },
    {
      "column_name": "Year",
      "number_non_empty_cells": 7272,
      "number_empty_cells": 0,
      "number_distinct_values": 4,
      "frequent_values": [
        "2016-17",
        "2015-16",
        "2018-19",
        "2017-18"
      ],
      "data_types": [
        {
          "type": "TEXT",
          "count": 7272,
          "shortest_values": "2015-16",
          "longest_values": "2015-16",
          "average_length": 7.0
        }
      ]
    },
    {
      "column_name": "Total Enrollment",
      "number_non_empty_cells": 7272,
      "number_empty_cells": 0,
      "number_distinct_values": 164,
      "frequent_values": [
        "36",
        "18",
        "35",
        "20",
        "54"
      ],
      "data_types": [
        {
          "type": "INTEGER (LONG)",
          "count": 7272,
          "max_value": 484,
          "min_value": 1,
          "mean": 37.66831683168317
        }
      ]
    },
    {
      "column_name": "Site ID",
      "number_non_empty_cells": 7272,
      "number_empty_cells": 0,
      "number_distinct_values": 2052,
      "frequent_values": [
        "01M015",
        "01M019",
        "01M020",
        "01M034",
        "01M063"
      ],
      "data_types": [
        {
          "type": "DATE/TIME",
          "count": 109,
          "max_value": "06M048",
          "min_value": "01M015"
        },
        {
          "type": "TEXT",
          "count": 7163,
          "shortest_values": "K129",
          "longest_values": "01M063",
          "average_length": 4.698310763646517
        }
      ]
    }
  ]
}