{
  "dataset_name": "6m3u-8rbh.tsv.gz",
  "key_column_candidates": [
    "Upcoming Project Name",
    "Upcoming Project Borough ",
    "Upcoming Project Geographic District",
    "Upcoming Project Description",
    "Upcoming Project Budget Range",
    "Upcoming Project Design Completion Date",
    "Upcoming Project Category",
    "Upcoming Project Status ",
    "Upcoming Project Square Footage",
    "Upcoming Project Seat Count"
  ],
  "columns": [
    {
      "column_name": "Upcoming Project Status ",
      "number_non_empty_cells": 6,
      "number_empty_cells": 0,
      "number_distinct_values": 1,
      "frequent_values": [
        "Design"
      ],
      "data_types": [
        {
          "type": "TEXT",
          "count": 6,
          "shortest_values": "Design",
          "longest_values": "Design",
          "average_length": 6.0
        }
      ]
    },
    {
      "column_name": "Upcoming Project Name",
      "number_non_empty_cells": 6,
      "number_empty_cells": 0,
      "number_distinct_values": 6,
      "frequent_values": [
        "P.S. @ 1570 BOONE AVENUE - BRONX",
        "P.S. 1 ANNEX - BROOKLYN",
        "H.S. @ 51-30 NORTHERN BOULEVARD - QUEENS",
        "P.S. 169 - QUEENS",
        "P.S. 46 - QUEENS"
      ],
      "data_types": [
        {
          "type": "TEXT",
          "count": 6,
          "shortest_values": "P.S. 46 - QUEENS",
          "longest_values": "H.S. @ 51-30 NORTHERN BOULEVARD - QUEENS",
          "average_length": 27.666666666666668
        }
      ]
    },
    {
      "column_name": "Upcoming Project Geographic District",
      "number_non_empty_cells": 6,
      "number_empty_cells": 0,
      "number_distinct_values": 6,
      "frequent_values": [
        "12",
        "15",
        "30",
        "25",
        "26"
      ],
      "data_types": [
        {
          "type": "INTEGER (LONG)",
          "count": 6,
          "max_value": 30,
          "min_value": 12,
          "mean": 22.0
        }
      ]
    },
    {
      "column_name": "Upcoming Project Design Completion Date",
      "number_non_empty_cells": 6,
      "number_empty_cells": 0,
      "number_distinct_values": 4,
      "frequent_values": [
        "2020/03",
        "2019/10",
        "2019/03",
        "2020/01"
      ],
      "data_types": [
        {
          "type": "DATE/TIME",
          "count": 6,
          "max_value": "2020/03",
          "min_value": "2019/03"
        }
      ]
    },
    {
      "column_name": "Upcoming Project Description",
      "number_non_empty_cells": 6,
      "number_empty_cells": 0,
      "number_distinct_values": 2,
      "frequent_values": [
        "New",
        "Addition"
      ],
      "data_types": [
        {
          "type": "TEXT",
          "count": 6,
          "shortest_values": "New",
          "longest_values": "Addition",
          "average_length": 4.666666666666667
        }
      ]
    },
    {
      "column_name": "Upcoming Project Category",
      "number_non_empty_cells": 6,
      "number_empty_cells": 0,
      "number_distinct_values": 2,
      "frequent_values": [
        "New Schools",
        "Additions"
      ],
      "data_types": [
        {
          "type": "TEXT",
          "count": 6,
          "shortest_values": "Additions",
          "longest_values": "New Schools",
          "average_length": 10.333333333333334
        }
      ]
    },
    {
      "column_name": "Upcoming Project Borough ",
      "number_non_empty_cells": 6,
      "number_empty_cells": 0,
      "number_distinct_values": 3,
      "frequent_values": [
        "QUEENS",
        "BRONX",
        "BROOKLYN"
      ],
      "data_types": [
        {
          "type": "TEXT",
          "count": 6,
          "shortest_values": "BRONX",
          "longest_values": "BROOKLYN",
          "average_length": 6.166666666666667
        }
      ]
    },
    {
      "column_name": "Upcoming Project Budget Range",
      "number_non_empty_cells": 6,
      "number_empty_cells": 0,
      "number_distinct_values": 1,
      "frequent_values": [
        " 4 M OVER"
      ],
      "data_types": [
        {
          "type": "TEXT",
          "count": 6,
          "shortest_values": " 4 M OVER",
          "longest_values": " 4 M OVER",
          "average_length": 9.0
        }
      ]
    },
    {
      "column_name": "Upcoming Project Square Footage",
      "number_non_empty_cells": 6,
      "number_empty_cells": 0,
      "number_distinct_values": 6,
      "frequent_values": [
        "458",
        "328",
        "3079",
        "643",
        "440"
      ],
      "data_types": [
        {
          "type": "INTEGER (LONG)",
          "count": 6,
          "max_value": 3079,
          "min_value": 328,
          "mean": 904.0
        }
      ]
    }
  ]
}