{
  "dataset_name": "6v9u-ndjg.tsv.gz",
  "key_column_candidates": [
    "Code",
    "Disposition"
  ],
  "columns": [
    {
      "column_name": "Disposition",
      "number_non_empty_cells": 160,
      "number_empty_cells": 0,
      "number_distinct_values": 159,
      "frequent_values": [
        "BUILDINGS VIOLATION(S) & CRIMINAL COURT SUMMONS SERVED",
        "CRIMINAL COURT SUMMONS SERVED",
        "VACANT/OPEN/UNGUARDED STRUCTURE - VIOLATION(S) ISSUED",
        "COMPLAINT ACCEPTED BY PADLOCK UNIT",
        "ECB VIOLATION SERVED"
      ],
      "data_types": [
        {
          "type": "TEXT",
          "count": 160,
          "shortest_values": "JOB VESTED",
          "longest_values": "WEATHER RLT: GREEN TAG RESCINDED/STRUCTURALLY SOUND/UTILITIES UNRESOLVED",
          "average_length": 44.875
        }
      ]
    },
    {
      "column_name": "Code",
      "number_non_empty_cells": 160,
      "number_empty_cells": 0,
      "number_distinct_values": 160,
      "frequent_values": [
        "A2",
        "A6",
        "A7",
        "A8",
        "EA"
      ],
      "data_types": [
        {
          "type": "DATE/TIME",
          "count": 3,
          "max_value": "M4",
          "min_value": "M1"
        },
        {
          "type": "TEXT",
          "count": 157,
          "shortest_values": "A2",
          "longest_values": "A2",
          "average_length": 2.0
        }
      ]
    }
  ]
}