{
  "dataset_name": "785g-7qf7.tsv.gz",
  "key_column_candidates": [
    "School Year",
    "School DBN",
    "Community School District",
    "City Council District",
    "School Name",
    "# of students in grades 9-12",
    "# of students in grades 9-12 who have completed at least one semester of health instruction",
    "%",
    "# of 15-16 June and August graduates",
    "# of 15-16 June and August graduates meeting high school health requirements"
  ],
  "columns": [
    {
      "column_name": "School Year",
      "number_non_empty_cells": 537,
      "number_empty_cells": 1,
      "number_distinct_values": 2,
      "frequent_values": [
        "2015-16",
        ""
      ],
      "data_types": [
        {
          "type": "TEXT",
          "count": 537,
          "shortest_values": "2015-16",
          "longest_values": "2015-16",
          "average_length": 7.0
        }
      ]
    },
    {
      "column_name": "City Council District",
      "number_non_empty_cells": 537,
      "number_empty_cells": 1,
      "number_distinct_values": 52,
      "frequent_values": [
        "3",
        "17",
        "1",
        "33",
        "16"
      ],
      "data_types": [
        {
          "type": "INTEGER (LONG)",
          "count": 537,
          "max_value": 51,
          "min_value": 1,
          "mean": 22.05214152700186
        }
      ]
    },
    {
      "column_name": "# of students in grades 9-12",
      "number_non_empty_cells": 538,
      "number_empty_cells": 0,
      "number_distinct_values": 377,
      "frequent_values": [
        "s",
        "395",
        "328",
        "333",
        "435"
      ],
      "data_types": [
        {
          "type": "DATE/TIME",
          "count": 53,
          "max_value": "1,052",
          "min_value": "2,109"
        },
        {
          "type": "INTEGER (LONG)",
          "count": 477,
          "max_value": 974,
          "min_value": 10,
          "mean": 353.79035639412996
        },
        {
          "type": "TEXT",
          "count": 8,
          "shortest_values": "s",
          "longest_values": "s",
          "average_length": 1.0
        }
      ]
    },
    {
      "column_name": "%",
      "number_non_empty_cells": 538,
      "number_empty_cells": 0,
      "number_distinct_values": 347,
      "frequent_values": [
        "s",
        "100.00%",
        "73.20%",
        "95.80%",
        "98.40%"
      ],
      "data_types": [
        {
          "type": "TEXT",
          "count": 538,
          "shortest_values": "s",
          "longest_values": "100.00%",
          "average_length": 5.473977695167286
        }
      ]
    },
    {
      "column_name": "School DBN",
      "number_non_empty_cells": 537,
      "number_empty_cells": 1,
      "number_distinct_values": 538,
      "frequent_values": [
        "01M292",
        "01M448",
        "01M450",
        "01M458",
        "01M509"
      ],
      "data_types": [
        {
          "type": "DATE/TIME",
          "count": 1,
          "max_value": "02M047",
          "min_value": "02M047"
        },
        {
          "type": "TEXT",
          "count": 536,
          "shortest_values": "01M292",
          "longest_values": "01M292",
          "average_length": 6.0
        }
      ]
    },
    {
      "column_name": "# of students in grades 9-12 who have completed at least one semester of health instruction",
      "number_non_empty_cells": 538,
      "number_empty_cells": 0,
      "number_distinct_values": 334,
      "frequent_values": [
        "s",
        "262",
        "137",
        "378",
        "191"
      ],
      "data_types": [
        {
          "type": "DATE/TIME",
          "count": 29,
          "max_value": "3,068",
          "min_value": "2,118"
        },
        {
          "type": "INTEGER (LONG)",
          "count": 450,
          "max_value": 986,
          "min_value": 10,
          "mean": 269.3888888888889
        },
        {
          "type": "TEXT",
          "count": 59,
          "shortest_values": "s",
          "longest_values": "4,031",
          "average_length": 1.1355932203389831
        }
      ]
    },
    {
      "column_name": "# of 15-16 June and August graduates meeting high school health requirements",
      "number_non_empty_cells": 538,
      "number_empty_cells": 0,
      "number_distinct_values": 182,
      "frequent_values": [
        "s",
        "67",
        "72",
        "57",
        "49"
      ],
      "data_types": [
        {
          "type": "DATE/TIME",
          "count": 1,
          "max_value": "1,347",
          "min_value": "1,347"
        },
        {
          "type": "INTEGER (LONG)",
          "count": 422,
          "max_value": 983,
          "min_value": 10,
          "mean": 127.76540284360189
        },
        {
          "type": "TEXT",
          "count": 115,
          "shortest_values": "s",
          "longest_values": "57,355",
          "average_length": 1.0434782608695652
        }
      ]
    },
    {
      "column_name": "School Name",
      "number_non_empty_cells": 538,
      "number_empty_cells": 0,
      "number_distinct_values": 538,
      "frequent_values": [
        "Orchard Collegiate Academy",
        "University Neighborhood High School",
        "East Side Community School",
        "Forsyth Satellite Academy",
        "Marta Valle High School"
      ],
      "data_types": [
        {
          "type": "TEXT",
          "count": 538,
          "shortest_values": "Total",
          "longest_values": "English Language Learners and International Support Preparatory Academy (ELLIS)",
          "average_length": 35.048327137546465
        }
      ]
    },
    {
      "column_name": "Community School District",
      "number_non_empty_cells": 537,
      "number_empty_cells": 1,
      "number_distinct_values": 34,
      "frequent_values": [
        "2",
        "75",
        "10",
        "9",
        "8"
      ],
      "data_types": [
        {
          "type": "INTEGER (LONG)",
          "count": 537,
          "max_value": 75,
          "min_value": 1,
          "mean": 18.957169459962756
        }
      ]
    },
    {
      "column_name": "# of 15-16 June and August graduates",
      "number_non_empty_cells": 538,
      "number_empty_cells": 0,
      "number_distinct_values": 182,
      "frequent_values": [
        "s",
        "57",
        "67",
        "72",
        "49"
      ],
      "data_types": [
        {
          "type": "DATE/TIME",
          "count": 1,
          "max_value": "1,347",
          "min_value": "1,347"
        },
        {
          "type": "INTEGER (LONG)",
          "count": 422,
          "max_value": 983,
          "min_value": 10,
          "mean": 128.14218009478674
        },
        {
          "type": "TEXT",
          "count": 115,
          "shortest_values": "s",
          "longest_values": "57,518",
          "average_length": 1.0434782608695652
        }
      ]
    }
  ]
}