{
  "dataset_name": "78sn-deuh.tsv.gz",
  "key_column_candidates": [
    "Agency Name",
    "Total number of FOIL responses that included the release of any data (public or not)",
    "Number of FOIL responses* that included the release of a public dataset not yet published on the Open Data Portal or on the plan for future release",
    "Total number of FOIL responses* that included the release of a public dataset already published on the Open Data Portal.",
    "Total number of FOIL responses that resulted in data being posted voluntarily on the Open Data Portal."
  ],
  "columns": [
    {
      "column_name": "Number of FOIL responses* that included the release of a public dataset not yet published on the Open Data Portal or on the plan for future release",
      "number_non_empty_cells": 84,
      "number_empty_cells": 2,
      "number_distinct_values": 16,
      "frequent_values": [
        "0",
        "5",
        "1",
        "",
        "2"
      ],
      "data_types": [
        {
          "type": "INTEGER (LONG)",
          "count": 84,
          "max_value": 1593,
          "min_value": 0,
          "mean": 22.916666666666668
        }
      ]
    },
    {
      "column_name": "Total number of FOIL responses that resulted in data being posted voluntarily on the Open Data Portal.",
      "number_non_empty_cells": 84,
      "number_empty_cells": 2,
      "number_distinct_values": 3,
      "frequent_values": [
        "0",
        "",
        "1"
      ],
      "data_types": [
        {
          "type": "INTEGER (LONG)",
          "count": 84,
          "max_value": 1,
          "min_value": 0,
          "mean": 0.011904761904761904
        }
      ]
    },
    {
      "column_name": "Total number of FOIL responses* that included the release of a public dataset already published on the Open Data Portal.",
      "number_non_empty_cells": 84,
      "number_empty_cells": 2,
      "number_distinct_values": 20,
      "frequent_values": [
        "0",
        "1",
        "3",
        "",
        "4"
      ],
      "data_types": [
        {
          "type": "INTEGER (LONG)",
          "count": 83,
          "max_value": 3327,
          "min_value": 0,
          "mean": 61.44578313253012
        },
        {
          "type": "TEXT",
          "count": 1,
          "shortest_values": "n/a",
          "longest_values": "n/a",
          "average_length": 3.0
        }
      ]
    },
    {
      "column_name": "Total number of FOIL responses that included the release of any data (public or not)",
      "number_non_empty_cells": 84,
      "number_empty_cells": 2,
      "number_distinct_values": 32,
      "frequent_values": [
        "0",
        "1",
        "3",
        "4",
        "5"
      ],
      "data_types": [
        {
          "type": "INTEGER (LONG)",
          "count": 84,
          "max_value": 3548,
          "min_value": 0,
          "mean": 101.04761904761905
        }
      ]
    },
    {
      "column_name": "Agency Name",
      "number_non_empty_cells": 86,
      "number_empty_cells": 0,
      "number_distinct_values": 86,
      "frequent_values": [
        "311 *",
        "Administration for Children's Services (ACS)",
        "Board of Standards and Appeals (BSA)",
        "Brooklyn Borough President (BBP)",
        "Business Integrity Commission (BIC)"
      ],
      "data_types": [
        {
          "type": "TEXT",
          "count": 86,
          "shortest_values": "311 *",
          "longest_values": "Mayor's Office to End Domestic and Gender-Based Violence (previously Mayor's Office to Combat Domestic Violence)",
          "average_length": 40.94186046511628
        }
      ]
    }
  ]
}