{
  "dataset_name": "78sp-6jhj.tsv.gz",
  "key_column_candidates": [
    "Day & Date",
    "Borough",
    "Location",
    "Details"
  ],
  "columns": [
    {
      "column_name": "Borough",
      "number_non_empty_cells": 55,
      "number_empty_cells": 2,
      "number_distinct_values": 6,
      "frequent_values": [
        "Manhattan",
        "Bronx",
        "Queens",
        "Brooklyn",
        "Staten Island"
      ],
      "data_types": [
        {
          "type": "TEXT",
          "count": 55,
          "shortest_values": "Bronx",
          "longest_values": "Staten Island",
          "average_length": 7.636363636363637
        }
      ]
    },
    {
      "column_name": "Day & Date",
      "number_non_empty_cells": 57,
      "number_empty_cells": 0,
      "number_distinct_values": 7,
      "frequent_values": [
        "Monday, 10/20/2014",
        "Tuesday, 10/21/2014",
        "Wednesday, 10/22/2014",
        "Thursday, 10/23/2014",
        "Friday, 10/24/2014"
      ],
      "data_types": [
        {
          "type": "DATE/TIME",
          "count": 57,
          "max_value": "Saturday, 10/25/2014",
          "min_value": "Sunday, 10/19/2014"
        }
      ]
    },
    {
      "column_name": "Details",
      "number_non_empty_cells": 55,
      "number_empty_cells": 2,
      "number_distinct_values": 11,
      "frequent_values": [
        "Median Refuge Islands",
        "Neckdowns, Refuge Island & Median Ext",
        "Median Tip Extensions",
        "Cobblestone Roadway Repair",
        "Islands, Neckdowns & Bus Pad"
      ],
      "data_types": [
        {
          "type": "TEXT",
          "count": 55,
          "shortest_values": "Medians",
          "longest_values": "Bus Boarding Island, Neckdowns & Island",
          "average_length": 23.818181818181817
        }
      ]
    },
    {
      "column_name": "Location",
      "number_non_empty_cells": 57,
      "number_empty_cells": 0,
      "number_distinct_values": 12,
      "frequent_values": [
        "Houston St / 6 Ave",
        "West End Ave @ W 95 St & @ W 97 St",
        "A C Powell Jr Blvd b/t W 151 St & W 133 St",
        "IFO 42 Bond St",
        "E L Grant Hwy / University Ave"
      ],
      "data_types": [
        {
          "type": "TEXT",
          "count": 57,
          "shortest_values": "No Work",
          "longest_values": "A C Powell Jr Blvd b/t W 151 St & W 133 St",
          "average_length": 29.45614035087719
        }
      ]
    }
  ]
}