{
  "dataset_name": "7jkp-5w5g.tsv.gz",
  "key_column_candidates": [
    "Agency Code",
    "Agency",
    "Agency Name",
    "UA",
    "UA_Name",
    "PS_OTPS_Ind",
    "FY 16 Expenditures ($000,000)",
    "FY 17 Modified ($000,000)",
    "Applicable MMR Goals",
    "Notes"
  ],
  "columns": [
    {
      "column_name": "FY 17 Modified ($000,000)",
      "number_non_empty_cells": 270,
      "number_empty_cells": 3,
      "number_distinct_values": 237,
      "frequent_values": [
        "2.0",
        "",
        "0.9",
        "4.2",
        "1.3"
      ],
      "data_types": [
        {
          "type": "REAL",
          "count": 270,
          "max_value": 6088.4,
          "min_value": 0.1,
          "mean": 231.5737037037037
        }
      ]
    },
    {
      "column_name": "Agency",
      "number_non_empty_cells": 273,
      "number_empty_cells": 0,
      "number_distinct_values": 44,
      "frequent_values": [
        "DOE",
        "DCLA",
        "DOHMH",
        "DCAS",
        "DOF"
      ],
      "data_types": [
        {
          "type": "INTEGER (LONG)",
          "count": 1,
          "max_value": 311,
          "min_value": 311,
          "mean": 311.0
        },
        {
          "type": "TEXT",
          "count": 272,
          "shortest_values": "SCA",
          "longest_values": "NYCHA",
          "average_length": 3.5919117647058822
        }
      ]
    },
    {
      "column_name": "FY 16 Expenditures ($000,000)",
      "number_non_empty_cells": 268,
      "number_empty_cells": 5,
      "number_distinct_values": 240,
      "frequent_values": [
        "",
        "1.4",
        "0.1",
        "1.6",
        "0.8"
      ],
      "data_types": [
        {
          "type": "REAL",
          "count": 268,
          "max_value": 6050.4,
          "min_value": 0.0,
          "mean": 218.23283582089556
        }
      ]
    },
    {
      "column_name": "Agency Code",
      "number_non_empty_cells": 273,
      "number_empty_cells": 0,
      "number_distinct_values": 43,
      "frequent_values": [
        "040",
        "126",
        "816",
        "856",
        "836"
      ],
      "data_types": [
        {
          "type": "INTEGER (LONG)",
          "count": 270,
          "max_value": 866,
          "min_value": 3,
          "mean": 433.6925925925926
        },
        {
          "type": "TEXT",
          "count": 3,
          "shortest_values": "NA",
          "longest_values": "NA",
          "average_length": 2.0
        }
      ]
    },
    {
      "column_name": "UA_Name",
      "number_non_empty_cells": 273,
      "number_empty_cells": 0,
      "number_distinct_values": 231,
      "frequent_values": [
        "OTHER THAN PERSONAL SERVICES            ",
        "PERSONAL SERVICES                       ",
        "NA",
        "LUMP SUM                                ",
        "ADMINISTRATION-OTPS                     "
      ],
      "data_types": [
        {
          "type": "TEXT",
          "count": 273,
          "shortest_values": "NA",
          "longest_values": "DEPT. OF BUSINESS P.S.                  ",
          "average_length": 39.582417582417584
        }
      ]
    },
    {
      "column_name": "UA",
      "number_non_empty_cells": 273,
      "number_empty_cells": 0,
      "number_distinct_values": 98,
      "frequent_values": [
        "001",
        "002",
        "004",
        "003",
        "006"
      ],
      "data_types": [
        {
          "type": "INTEGER (LONG)",
          "count": 270,
          "max_value": 890,
          "min_value": 1,
          "mean": 106.20370370370371
        },
        {
          "type": "TEXT",
          "count": 3,
          "shortest_values": "NA",
          "longest_values": "NA",
          "average_length": 2.0
        }
      ]
    },
    {
      "column_name": "PS_OTPS_Ind",
      "number_non_empty_cells": 273,
      "number_empty_cells": 0,
      "number_distinct_values": 3,
      "frequent_values": [
        "Other Than Personal Services",
        "Personal Services",
        "NA"
      ],
      "data_types": [
        {
          "type": "TEXT",
          "count": 273,
          "shortest_values": "NA",
          "longest_values": "Other Than Personal Services",
          "average_length": 23.0
        }
      ]
    },
    {
      "column_name": "Notes",
      "number_non_empty_cells": 24,
      "number_empty_cells": 249,
      "number_distinct_values": 10,
      "frequent_values": [
        "",
        "These figures are limited to the City\u2019s contribution and planned contribution respectively. ",
        "These figures are limited to the City\u2019s contribution and planned contribution respectively, to CUNY.",
        "OCME is contained within the Department of Health and Mental Hygiene and appropriations are made through that agency.",
        "311 is contained within the Department of Information Technology and Communications and appropriations are made through that agency."
      ],
      "data_types": [
        {
          "type": "TEXT",
          "count": 24,
          "shortest_values": "This UA orginated in Fiscal 2017.",
          "longest_values": "The City's contributions to the New York City Housing Authority, a public authority, are not made through distinct units of appropriation",
          "average_length": 97.08333333333333
        }
      ]
    },
    {
      "column_name": "Applicable MMR Goals",
      "number_non_empty_cells": 273,
      "number_empty_cells": 0,
      "number_distinct_values": 63,
      "frequent_values": [
        "All",
        "NA",
        "1a, 1b",
        "1a, 2b",
        "2a"
      ],
      "data_types": [
        {
          "type": "DATE/TIME",
          "count": 23,
          "max_value": "1a, 5a",
          "min_value": "1a"
        },
        {
          "type": "TEXT",
          "count": 250,
          "shortest_values": "NA",
          "longest_values": "1a, 1b, 2a, 2b, 2c, 3a, 4a, 4b",
          "average_length": 7.02
        }
      ]
    },
    {
      "column_name": "Agency Name",
      "number_non_empty_cells": 273,
      "number_empty_cells": 0,
      "number_distinct_values": 45,
      "frequent_values": [
        "DEPARTMENT OF EDUCATION                 ",
        "DEPARTMENT OF CULTURAL AFFAIRS          ",
        "DEPARTMENT OF HEALTH AND MENTAL HYGIENE ",
        "DEPARTMENT OF CITYWIDE ADMIN SERVICE    ",
        "DEPARTMENT OF FINANCE                   "
      ],
      "data_types": [
        {
          "type": "INTEGER (LONG)",
          "count": 1,
          "max_value": 311,
          "min_value": 311,
          "mean": 311.0
        },
        {
          "type": "TEXT",
          "count": 272,
          "shortest_values": "HUMAN RESOURCES ADMINISTRATION",
          "longest_values": "DEPARTMENT OF EDUCATION - SCHOOL CONSTRUCTION AUTHORITY                ",
          "average_length": 40.125
        }
      ]
    }
  ]
}