{
  "dataset_name": "7s3q-rztu.tsv.gz",
  "key_column_candidates": [
    "NEIGHBORHOOD",
    "TYPE OF HOME",
    "NUMBER OF SALES",
    "LOWEST SALE PRICE",
    "AVERAGE SALE PRICE",
    "MEDIAN SALE PRICE",
    "HIGHEST SALE PRICE"
  ],
  "columns": [
    {
      "column_name": "TYPE OF HOME",
      "number_non_empty_cells": 57,
      "number_empty_cells": 0,
      "number_distinct_values": 3,
      "frequent_values": [
        "02 TWO FAMILY HOMES                        ",
        "01 ONE FAMILY HOMES                        ",
        "03 THREE FAMILY HOMES                      "
      ],
      "data_types": [
        {
          "type": "TEXT",
          "count": 57,
          "shortest_values": "03 THREE FAMILY HOMES                      ",
          "longest_values": "03 THREE FAMILY HOMES                      ",
          "average_length": 43.0
        }
      ]
    },
    {
      "column_name": "LOWEST SALE PRICE",
      "number_non_empty_cells": 57,
      "number_empty_cells": 0,
      "number_distinct_values": 55,
      "frequent_values": [
        "3800000.00",
        "200000.00",
        "3200000.00",
        "4388888.00",
        "4280000.00"
      ],
      "data_types": [
        {
          "type": "REAL",
          "count": 57,
          "max_value": 13500000.0,
          "min_value": 175000.0,
          "mean": 3477235.947368421
        }
      ]
    },
    {
      "column_name": "AVERAGE SALE PRICE",
      "number_non_empty_cells": 57,
      "number_empty_cells": 0,
      "number_distinct_values": 56,
      "frequent_values": [
        "200000.00",
        "3275000.00",
        "3800000.00",
        "4388888.00",
        "4640000.00"
      ],
      "data_types": [
        {
          "type": "REAL",
          "count": 57,
          "max_value": 15655000.0,
          "min_value": 200000.0,
          "mean": 4782087.50877193
        }
      ]
    },
    {
      "column_name": "NUMBER OF SALES",
      "number_non_empty_cells": 57,
      "number_empty_cells": 0,
      "number_distinct_values": 10,
      "frequent_values": [
        "1",
        "2",
        "3",
        "4",
        "5"
      ],
      "data_types": [
        {
          "type": "INTEGER (LONG)",
          "count": 57,
          "max_value": 21,
          "min_value": 1,
          "mean": 3.0
        }
      ]
    },
    {
      "column_name": "NEIGHBORHOOD",
      "number_non_empty_cells": 57,
      "number_empty_cells": 0,
      "number_distinct_values": 28,
      "frequent_values": [
        "CHELSEA                  ",
        "GREENWICH VILLAGE-CENTRAL",
        "GREENWICH VILLAGE-WEST   ",
        "HARLEM-CENTRAL           ",
        "HARLEM-UPPER             "
      ],
      "data_types": [
        {
          "type": "TEXT",
          "count": 57,
          "shortest_values": "ALPHABET CITY            ",
          "longest_values": "ALPHABET CITY            ",
          "average_length": 25.0
        }
      ]
    },
    {
      "column_name": "MEDIAN SALE PRICE",
      "number_non_empty_cells": 57,
      "number_empty_cells": 0,
      "number_distinct_values": 55,
      "frequent_values": [
        "5500000.00",
        "200000.00",
        "3275000.00",
        "3800000.00",
        "4388888.00"
      ],
      "data_types": [
        {
          "type": "REAL",
          "count": 57,
          "max_value": 13825000.0,
          "min_value": 200000.0,
          "mean": 4567053.192982456
        }
      ]
    },
    {
      "column_name": "HIGHEST SALE PRICE",
      "number_non_empty_cells": 57,
      "number_empty_cells": 0,
      "number_distinct_values": 54,
      "frequent_values": [
        "5300000.00",
        "13500000.00",
        "200000.00",
        "3350000.00",
        "3800000.00"
      ],
      "data_types": [
        {
          "type": "REAL",
          "count": 57,
          "max_value": 49000000.0,
          "min_value": 200000.0,
          "mean": 6884256.1228070175
        }
      ]
    }
  ]
}