{
  "dataset_name": "7su9-xgtn.tsv.gz",
  "key_column_candidates": [
    "Name of Program",
    "Description",
    "Days",
    "Times",
    "Location",
    "Postcode",
    "Borough",
    "Phone Number",
    "Email",
    "Latitude",
    "Longitude",
    "Community Board",
    "Community Council ",
    "Census Tract",
    "BIN",
    "BBL",
    "NTA"
  ],
  "columns": [
    {
      "column_name": "Name of Program",
      "number_non_empty_cells": 5,
      "number_empty_cells": 0,
      "number_distinct_values": 4,
      "frequent_values": [
        "Financial Independence Today (FIT)",
        "NYCHA Resident Economic Empowerment & Sustainability",
        "Year Up Information Sessions",
        "REES Financial Counseling (NYC Financial Empowerment Center)"
      ],
      "data_types": [
        {
          "type": "TEXT",
          "count": 5,
          "shortest_values": "Year Up Information Sessions",
          "longest_values": "REES Financial Counseling (NYC Financial Empowerment Center)",
          "average_length": 41.6
        }
      ]
    },
    {
      "column_name": "BBL",
      "number_non_empty_cells": 3,
      "number_empty_cells": 2,
      "number_distinct_values": 4,
      "frequent_values": [
        "",
        "3020090001",
        "1000267501",
        "1019840001"
      ],
      "data_types": [
        {
          "type": "INTEGER (LONG)",
          "count": 3,
          "max_value": 3020090001,
          "min_value": 1000267501,
          "mean": 1680065834.3333333
        }
      ]
    },
    {
      "column_name": "Borough",
      "number_non_empty_cells": 3,
      "number_empty_cells": 2,
      "number_distinct_values": 3,
      "frequent_values": [
        "",
        "Manhattan",
        "Brooklyn"
      ],
      "data_types": [
        {
          "type": "TEXT",
          "count": 3,
          "shortest_values": "Brooklyn",
          "longest_values": "Manhattan",
          "average_length": 8.666666666666666
        }
      ]
    },
    {
      "column_name": "Latitude",
      "number_non_empty_cells": 3,
      "number_empty_cells": 2,
      "number_distinct_values": 4,
      "frequent_values": [
        "",
        "40.681945",
        "40.706186",
        "40.818127"
      ],
      "data_types": [
        {
          "type": "REAL",
          "count": 3,
          "max_value": 40.818127,
          "min_value": 40.681945,
          "mean": 40.73541933333333
        }
      ]
    },
    {
      "column_name": "BIN",
      "number_non_empty_cells": 3,
      "number_empty_cells": 2,
      "number_distinct_values": 4,
      "frequent_values": [
        "",
        "3335092",
        "1078988",
        "1084130"
      ],
      "data_types": [
        {
          "type": "INTEGER (LONG)",
          "count": 3,
          "max_value": 3335092,
          "min_value": 1078988,
          "mean": 1832736.6666666667
        }
      ]
    },
    {
      "column_name": "Description",
      "number_non_empty_cells": 5,
      "number_empty_cells": 0,
      "number_distinct_values": 4,
      "frequent_values": [
        "FIT is an innovative public/private partnership between UWNYC and ERDA - run in collaboration with NYCHA - aimed at increasing the financial stability of public housing residents who find themselves in rental arrears. ERDA provides critical financial counseling services for public housing residents facing rental arrears and allows them to pay back their rent so they can achieve self-sufficiency and so the housing authority can collect needed revenue.FIT Interventions Include:- Rental arrears counseling for residents facing rental arrears- Long-term financial counseling for all NYCHA residents- Tenant advocacy services- Comprehensive public benefits screening and enrollment- Financial education workshops- Savings, loans and NYCHA rent payment at the ERDA Federal Credit Union ",
        "REES staff provide an overview of: \u00e2\u20ac\u00a2 Referrals for employment, training, adult education resources.\u00e2\u20ac\u00a2 Services available through zone partners, NRTA and financial counseling providers",
        "Year Up\u00e2\u20ac\u2122s mission is to close the Opportunity Divide by providing urban young adults with the skills, experience, and support that will empower them to reach their potential through professional careers and higher education. \u00e2\u20ac\u00a2 Youth ages 18-24\u00e2\u20ac\u00a2 \u00e2\u20ac\u02dcIndependent Living\u00e2\u20ac\u2122 NYCHA residents that have aged out of Foster Care System\u00e2\u20ac\u00a2 Hold a High School Diploma/ GED\u00e2\u20ac\u00a2 Legal United States residency\u00e2\u20ac\u00a2 Authorized to work in the US\u00e2\u20ac\u00a2 Highly motivated and eager to learn professional skills\u00e2\u20ac\u00a2 Interested in a business career including technology or financeContact Dayanna Torres via email or phone:  Dayanna.torres@nycha.nyc.gov",
        "NYCHA worked with the NYC\u00e2\u20ac\u2122s Office of Financial Empowerment (OFE) and Neighborhood Trust Financial Partners to bring a satellite Financial Empowerment Center to Manhattanville Houses\u00e2\u20ac\u2122 Community CenterResidents who attend the REES Information Sessions are able to:1. Download a FREE credit report2. Receive referrals for individual appointments with financial counseling professionals. "
      ],
      "data_types": [
        {
          "type": "TEXT",
          "count": 5,
          "shortest_values": "REES staff provide an overview of: \u00e2\u20ac\u00a2 Referrals for employment, training, adult education resources.\u00e2\u20ac\u00a2 Services available through zone partners, NRTA and financial counseling providers",
          "longest_values": "FIT is an innovative public/private partnership between UWNYC and ERDA - run in collaboration with NYCHA - aimed at increasing the financial stability of public housing residents who find themselves in rental arrears. ERDA provides critical financial counseling services for public housing residents facing rental arrears and allows them to pay back their rent so they can achieve self-sufficiency and so the housing authority can collect needed revenue.FIT Interventions Include:- Rental arrears counseling for residents facing rental arrears- Long-term financial counseling for all NYCHA residents- Tenant advocacy services- Comprehensive public benefits screening and enrollment- Financial education workshops- Savings, loans and NYCHA rent payment at the ERDA Federal Credit Union ",
          "average_length": 555.0
        }
      ]
    },
    {
      "column_name": "Longitude",
      "number_non_empty_cells": 3,
      "number_empty_cells": 2,
      "number_distinct_values": 4,
      "frequent_values": [
        "",
        "-73.968351",
        "-74.010907",
        "-73.954478"
      ],
      "data_types": [
        {
          "type": "REAL",
          "count": 3,
          "max_value": -73.954478,
          "min_value": -74.010907,
          "mean": -73.977912
        }
      ]
    },
    {
      "column_name": "Postcode",
      "number_non_empty_cells": 3,
      "number_empty_cells": 2,
      "number_distinct_values": 4,
      "frequent_values": [
        "",
        "11238",
        "10005",
        "10027"
      ],
      "data_types": [
        {
          "type": "INTEGER (LONG)",
          "count": 3,
          "max_value": 11238,
          "min_value": 10005,
          "mean": 10423.333333333334
        }
      ]
    },
    {
      "column_name": "Census Tract",
      "number_non_empty_cells": 3,
      "number_empty_cells": 2,
      "number_distinct_values": 4,
      "frequent_values": [
        "",
        "199",
        "7",
        "219"
      ],
      "data_types": [
        {
          "type": "INTEGER (LONG)",
          "count": 3,
          "max_value": 219,
          "min_value": 7,
          "mean": 141.66666666666666
        }
      ]
    },
    {
      "column_name": "Community Council ",
      "number_non_empty_cells": 3,
      "number_empty_cells": 2,
      "number_distinct_values": 4,
      "frequent_values": [
        "",
        "35",
        "1",
        "7"
      ],
      "data_types": [
        {
          "type": "INTEGER (LONG)",
          "count": 3,
          "max_value": 35,
          "min_value": 1,
          "mean": 14.333333333333334
        }
      ]
    },
    {
      "column_name": "NTA",
      "number_non_empty_cells": 3,
      "number_empty_cells": 2,
      "number_distinct_values": 4,
      "frequent_values": [
        "",
        "Clinton Hill",
        "Battery Park City-Lower Manhattan",
        "Manhattanville"
      ],
      "data_types": [
        {
          "type": "TEXT",
          "count": 3,
          "shortest_values": "Clinton Hill",
          "longest_values": "Battery Park City-Lower Manhattan",
          "average_length": 19.666666666666668
        }
      ]
    },
    {
      "column_name": "Times",
      "number_non_empty_cells": 5,
      "number_empty_cells": 0,
      "number_distinct_values": 5,
      "frequent_values": [
        "9am - 5pm",
        "9am - 7pm",
        "8:30am-10:30am",
        "3:30pm - 5:30pm",
        "9:30am - 1:30pm "
      ],
      "data_types": [
        {
          "type": "DATE/TIME",
          "count": 1,
          "max_value": "8:30am-10:30am",
          "min_value": "8:30am-10:30am"
        },
        {
          "type": "TEXT",
          "count": 4,
          "shortest_values": "9am - 5pm",
          "longest_values": "9:30am - 1:30pm ",
          "average_length": 12.25
        }
      ]
    },
    {
      "column_name": "Phone Number",
      "number_non_empty_cells": 4,
      "number_empty_cells": 1,
      "number_distinct_values": 4,
      "frequent_values": [
        "212-487-6607 ",
        "718-289-8100",
        "(718)218-1538",
        ""
      ],
      "data_types": [
        {
          "type": "TEXT",
          "count": 4,
          "shortest_values": "718-289-8100",
          "longest_values": "212-487-6607 ",
          "average_length": 12.75
        }
      ]
    },
    {
      "column_name": "Email",
      "number_non_empty_cells": 1,
      "number_empty_cells": 4,
      "number_distinct_values": 2,
      "frequent_values": [
        "",
        "Dayanna.torres@nycha.nyc.gov"
      ],
      "data_types": [
        {
          "type": "TEXT",
          "count": 1,
          "shortest_values": "Dayanna.torres@nycha.nyc.gov",
          "longest_values": "Dayanna.torres@nycha.nyc.gov",
          "average_length": 28.0
        }
      ]
    },
    {
      "column_name": "Community Board",
      "number_non_empty_cells": 3,
      "number_empty_cells": 2,
      "number_distinct_values": 4,
      "frequent_values": [
        "",
        "2",
        "1",
        "9"
      ],
      "data_types": [
        {
          "type": "INTEGER (LONG)",
          "count": 3,
          "max_value": 9,
          "min_value": 1,
          "mean": 4.0
        }
      ]
    },
    {
      "column_name": "Days",
      "number_non_empty_cells": 5,
      "number_empty_cells": 0,
      "number_distinct_values": 5,
      "frequent_values": [
        "Mon, Tues, Fri",
        "Wed, Thurs",
        "Tues, Thurs",
        "Tuesday",
        "Wednesday & Thursday"
      ],
      "data_types": [
        {
          "type": "DATE/TIME",
          "count": 1,
          "max_value": "Tuesday",
          "min_value": "Tuesday"
        },
        {
          "type": "TEXT",
          "count": 4,
          "shortest_values": "Wed, Thurs",
          "longest_values": "Wednesday & Thursday",
          "average_length": 13.75
        }
      ]
    },
    {
      "column_name": "Location",
      "number_non_empty_cells": 5,
      "number_empty_cells": 0,
      "number_distinct_values": 4,
      "frequent_values": [
        "NYC Financial Empowerment Center at ERDA38-81 13th Street Long Island City, NY 11101",
        "787 Atlantic Avenue 2nd Floor Brooklyn, NY 11238",
        "55 Exchange Place Suite 403 New York, NY",
        "Manhattanville Community Center, 530 W. 133rd Street"
      ],
      "data_types": [
        {
          "type": "TEXT",
          "count": 5,
          "shortest_values": "55 Exchange Place Suite 403 New York, NY",
          "longest_values": "NYC Financial Empowerment Center at ERDA38-81 13th Street Long Island City, NY 11101",
          "average_length": 61.6
        }
      ]
    }
  ]
}