{
  "dataset_name": "7yq2-hq9c.tsv.gz",
  "key_column_candidates": [
    "ProviderType",
    "DFTA ID",
    "ProgramName",
    "SponsorName",
    "ProgramAddress",
    "ProgramCity",
    "ProgramState",
    "Postcode",
    "Borough",
    "ProgramPhone",
    "DFTA Funded",
    "MonHourOpen",
    "MonHourClose",
    "TueHourOpen",
    "TueHourClose",
    "WedHourOpen",
    "WedHourClose",
    "ThuHourOpen",
    "ThuHourClose",
    "FriHourOpen",
    "FriHourClose",
    "SatHourOpen",
    "SatHourClose",
    "SunHourOpen",
    "SunHourClose",
    "Latitude",
    "Longitude",
    "Community Board",
    "Council District",
    "Census Tract",
    "BIN",
    "BBL",
    "NTA",
    "Location1"
  ],
  "columns": [
    {
      "column_name": "ProviderType",
      "number_non_empty_cells": 5,
      "number_empty_cells": 0,
      "number_distinct_values": 2,
      "frequent_values": [
        "GERIATRIC MENTAL HEALTH SERVICES CONTRACTS",
        "\u001a"
      ],
      "data_types": [
        {
          "type": "TEXT",
          "count": 5,
          "shortest_values": "\u001a",
          "longest_values": "GERIATRIC MENTAL HEALTH SERVICES CONTRACTS",
          "average_length": 33.8
        }
      ]
    },
    {
      "column_name": "Borough",
      "number_non_empty_cells": 4,
      "number_empty_cells": 1,
      "number_distinct_values": 4,
      "frequent_values": [
        "MANHATTAN",
        "",
        "QUEENS",
        "BRONX"
      ],
      "data_types": [
        {
          "type": "TEXT",
          "count": 4,
          "shortest_values": "BRONX",
          "longest_values": "MANHATTAN",
          "average_length": 7.25
        }
      ]
    },
    {
      "column_name": "ProgramName",
      "number_non_empty_cells": 4,
      "number_empty_cells": 1,
      "number_distinct_values": 5,
      "frequent_values": [
        "",
        "SPOP MENTAL HEALTH",
        "WEILL CORNELL MENTAL HEALTH",
        "SAMUEL FIELD MENTAL HEALTH",
        "JASA MENTAL HEALTH"
      ],
      "data_types": [
        {
          "type": "TEXT",
          "count": 4,
          "shortest_values": "SPOP MENTAL HEALTH",
          "longest_values": "WEILL CORNELL MENTAL HEALTH",
          "average_length": 22.25
        }
      ]
    },
    {
      "column_name": "SponsorName",
      "number_non_empty_cells": 4,
      "number_empty_cells": 1,
      "number_distinct_values": 5,
      "frequent_values": [
        "",
        "SERVICE PROGRAM FOR OLDER PEOPLE INC",
        "WEILL MEDICAL COLLEGE OF CORNELL UNIVERSITY",
        "SAMUEL FIELD YM & YWHA INC",
        "THE JEWISH ASSOCIATION FOR SERVICES FOR THE AGED"
      ],
      "data_types": [
        {
          "type": "TEXT",
          "count": 4,
          "shortest_values": "SAMUEL FIELD YM & YWHA INC",
          "longest_values": "THE JEWISH ASSOCIATION FOR SERVICES FOR THE AGED",
          "average_length": 38.25
        }
      ]
    },
    {
      "column_name": "Latitude",
      "number_non_empty_cells": 4,
      "number_empty_cells": 1,
      "number_distinct_values": 5,
      "frequent_values": [
        "",
        "40.792171",
        "40.671232",
        "40.761577",
        "40.860739"
      ],
      "data_types": [
        {
          "type": "REAL",
          "count": 4,
          "max_value": 40.860739,
          "min_value": 40.671232,
          "mean": 40.77142975
        }
      ]
    },
    {
      "column_name": "Council District",
      "number_non_empty_cells": 4,
      "number_empty_cells": 1,
      "number_distinct_values": 5,
      "frequent_values": [
        "",
        "6",
        "39",
        "23",
        "15"
      ],
      "data_types": [
        {
          "type": "INTEGER (LONG)",
          "count": 4,
          "max_value": 39,
          "min_value": 6,
          "mean": 20.75
        }
      ]
    },
    {
      "column_name": "BIN",
      "number_non_empty_cells": 4,
      "number_empty_cells": 1,
      "number_distinct_values": 5,
      "frequent_values": [
        "",
        "1034085",
        "3025180",
        "4173029",
        "2088325"
      ],
      "data_types": [
        {
          "type": "INTEGER (LONG)",
          "count": 4,
          "max_value": 4173029,
          "min_value": 1034085,
          "mean": 2580154.75
        }
      ]
    },
    {
      "column_name": "BBL",
      "number_non_empty_cells": 4,
      "number_empty_cells": 1,
      "number_distinct_values": 5,
      "frequent_values": [
        "",
        "1012510022",
        "3010760019",
        "4083520051",
        "2030330053"
      ],
      "data_types": [
        {
          "type": "INTEGER (LONG)",
          "count": 4,
          "max_value": 4083520051,
          "min_value": 1012510022,
          "mean": 2534280036.25
        }
      ]
    },
    {
      "column_name": "SunHourClose",
      "number_non_empty_cells": 4,
      "number_empty_cells": 1,
      "number_distinct_values": 2,
      "frequent_values": [
        ":",
        ""
      ],
      "data_types": [
        {
          "type": "TEXT",
          "count": 4,
          "shortest_values": ":",
          "longest_values": ":",
          "average_length": 1.0
        }
      ]
    },
    {
      "column_name": "ThuHourOpen",
      "number_non_empty_cells": 4,
      "number_empty_cells": 1,
      "number_distinct_values": 4,
      "frequent_values": [
        "09:00",
        "",
        "9 :00",
        "8 :00"
      ],
      "data_types": [
        {
          "type": "DATE/TIME",
          "count": 2,
          "max_value": "09:00",
          "min_value": "09:00"
        },
        {
          "type": "TEXT",
          "count": 2,
          "shortest_values": "9 :00",
          "longest_values": "9 :00",
          "average_length": 5.0
        }
      ]
    },
    {
      "column_name": "DFTA Funded",
      "number_non_empty_cells": 4,
      "number_empty_cells": 1,
      "number_distinct_values": 2,
      "frequent_values": [
        "Y",
        ""
      ],
      "data_types": [
        {
          "type": "TEXT",
          "count": 4,
          "shortest_values": "Y",
          "longest_values": "Y",
          "average_length": 1.0
        }
      ]
    },
    {
      "column_name": "Longitude",
      "number_non_empty_cells": 4,
      "number_empty_cells": 1,
      "number_distinct_values": 5,
      "frequent_values": [
        "",
        "-73.975796",
        "-73.976579",
        "-73.723122",
        "-73.889585"
      ],
      "data_types": [
        {
          "type": "REAL",
          "count": 4,
          "max_value": -73.723122,
          "min_value": -73.976579,
          "mean": -73.8912705
        }
      ]
    },
    {
      "column_name": "ProgramCity",
      "number_non_empty_cells": 4,
      "number_empty_cells": 1,
      "number_distinct_values": 4,
      "frequent_values": [
        "NEW YORK",
        "",
        "FLUSHING",
        "BRONX"
      ],
      "data_types": [
        {
          "type": "TEXT",
          "count": 4,
          "shortest_values": "BRONX",
          "longest_values": "NEW YORK",
          "average_length": 7.25
        }
      ]
    },
    {
      "column_name": "ProgramState",
      "number_non_empty_cells": 4,
      "number_empty_cells": 1,
      "number_distinct_values": 2,
      "frequent_values": [
        "NY",
        ""
      ],
      "data_types": [
        {
          "type": "TEXT",
          "count": 4,
          "shortest_values": "NY",
          "longest_values": "NY",
          "average_length": 2.0
        }
      ]
    },
    {
      "column_name": "WedHourClose",
      "number_non_empty_cells": 4,
      "number_empty_cells": 1,
      "number_distinct_values": 4,
      "frequent_values": [
        "5 :00",
        "",
        "05:00",
        "4 :00"
      ],
      "data_types": [
        {
          "type": "DATE/TIME",
          "count": 1,
          "max_value": "05:00",
          "min_value": "05:00"
        },
        {
          "type": "TEXT",
          "count": 3,
          "shortest_values": "5 :00",
          "longest_values": "5 :00",
          "average_length": 5.0
        }
      ]
    },
    {
      "column_name": "ThuHourClose",
      "number_non_empty_cells": 4,
      "number_empty_cells": 1,
      "number_distinct_values": 4,
      "frequent_values": [
        "5 :00",
        "",
        "05:00",
        "4 :00"
      ],
      "data_types": [
        {
          "type": "DATE/TIME",
          "count": 1,
          "max_value": "05:00",
          "min_value": "05:00"
        },
        {
          "type": "TEXT",
          "count": 3,
          "shortest_values": "5 :00",
          "longest_values": "5 :00",
          "average_length": 5.0
        }
      ]
    },
    {
      "column_name": "Postcode",
      "number_non_empty_cells": 4,
      "number_empty_cells": 1,
      "number_distinct_values": 5,
      "frequent_values": [
        "",
        "10024",
        "10010",
        "11362",
        "10458"
      ],
      "data_types": [
        {
          "type": "INTEGER (LONG)",
          "count": 4,
          "max_value": 11362,
          "min_value": 10010,
          "mean": 10463.5
        }
      ]
    },
    {
      "column_name": "Census Tract",
      "number_non_empty_cells": 4,
      "number_empty_cells": 1,
      "number_distinct_values": 5,
      "frequent_values": [
        "",
        "179",
        "155",
        "152902",
        "387"
      ],
      "data_types": [
        {
          "type": "INTEGER (LONG)",
          "count": 4,
          "max_value": 152902,
          "min_value": 155,
          "mean": 38405.75
        }
      ]
    },
    {
      "column_name": "NTA",
      "number_non_empty_cells": 4,
      "number_empty_cells": 1,
      "number_distinct_values": 5,
      "frequent_values": [
        "",
        "Upper West Side",
        "Park Slope-Gowanus",
        "Douglas Manor-Douglaston-Little Neck",
        "Belmont"
      ],
      "data_types": [
        {
          "type": "TEXT",
          "count": 4,
          "shortest_values": "Belmont",
          "longest_values": "Douglas Manor-Douglaston-Little Neck",
          "average_length": 19.0
        }
      ]
    },
    {
      "column_name": "SatHourOpen",
      "number_non_empty_cells": 4,
      "number_empty_cells": 1,
      "number_distinct_values": 2,
      "frequent_values": [
        ":",
        ""
      ],
      "data_types": [
        {
          "type": "TEXT",
          "count": 4,
          "shortest_values": ":",
          "longest_values": ":",
          "average_length": 1.0
        }
      ]
    },
    {
      "column_name": "TueHourClose",
      "number_non_empty_cells": 4,
      "number_empty_cells": 1,
      "number_distinct_values": 4,
      "frequent_values": [
        "5 :00",
        "",
        "05:00",
        "4 :00"
      ],
      "data_types": [
        {
          "type": "TEXT",
          "count": 3,
          "shortest_values": "5 :00",
          "longest_values": "5 :00",
          "average_length": 5.0
        },
        {
          "type": "DATE/TIME",
          "count": 1,
          "max_value": "05:00",
          "min_value": "05:00"
        }
      ]
    },
    {
      "column_name": "DFTA ID",
      "number_non_empty_cells": 4,
      "number_empty_cells": 1,
      "number_distinct_values": 5,
      "frequent_values": [
        "",
        "3G101",
        "5G301",
        "4G801",
        "1G701"
      ],
      "data_types": [
        {
          "type": "TEXT",
          "count": 4,
          "shortest_values": "3G101",
          "longest_values": "3G101",
          "average_length": 5.0
        }
      ]
    },
    {
      "column_name": "SatHourClose",
      "number_non_empty_cells": 4,
      "number_empty_cells": 1,
      "number_distinct_values": 2,
      "frequent_values": [
        ":",
        ""
      ],
      "data_types": [
        {
          "type": "TEXT",
          "count": 4,
          "shortest_values": ":",
          "longest_values": ":",
          "average_length": 1.0
        }
      ]
    },
    {
      "column_name": "Location1",
      "number_non_empty_cells": 4,
      "number_empty_cells": 1,
      "number_distinct_values": 5,
      "frequent_values": [
        "",
        "(40.792171, -73.975796)",
        "(40.671232, -73.976579)",
        "(40.761577, -73.723122)",
        "(40.860739, -73.889585)"
      ],
      "data_types": [
        {
          "type": "TEXT",
          "count": 4,
          "shortest_values": "(40.792171, -73.975796)",
          "longest_values": "(40.792171, -73.975796)",
          "average_length": 23.0
        }
      ]
    },
    {
      "column_name": "MonHourClose",
      "number_non_empty_cells": 4,
      "number_empty_cells": 1,
      "number_distinct_values": 4,
      "frequent_values": [
        "5 :00",
        "",
        "05:00",
        "4 :00"
      ],
      "data_types": [
        {
          "type": "DATE/TIME",
          "count": 1,
          "max_value": "05:00",
          "min_value": "05:00"
        },
        {
          "type": "TEXT",
          "count": 3,
          "shortest_values": "5 :00",
          "longest_values": "5 :00",
          "average_length": 5.0
        }
      ]
    },
    {
      "column_name": "WedHourOpen",
      "number_non_empty_cells": 4,
      "number_empty_cells": 1,
      "number_distinct_values": 4,
      "frequent_values": [
        "09:00",
        "",
        "9 :00",
        "8 :00"
      ],
      "data_types": [
        {
          "type": "DATE/TIME",
          "count": 2,
          "max_value": "09:00",
          "min_value": "09:00"
        },
        {
          "type": "TEXT",
          "count": 2,
          "shortest_values": "9 :00",
          "longest_values": "9 :00",
          "average_length": 5.0
        }
      ]
    },
    {
      "column_name": "ProgramAddress",
      "number_non_empty_cells": 4,
      "number_empty_cells": 1,
      "number_distinct_values": 5,
      "frequent_values": [
        "",
        "302 WEST 91ST STREET",
        "478 1st Street",
        "58-20 Little Neck Parkway",
        "1 Fordham Plaza"
      ],
      "data_types": [
        {
          "type": "TEXT",
          "count": 4,
          "shortest_values": "478 1st Street",
          "longest_values": "58-20 Little Neck Parkway",
          "average_length": 18.5
        }
      ]
    },
    {
      "column_name": "ProgramPhone",
      "number_non_empty_cells": 4,
      "number_empty_cells": 1,
      "number_distinct_values": 5,
      "frequent_values": [
        "",
        "212-787-7120",
        "914-997-4333",
        "718-225-6750",
        "718-365-4044"
      ],
      "data_types": [
        {
          "type": "TEXT",
          "count": 4,
          "shortest_values": "212-787-7120",
          "longest_values": "212-787-7120",
          "average_length": 12.0
        }
      ]
    },
    {
      "column_name": "MonHourOpen",
      "number_non_empty_cells": 4,
      "number_empty_cells": 1,
      "number_distinct_values": 4,
      "frequent_values": [
        "09:00",
        "",
        "9 :00",
        "8 :00"
      ],
      "data_types": [
        {
          "type": "TEXT",
          "count": 2,
          "shortest_values": "9 :00",
          "longest_values": "9 :00",
          "average_length": 5.0
        },
        {
          "type": "DATE/TIME",
          "count": 2,
          "max_value": "09:00",
          "min_value": "09:00"
        }
      ]
    },
    {
      "column_name": "TueHourOpen",
      "number_non_empty_cells": 4,
      "number_empty_cells": 1,
      "number_distinct_values": 4,
      "frequent_values": [
        "09:00",
        "",
        "9 :00",
        "8 :00"
      ],
      "data_types": [
        {
          "type": "DATE/TIME",
          "count": 2,
          "max_value": "09:00",
          "min_value": "09:00"
        },
        {
          "type": "TEXT",
          "count": 2,
          "shortest_values": "9 :00",
          "longest_values": "9 :00",
          "average_length": 5.0
        }
      ]
    },
    {
      "column_name": "FriHourOpen",
      "number_non_empty_cells": 4,
      "number_empty_cells": 1,
      "number_distinct_values": 4,
      "frequent_values": [
        "09:00",
        "",
        "9 :00",
        "8 :00"
      ],
      "data_types": [
        {
          "type": "DATE/TIME",
          "count": 2,
          "max_value": "09:00",
          "min_value": "09:00"
        },
        {
          "type": "TEXT",
          "count": 2,
          "shortest_values": "9 :00",
          "longest_values": "9 :00",
          "average_length": 5.0
        }
      ]
    },
    {
      "column_name": "Community Board",
      "number_non_empty_cells": 4,
      "number_empty_cells": 1,
      "number_distinct_values": 5,
      "frequent_values": [
        "",
        "107",
        "306",
        "411",
        "206"
      ],
      "data_types": [
        {
          "type": "INTEGER (LONG)",
          "count": 4,
          "max_value": 411,
          "min_value": 107,
          "mean": 257.5
        }
      ]
    },
    {
      "column_name": "SunHourOpen",
      "number_non_empty_cells": 4,
      "number_empty_cells": 1,
      "number_distinct_values": 2,
      "frequent_values": [
        ":",
        ""
      ],
      "data_types": [
        {
          "type": "TEXT",
          "count": 4,
          "shortest_values": ":",
          "longest_values": ":",
          "average_length": 1.0
        }
      ]
    },
    {
      "column_name": "FriHourClose",
      "number_non_empty_cells": 4,
      "number_empty_cells": 1,
      "number_distinct_values": 4,
      "frequent_values": [
        "5 :00",
        "",
        "05:00",
        "4 :00"
      ],
      "data_types": [
        {
          "type": "TEXT",
          "count": 3,
          "shortest_values": "5 :00",
          "longest_values": "5 :00",
          "average_length": 5.0
        },
        {
          "type": "DATE/TIME",
          "count": 1,
          "max_value": "05:00",
          "min_value": "05:00"
        }
      ]
    }
  ]
}