{
  "dataset_name": "867j-5pgi.tsv.gz",
  "key_column_candidates": [
    "CREATED",
    "BIC NUMBER",
    "ACCOUNT NAME",
    "TRADE NAME",
    "ADDRESS",
    "CITY",
    "STATE",
    "POSTCODE",
    "PHONE",
    "EMAIL",
    "APPLICATION TYPE",
    "DISPOSITION  DATE",
    "EFFECTIVE DATE",
    "EXPIRATION DATE",
    "RENEWAL",
    "AUTHORIZED RECYCLING COLLECTION TYPE",
    "ORGANIC WASTE SERVICES PROVIDED",
    "EXPORT DATE",
    "LATITUDE",
    "LONGITUDE",
    "COMMUNITY BOARD",
    "COUNCIL DISTRICT",
    "CENSUS TRACT",
    "BIN",
    "BBL",
    "NTA",
    "BORO"
  ],
  "columns": [
    {
      "column_name": "CREATED",
      "number_non_empty_cells": 188885,
      "number_empty_cells": 0,
      "number_distinct_values": 633,
      "frequent_values": [
        "06/05/2018",
        "12/22/2017",
        "05/31/2018",
        "08/21/2019",
        "01/31/2018"
      ],
      "data_types": [
        {
          "type": "DATE/TIME",
          "count": 188885,
          "max_value": "09/27/2019",
          "min_value": "04/03/2017"
        }
      ]
    },
    {
      "column_name": "BIN",
      "number_non_empty_cells": 102761,
      "number_empty_cells": 86124,
      "number_distinct_values": 382,
      "frequent_values": [
        "",
        "3000000",
        "4437268",
        "4171329",
        "4442237"
      ],
      "data_types": [
        {
          "type": "INTEGER (LONG)",
          "count": 102595,
          "max_value": 5153651,
          "min_value": 1000825,
          "mean": 3513048.801072177
        },
        {
          "type": "REAL",
          "count": 166,
          "max_value": -73.731705,
          "min_value": -74.200825,
          "mean": -73.92841459036148
        }
      ]
    },
    {
      "column_name": "BBL",
      "number_non_empty_cells": 102761,
      "number_empty_cells": 86124,
      "number_distinct_values": 237,
      "frequent_values": [
        "",
        "4018290040",
        "4082480080",
        "4100620024",
        "4153750048"
      ],
      "data_types": [
        {
          "type": "INTEGER (LONG)",
          "count": 102761,
          "max_value": 5080010043,
          "min_value": 1,
          "mean": 3407699259.4287815
        }
      ]
    },
    {
      "column_name": "LATITUDE",
      "number_non_empty_cells": 103908,
      "number_empty_cells": 84977,
      "number_distinct_values": 224,
      "frequent_values": [
        "",
        "40.762282",
        "40.807457",
        "40.768056",
        "40.696812"
      ],
      "data_types": [
        {
          "type": "REAL",
          "count": 103908,
          "max_value": 40.905471,
          "min_value": 40.512441,
          "mean": 40.70537733663345
        }
      ]
    },
    {
      "column_name": "APPLICATION TYPE",
      "number_non_empty_cells": 188720,
      "number_empty_cells": 165,
      "number_distinct_values": 6,
      "frequent_values": [
        "License",
        "2018-06-21",
        "2018-06-22",
        "2018-06-26",
        ""
      ],
      "data_types": [
        {
          "type": "TEXT",
          "count": 187652,
          "shortest_values": "License",
          "longest_values": "License",
          "average_length": 7.0
        },
        {
          "type": "DATE/TIME",
          "count": 1068,
          "max_value": "2021-01-31",
          "min_value": "2018-06-21"
        }
      ]
    },
    {
      "column_name": "EXPIRATION DATE",
      "number_non_empty_cells": 98010,
      "number_empty_cells": 90875,
      "number_distinct_values": 44,
      "frequent_values": [
        "",
        "2020-08-31",
        "2020-04-30",
        "2020-03-31",
        "2019-09-30"
      ],
      "data_types": [
        {
          "type": "DATE/TIME",
          "count": 98010,
          "max_value": "2021-10-31",
          "min_value": "2018-05-31"
        }
      ]
    },
    {
      "column_name": "EMAIL",
      "number_non_empty_cells": 99140,
      "number_empty_cells": 89745,
      "number_distinct_values": 358,
      "frequent_values": [
        "",
        "office@classicrecycling.com",
        "dfiliberto@filcocarting.com",
        "License",
        "cd@approvedmedwaste.com"
      ],
      "data_types": [
        {
          "type": "DATE/TIME",
          "count": 165,
          "max_value": "2019-02-01",
          "min_value": "2019-02-01"
        },
        {
          "type": "TEXT",
          "count": 98975,
          "shortest_values": "License",
          "longest_values": "bandkmovinganddeliveryservices@hotmail.com",
          "average_length": 22.8857691336196
        }
      ]
    },
    {
      "column_name": "COUNCIL DISTRICT",
      "number_non_empty_cells": 103908,
      "number_empty_cells": 84977,
      "number_distinct_values": 51,
      "frequent_values": [
        "",
        "19",
        "49",
        "30",
        "50"
      ],
      "data_types": [
        {
          "type": "INTEGER (LONG)",
          "count": 103908,
          "max_value": 51,
          "min_value": 1,
          "mean": 30.027043153558918
        }
      ]
    },
    {
      "column_name": "BORO",
      "number_non_empty_cells": 84509,
      "number_empty_cells": 104376,
      "number_distinct_values": 141,
      "frequent_values": [
        "",
        "QUEENS",
        "BROOKLYN",
        "STATEN IS",
        "BRONX"
      ],
      "data_types": [
        {
          "type": "INTEGER (LONG)",
          "count": 166,
          "max_value": 150702,
          "min_value": 2,
          "mean": 7485.560240963855
        },
        {
          "type": "TEXT",
          "count": 84343,
          "shortest_values": "BRONX",
          "longest_values": "MANHATTAN",
          "average_length": 7.129103778618261
        }
      ]
    },
    {
      "column_name": "POSTCODE",
      "number_non_empty_cells": 188557,
      "number_empty_cells": 328,
      "number_distinct_values": 245,
      "frequent_values": [
        "11101",
        "10474",
        "10314",
        "11378",
        "11354"
      ],
      "data_types": [
        {
          "type": "INTEGER (LONG)",
          "count": 179780,
          "max_value": 77536,
          "min_value": 2143,
          "mean": 11223.848414729113
        },
        {
          "type": "TEXT",
          "count": 8777,
          "shortest_values": "L6J 7T4",
          "longest_values": "11561-4745",
          "average_length": 9.724165432380085
        }
      ]
    },
    {
      "column_name": "EFFECTIVE DATE",
      "number_non_empty_cells": 98039,
      "number_empty_cells": 90846,
      "number_distinct_values": 44,
      "frequent_values": [
        "",
        "2018-09-01",
        "2018-05-01",
        "2018-04-01",
        "2017-10-01"
      ],
      "data_types": [
        {
          "type": "DATE/TIME",
          "count": 98010,
          "max_value": "2019-11-01",
          "min_value": "2016-06-01"
        },
        {
          "type": "TEXT",
          "count": 29,
          "shortest_values": "Source-Separated recycling",
          "longest_values": "Source-Separated recycling",
          "average_length": 26.0
        }
      ]
    },
    {
      "column_name": "LONGITUDE",
      "number_non_empty_cells": 103908,
      "number_empty_cells": 84977,
      "number_distinct_values": 224,
      "frequent_values": [
        "",
        "-73.841955",
        "-73.731705",
        "-73.801892",
        "-73.820893"
      ],
      "data_types": [
        {
          "type": "REAL",
          "count": 103908,
          "max_value": -73.731705,
          "min_value": -74.250125,
          "mean": -73.9297886994591
        }
      ]
    },
    {
      "column_name": "ADDRESS",
      "number_non_empty_cells": 188722,
      "number_empty_cells": 163,
      "number_distinct_values": 409,
      "frequent_values": [
        "409 RIVER ROAD SUITE #1",
        "197 SNEDICKER AVENUE",
        "228 MILLER AVENUE",
        "127-50 NORTHERN BLVD",
        "49-60 ANNANDALE LANE"
      ],
      "data_types": [
        {
          "type": "DATE/TIME",
          "count": 536,
          "max_value": "136-10 31ST RD",
          "min_value": "136-10 31ST RD"
        },
        {
          "type": "TEXT",
          "count": 188186,
          "shortest_values": "L5N1A6",
          "longest_values": "3110 HUNTERS POINT AVENUE., 2ND FLOOR",
          "average_length": 18.730357199791694
        }
      ]
    },
    {
      "column_name": "AUTHORIZED RECYCLING COLLECTION TYPE",
      "number_non_empty_cells": 7319,
      "number_empty_cells": 181566,
      "number_distinct_values": 4,
      "frequent_values": [
        "",
        "Source-Separated recycling",
        "Single-stream collection and recycling",
        "Co-collection of recyclables"
      ],
      "data_types": [
        {
          "type": "TEXT",
          "count": 7319,
          "shortest_values": "Source-Separated recycling",
          "longest_values": "Single-stream collection and recycling",
          "average_length": 28.254406339663888
        }
      ]
    },
    {
      "column_name": "NTA",
      "number_non_empty_cells": 104074,
      "number_empty_cells": 84811,
      "number_distinct_values": 161,
      "frequent_values": [
        "",
        "Hunts Point",
        "Hunters Point-Sunnyside-West Maspeth",
        "Jamaica",
        "New Springville-Bloomfield-Travis"
      ],
      "data_types": [
        {
          "type": "INTEGER (LONG)",
          "count": 166,
          "max_value": 51,
          "min_value": 1,
          "mean": 29.740963855421686
        },
        {
          "type": "TEXT",
          "count": 103908,
          "shortest_values": "Hollis",
          "longest_values": "Breezy Point-Belle Harbor-Rockaway Park-Broad Channel",
          "average_length": 19.85415944874312
        }
      ]
    },
    {
      "column_name": "CENSUS TRACT",
      "number_non_empty_cells": 104074,
      "number_empty_cells": 84811,
      "number_distinct_values": 476,
      "frequent_values": [
        "",
        "93",
        "444",
        "449",
        "19"
      ],
      "data_types": [
        {
          "type": "REAL",
          "count": 166,
          "max_value": 40.89058,
          "min_value": 40.547516,
          "mean": 40.70565206024097
        },
        {
          "type": "INTEGER (LONG)",
          "count": 103908,
          "max_value": 150702,
          "min_value": 1,
          "mean": 7690.057589406013
        }
      ]
    },
    {
      "column_name": "TRADE NAME",
      "number_non_empty_cells": 31916,
      "number_empty_cells": 156969,
      "number_distinct_values": 63,
      "frequent_values": [
        "",
        "RUSSELL REID CO. & MR. JOHN CO.",
        "TIME SHRED SERVICES",
        "CMI SERVICES RESTAURANT DIVISION",
        "RECYCLED FIBERS DIVISION-EASTERN REGION"
      ],
      "data_types": [
        {
          "type": "TEXT",
          "count": 31916,
          "shortest_values": "ON",
          "longest_values": "VETERINARY MEDICAL WASTE SERVICES, SAFEWAY MEDICAL SOLUTIONS",
          "average_length": 20.589704223586917
        }
      ]
    },
    {
      "column_name": "PHONE",
      "number_non_empty_cells": 187424,
      "number_empty_cells": 1461,
      "number_distinct_values": 375,
      "frequent_values": [
        "(718) 456-5000",
        "(973) 777-0600",
        "",
        "(516) 223-2010",
        "(718) 446-7000"
      ],
      "data_types": [
        {
          "type": "INTEGER (LONG)",
          "count": 28,
          "max_value": 34735006892,
          "min_value": 6467255024,
          "mean": 7476817590.714286
        },
        {
          "type": "TEXT",
          "count": 187392,
          "shortest_values": "800-299-JUNK",
          "longest_values": "(201) 636-9900 EXT 9501",
          "average_length": 14.005363089139344
        },
        {
          "type": "DATE/TIME",
          "count": 4,
          "max_value": "2019-09-23",
          "min_value": "2019-09-23"
        }
      ]
    },
    {
      "column_name": "COMMUNITY BOARD",
      "number_non_empty_cells": 103908,
      "number_empty_cells": 84977,
      "number_distinct_values": 18,
      "frequent_values": [
        "",
        "1",
        "2",
        "7",
        "5"
      ],
      "data_types": [
        {
          "type": "INTEGER (LONG)",
          "count": 103908,
          "max_value": 18,
          "min_value": 1,
          "mean": 6.347980906186241
        }
      ]
    },
    {
      "column_name": "RENEWAL",
      "number_non_empty_cells": 8554,
      "number_empty_cells": 180331,
      "number_distinct_values": 3,
      "frequent_values": [
        "",
        "true",
        "false"
      ],
      "data_types": [
        {
          "type": "TEXT",
          "count": 8554,
          "shortest_values": "true",
          "longest_values": "false",
          "average_length": 4.25765723638064
        }
      ]
    },
    {
      "column_name": "ORGANIC WASTE SERVICES PROVIDED",
      "number_non_empty_cells": 1525,
      "number_empty_cells": 187360,
      "number_distinct_values": 2,
      "frequent_values": [
        "",
        "Yes"
      ],
      "data_types": [
        {
          "type": "TEXT",
          "count": 1525,
          "shortest_values": "Yes",
          "longest_values": "Yes",
          "average_length": 3.0
        }
      ]
    },
    {
      "column_name": "BIC NUMBER",
      "number_non_empty_cells": 188885,
      "number_empty_cells": 0,
      "number_distinct_values": 365,
      "frequent_values": [
        "BIC-4468",
        "BIC-280",
        "BIC-2766",
        "BIC-2948",
        "BIC-1722"
      ],
      "data_types": [
        {
          "type": "TEXT",
          "count": 188885,
          "shortest_values": "BIC-98",
          "longest_values": "BIC-3423423",
          "average_length": 8.567699923233713
        }
      ]
    },
    {
      "column_name": "CITY",
      "number_non_empty_cells": 188056,
      "number_empty_cells": 829,
      "number_distinct_values": 158,
      "frequent_values": [
        "BROOKLYN",
        "STATEN ISLAND",
        "BRONX",
        "NEW YORK",
        "FLUSHING"
      ],
      "data_types": [
        {
          "type": "TEXT",
          "count": 188056,
          "shortest_values": "BRONX",
          "longest_values": "LONG ISLAND CITY",
          "average_length": 9.038382184030288
        }
      ]
    },
    {
      "column_name": "STATE",
      "number_non_empty_cells": 188557,
      "number_empty_cells": 328,
      "number_distinct_values": 14,
      "frequent_values": [
        "NY",
        "NJ",
        "CT",
        "PA",
        "IL"
      ],
      "data_types": [
        {
          "type": "TEXT",
          "count": 188557,
          "shortest_values": "NJ",
          "longest_values": "kasia.pawluk@proshred.com",
          "average_length": 2.0035373918761965
        }
      ]
    },
    {
      "column_name": "DISPOSITION  DATE",
      "number_non_empty_cells": 72017,
      "number_empty_cells": 116868,
      "number_distinct_values": 384,
      "frequent_values": [
        "",
        "2017-10-06",
        "2017-08-18",
        "2018-08-15",
        "2017-10-18"
      ],
      "data_types": [
        {
          "type": "DATE/TIME",
          "count": 71988,
          "max_value": "2019-09-27",
          "min_value": "2016-05-26"
        },
        {
          "type": "TEXT",
          "count": 29,
          "shortest_values": "true",
          "longest_values": "true",
          "average_length": 4.0
        }
      ]
    },
    {
      "column_name": "EXPORT DATE",
      "number_non_empty_cells": 187652,
      "number_empty_cells": 1233,
      "number_distinct_values": 638,
      "frequent_values": [
        "",
        "05/31/2018",
        "01/31/2018",
        "02/28/2019",
        "08/22/2018"
      ],
      "data_types": [
        {
          "type": "DATE/TIME",
          "count": 187652,
          "max_value": "09/27/2019",
          "min_value": "04/03/2017"
        }
      ]
    },
    {
      "column_name": "ACCOUNT NAME",
      "number_non_empty_cells": 188885,
      "number_empty_cells": 0,
      "number_distinct_values": 391,
      "frequent_values": [
        "GREEN OIL RECYCLING INC.",
        "BESTWAY CARTING INC.",
        "RUSSELL REID WASTE HAULING AND DISPOSAL SERVICE CO., INC.",
        "S&M TIRE RECYCLING, INC.",
        "S. & M. PROMPT RUBBISH REMOVAL SERVICE INC."
      ],
      "data_types": [
        {
          "type": "TEXT",
          "count": 188885,
          "shortest_values": "JFRU LLC",
          "longest_values": "RUSSELL REID WASTE HAULING AND DISPOSAL SERVICE CO., INC.",
          "average_length": 24.356322630171796
        }
      ]
    }
  ]
}