{
  "dataset_name": "89bd-raqa.tsv.gz",
  "key_column_candidates": [
    "ADMIN DISTRICT",
    "January Transports",
    "January Emotional/Psych Transports",
    "February Transports",
    "February Emotional/Psych Transports",
    "March Transports",
    "March Emotional/Psych Transports",
    "April Transports",
    "April Emotional/Psych Transports",
    "May Transports",
    "May Emotional/Psych Transports",
    "June Transports",
    "June Emotional/Psych Transports"
  ],
  "columns": [
    {
      "column_name": "April Transports",
      "number_non_empty_cells": 36,
      "number_empty_cells": 0,
      "number_distinct_values": 25,
      "frequent_values": [
        "R",
        "17",
        "6",
        "9",
        "19"
      ],
      "data_types": [
        {
          "type": "TEXT",
          "count": 4,
          "shortest_values": "R",
          "longest_values": "R",
          "average_length": 1.0
        },
        {
          "type": "INTEGER (LONG)",
          "count": 32,
          "max_value": 625,
          "min_value": 6,
          "mean": 38.5
        }
      ]
    },
    {
      "column_name": "May Transports",
      "number_non_empty_cells": 36,
      "number_empty_cells": 0,
      "number_distinct_values": 29,
      "frequent_values": [
        "28",
        "15",
        "18",
        "11",
        "35"
      ],
      "data_types": [
        {
          "type": "INTEGER (LONG)",
          "count": 36,
          "max_value": 1306,
          "min_value": 6,
          "mean": 72.55555555555556
        }
      ]
    },
    {
      "column_name": "January Transports",
      "number_non_empty_cells": 36,
      "number_empty_cells": 0,
      "number_distinct_values": 25,
      "frequent_values": [
        "18",
        "11",
        "12",
        "21",
        "23"
      ],
      "data_types": [
        {
          "type": "TEXT",
          "count": 2,
          "shortest_values": "R",
          "longest_values": "R",
          "average_length": 1.0
        },
        {
          "type": "INTEGER (LONG)",
          "count": 34,
          "max_value": 106,
          "min_value": 9,
          "mean": 25.264705882352942
        }
      ]
    },
    {
      "column_name": "February Emotional/Psych Transports",
      "number_non_empty_cells": 36,
      "number_empty_cells": 0,
      "number_distinct_values": 7,
      "frequent_values": [
        "R",
        "7",
        "0",
        "6",
        "10"
      ],
      "data_types": [
        {
          "type": "INTEGER (LONG)",
          "count": 10,
          "max_value": 122,
          "min_value": 0,
          "mean": 18.3
        },
        {
          "type": "TEXT",
          "count": 26,
          "shortest_values": "R",
          "longest_values": "R",
          "average_length": 1.0
        }
      ]
    },
    {
      "column_name": "June Emotional/Psych Transports",
      "number_non_empty_cells": 36,
      "number_empty_cells": 0,
      "number_distinct_values": 5,
      "frequent_values": [
        "R",
        "0",
        "9",
        "19",
        "84"
      ],
      "data_types": [
        {
          "type": "INTEGER (LONG)",
          "count": 10,
          "max_value": 84,
          "min_value": 0,
          "mean": 11.2
        },
        {
          "type": "TEXT",
          "count": 26,
          "shortest_values": "R",
          "longest_values": "R",
          "average_length": 1.0
        }
      ]
    },
    {
      "column_name": "April Emotional/Psych Transports",
      "number_non_empty_cells": 36,
      "number_empty_cells": 0,
      "number_distinct_values": 5,
      "frequent_values": [
        "R",
        "0",
        "7",
        "23",
        "97"
      ],
      "data_types": [
        {
          "type": "INTEGER (LONG)",
          "count": 12,
          "max_value": 97,
          "min_value": 0,
          "mean": 10.583333333333334
        },
        {
          "type": "TEXT",
          "count": 24,
          "shortest_values": "R",
          "longest_values": "R",
          "average_length": 1.0
        }
      ]
    },
    {
      "column_name": "January Emotional/Psych Transports",
      "number_non_empty_cells": 36,
      "number_empty_cells": 0,
      "number_distinct_values": 9,
      "frequent_values": [
        "R",
        "6",
        "8",
        "0",
        "9"
      ],
      "data_types": [
        {
          "type": "INTEGER (LONG)",
          "count": 11,
          "max_value": 130,
          "min_value": 0,
          "mean": 19.272727272727273
        },
        {
          "type": "TEXT",
          "count": 25,
          "shortest_values": "R",
          "longest_values": "R",
          "average_length": 1.0
        }
      ]
    },
    {
      "column_name": "May Emotional/Psych Transports",
      "number_non_empty_cells": 36,
      "number_empty_cells": 0,
      "number_distinct_values": 11,
      "frequent_values": [
        "R",
        "6",
        "0",
        "13",
        "8"
      ],
      "data_types": [
        {
          "type": "TEXT",
          "count": 19,
          "shortest_values": "R",
          "longest_values": "R",
          "average_length": 1.0
        },
        {
          "type": "INTEGER (LONG)",
          "count": 17,
          "max_value": 219,
          "min_value": 0,
          "mean": 22.294117647058822
        }
      ]
    },
    {
      "column_name": "March Transports",
      "number_non_empty_cells": 36,
      "number_empty_cells": 0,
      "number_distinct_values": 25,
      "frequent_values": [
        "41",
        "15",
        "18",
        "17",
        "37"
      ],
      "data_types": [
        {
          "type": "INTEGER (LONG)",
          "count": 34,
          "max_value": 1019,
          "min_value": 7,
          "mean": 59.64705882352941
        },
        {
          "type": "TEXT",
          "count": 2,
          "shortest_values": "R",
          "longest_values": "R",
          "average_length": 1.0
        }
      ]
    },
    {
      "column_name": "June Transports",
      "number_non_empty_cells": 36,
      "number_empty_cells": 0,
      "number_distinct_values": 23,
      "frequent_values": [
        "15",
        "8",
        "14",
        "0",
        "11"
      ],
      "data_types": [
        {
          "type": "INTEGER (LONG)",
          "count": 34,
          "max_value": 597,
          "min_value": 0,
          "mean": 34.88235294117647
        },
        {
          "type": "TEXT",
          "count": 2,
          "shortest_values": "R",
          "longest_values": "R",
          "average_length": 1.0
        }
      ]
    },
    {
      "column_name": "February Transports",
      "number_non_empty_cells": 36,
      "number_empty_cells": 0,
      "number_distinct_values": 22,
      "frequent_values": [
        "12",
        "17",
        "6",
        "33",
        "9"
      ],
      "data_types": [
        {
          "type": "INTEGER (LONG)",
          "count": 34,
          "max_value": 86,
          "min_value": 6,
          "mean": 20.647058823529413
        },
        {
          "type": "TEXT",
          "count": 2,
          "shortest_values": "R",
          "longest_values": "R",
          "average_length": 1.0
        }
      ]
    },
    {
      "column_name": "March Emotional/Psych Transports",
      "number_non_empty_cells": 36,
      "number_empty_cells": 0,
      "number_distinct_values": 10,
      "frequent_values": [
        "R",
        "0",
        "8",
        "12",
        "15"
      ],
      "data_types": [
        {
          "type": "TEXT",
          "count": 21,
          "shortest_values": "R",
          "longest_values": "R",
          "average_length": 1.0
        },
        {
          "type": "INTEGER (LONG)",
          "count": 15,
          "max_value": 184,
          "min_value": 0,
          "mean": 20.6
        }
      ]
    },
    {
      "column_name": "ADMIN DISTRICT",
      "number_non_empty_cells": 36,
      "number_empty_cells": 0,
      "number_distinct_values": 36,
      "frequent_values": [
        "01",
        "02",
        "03",
        "04",
        "05"
      ],
      "data_types": [
        {
          "type": "TEXT",
          "count": 1,
          "shortest_values": "Grand Total",
          "longest_values": "Grand Total",
          "average_length": 11.0
        },
        {
          "type": "INTEGER (LONG)",
          "count": 35,
          "max_value": 88,
          "min_value": 1,
          "mean": 22.0
        }
      ]
    }
  ]
}