{
  "dataset_name": "8b9a-pywy.tsv.gz",
  "key_column_candidates": [
    "Geo Dist",
    "Org ID",
    "Organization Name",
    "Bldg ID",
    "Incl. Class",
    "Building Name",
    "Enroll",
    "Target Capacity",
    "Target Utilization",
    "PreK Cap",
    "No. of Cluster / Spec Rms Reported",
    "No. of Cluster Rms Needed",
    "Data As Of"
  ],
  "columns": [
    {
      "column_name": "Target Capacity",
      "number_non_empty_cells": 8653,
      "number_empty_cells": 2754,
      "number_distinct_values": 1416,
      "frequent_values": [
        "",
        "0",
        "77",
        "98",
        "538"
      ],
      "data_types": [
        {
          "type": "INTEGER (LONG)",
          "count": 8653,
          "max_value": 4502,
          "min_value": 0,
          "mean": 505.3185022535537
        }
      ]
    },
    {
      "column_name": "Building Name",
      "number_non_empty_cells": 11407,
      "number_empty_cells": 0,
      "number_distinct_values": 2906,
      "frequent_values": [
        "K515",
        "M460",
        "X435",
        "M470",
        "X450"
      ],
      "data_types": [
        {
          "type": "TEXT",
          "count": 11130,
          "shortest_values": "K805",
          "longest_values": "THE KATHLEEN GRIMM SCHOOL FOR LEADERSHIP AND SUSTAINABILITY AT SANDY GROUND - S.I.",
          "average_length": 7.983018867924528
        },
        {
          "type": "DATE/TIME",
          "count": 277,
          "max_value": "M058",
          "min_value": "M001"
        }
      ]
    },
    {
      "column_name": "No. of Cluster Rms Needed",
      "number_non_empty_cells": 7023,
      "number_empty_cells": 4384,
      "number_distinct_values": 11,
      "frequent_values": [
        "",
        "0",
        "3",
        "4",
        "2"
      ],
      "data_types": [
        {
          "type": "INTEGER (LONG)",
          "count": 7023,
          "max_value": 10,
          "min_value": 0,
          "mean": 1.669514452513171
        }
      ]
    },
    {
      "column_name": "Organization Name",
      "number_non_empty_cells": 11407,
      "number_empty_cells": 0,
      "number_distinct_values": 2357,
      "frequent_values": [
        "COMMUNITY BASED ORGANIZATION - K",
        "COMMUNITY BASED ORGANIZATION - M",
        "SCHOOL SAFETY - Q",
        "LYFE PROGRAM",
        "LYFE"
      ],
      "data_types": [
        {
          "type": "INTEGER (LONG)",
          "count": 1,
          "max_value": 333,
          "min_value": 333,
          "mean": 333.0
        },
        {
          "type": "TEXT",
          "count": 11406,
          "shortest_values": "LYFE",
          "longest_values": "CITY POLYTECHNIC HIGH SCHOOL OF ENGINEERING, ARCHITECTURE, AND TECHNOLOGY - K",
          "average_length": 19.266000350692618
        }
      ]
    },
    {
      "column_name": "Target Utilization",
      "number_non_empty_cells": 8742,
      "number_empty_cells": 2665,
      "number_distinct_values": 247,
      "frequent_values": [
        "",
        "0",
        "86",
        "91",
        "100"
      ],
      "data_types": [
        {
          "type": "INTEGER (LONG)",
          "count": 8742,
          "max_value": 1233,
          "min_value": 0,
          "mean": 91.70315717227179
        }
      ]
    },
    {
      "column_name": "Data As Of",
      "number_non_empty_cells": 11407,
      "number_empty_cells": 0,
      "number_distinct_values": 4,
      "frequent_values": [
        "01/31/2019",
        "01/08/2018",
        "09/12/2017",
        "04/27/2015"
      ],
      "data_types": [
        {
          "type": "DATE/TIME",
          "count": 11407,
          "max_value": "01/31/2019",
          "min_value": "04/27/2015"
        }
      ]
    },
    {
      "column_name": "No. of Cluster / Spec Rms Reported",
      "number_non_empty_cells": 6796,
      "number_empty_cells": 4611,
      "number_distinct_values": 53,
      "frequent_values": [
        "",
        "2",
        "3",
        "4",
        "1"
      ],
      "data_types": [
        {
          "type": "INTEGER (LONG)",
          "count": 6796,
          "max_value": 59,
          "min_value": 0,
          "mean": 4.60285462036492
        }
      ]
    },
    {
      "column_name": "Geo Dist",
      "number_non_empty_cells": 11407,
      "number_empty_cells": 0,
      "number_distinct_values": 32,
      "frequent_values": [
        "2",
        "31",
        "10",
        "9",
        "27"
      ],
      "data_types": [
        {
          "type": "INTEGER (LONG)",
          "count": 11407,
          "max_value": 32,
          "min_value": 1,
          "mean": 16.061716489874637
        }
      ]
    },
    {
      "column_name": "Org ID",
      "number_non_empty_cells": 11407,
      "number_empty_cells": 0,
      "number_distinct_values": 1927,
      "frequent_values": [
        "KCBO",
        "MCBO",
        "QCBO",
        "MSBH",
        "XSBH"
      ],
      "data_types": [
        {
          "type": "DATE/TIME",
          "count": 158,
          "max_value": "M059",
          "min_value": "M001"
        },
        {
          "type": "TEXT",
          "count": 11249,
          "shortest_values": "X524",
          "longest_values": "X524",
          "average_length": 4.0
        }
      ]
    },
    {
      "column_name": "Enroll",
      "number_non_empty_cells": 9200,
      "number_empty_cells": 2207,
      "number_distinct_values": 1505,
      "frequent_values": [
        "",
        "0",
        "100",
        "36",
        "8"
      ],
      "data_types": [
        {
          "type": "INTEGER (LONG)",
          "count": 9200,
          "max_value": 5838,
          "min_value": 0,
          "mean": 448.5047826086957
        }
      ]
    },
    {
      "column_name": "PreK Cap",
      "number_non_empty_cells": 6186,
      "number_empty_cells": 5221,
      "number_distinct_values": 91,
      "frequent_values": [
        "",
        "0",
        "36",
        "18",
        "54"
      ],
      "data_types": [
        {
          "type": "INTEGER (LONG)",
          "count": 6186,
          "max_value": 144,
          "min_value": 0,
          "mean": 16.869220821209183
        }
      ]
    },
    {
      "column_name": "Bldg ID",
      "number_non_empty_cells": 11407,
      "number_empty_cells": 0,
      "number_distinct_values": 1505,
      "frequent_values": [
        "K515",
        "M460",
        "X435",
        "X450",
        "M470"
      ],
      "data_types": [
        {
          "type": "DATE/TIME",
          "count": 381,
          "max_value": "M058",
          "min_value": "M001"
        },
        {
          "type": "TEXT",
          "count": 11026,
          "shortest_values": "X660",
          "longest_values": "X660",
          "average_length": 4.0
        }
      ]
    },
    {
      "column_name": "Incl. Class",
      "number_non_empty_cells": 525,
      "number_empty_cells": 10882,
      "number_distinct_values": 3,
      "frequent_values": [
        "",
        "*",
        "#"
      ],
      "data_types": [
        {
          "type": "TEXT",
          "count": 525,
          "shortest_values": "*",
          "longest_values": "*",
          "average_length": 1.0
        }
      ]
    }
  ]
}