{
  "dataset_name": "8fcu-mcx2.tsv.gz",
  "key_column_candidates": [
    "Agency",
    "Resource Indicators",
    "FY14 Actual",
    "FY15 Actual",
    "FY16 Actual",
    "FY17 Actual",
    "FY18 Actual (Not Yet Final)",
    "FY18 Plan (Authorized Budget Level)",
    "FY19 Plan (Authorized Budget Level)",
    "5 Yr Trend",
    "Includes all Funds",
    "Notes"
  ],
  "columns": [
    {
      "column_name": "FY17 Actual",
      "number_non_empty_cells": 200,
      "number_empty_cells": 0,
      "number_distinct_values": 193,
      "frequent_values": [
        "$65.00",
        "$51.00",
        "$76.00",
        "$28.50",
        "$5.50"
      ],
      "data_types": [
        {
          "type": "TEXT",
          "count": 200,
          "shortest_values": "$8.50",
          "longest_values": "$144,740.00",
          "average_length": 7.145
        }
      ]
    },
    {
      "column_name": "FY18 Plan (Authorized Budget Level)",
      "number_non_empty_cells": 200,
      "number_empty_cells": 0,
      "number_distinct_values": 194,
      "frequent_values": [
        "$3.40",
        "$194.00",
        "$0.00",
        "$22.20",
        "$1.00"
      ],
      "data_types": [
        {
          "type": "TEXT",
          "count": 200,
          "shortest_values": "$3.40",
          "longest_values": "$145,459.00",
          "average_length": 7.215
        }
      ]
    },
    {
      "column_name": "Includes all Funds",
      "number_non_empty_cells": 43,
      "number_empty_cells": 157,
      "number_distinct_values": 2,
      "frequent_values": [
        "",
        "Y"
      ],
      "data_types": [
        {
          "type": "TEXT",
          "count": 43,
          "shortest_values": "Y",
          "longest_values": "Y",
          "average_length": 1.0
        }
      ]
    },
    {
      "column_name": "Agency",
      "number_non_empty_cells": 200,
      "number_empty_cells": 0,
      "number_distinct_values": 45,
      "frequent_values": [
        "DPR",
        "ACS",
        "DFTA",
        "DOC",
        "DOHMH"
      ],
      "data_types": [
        {
          "type": "INTEGER (LONG)",
          "count": 3,
          "max_value": 311,
          "min_value": 311,
          "mean": 311.0
        },
        {
          "type": "TEXT",
          "count": 197,
          "shortest_values": "ACS",
          "longest_values": "DOHMH",
          "average_length": 3.553299492385787
        }
      ]
    },
    {
      "column_name": "FY15 Actual",
      "number_non_empty_cells": 200,
      "number_empty_cells": 0,
      "number_distinct_values": 194,
      "frequent_values": [
        "NA",
        "$5.80",
        "$41",
        "$37.40",
        "$35.00"
      ],
      "data_types": [
        {
          "type": "DATE/TIME",
          "count": 24,
          "max_value": "3,008",
          "min_value": "2,105"
        },
        {
          "type": "INTEGER (LONG)",
          "count": 21,
          "max_value": 945,
          "min_value": 53,
          "mean": 362.23809523809524
        },
        {
          "type": "TEXT",
          "count": 155,
          "shortest_values": "$9",
          "longest_values": "$20,999.40",
          "average_length": 6.083870967741936
        }
      ]
    },
    {
      "column_name": "Resource Indicators",
      "number_non_empty_cells": 200,
      "number_empty_cells": 0,
      "number_distinct_values": 15,
      "frequent_values": [
        "Expenditures ($000,000)",
        "Personnel",
        "Revenues ($000,000)",
        "Overtime paid ($000)",
        "Overtime paid ($000,000)"
      ],
      "data_types": [
        {
          "type": "TEXT",
          "count": 200,
          "shortest_values": "Personnel",
          "longest_values": "Capital commitments (capital projects managed for client agencies) ($000,000)",
          "average_length": 21.045
        }
      ]
    },
    {
      "column_name": "FY18 Actual (Not Yet Final)",
      "number_non_empty_cells": 200,
      "number_empty_cells": 0,
      "number_distinct_values": 193,
      "frequent_values": [
        "$17.20",
        "$393.00",
        "$0.00",
        "$2.00",
        "$3.30"
      ],
      "data_types": [
        {
          "type": "TEXT",
          "count": 200,
          "shortest_values": "$9.50",
          "longest_values": "$146,134.00",
          "average_length": 7.105
        }
      ]
    },
    {
      "column_name": "FY14 Actual",
      "number_non_empty_cells": 200,
      "number_empty_cells": 0,
      "number_distinct_values": 192,
      "frequent_values": [
        "NA",
        "$3.10",
        "64",
        "$5.60",
        "$0"
      ],
      "data_types": [
        {
          "type": "DATE/TIME",
          "count": 24,
          "max_value": "2,001",
          "min_value": "134,426"
        },
        {
          "type": "INTEGER (LONG)",
          "count": 21,
          "max_value": 960,
          "min_value": 51,
          "mean": 345.42857142857144
        },
        {
          "type": "TEXT",
          "count": 155,
          "shortest_values": "$4",
          "longest_values": "$20,085.30",
          "average_length": 6.096774193548387
        }
      ]
    },
    {
      "column_name": "5 Yr Trend",
      "number_non_empty_cells": 200,
      "number_empty_cells": 0,
      "number_distinct_values": 4,
      "frequent_values": [
        "Up",
        "Neutral",
        "Down",
        "NA"
      ],
      "data_types": [
        {
          "type": "TEXT",
          "count": 200,
          "shortest_values": "Up",
          "longest_values": "Neutral",
          "average_length": 3.615
        }
      ]
    },
    {
      "column_name": "Notes",
      "number_non_empty_cells": 5,
      "number_empty_cells": 195,
      "number_distinct_values": 4,
      "frequent_values": [
        "",
        "This is a subtotal of the Department of Information Technology and Telecommunications total.",
        "DEP revenues shown here do not include any of the approximately $1.5 billion the City receives annually from the NYC Water Board in reimbursement for operations & maintenance and in rent.",
        "The Parks Opportunity Program participants, reflected as full-time equivalents, are a subtotal of the Department's total Personnel count reported above."
      ],
      "data_types": [
        {
          "type": "TEXT",
          "count": 5,
          "shortest_values": "This is a subtotal of the Department of Information Technology and Telecommunications total.",
          "longest_values": "DEP revenues shown here do not include any of the approximately $1.5 billion the City receives annually from the NYC Water Board in reimbursement for operations & maintenance and in rent.",
          "average_length": 123.0
        }
      ]
    },
    {
      "column_name": "FY16 Actual",
      "number_non_empty_cells": 200,
      "number_empty_cells": 0,
      "number_distinct_values": 193,
      "frequent_values": [
        "$360.00",
        "NA",
        "$7.20",
        "$89.00",
        "$0.00"
      ],
      "data_types": [
        {
          "type": "TEXT",
          "count": 200,
          "shortest_values": "NA",
          "longest_values": "$141,311.00",
          "average_length": 7.04
        }
      ]
    },
    {
      "column_name": "FY19 Plan (Authorized Budget Level)",
      "number_non_empty_cells": 200,
      "number_empty_cells": 0,
      "number_distinct_values": 192,
      "frequent_values": [
        "$0.00",
        "$1.00",
        "$5.10",
        "$2.00",
        "$43.60"
      ],
      "data_types": [
        {
          "type": "TEXT",
          "count": 200,
          "shortest_values": "$3.40",
          "longest_values": "$146,748.00",
          "average_length": 7.19
        }
      ]
    }
  ]
}