{
  "dataset_name": "8hgr-brxd.tsv.gz",
  "key_column_candidates": [
    "Month/Year",
    "Randomly Generated Audit Date",
    "Alternate Randomly Generated Audit Date"
  ],
  "columns": [
    {
      "column_name": "Month/Year",
      "number_non_empty_cells": 83,
      "number_empty_cells": 0,
      "number_distinct_values": 83,
      "frequent_values": [
        "10/01/2018",
        "09/01/2018",
        "08/01/2018",
        "07/01/2018",
        "06/01/2018"
      ],
      "data_types": [
        {
          "type": "DATE/TIME",
          "count": 83,
          "max_value": "10/01/2018",
          "min_value": "12/01/2011"
        }
      ]
    },
    {
      "column_name": "Alternate Randomly Generated Audit Date",
      "number_non_empty_cells": 83,
      "number_empty_cells": 0,
      "number_distinct_values": 83,
      "frequent_values": [
        "10/29/2018",
        "09/24/2018",
        "08/21/2018",
        "07/26/2018",
        "06/22/2018"
      ],
      "data_types": [
        {
          "type": "DATE/TIME",
          "count": 83,
          "max_value": "10/29/2018",
          "min_value": "12/07/2011"
        }
      ]
    },
    {
      "column_name": "Randomly Generated Audit Date",
      "number_non_empty_cells": 83,
      "number_empty_cells": 0,
      "number_distinct_values": 83,
      "frequent_values": [
        "10/10/2018",
        "09/05/2018",
        "08/03/2018",
        "07/09/2018",
        "06/13/2018"
      ],
      "data_types": [
        {
          "type": "DATE/TIME",
          "count": 83,
          "max_value": "10/10/2018",
          "min_value": "12/19/2011"
        }
      ]
    }
  ]
}