{
  "dataset_name": "8knn-wq9b.tsv.gz",
  "key_column_candidates": [
    "Borough",
    "Category Type",
    "Category Values",
    "Total#",
    "Total%",
    "ELL#",
    "ELL%",
    "Not ELL#",
    "Not ELL%"
  ],
  "columns": [
    {
      "column_name": "Borough",
      "number_non_empty_cells": 393,
      "number_empty_cells": 0,
      "number_distinct_values": 4,
      "frequent_values": [
        "Brooklyn",
        "Bronx",
        "Manhattan",
        "Queens"
      ],
      "data_types": [
        {
          "type": "TEXT",
          "count": 393,
          "shortest_values": "Bronx",
          "longest_values": "Manhattan",
          "average_length": 6.923664122137405
        }
      ]
    },
    {
      "column_name": "Not ELL#",
      "number_non_empty_cells": 393,
      "number_empty_cells": 0,
      "number_distinct_values": 13,
      "frequent_values": [
        "s",
        "334",
        "69",
        "21",
        "260"
      ],
      "data_types": [
        {
          "type": "INTEGER (LONG)",
          "count": 12,
          "max_value": 334,
          "min_value": 11,
          "mean": 166.66666666666666
        },
        {
          "type": "TEXT",
          "count": 381,
          "shortest_values": "s",
          "longest_values": "s",
          "average_length": 1.0
        }
      ]
    },
    {
      "column_name": "ELL%",
      "number_non_empty_cells": 393,
      "number_empty_cells": 0,
      "number_distinct_values": 13,
      "frequent_values": [
        "s",
        "59.4",
        "19.8",
        "9.6",
        "74.6"
      ],
      "data_types": [
        {
          "type": "TEXT",
          "count": 381,
          "shortest_values": "s",
          "longest_values": "s",
          "average_length": 1.0
        },
        {
          "type": "REAL",
          "count": 12,
          "max_value": 86.1,
          "min_value": 6.2,
          "mean": 38.4
        }
      ]
    },
    {
      "column_name": "Total%",
      "number_non_empty_cells": 393,
      "number_empty_cells": 0,
      "number_distinct_values": 60,
      "frequent_values": [
        "s",
        "4.1",
        "14.6",
        "10.5",
        "3.4"
      ],
      "data_types": [
        {
          "type": "REAL",
          "count": 66,
          "max_value": 81.7,
          "min_value": 1.9,
          "mean": 22.36515151515152
        },
        {
          "type": "TEXT",
          "count": 327,
          "shortest_values": "s",
          "longest_values": "s",
          "average_length": 1.0
        }
      ]
    },
    {
      "column_name": "Category Values",
      "number_non_empty_cells": 393,
      "number_empty_cells": 0,
      "number_distinct_values": 313,
      "frequent_values": [
        "21-40% Attendance Rate",
        "81-100% Attendance Rate",
        "61-80% Attendance Rate",
        "41-60% Attendance Rate",
        "Not SWD"
      ],
      "data_types": [
        {
          "type": "TEXT",
          "count": 393,
          "shortest_values": "SWD",
          "longest_values": "Transferred to a part-time DOE GED progr",
          "average_length": 9.73791348600509
        }
      ]
    },
    {
      "column_name": "ELL#",
      "number_non_empty_cells": 393,
      "number_empty_cells": 0,
      "number_distinct_values": 12,
      "frequent_values": [
        "s",
        "13",
        "60",
        "20",
        "132"
      ],
      "data_types": [
        {
          "type": "INTEGER (LONG)",
          "count": 12,
          "max_value": 135,
          "min_value": 11,
          "mean": 51.083333333333336
        },
        {
          "type": "TEXT",
          "count": 381,
          "shortest_values": "s",
          "longest_values": "s",
          "average_length": 1.0
        }
      ]
    },
    {
      "column_name": "Not ELL%",
      "number_non_empty_cells": 393,
      "number_empty_cells": 0,
      "number_distinct_values": 13,
      "frequent_values": [
        "s",
        "71.1",
        "14.7",
        "6.8",
        "70.7"
      ],
      "data_types": [
        {
          "type": "REAL",
          "count": 12,
          "max_value": 82.9,
          "min_value": 3.0,
          "mean": 39.18333333333333
        },
        {
          "type": "TEXT",
          "count": 381,
          "shortest_values": "s",
          "longest_values": "s",
          "average_length": 1.0
        }
      ]
    },
    {
      "column_name": "Total#",
      "number_non_empty_cells": 393,
      "number_empty_cells": 0,
      "number_distinct_values": 47,
      "frequent_values": [
        "s",
        "38",
        "14",
        "15",
        "11"
      ],
      "data_types": [
        {
          "type": "TEXT",
          "count": 327,
          "shortest_values": "s",
          "longest_values": "s",
          "average_length": 1.0
        },
        {
          "type": "INTEGER (LONG)",
          "count": 66,
          "max_value": 440,
          "min_value": 10,
          "mean": 69.78787878787878
        }
      ]
    },
    {
      "column_name": "Category Type",
      "number_non_empty_cells": 393,
      "number_empty_cells": 0,
      "number_distinct_values": 6,
      "frequent_values": [
        "To School",
        "Discharge",
        "GPA",
        "Attendance",
        "SWD Status"
      ],
      "data_types": [
        {
          "type": "TEXT",
          "count": 393,
          "shortest_values": "GPA",
          "longest_values": "Attendance",
          "average_length": 8.78117048346056
        }
      ]
    }
  ]
}