{
  "dataset_name": "8vbp-qzz2.tsv.gz",
  "key_column_candidates": [
    "Borough",
    "Demographic Category",
    "Demographic Variable",
    "Cohort Year",
    "Cohort",
    "Total Cohort #",
    "Total Grads #",
    "Total Grads % of cohort",
    "Total Regents #",
    "Total Regents % of cohort",
    "Total Regents % of grads",
    "Advanced Regents #",
    "Advanced Regents % of cohort",
    "Advanced Regents % of grads",
    "Regents w/o Advanced #",
    "Regents w/o Advanced % of cohort",
    "Regents w/o Advanced % of grads",
    "Local #",
    "Local % of cohort",
    "Local % of grads",
    "Still Enrolled #",
    "Still Enrolled % of cohort",
    "Dropped Out #",
    "Dropped Out % of cohort",
    "SACC (IEP Diploma) #",
    "SACC (IEP Diploma) % of cohort",
    "TASC (GED) #",
    "TASC (GED) % of cohort"
  ],
  "columns": [
    {
      "column_name": "Borough",
      "number_non_empty_cells": 8479,
      "number_empty_cells": 0,
      "number_distinct_values": 6,
      "frequent_values": [
        "Bronx",
        "Brooklyn",
        "Queens",
        "Manhattan",
        "Staten Island"
      ],
      "data_types": [
        {
          "type": "TEXT",
          "count": 8479,
          "shortest_values": "Bronx",
          "longest_values": "Staten Island",
          "average_length": 8.321853992216063
        }
      ]
    },
    {
      "column_name": "Cohort",
      "number_non_empty_cells": 8479,
      "number_empty_cells": 0,
      "number_distinct_values": 5,
      "frequent_values": [
        "4 year June",
        "5 year June",
        "6 year June",
        "4 year August",
        "5 year August"
      ],
      "data_types": [
        {
          "type": "TEXT",
          "count": 8479,
          "shortest_values": "4 year June",
          "longest_values": "4 year August",
          "average_length": 11.625073711522585
        }
      ]
    },
    {
      "column_name": "SACC (IEP Diploma) #",
      "number_non_empty_cells": 8479,
      "number_empty_cells": 0,
      "number_distinct_values": 536,
      "frequent_values": [
        "0",
        "1",
        "2",
        "s",
        "3"
      ],
      "data_types": [
        {
          "type": "INTEGER (LONG)",
          "count": 8179,
          "max_value": 802,
          "min_value": 0,
          "mean": 71.3081061254432
        },
        {
          "type": "TEXT",
          "count": 300,
          "shortest_values": "s",
          "longest_values": "s",
          "average_length": 1.0
        }
      ]
    },
    {
      "column_name": "SACC (IEP Diploma) % of cohort",
      "number_non_empty_cells": 8479,
      "number_empty_cells": 0,
      "number_distinct_values": 202,
      "frequent_values": [
        "0.0",
        "s",
        "0.8",
        "0.4",
        "0.5"
      ],
      "data_types": [
        {
          "type": "REAL",
          "count": 8179,
          "max_value": 33.3,
          "min_value": 0.0,
          "mean": 2.0091820515955514
        },
        {
          "type": "TEXT",
          "count": 300,
          "shortest_values": "s",
          "longest_values": "s",
          "average_length": 1.0
        }
      ]
    },
    {
      "column_name": "Still Enrolled #",
      "number_non_empty_cells": 8479,
      "number_empty_cells": 0,
      "number_distinct_values": 1978,
      "frequent_values": [
        "s",
        "2",
        "3",
        "0",
        "1"
      ],
      "data_types": [
        {
          "type": "INTEGER (LONG)",
          "count": 8179,
          "max_value": 6571,
          "min_value": 0,
          "mean": 525.9190610099034
        },
        {
          "type": "TEXT",
          "count": 300,
          "shortest_values": "s",
          "longest_values": "s",
          "average_length": 1.0
        }
      ]
    },
    {
      "column_name": "Total Regents % of cohort",
      "number_non_empty_cells": 8479,
      "number_empty_cells": 0,
      "number_distinct_values": 925,
      "frequent_values": [
        "s",
        "50.0",
        "66.7",
        "0.0",
        "75.0"
      ],
      "data_types": [
        {
          "type": "TEXT",
          "count": 300,
          "shortest_values": "s",
          "longest_values": "s",
          "average_length": 1.0
        },
        {
          "type": "REAL",
          "count": 8179,
          "max_value": 100.0,
          "min_value": 0.0,
          "mean": 56.334099523169066
        }
      ]
    },
    {
      "column_name": "Regents w/o Advanced % of cohort",
      "number_non_empty_cells": 8479,
      "number_empty_cells": 0,
      "number_distinct_values": 698,
      "frequent_values": [
        "s",
        "50.0",
        "33.3",
        "0.0",
        "42.9"
      ],
      "data_types": [
        {
          "type": "TEXT",
          "count": 300,
          "shortest_values": "s",
          "longest_values": "s",
          "average_length": 1.0
        },
        {
          "type": "REAL",
          "count": 8179,
          "max_value": 100.0,
          "min_value": 0.0,
          "mean": 37.622203203325576
        }
      ]
    },
    {
      "column_name": "Total Regents % of grads",
      "number_non_empty_cells": 8479,
      "number_empty_cells": 0,
      "number_distinct_values": 788,
      "frequent_values": [
        "s",
        "100.0",
        "92.3",
        "98.8",
        "94.6"
      ],
      "data_types": [
        {
          "type": "REAL",
          "count": 8149,
          "max_value": 100.0,
          "min_value": 0.0,
          "mean": 80.92710762056721
        },
        {
          "type": "TEXT",
          "count": 330,
          "shortest_values": "s",
          "longest_values": "No Data",
          "average_length": 1.5454545454545454
        }
      ]
    },
    {
      "column_name": "Total Grads #",
      "number_non_empty_cells": 8479,
      "number_empty_cells": 0,
      "number_distinct_values": 4133,
      "frequent_values": [
        "s",
        "5",
        "4",
        "18",
        "6"
      ],
      "data_types": [
        {
          "type": "TEXT",
          "count": 300,
          "shortest_values": "s",
          "longest_values": "s",
          "average_length": 1.0
        },
        {
          "type": "INTEGER (LONG)",
          "count": 8179,
          "max_value": 16614,
          "min_value": 0,
          "mean": 2624.609487712434
        }
      ]
    },
    {
      "column_name": "Advanced Regents #",
      "number_non_empty_cells": 8479,
      "number_empty_cells": 0,
      "number_distinct_values": 1965,
      "frequent_values": [
        "s",
        "0",
        "1",
        "2",
        "4"
      ],
      "data_types": [
        {
          "type": "INTEGER (LONG)",
          "count": 8179,
          "max_value": 5054,
          "min_value": 0,
          "mean": 657.201736153564
        },
        {
          "type": "TEXT",
          "count": 300,
          "shortest_values": "s",
          "longest_values": "s",
          "average_length": 1.0
        }
      ]
    },
    {
      "column_name": "TASC (GED) #",
      "number_non_empty_cells": 8479,
      "number_empty_cells": 0,
      "number_distinct_values": 377,
      "frequent_values": [
        "0",
        "1",
        "2",
        "s",
        "3"
      ],
      "data_types": [
        {
          "type": "INTEGER (LONG)",
          "count": 8179,
          "max_value": 667,
          "min_value": 0,
          "mean": 46.88531605330725
        },
        {
          "type": "TEXT",
          "count": 300,
          "shortest_values": "s",
          "longest_values": "s",
          "average_length": 1.0
        }
      ]
    },
    {
      "column_name": "Advanced Regents % of cohort",
      "number_non_empty_cells": 8479,
      "number_empty_cells": 0,
      "number_distinct_values": 635,
      "frequent_values": [
        "s",
        "0.0",
        "8.3",
        "8.6",
        "10.0"
      ],
      "data_types": [
        {
          "type": "REAL",
          "count": 8179,
          "max_value": 69.9,
          "min_value": 0.0,
          "mean": 18.71166401760614
        },
        {
          "type": "TEXT",
          "count": 300,
          "shortest_values": "s",
          "longest_values": "s",
          "average_length": 1.0
        }
      ]
    },
    {
      "column_name": "Dropped Out #",
      "number_non_empty_cells": 8479,
      "number_empty_cells": 0,
      "number_distinct_values": 2022,
      "frequent_values": [
        "s",
        "3",
        "2",
        "4",
        "1"
      ],
      "data_types": [
        {
          "type": "INTEGER (LONG)",
          "count": 8179,
          "max_value": 5967,
          "min_value": 0,
          "mean": 569.230957329747
        },
        {
          "type": "TEXT",
          "count": 300,
          "shortest_values": "s",
          "longest_values": "s",
          "average_length": 1.0
        }
      ]
    },
    {
      "column_name": "Total Grads % of cohort",
      "number_non_empty_cells": 8479,
      "number_empty_cells": 0,
      "number_distinct_values": 831,
      "frequent_values": [
        "s",
        "66.7",
        "75.0",
        "80.0",
        "50.0"
      ],
      "data_types": [
        {
          "type": "REAL",
          "count": 8179,
          "max_value": 100.0,
          "min_value": 0.0,
          "mean": 66.79408240616173
        },
        {
          "type": "TEXT",
          "count": 300,
          "shortest_values": "s",
          "longest_values": "s",
          "average_length": 1.0
        }
      ]
    },
    {
      "column_name": "Demographic Variable",
      "number_non_empty_cells": 8479,
      "number_empty_cells": 0,
      "number_distinct_values": 31,
      "frequent_values": [
        "All Students",
        "ELL",
        "Not ELL",
        "Asian",
        "Black"
      ],
      "data_types": [
        {
          "type": "TEXT",
          "count": 8479,
          "shortest_values": "ELL",
          "longest_values": "Female Native American",
          "average_length": 10.618587097535087
        }
      ]
    },
    {
      "column_name": "Total Regents #",
      "number_non_empty_cells": 8479,
      "number_empty_cells": 0,
      "number_distinct_values": 3864,
      "frequent_values": [
        "s",
        "4",
        "17",
        "3",
        "5"
      ],
      "data_types": [
        {
          "type": "TEXT",
          "count": 300,
          "shortest_values": "s",
          "longest_values": "s",
          "average_length": 1.0
        },
        {
          "type": "INTEGER (LONG)",
          "count": 8179,
          "max_value": 15273,
          "min_value": 0,
          "mean": 2221.568773688715
        }
      ]
    },
    {
      "column_name": "Local #",
      "number_non_empty_cells": 8479,
      "number_empty_cells": 0,
      "number_distinct_values": 1636,
      "frequent_values": [
        "1",
        "s",
        "0",
        "2",
        "3"
      ],
      "data_types": [
        {
          "type": "INTEGER (LONG)",
          "count": 8179,
          "max_value": 5532,
          "min_value": 0,
          "mean": 403.7557158576843
        },
        {
          "type": "TEXT",
          "count": 300,
          "shortest_values": "s",
          "longest_values": "s",
          "average_length": 1.0
        }
      ]
    },
    {
      "column_name": "Local % of grads",
      "number_non_empty_cells": 8479,
      "number_empty_cells": 0,
      "number_distinct_values": 799,
      "frequent_values": [
        "s",
        "0.0",
        "7.7",
        "1.2",
        "5.4"
      ],
      "data_types": [
        {
          "type": "REAL",
          "count": 8149,
          "max_value": 100.0,
          "min_value": 0.0,
          "mean": 19.10506810651621
        },
        {
          "type": "TEXT",
          "count": 330,
          "shortest_values": "s",
          "longest_values": "No Data",
          "average_length": 1.5454545454545454
        }
      ]
    },
    {
      "column_name": "Still Enrolled % of cohort",
      "number_non_empty_cells": 8479,
      "number_empty_cells": 0,
      "number_distinct_values": 471,
      "frequent_values": [
        "s",
        "0.0",
        "5.8",
        "6.7",
        "4.2"
      ],
      "data_types": [
        {
          "type": "REAL",
          "count": 8179,
          "max_value": 100.0,
          "min_value": 0.0,
          "mean": 13.899070791050272
        },
        {
          "type": "TEXT",
          "count": 300,
          "shortest_values": "s",
          "longest_values": "s",
          "average_length": 1.0
        }
      ]
    },
    {
      "column_name": "Cohort Year",
      "number_non_empty_cells": 8479,
      "number_empty_cells": 0,
      "number_distinct_values": 14,
      "frequent_values": [
        "2012",
        "2011",
        "2006",
        "2010",
        "2009"
      ],
      "data_types": [
        {
          "type": "INTEGER (LONG)",
          "count": 8479,
          "max_value": 2014,
          "min_value": 2001,
          "mean": 2007.7770963557023
        }
      ]
    },
    {
      "column_name": "Regents w/o Advanced #",
      "number_non_empty_cells": 8479,
      "number_empty_cells": 0,
      "number_distinct_values": 3332,
      "frequent_values": [
        "s",
        "7",
        "2",
        "3",
        "5"
      ],
      "data_types": [
        {
          "type": "INTEGER (LONG)",
          "count": 8179,
          "max_value": 11570,
          "min_value": 0,
          "mean": 1564.367037535151
        },
        {
          "type": "TEXT",
          "count": 300,
          "shortest_values": "s",
          "longest_values": "s",
          "average_length": 1.0
        }
      ]
    },
    {
      "column_name": "Dropped Out % of cohort",
      "number_non_empty_cells": 8479,
      "number_empty_cells": 0,
      "number_distinct_values": 547,
      "frequent_values": [
        "s",
        "0.0",
        "12.5",
        "8.3",
        "14.3"
      ],
      "data_types": [
        {
          "type": "REAL",
          "count": 8179,
          "max_value": 86.7,
          "min_value": 0.0,
          "mean": 15.850262868321341
        },
        {
          "type": "TEXT",
          "count": 300,
          "shortest_values": "s",
          "longest_values": "s",
          "average_length": 1.0
        }
      ]
    },
    {
      "column_name": "Local % of cohort",
      "number_non_empty_cells": 8479,
      "number_empty_cells": 0,
      "number_distinct_values": 363,
      "frequent_values": [
        "s",
        "0.0",
        "1.0",
        "3.8",
        "5.6"
      ],
      "data_types": [
        {
          "type": "REAL",
          "count": 8179,
          "max_value": 50.0,
          "min_value": 0.0,
          "mean": 10.47564494436975
        },
        {
          "type": "TEXT",
          "count": 300,
          "shortest_values": "s",
          "longest_values": "s",
          "average_length": 1.0
        }
      ]
    },
    {
      "column_name": "TASC (GED) % of cohort",
      "number_non_empty_cells": 8479,
      "number_empty_cells": 0,
      "number_distinct_values": 100,
      "frequent_values": [
        "0.0",
        "0.6",
        "0.8",
        "0.7",
        "0.9"
      ],
      "data_types": [
        {
          "type": "REAL",
          "count": 8179,
          "max_value": 33.3,
          "min_value": 0.0,
          "mean": 1.305746423768184
        },
        {
          "type": "TEXT",
          "count": 300,
          "shortest_values": "s",
          "longest_values": "s",
          "average_length": 1.0
        }
      ]
    },
    {
      "column_name": "Advanced Regents % of grads",
      "number_non_empty_cells": 8479,
      "number_empty_cells": 0,
      "number_distinct_values": 729,
      "frequent_values": [
        "s",
        "0.0",
        "20.0",
        "14.3",
        "16.7"
      ],
      "data_types": [
        {
          "type": "REAL",
          "count": 8149,
          "max_value": 100.0,
          "min_value": 0.0,
          "mean": 25.209547183703464
        },
        {
          "type": "TEXT",
          "count": 330,
          "shortest_values": "s",
          "longest_values": "No Data",
          "average_length": 1.5454545454545454
        }
      ]
    },
    {
      "column_name": "Regents w/o Advanced % of grads",
      "number_non_empty_cells": 8479,
      "number_empty_cells": 0,
      "number_distinct_values": 760,
      "frequent_values": [
        "s",
        "50.0",
        "66.7",
        "100.0",
        "75.0"
      ],
      "data_types": [
        {
          "type": "REAL",
          "count": 8149,
          "max_value": 100.0,
          "min_value": 0.0,
          "mean": 55.7180022088597
        },
        {
          "type": "TEXT",
          "count": 330,
          "shortest_values": "s",
          "longest_values": "No Data",
          "average_length": 1.5454545454545454
        }
      ]
    },
    {
      "column_name": "Demographic Category",
      "number_non_empty_cells": 8479,
      "number_empty_cells": 0,
      "number_distinct_values": 7,
      "frequent_values": [
        "Gender by Ethnicity",
        "Ethnicity",
        "ELL Status",
        "Gender",
        "Poverty Status"
      ],
      "data_types": [
        {
          "type": "TEXT",
          "count": 8479,
          "shortest_values": "Gender",
          "longest_values": "Gender by Ethnicity",
          "average_length": 13.622479065927585
        }
      ]
    },
    {
      "column_name": "Total Cohort #",
      "number_non_empty_cells": 8479,
      "number_empty_cells": 0,
      "number_distinct_values": 3139,
      "frequent_values": [
        "1",
        "5",
        "2",
        "4",
        "9"
      ],
      "data_types": [
        {
          "type": "INTEGER (LONG)",
          "count": 8479,
          "max_value": 22595,
          "min_value": 1,
          "mean": 3708.7285057200143
        }
      ]
    }
  ]
}