{
  "dataset_name": "956m-xy24.tsv.gz",
  "key_column_candidates": [
    "MANHATTAN CONDOMINIUM PROPERTY Boro-Block-Lot",
    "MANHATTAN CONDOMINIUM PROPERTY Condo Section",
    "MANHATTAN CONDOMINIUM PROPERTY Address",
    "Borough",
    "Postcode",
    "Latitude",
    "Longitude",
    "Community Board",
    "Council District",
    "Census Tract",
    "BIN",
    "BBL",
    "NTA",
    "MANHATTAN CONDOMINIUM PROPERTY Neighborhood",
    "MANHATTAN CONDOMINIUM PROPERTY Building Classification",
    "MANHATTAN CONDOMINIUM PROPERTY Total Units",
    "MANHATTAN CONDOMINIUM PROPERTY Year Built",
    "MANHATTAN CONDOMINIUM PROPERTY Gross SqFt",
    "MANHATTAN CONDOMINIUM PROPERTY Est. Gross Income",
    "MANHATTAN CONDOMINIUM PROPERTY Gross Income per SqFt",
    "MANHATTAN CONDOMINIUM PROPERTY Full Market Value",
    "MANHATTAN CONDOMINIUM PROPERTY Market Value per SqFt",
    " COMPARABLE RENTAL 1 Boro-Block-Lot",
    "COMPARABLE RENTAL 1 Address",
    "COMPARABLE RENTAL 1  Neighborhood",
    "COMPARABLE RENTAL 1  Building Classification",
    "COMPARABLE RENTAL 1  Total Units",
    "COMPARABLE RENTAL 1  Year Built",
    "COMPARABLE RENTAL 1  Gross SqFt",
    "COMPARABLE RENTAL 1  Est. Gross Income",
    "COMPARABLE RENTAL 1  Gross Income per SqFt",
    "COMPARABLE RENTAL 1 Full Market Value",
    "COMPARABLE RENTAL 1  Market Value per SqFt",
    "COMPARABLE RENTAL 1  Dist. from Coop in miles",
    "COMPARABLE RENTAL 2  Boro-Block-Lot",
    "COMPARABLE RENTAL 2  Address",
    "COMPARABLE RENTAL 2  Neighborhood",
    "COMPARABLE RENTAL 2  Building Classification",
    "COMPARABLE RENTAL 2  Total Units",
    "COMPARABLE RENTAL 2  Year Built",
    "COMPARABLE RENTAL 2  Gross SqFt",
    "COMPARABLE RENTAL 2  Est. Gross Income",
    "COMPARABLE RENTAL 2  Gross Income per SqFt",
    "COMPARABLE RENTAL 2  Full Market Value",
    "COMPARABLE RENTAL 2  Market Value per SqFt",
    "COMPARABLE RENTAL 2  Dist. from Coop in miles"
  ],
  "columns": [
    {
      "column_name": "MANHATTAN CONDOMINIUM PROPERTY Total Units",
      "number_non_empty_cells": 1025,
      "number_empty_cells": 0,
      "number_distinct_values": 281,
      "frequent_values": [
        "12",
        "16",
        "20",
        "11",
        "13"
      ],
      "data_types": [
        {
          "type": "INTEGER (LONG)",
          "count": 1025,
          "max_value": 1258,
          "min_value": 11,
          "mean": 98.0380487804878
        }
      ]
    },
    {
      "column_name": "COMPARABLE RENTAL 2  Gross Income per SqFt",
      "number_non_empty_cells": 1002,
      "number_empty_cells": 23,
      "number_distinct_values": 265,
      "frequent_values": [
        "25.9",
        "",
        "45.1",
        "35.5",
        "40.6"
      ],
      "data_types": [
        {
          "type": "REAL",
          "count": 904,
          "max_value": 49.1,
          "min_value": 7.64,
          "mean": 31.592688053097273
        },
        {
          "type": "INTEGER (LONG)",
          "count": 98,
          "max_value": 66,
          "min_value": 21,
          "mean": 40.91836734693877
        }
      ]
    },
    {
      "column_name": "MANHATTAN CONDOMINIUM PROPERTY Boro-Block-Lot",
      "number_non_empty_cells": 1025,
      "number_empty_cells": 0,
      "number_distinct_values": 1010,
      "frequent_values": [
        "1-00132-7501",
        "1-00839-7502",
        "1-00928-7502",
        "1-01049-7501",
        "1-01048-7503"
      ],
      "data_types": [
        {
          "type": "TEXT",
          "count": 1025,
          "shortest_values": "1-00016-7505",
          "longest_values": "1-00016-7505",
          "average_length": 12.0
        }
      ]
    },
    {
      "column_name": "COMPARABLE RENTAL 2  Dist. from Coop in miles",
      "number_non_empty_cells": 1002,
      "number_empty_cells": 23,
      "number_distinct_values": 62,
      "frequent_values": [
        "0.45",
        "0.2",
        "0.4",
        "0.1",
        "0.15"
      ],
      "data_types": [
        {
          "type": "REAL",
          "count": 955,
          "max_value": 5.4,
          "min_value": 0.04,
          "mean": 0.6452251308900516
        },
        {
          "type": "INTEGER (LONG)",
          "count": 47,
          "max_value": 2,
          "min_value": 0,
          "mean": 0.48936170212765956
        }
      ]
    },
    {
      "column_name": "MANHATTAN CONDOMINIUM PROPERTY Address",
      "number_non_empty_cells": 1025,
      "number_empty_cells": 0,
      "number_distinct_values": 1013,
      "frequent_values": [
        "105 3 AVENUENew York City, New York(40.732822, -73.987522)",
        "66 38 STREETNew York City, New York(40.752119, -73.985424)",
        "312 23 STREETNew York City, New York(40.745595, -73.999205)",
        "301 57 STREETNew York City, New York(40.7669, -73.983281)",
        "1049 5 AVENUENew York City, New York(40.781425, -73.960482)"
      ],
      "data_types": [
        {
          "type": "TEXT",
          "count": 1025,
          "shortest_values": "2322 ADAMNew York City, New York",
          "longest_values": "845 UNITED NATIONS PLAZANew York City, New York(40.752478, -73.967379)",
          "average_length": 58.54731707317073
        }
      ]
    },
    {
      "column_name": "BBL",
      "number_non_empty_cells": 445,
      "number_empty_cells": 580,
      "number_distinct_values": 418,
      "frequent_values": [
        "",
        "1011110001",
        "1004697501",
        "1014977501",
        "1018457502"
      ],
      "data_types": [
        {
          "type": "INTEGER (LONG)",
          "count": 445,
          "max_value": 1022217501,
          "min_value": 1000157501,
          "mean": 1008206260.8089888
        }
      ]
    },
    {
      "column_name": "Borough",
      "number_non_empty_cells": 1025,
      "number_empty_cells": 0,
      "number_distinct_values": 1,
      "frequent_values": [
        "1"
      ],
      "data_types": [
        {
          "type": "INTEGER (LONG)",
          "count": 1025,
          "max_value": 1,
          "min_value": 1,
          "mean": 1.0
        }
      ]
    },
    {
      "column_name": "COMPARABLE RENTAL 1  Gross SqFt",
      "number_non_empty_cells": 1025,
      "number_empty_cells": 0,
      "number_distinct_values": 425,
      "frequent_values": [
        "257244",
        "138500",
        "48531",
        "83904",
        "460000"
      ],
      "data_types": [
        {
          "type": "INTEGER (LONG)",
          "count": 1025,
          "max_value": 3122165,
          "min_value": 7507,
          "mean": 132062.46926829268
        }
      ]
    },
    {
      "column_name": "COMPARABLE RENTAL 1 Full Market Value",
      "number_non_empty_cells": 1025,
      "number_empty_cells": 0,
      "number_distinct_values": 373,
      "frequent_values": [
        "52500000",
        "27900000",
        "12200000",
        "9680000",
        "25700000"
      ],
      "data_types": [
        {
          "type": "INTEGER (LONG)",
          "count": 1025,
          "max_value": 221000000,
          "min_value": 471000,
          "mean": 22925412.68292683
        }
      ]
    },
    {
      "column_name": "COMPARABLE RENTAL 2  Address",
      "number_non_empty_cells": 1002,
      "number_empty_cells": 23,
      "number_distinct_values": 431,
      "frequent_values": [
        "",
        "12 JONES STREETNew York City, New York(40.732156, -74.002135)",
        "1273 YORK AVENUENew York City, New York",
        "519 76 STREETNew York City, New York(40.768908, -73.95058)",
        "139 COLUMBUS AVENUENew York City, New York(40.773608, -73.981566)"
      ],
      "data_types": [
        {
          "type": "TEXT",
          "count": 1002,
          "shortest_values": "1810 ADAMNew York City, New York",
          "longest_values": "600 WASHINGTON STREETNew York City, New York(40.730757, -74.008997)",
          "average_length": 58.02195608782435
        }
      ]
    },
    {
      "column_name": "Latitude",
      "number_non_empty_cells": 451,
      "number_empty_cells": 574,
      "number_distinct_values": 421,
      "frequent_values": [
        "",
        "40.782295",
        "40.732502",
        "40.781149",
        "40.801263"
      ],
      "data_types": [
        {
          "type": "REAL",
          "count": 451,
          "max_value": 40.863565,
          "min_value": 40.704884,
          "mean": 40.74763179600889
        }
      ]
    },
    {
      "column_name": "Council District",
      "number_non_empty_cells": 451,
      "number_empty_cells": 574,
      "number_distinct_values": 11,
      "frequent_values": [
        "",
        "1",
        "3",
        "4",
        "6"
      ],
      "data_types": [
        {
          "type": "INTEGER (LONG)",
          "count": 451,
          "max_value": 10,
          "min_value": 1,
          "mean": 3.3126385809312637
        }
      ]
    },
    {
      "column_name": "BIN",
      "number_non_empty_cells": 445,
      "number_empty_cells": 580,
      "number_distinct_values": 418,
      "frequent_values": [
        "",
        "1000000",
        "1066698",
        "1046842",
        "1055748"
      ],
      "data_types": [
        {
          "type": "INTEGER (LONG)",
          "count": 445,
          "max_value": 1089104,
          "min_value": 1000000,
          "mean": 1043407.7573033707
        }
      ]
    },
    {
      "column_name": "MANHATTAN CONDOMINIUM PROPERTY Building Classification",
      "number_non_empty_cells": 1025,
      "number_empty_cells": 0,
      "number_distinct_values": 4,
      "frequent_values": [
        "R4-ELEVATOR",
        "R9-CONDOPS",
        "R2-WALK-UP",
        "R0-CONDOMINIUM"
      ],
      "data_types": [
        {
          "type": "TEXT",
          "count": 1025,
          "shortest_values": "R2-WALK-UP",
          "longest_values": "R0-CONDOMINIUM",
          "average_length": 10.78439024390244
        }
      ]
    },
    {
      "column_name": "Longitude",
      "number_non_empty_cells": 451,
      "number_empty_cells": 574,
      "number_distinct_values": 422,
      "frequent_values": [
        "",
        "-73.965126",
        "-73.987743",
        "-73.959923",
        "-73.959907"
      ],
      "data_types": [
        {
          "type": "REAL",
          "count": 451,
          "max_value": -73.923221,
          "min_value": -74.018002,
          "mean": -73.98627010199552
        }
      ]
    },
    {
      "column_name": "MANHATTAN CONDOMINIUM PROPERTY Neighborhood",
      "number_non_empty_cells": 1025,
      "number_empty_cells": 0,
      "number_distinct_values": 37,
      "frequent_values": [
        "UPPER EAST SIDE (59-79)",
        "UPPER WEST SIDE (59-79)",
        "UPPER EAST SIDE (79-96)",
        "CHELSEA",
        "UPPER WEST SIDE (79-96)"
      ],
      "data_types": [
        {
          "type": "TEXT",
          "count": 1025,
          "shortest_values": "SOHO",
          "longest_values": "GREENWICH VILLAGE-CENTRAL",
          "average_length": 15.675121951219513
        }
      ]
    },
    {
      "column_name": "MANHATTAN CONDOMINIUM PROPERTY Gross SqFt",
      "number_non_empty_cells": 1025,
      "number_empty_cells": 0,
      "number_distinct_values": 1016,
      "frequent_values": [
        "390628",
        "12000",
        "32085",
        "78982",
        "14376"
      ],
      "data_types": [
        {
          "type": "INTEGER (LONG)",
          "count": 1025,
          "max_value": 1496819,
          "min_value": 3812,
          "mean": 116867.87219512195
        }
      ]
    },
    {
      "column_name": "COMPARABLE RENTAL 1  Total Units",
      "number_non_empty_cells": 1025,
      "number_empty_cells": 0,
      "number_distinct_values": 208,
      "frequent_values": [
        "69",
        "24",
        "13",
        "20",
        "210"
      ],
      "data_types": [
        {
          "type": "INTEGER (LONG)",
          "count": 1025,
          "max_value": 2498,
          "min_value": 11,
          "mean": 130.13463414634145
        }
      ]
    },
    {
      "column_name": "COMPARABLE RENTAL 2  Gross SqFt",
      "number_non_empty_cells": 1002,
      "number_empty_cells": 23,
      "number_distinct_values": 423,
      "frequent_values": [
        "",
        "56700",
        "182345",
        "257244",
        "301000"
      ],
      "data_types": [
        {
          "type": "INTEGER (LONG)",
          "count": 1002,
          "max_value": 1970736,
          "min_value": 5440,
          "mean": 126694.14870259482
        }
      ]
    },
    {
      "column_name": "COMPARABLE RENTAL 1  Dist. from Coop in miles",
      "number_non_empty_cells": 1025,
      "number_empty_cells": 0,
      "number_distinct_values": 60,
      "frequent_values": [
        "0.3",
        "0.4",
        "0.35",
        "0.2",
        "0.45"
      ],
      "data_types": [
        {
          "type": "REAL",
          "count": 968,
          "max_value": 4.85,
          "min_value": 0.04,
          "mean": 0.6221590909090913
        },
        {
          "type": "INTEGER (LONG)",
          "count": 57,
          "max_value": 2,
          "min_value": 0,
          "mean": 0.3508771929824561
        }
      ]
    },
    {
      "column_name": "COMPARABLE RENTAL 2  Market Value per SqFt",
      "number_non_empty_cells": 1002,
      "number_empty_cells": 23,
      "number_distinct_values": 183,
      "frequent_values": [
        "178",
        "126",
        "201",
        "",
        "113"
      ],
      "data_types": [
        {
          "type": "REAL",
          "count": 21,
          "max_value": 49.1,
          "min_value": 21.57,
          "mean": 37.10857142857143
        },
        {
          "type": "INTEGER (LONG)",
          "count": 981,
          "max_value": 334,
          "min_value": 39,
          "mean": 158.86238532110093
        }
      ]
    },
    {
      "column_name": "COMPARABLE RENTAL 1  Neighborhood",
      "number_non_empty_cells": 1025,
      "number_empty_cells": 0,
      "number_distinct_values": 35,
      "frequent_values": [
        "UPPER EAST SIDE (59-79)",
        "UPPER EAST SIDE (79-96)",
        "CHELSEA",
        "MIDTOWN WEST",
        "UPPER WEST SIDE (59-79)"
      ],
      "data_types": [
        {
          "type": "TEXT",
          "count": 1025,
          "shortest_values": "SOHO",
          "longest_values": "GREENWICH VILLAGE-CENTRAL",
          "average_length": 16.113170731707317
        }
      ]
    },
    {
      "column_name": "COMPARABLE RENTAL 2  Neighborhood",
      "number_non_empty_cells": 1002,
      "number_empty_cells": 23,
      "number_distinct_values": 37,
      "frequent_values": [
        "UPPER EAST SIDE (59-79)",
        "UPPER EAST SIDE (79-96)",
        "UPPER WEST SIDE (59-79)",
        "CHELSEA",
        "UPPER WEST SIDE (79-96)"
      ],
      "data_types": [
        {
          "type": "TEXT",
          "count": 1002,
          "shortest_values": "SOHO",
          "longest_values": "GREENWICH VILLAGE-CENTRAL",
          "average_length": 16.357285429141715
        }
      ]
    },
    {
      "column_name": "COMPARABLE RENTAL 2  Est. Gross Income",
      "number_non_empty_cells": 1002,
      "number_empty_cells": 23,
      "number_distinct_values": 431,
      "frequent_values": [
        "",
        "1468535",
        "5313826",
        "10440657",
        "12006298"
      ],
      "data_types": [
        {
          "type": "INTEGER (LONG)",
          "count": 1002,
          "max_value": 42403689,
          "min_value": 92650,
          "mean": 4343158.720558883
        }
      ]
    },
    {
      "column_name": "COMPARABLE RENTAL 2  Building Classification",
      "number_non_empty_cells": 1002,
      "number_empty_cells": 23,
      "number_distinct_values": 13,
      "frequent_values": [
        "D6-ELEVATOR",
        "D9-ELEVATOR",
        "D3-ELEVATOR",
        "D7-ELEVATOR",
        "D1-ELEVATOR"
      ],
      "data_types": [
        {
          "type": "TEXT",
          "count": 1002,
          "shortest_values": "C7-WALK-UP",
          "longest_values": "D8-ELEVATOR",
          "average_length": 10.949101796407186
        }
      ]
    },
    {
      "column_name": "MANHATTAN CONDOMINIUM PROPERTY Gross Income per SqFt",
      "number_non_empty_cells": 1025,
      "number_empty_cells": 0,
      "number_distinct_values": 317,
      "frequent_values": [
        "30",
        "35",
        "40",
        "32",
        "36"
      ],
      "data_types": [
        {
          "type": "INTEGER (LONG)",
          "count": 448,
          "max_value": 132,
          "min_value": 0,
          "mean": 33.910714285714285
        },
        {
          "type": "REAL",
          "count": 577,
          "max_value": 49.2,
          "min_value": 10.56,
          "mean": 30.53932409012134
        }
      ]
    },
    {
      "column_name": "COMPARABLE RENTAL 2  Total Units",
      "number_non_empty_cells": 1002,
      "number_empty_cells": 23,
      "number_distinct_values": 201,
      "frequent_values": [
        "59",
        "24",
        "",
        "13",
        "20"
      ],
      "data_types": [
        {
          "type": "INTEGER (LONG)",
          "count": 1002,
          "max_value": 2256,
          "min_value": 11,
          "mean": 128.08582834331338
        }
      ]
    },
    {
      "column_name": "COMPARABLE RENTAL 2  Full Market Value",
      "number_non_empty_cells": 1002,
      "number_empty_cells": 23,
      "number_distinct_values": 374,
      "frequent_values": [
        "",
        "25700000",
        "7120000",
        "14700000",
        "52500000"
      ],
      "data_types": [
        {
          "type": "INTEGER (LONG)",
          "count": 1002,
          "max_value": 159000000,
          "min_value": 377000,
          "mean": 21072616.766467065
        }
      ]
    },
    {
      "column_name": "COMPARABLE RENTAL 1  Year Built",
      "number_non_empty_cells": 1025,
      "number_empty_cells": 0,
      "number_distinct_values": 83,
      "frequent_values": [
        "1900",
        "1920",
        "1910",
        "1999",
        "1986"
      ],
      "data_types": [
        {
          "type": "INTEGER (LONG)",
          "count": 1025,
          "max_value": 2004,
          "min_value": 1890,
          "mean": 1952.8878048780489
        }
      ]
    },
    {
      "column_name": "NTA",
      "number_non_empty_cells": 451,
      "number_empty_cells": 574,
      "number_distinct_values": 27,
      "frequent_values": [
        "",
        "SoHo-TriBeCa-Civic Center-Little Italy                                     ",
        "West Village                                                               ",
        "Battery Park City-Lower Manhattan                                          ",
        "Upper East Side-Carnegie Hill                                              "
      ],
      "data_types": [
        {
          "type": "TEXT",
          "count": 451,
          "shortest_values": "Battery Park City-Lower Manhattan                                          ",
          "longest_values": "Battery Park City-Lower Manhattan                                          ",
          "average_length": 75.0
        }
      ]
    },
    {
      "column_name": "COMPARABLE RENTAL 1  Building Classification",
      "number_non_empty_cells": 1025,
      "number_empty_cells": 0,
      "number_distinct_values": 12,
      "frequent_values": [
        "D6-ELEVATOR",
        "D9-ELEVATOR",
        "D7-ELEVATOR",
        "D1-ELEVATOR",
        "D3-ELEVATOR"
      ],
      "data_types": [
        {
          "type": "TEXT",
          "count": 1025,
          "shortest_values": "C1-WALK-UP",
          "longest_values": "D8-ELEVATOR",
          "average_length": 10.950243902439025
        }
      ]
    },
    {
      "column_name": "Postcode",
      "number_non_empty_cells": 451,
      "number_empty_cells": 574,
      "number_distinct_values": 41,
      "frequent_values": [
        "",
        "10013",
        "10014",
        "10012",
        "10002"
      ],
      "data_types": [
        {
          "type": "INTEGER (LONG)",
          "count": 451,
          "max_value": 10280,
          "min_value": 10000,
          "mean": 10025.359201773836
        }
      ]
    },
    {
      "column_name": "Census Tract",
      "number_non_empty_cells": 451,
      "number_empty_cells": 574,
      "number_distinct_values": 150,
      "frequent_values": [
        "",
        "143",
        "39",
        "21",
        "33"
      ],
      "data_types": [
        {
          "type": "INTEGER (LONG)",
          "count": 451,
          "max_value": 31704,
          "min_value": 6,
          "mean": 1775.80044345898
        }
      ]
    },
    {
      "column_name": "COMPARABLE RENTAL 2  Boro-Block-Lot",
      "number_non_empty_cells": 1002,
      "number_empty_cells": 23,
      "number_distinct_values": 431,
      "frequent_values": [
        "",
        "1-00590-0022",
        "1-01463-0021",
        "1-01488-0013",
        "1-01118-9001"
      ],
      "data_types": [
        {
          "type": "TEXT",
          "count": 1002,
          "shortest_values": "1-00016-0080",
          "longest_values": "1-00016-0080",
          "average_length": 12.0
        }
      ]
    },
    {
      "column_name": " COMPARABLE RENTAL 1 Boro-Block-Lot",
      "number_non_empty_cells": 1025,
      "number_empty_cells": 0,
      "number_distinct_values": 429,
      "frequent_values": [
        "1-01488-0013",
        "1-01460-0047",
        "1-00593-0036",
        "1-00248-0070",
        "1-01117-0001"
      ],
      "data_types": [
        {
          "type": "TEXT",
          "count": 1025,
          "shortest_values": "1-00016-0080",
          "longest_values": "1-00016-0080",
          "average_length": 12.0
        }
      ]
    },
    {
      "column_name": "MANHATTAN CONDOMINIUM PROPERTY Market Value per SqFt",
      "number_non_empty_cells": 1025,
      "number_empty_cells": 0,
      "number_distinct_values": 185,
      "frequent_values": [
        "145",
        "176",
        "201",
        "155",
        "131"
      ],
      "data_types": [
        {
          "type": "REAL",
          "count": 7,
          "max_value": 49.2,
          "min_value": 1.25,
          "mean": 35.83571428571429
        },
        {
          "type": "INTEGER (LONG)",
          "count": 1018,
          "max_value": 663,
          "min_value": 55,
          "mean": 156.15127701375246
        }
      ]
    },
    {
      "column_name": "MANHATTAN CONDOMINIUM PROPERTY Year Built",
      "number_non_empty_cells": 1025,
      "number_empty_cells": 0,
      "number_distinct_values": 108,
      "frequent_values": [
        "1900",
        "1920",
        "1910",
        "1986",
        "2005"
      ],
      "data_types": [
        {
          "type": "INTEGER (LONG)",
          "count": 1025,
          "max_value": 2007,
          "min_value": 0,
          "mean": 1920.488780487805
        }
      ]
    },
    {
      "column_name": "COMPARABLE RENTAL 1  Est. Gross Income",
      "number_non_empty_cells": 1025,
      "number_empty_cells": 0,
      "number_distinct_values": 428,
      "frequent_values": [
        "10440657",
        "5557488",
        "1924985",
        "1845415",
        "18304316"
      ],
      "data_types": [
        {
          "type": "INTEGER (LONG)",
          "count": 1025,
          "max_value": 54429389,
          "min_value": 118732,
          "mean": 4709342.1707317075
        }
      ]
    },
    {
      "column_name": "COMPARABLE RENTAL 1 Address",
      "number_non_empty_cells": 1024,
      "number_empty_cells": 1,
      "number_distinct_values": 429,
      "frequent_values": [
        "519 76 STREETNew York City, New York(40.768908, -73.95058)",
        "400 66 STREETNew York City, New York",
        "24 CHRISTOPHER STREETNew York City, New York(40.733889, -74.000894)",
        "80 RUTGERSNew York City, New York(40.711719, -73.989827)",
        "1930 BROADWAYNew York City, New York(40.772437, -73.98207)"
      ],
      "data_types": [
        {
          "type": "TEXT",
          "count": 1024,
          "shortest_values": "1845 ADAMNew York City, New York",
          "longest_values": "1360 ST NICHOLAS AVENUENew York City, New York(40.847503, -73.93507)",
          "average_length": 58.0400390625
        }
      ]
    },
    {
      "column_name": "MANHATTAN CONDOMINIUM PROPERTY Condo Section",
      "number_non_empty_cells": 1025,
      "number_empty_cells": 0,
      "number_distinct_values": 1025,
      "frequent_values": [
        "371-R1",
        "398-R1",
        "450-R1",
        "621-R1",
        "1025-R1"
      ],
      "data_types": [
        {
          "type": "TEXT",
          "count": 1025,
          "shortest_values": "9-R1",
          "longest_values": "1025-R1",
          "average_length": 6.334634146341464
        }
      ]
    },
    {
      "column_name": "COMPARABLE RENTAL 2  Year Built",
      "number_non_empty_cells": 1002,
      "number_empty_cells": 23,
      "number_distinct_values": 84,
      "frequent_values": [
        "1900",
        "1920",
        "1986",
        "1930",
        "1910"
      ],
      "data_types": [
        {
          "type": "INTEGER (LONG)",
          "count": 1002,
          "max_value": 2005,
          "min_value": 1860,
          "mean": 1952.2075848303393
        }
      ]
    },
    {
      "column_name": "MANHATTAN CONDOMINIUM PROPERTY Est. Gross Income",
      "number_non_empty_cells": 1025,
      "number_empty_cells": 0,
      "number_distinct_values": 890,
      "frequent_values": [
        "460000",
        "2150000",
        "900000",
        "530000",
        "2850000"
      ],
      "data_types": [
        {
          "type": "INTEGER (LONG)",
          "count": 1025,
          "max_value": 50906814,
          "min_value": 0,
          "mean": 3974402.0985365855
        }
      ]
    },
    {
      "column_name": "COMPARABLE RENTAL 1  Market Value per SqFt",
      "number_non_empty_cells": 1025,
      "number_empty_cells": 0,
      "number_distinct_values": 178,
      "frequent_values": [
        "201",
        "133",
        "208",
        "204",
        "178"
      ],
      "data_types": [
        {
          "type": "INTEGER (LONG)",
          "count": 1015,
          "max_value": 334,
          "min_value": 38,
          "mean": 163.8167487684729
        },
        {
          "type": "REAL",
          "count": 10,
          "max_value": 49.7,
          "min_value": 25.3,
          "mean": 43.519999999999996
        }
      ]
    },
    {
      "column_name": "COMPARABLE RENTAL 1  Gross Income per SqFt",
      "number_non_empty_cells": 1025,
      "number_empty_cells": 0,
      "number_distinct_values": 254,
      "frequent_values": [
        "41.3",
        "40.1",
        "40.6",
        "39.5",
        "39.7"
      ],
      "data_types": [
        {
          "type": "REAL",
          "count": 938,
          "max_value": 49.1,
          "min_value": 8.95,
          "mean": 32.92713219616195
        },
        {
          "type": "INTEGER (LONG)",
          "count": 87,
          "max_value": 66,
          "min_value": 19,
          "mean": 41.89655172413793
        }
      ]
    },
    {
      "column_name": "Community Board",
      "number_non_empty_cells": 451,
      "number_empty_cells": 574,
      "number_distinct_values": 14,
      "frequent_values": [
        "",
        "2",
        "1",
        "8",
        "7"
      ],
      "data_types": [
        {
          "type": "INTEGER (LONG)",
          "count": 451,
          "max_value": 64,
          "min_value": 1,
          "mean": 7.312638580931264
        }
      ]
    },
    {
      "column_name": "MANHATTAN CONDOMINIUM PROPERTY Full Market Value",
      "number_non_empty_cells": 1025,
      "number_empty_cells": 0,
      "number_distinct_values": 958,
      "frequent_values": [
        "4820000",
        "10700000",
        "10100000",
        "10700001",
        "1140000"
      ],
      "data_types": [
        {
          "type": "INTEGER (LONG)",
          "count": 1025,
          "max_value": 252160867,
          "min_value": 122472,
          "mean": 19440149.11414634
        }
      ]
    }
  ]
}