{
  "dataset_name": "97iw-vtbx.tsv.gz",
  "key_column_candidates": [
    "STATEN ISLAND \u2013 COOPERATIVES COMPARABLE PROPERTIES \u2013 Boro-Block-Lot",
    "STATEN ISLAND \u2013 COOPERATIVES COMPARABLE PROPERTIES \u2013 Address",
    "Borough",
    "Postcode",
    "Latitude",
    "Longitude",
    "Community Board",
    "Council District ",
    "Census Tract",
    "BIN",
    "BBL",
    "NTA",
    "STATEN ISLAND \u2013 COOPERATIVES COMPARABLE PROPERTIES \u2013 Neighborhood",
    "STATEN ISLAND \u2013 COOPERATIVES COMPARABLE PROPERTIES \u2013 Building Classification",
    "STATEN ISLAND \u2013 COOPERATIVES COMPARABLE PROPERTIES \u2013 Total Units",
    "STATEN ISLAND \u2013 COOPERATIVES COMPARABLE PROPERTIES \u2013 Year Built",
    "STATEN ISLAND \u2013 COOPERATIVES COMPARABLE PROPERTIES \u2013 Gross SqFt",
    "STATEN ISLAND \u2013 COOPERATIVES COMPARABLE PROPERTIES \u2013 Est. Gross Income",
    "STATEN ISLAND \u2013 COOPERATIVES COMPARABLE PROPERTIES \u2013 Gross Income per SqFt",
    "STATEN ISLAND \u2013 COOPERATIVES COMPARABLE PROPERTIES \u2013 Full Market Value",
    "STATEN ISLAND \u2013 COOPERATIVES COMPARABLE PROPERTIES \u2013 Market Value per SqFt",
    "COMPARABLE RENTAL \u2013 1 \u2013Boro-Block-Lot",
    "COMPARABLE RENTAL \u2013 1 \u2013Address",
    "COMPARABLE RENTAL \u2013 1 \u2013Neighborhood",
    "COMPARABLE RENTAL \u2013 1 \u2013Building Classification",
    "COMPARABLE RENTAL \u2013 1 \u2013Total Units",
    "COMPARABLE RENTAL \u2013 1 \u2013Year Built",
    "COMPARABLE RENTAL \u2013 1 \u2013Gross SqFt",
    "COMPARABLE RENTAL \u2013 1 \u2013Est. Gross Income",
    "COMPARABLE RENTAL \u2013 1 \u2013Gross Income per SqFt",
    "COMPARABLE RENTAL \u2013 1 \u2013Full Market Value",
    "COMPARABLE RENTAL \u2013 1 \u2013Market Value per SqFt",
    "COMPARABLE RENTAL \u2013 1 \u2013Dist. from Coop in miles",
    "COMPARABLE RENTAL \u2013 2 \u2013Boro-Block-Lot",
    "COMPARABLE RENTAL \u2013 2 \u2013Address",
    "COMPARABLE RENTAL \u2013 2 \u2013Neighborhood",
    "COMPARABLE RENTAL \u2013 2 \u2013Building Classification",
    "COMPARABLE RENTAL \u2013 2 \u2013Total Units",
    "COMPARABLE RENTAL \u2013 2 \u2013Year Built",
    "COMPARABLE RENTAL \u2013 2 \u2013Gross SqFt",
    "COMPARABLE RENTAL \u2013 2 \u2013Est. Gross Income",
    "COMPARABLE RENTAL \u2013 2 \u2013Gross Income per SqFt",
    "COMPARABLE RENTAL \u2013 2 \u2013Full Market Value",
    "COMPARABLE RENTAL \u2013 2 \u2013Market Value per SqFt",
    "COMPARABLE RENTAL \u2013 2 \u2013Dist. from Coop in miles"
  ],
  "columns": [
    {
      "column_name": "STATEN ISLAND \u2013 COOPERATIVES COMPARABLE PROPERTIES \u2013 Boro-Block-Lot",
      "number_non_empty_cells": 23,
      "number_empty_cells": 0,
      "number_distinct_values": 23,
      "frequent_values": [
        "5-05229-0007",
        "5-02925-0450",
        "5-00138-0119",
        "5-00101-0537",
        "5-05090-0035"
      ],
      "data_types": [
        {
          "type": "TEXT",
          "count": 23,
          "shortest_values": "5-05229-0007",
          "longest_values": "5-05229-0007",
          "average_length": 12.0
        }
      ]
    },
    {
      "column_name": "STATEN ISLAND \u2013 COOPERATIVES COMPARABLE PROPERTIES \u2013 Address",
      "number_non_empty_cells": 23,
      "number_empty_cells": 0,
      "number_distinct_values": 23,
      "frequent_values": [
        "475 ARMSTRONG AVENUE Staten Island, NY(40.544976260737, -74.157789473528)",
        "295 SKYLINE DRIVE Staten Island, NY(40.61300956527, -74.078916924859)",
        "154 BARD AVENUE Staten Island, NY(40.64077829151, -74.108727735798)",
        "545 CASTLETON AVENUE Staten Island, NY(40.634362104939, -74.100657322084)",
        "3482 AMBOY ROAD Staten Island, NY(40.556922389091, -74.138832019937)"
      ],
      "data_types": [
        {
          "type": "TEXT",
          "count": 23,
          "shortest_values": "151 ARLO ROAD Staten Island, NY(40.619607564842, -74.094791704022)",
          "longest_values": "10 BAY STREET LANDING Staten Island, NY(40.638185748791, -74.073337656481)",
          "average_length": 69.34782608695652
        }
      ]
    },
    {
      "column_name": "STATEN ISLAND \u2013 COOPERATIVES COMPARABLE PROPERTIES \u2013 Gross Income per SqFt",
      "number_non_empty_cells": 23,
      "number_empty_cells": 0,
      "number_distinct_values": 12,
      "frequent_values": [
        "10.23",
        "7.7",
        "10.29",
        "14.38",
        "10.7"
      ],
      "data_types": [
        {
          "type": "REAL",
          "count": 22,
          "max_value": 16.5,
          "min_value": 7.7,
          "mean": 10.523636363636362
        },
        {
          "type": "INTEGER (LONG)",
          "count": 1,
          "max_value": 14,
          "min_value": 14,
          "mean": 14.0
        }
      ]
    },
    {
      "column_name": "COMPARABLE RENTAL \u2013 1 \u2013Dist. from Coop in miles",
      "number_non_empty_cells": 23,
      "number_empty_cells": 0,
      "number_distinct_values": 16,
      "frequent_values": [
        "2.75",
        "1.4",
        "0.85",
        "1.3",
        "0.75"
      ],
      "data_types": [
        {
          "type": "REAL",
          "count": 23,
          "max_value": 2.75,
          "min_value": 0.4,
          "mean": 1.232608695652174
        }
      ]
    },
    {
      "column_name": "Borough",
      "number_non_empty_cells": 23,
      "number_empty_cells": 0,
      "number_distinct_values": 1,
      "frequent_values": [
        "5"
      ],
      "data_types": [
        {
          "type": "INTEGER (LONG)",
          "count": 23,
          "max_value": 5,
          "min_value": 5,
          "mean": 5.0
        }
      ]
    },
    {
      "column_name": "Latitude",
      "number_non_empty_cells": 23,
      "number_empty_cells": 0,
      "number_distinct_values": 23,
      "frequent_values": [
        "40.545041",
        "40.613034",
        "40.640837",
        "40.634366",
        "40.556807"
      ],
      "data_types": [
        {
          "type": "REAL",
          "count": 23,
          "max_value": 40.640837,
          "min_value": 40.545041,
          "mean": 40.6106955652174
        }
      ]
    },
    {
      "column_name": "BIN",
      "number_non_empty_cells": 23,
      "number_empty_cells": 0,
      "number_distinct_values": 23,
      "frequent_values": [
        "5109778",
        "5000000",
        "5108618",
        "5108585",
        "5109754"
      ],
      "data_types": [
        {
          "type": "INTEGER (LONG)",
          "count": 23,
          "max_value": 5154648,
          "min_value": 5000000,
          "mean": 5075439.434782608
        }
      ]
    },
    {
      "column_name": "BBL",
      "number_non_empty_cells": 23,
      "number_empty_cells": 0,
      "number_distinct_values": 22,
      "frequent_values": [
        "5035460001",
        "5052290007",
        "5029250450",
        "5001380119",
        "5001010537"
      ],
      "data_types": [
        {
          "type": "INTEGER (LONG)",
          "count": 23,
          "max_value": 5052290007,
          "min_value": 5000010051,
          "mean": 5018428022.304348
        }
      ]
    },
    {
      "column_name": "STATEN ISLAND \u2013 COOPERATIVES COMPARABLE PROPERTIES \u2013 Full Market Value",
      "number_non_empty_cells": 23,
      "number_empty_cells": 0,
      "number_distinct_values": 21,
      "frequent_values": [
        "4440000",
        "2290000",
        "756000",
        "1270000",
        "412000"
      ],
      "data_types": [
        {
          "type": "INTEGER (LONG)",
          "count": 23,
          "max_value": 6220000,
          "min_value": 251000,
          "mean": 2045173.9130434783
        }
      ]
    },
    {
      "column_name": "COMPARABLE RENTAL \u2013 1 \u2013Market Value per SqFt",
      "number_non_empty_cells": 23,
      "number_empty_cells": 0,
      "number_distinct_values": 11,
      "frequent_values": [
        "133",
        "30.2",
        "65",
        "51",
        "57"
      ],
      "data_types": [
        {
          "type": "REAL",
          "count": 10,
          "max_value": 48.7,
          "min_value": 30.2,
          "mean": 36.80999999999999
        },
        {
          "type": "INTEGER (LONG)",
          "count": 13,
          "max_value": 133,
          "min_value": 36,
          "mean": 77.84615384615384
        }
      ]
    },
    {
      "column_name": "COMPARABLE RENTAL \u2013 2 \u2013Gross Income per SqFt",
      "number_non_empty_cells": 15,
      "number_empty_cells": 8,
      "number_distinct_values": 10,
      "frequent_values": [
        "",
        "12.19",
        "16.51",
        "29.9",
        "27.5"
      ],
      "data_types": [
        {
          "type": "REAL",
          "count": 15,
          "max_value": 29.9,
          "min_value": 9.36,
          "mean": 17.249333333333333
        }
      ]
    },
    {
      "column_name": "STATEN ISLAND \u2013 COOPERATIVES COMPARABLE PROPERTIES \u2013 Year Built",
      "number_non_empty_cells": 23,
      "number_empty_cells": 0,
      "number_distinct_values": 14,
      "frequent_values": [
        "1974",
        "1950",
        "1969",
        "2000",
        "1968"
      ],
      "data_types": [
        {
          "type": "INTEGER (LONG)",
          "count": 23,
          "max_value": 2000,
          "min_value": 1947,
          "mean": 1969.8260869565217
        }
      ]
    },
    {
      "column_name": "STATEN ISLAND \u2013 COOPERATIVES COMPARABLE PROPERTIES \u2013 Market Value per SqFt",
      "number_non_empty_cells": 23,
      "number_empty_cells": 0,
      "number_distinct_values": 16,
      "frequent_values": [
        "34.7",
        "34.6",
        "57",
        "36.2",
        "59"
      ],
      "data_types": [
        {
          "type": "REAL",
          "count": 17,
          "max_value": 36.2,
          "min_value": 23.62,
          "mean": 30.52235294117647
        },
        {
          "type": "INTEGER (LONG)",
          "count": 6,
          "max_value": 67,
          "min_value": 49,
          "mean": 57.5
        }
      ]
    },
    {
      "column_name": "COMPARABLE RENTAL \u2013 1 \u2013Est. Gross Income",
      "number_non_empty_cells": 23,
      "number_empty_cells": 0,
      "number_distinct_values": 13,
      "frequent_values": [
        "337758",
        "96753",
        "409079",
        "281893",
        "2145073"
      ],
      "data_types": [
        {
          "type": "INTEGER (LONG)",
          "count": 23,
          "max_value": 3141570,
          "min_value": 96753,
          "mean": 830086.6086956522
        }
      ]
    },
    {
      "column_name": "COMPARABLE RENTAL \u2013 2 \u2013Address",
      "number_non_empty_cells": 15,
      "number_empty_cells": 8,
      "number_distinct_values": 11,
      "frequent_values": [
        "",
        "330 BARD AVENUE Staten Island, NY(40.636153116782, -74.106852177363)",
        "25 BAY TERRACE Staten Island, NY(40.606674000105, -74.162401000006)",
        "162 ST MARY'S AVENUE Staten Island, NY(40.614004218866, -74.072557751113)",
        "20 COURT STREET Staten Island, NY(40.627181943848, -74.080839881225)"
      ],
      "data_types": [
        {
          "type": "TEXT",
          "count": 15,
          "shortest_values": "1950 CLOVE ROAD Staten Island, NY(40.606004051169, -74.0866151394)",
          "longest_values": "162 ST MARY'S AVENUE Staten Island, NY(40.614004218866, -74.072557751113)",
          "average_length": 69.06666666666666
        }
      ]
    },
    {
      "column_name": "COMPARABLE RENTAL \u2013 2 \u2013Full Market Value",
      "number_non_empty_cells": 15,
      "number_empty_cells": 8,
      "number_distinct_values": 11,
      "frequent_values": [
        "",
        "462000",
        "2890000",
        "995000",
        "658000"
      ],
      "data_types": [
        {
          "type": "INTEGER (LONG)",
          "count": 15,
          "max_value": 5570000,
          "min_value": 462000,
          "mean": 1533800.0
        }
      ]
    },
    {
      "column_name": "Longitude",
      "number_non_empty_cells": 23,
      "number_empty_cells": 0,
      "number_distinct_values": 23,
      "frequent_values": [
        "-74.157884",
        "-74.0789",
        "-74.107835",
        "-74.10082",
        "-74.139015"
      ],
      "data_types": [
        {
          "type": "REAL",
          "count": 23,
          "max_value": -74.060504,
          "min_value": -74.157884,
          "mean": -74.09826113043478
        }
      ]
    },
    {
      "column_name": "STATEN ISLAND \u2013 COOPERATIVES COMPARABLE PROPERTIES \u2013 Est. Gross Income",
      "number_non_empty_cells": 23,
      "number_empty_cells": 0,
      "number_distinct_values": 22,
      "frequent_values": [
        "1315062",
        "578932",
        "223679",
        "374418",
        "134119"
      ],
      "data_types": [
        {
          "type": "INTEGER (LONG)",
          "count": 23,
          "max_value": 1839705,
          "min_value": 81900,
          "mean": 596042.6521739131
        }
      ]
    },
    {
      "column_name": "COMPARABLE RENTAL \u2013 1 \u2013Neighborhood",
      "number_non_empty_cells": 23,
      "number_empty_cells": 0,
      "number_distinct_values": 10,
      "frequent_values": [
        "GRANT CITY",
        "GRASMERE",
        "SILVER LAKE",
        "NEW BRIGHTON",
        "GREAT KILLS-BAY TERRACE"
      ],
      "data_types": [
        {
          "type": "TEXT",
          "count": 23,
          "shortest_values": "GRASMERE",
          "longest_values": "GREAT KILLS-BAY TERRACE",
          "average_length": 12.26086956521739
        }
      ]
    },
    {
      "column_name": "COMPARABLE RENTAL \u2013 1 \u2013Building Classification",
      "number_non_empty_cells": 23,
      "number_empty_cells": 0,
      "number_distinct_values": 6,
      "frequent_values": [
        "C1-WALK-UP",
        "C9-WALK-UP",
        "D1-ELEVATOR",
        "D3-ELEVATOR",
        "D5-ELEVATOR"
      ],
      "data_types": [
        {
          "type": "TEXT",
          "count": 23,
          "shortest_values": "C9-WALK-UP",
          "longest_values": "D1-ELEVATOR",
          "average_length": 10.347826086956522
        }
      ]
    },
    {
      "column_name": "COMPARABLE RENTAL \u2013 2 \u2013Gross SqFt",
      "number_non_empty_cells": 15,
      "number_empty_cells": 8,
      "number_distinct_values": 11,
      "frequent_values": [
        "",
        "10086",
        "43018",
        "6875",
        "17240"
      ],
      "data_types": [
        {
          "type": "INTEGER (LONG)",
          "count": 15,
          "max_value": 180495,
          "min_value": 6875,
          "mean": 28300.333333333332
        }
      ]
    },
    {
      "column_name": "STATEN ISLAND \u2013 COOPERATIVES COMPARABLE PROPERTIES \u2013 Gross SqFt",
      "number_non_empty_cells": 23,
      "number_empty_cells": 0,
      "number_distinct_values": 21,
      "frequent_values": [
        "9810",
        "127800",
        "38647",
        "21865",
        "36600"
      ],
      "data_types": [
        {
          "type": "INTEGER (LONG)",
          "count": 23,
          "max_value": 171935,
          "min_value": 9810,
          "mean": 58593.565217391304
        }
      ]
    },
    {
      "column_name": "COMPARABLE RENTAL \u2013 1 \u2013Year Built",
      "number_non_empty_cells": 23,
      "number_empty_cells": 0,
      "number_distinct_values": 9,
      "frequent_values": [
        "1933",
        "1973",
        "1931",
        "1971",
        "1972"
      ],
      "data_types": [
        {
          "type": "INTEGER (LONG)",
          "count": 23,
          "max_value": 1973,
          "min_value": 1920,
          "mean": 1949.7391304347825
        }
      ]
    },
    {
      "column_name": "COMPARABLE RENTAL \u2013 1 \u2013Full Market Value",
      "number_non_empty_cells": 23,
      "number_empty_cells": 0,
      "number_distinct_values": 13,
      "frequent_values": [
        "1640000",
        "319000",
        "1660000",
        "1060000",
        "6590000"
      ],
      "data_types": [
        {
          "type": "INTEGER (LONG)",
          "count": 23,
          "max_value": 11800000,
          "min_value": 319000,
          "mean": 3016260.8695652173
        }
      ]
    },
    {
      "column_name": "COMPARABLE RENTAL \u2013 2 \u2013Neighborhood",
      "number_non_empty_cells": 15,
      "number_empty_cells": 8,
      "number_distinct_values": 10,
      "frequent_values": [
        "",
        "WEST NEW BRIGHTON",
        "GREAT KILLS-BAY TERRACE",
        "ROSEBANK",
        "STAPLETON"
      ],
      "data_types": [
        {
          "type": "TEXT",
          "count": 15,
          "shortest_values": "ROSEBANK",
          "longest_values": "GREAT KILLS-BAY TERRACE",
          "average_length": 14.266666666666667
        }
      ]
    },
    {
      "column_name": "COMPARABLE RENTAL \u2013 2 \u2013Dist. from Coop in miles",
      "number_non_empty_cells": 15,
      "number_empty_cells": 8,
      "number_distinct_values": 12,
      "frequent_values": [
        "",
        "0.35",
        "0.55",
        "1.4",
        "1.2"
      ],
      "data_types": [
        {
          "type": "REAL",
          "count": 15,
          "max_value": 3.9,
          "min_value": 0.25,
          "mean": 1.18
        }
      ]
    },
    {
      "column_name": "Postcode",
      "number_non_empty_cells": 23,
      "number_empty_cells": 0,
      "number_distinct_values": 6,
      "frequent_values": [
        "10301",
        "10304",
        "10305",
        "10308",
        "10310"
      ],
      "data_types": [
        {
          "type": "INTEGER (LONG)",
          "count": 23,
          "max_value": 10310,
          "min_value": 10301,
          "mean": 10303.434782608696
        }
      ]
    },
    {
      "column_name": "Council District ",
      "number_non_empty_cells": 23,
      "number_empty_cells": 0,
      "number_distinct_values": 3,
      "frequent_values": [
        "49",
        "51",
        "50"
      ],
      "data_types": [
        {
          "type": "INTEGER (LONG)",
          "count": 23,
          "max_value": 51,
          "min_value": 49,
          "mean": 49.391304347826086
        }
      ]
    },
    {
      "column_name": "Census Tract",
      "number_non_empty_cells": 23,
      "number_empty_cells": 0,
      "number_distinct_values": 13,
      "frequent_values": [
        "67",
        "40",
        "147",
        "3",
        "11401"
      ],
      "data_types": [
        {
          "type": "INTEGER (LONG)",
          "count": 23,
          "max_value": 15601,
          "min_value": 3,
          "mean": 3423.913043478261
        }
      ]
    },
    {
      "column_name": "NTA",
      "number_non_empty_cells": 23,
      "number_empty_cells": 0,
      "number_distinct_values": 7,
      "frequent_values": [
        "Grymes Hill-Clifton-Fox Hills                                              ",
        "New Brighton-Silver Lake                                                   ",
        "Great Kills                                                                ",
        "West New Brighton-New Brighton-St. George                                  ",
        "Old Town-Dongan Hills-South Beach                                          "
      ],
      "data_types": [
        {
          "type": "TEXT",
          "count": 23,
          "shortest_values": "Great Kills                                                                ",
          "longest_values": "Great Kills                                                                ",
          "average_length": 75.0
        }
      ]
    },
    {
      "column_name": "COMPARABLE RENTAL \u2013 1 \u2013Gross Income per SqFt",
      "number_non_empty_cells": 23,
      "number_empty_cells": 0,
      "number_distinct_values": 12,
      "frequent_values": [
        "27.5",
        "9.16",
        "16.09",
        "13.55",
        "13.85"
      ],
      "data_types": [
        {
          "type": "REAL",
          "count": 23,
          "max_value": 27.5,
          "min_value": 9.16,
          "mean": 14.993478260869566
        }
      ]
    },
    {
      "column_name": "STATEN ISLAND \u2013 COOPERATIVES COMPARABLE PROPERTIES \u2013 Neighborhood",
      "number_non_empty_cells": 23,
      "number_empty_cells": 0,
      "number_distinct_values": 12,
      "frequent_values": [
        "WEST NEW BRIGHTON",
        "CONCORD-FOX HILLS",
        "GREAT KILLS",
        "CLOVE LAKES",
        "NEW BRIGHTON-ST. GEORGE"
      ],
      "data_types": [
        {
          "type": "TEXT",
          "count": 23,
          "shortest_values": "ROSEBANK",
          "longest_values": "GREAT KILLS-BAY TERRACE",
          "average_length": 14.826086956521738
        }
      ]
    },
    {
      "column_name": "STATEN ISLAND \u2013 COOPERATIVES COMPARABLE PROPERTIES \u2013 Building Classification",
      "number_non_empty_cells": 23,
      "number_empty_cells": 0,
      "number_distinct_values": 3,
      "frequent_values": [
        "C6-WALK-UP",
        "D4-ELEVATOR",
        "D0-ELEVATOR"
      ],
      "data_types": [
        {
          "type": "TEXT",
          "count": 23,
          "shortest_values": "C6-WALK-UP",
          "longest_values": "D4-ELEVATOR",
          "average_length": 10.26086956521739
        }
      ]
    },
    {
      "column_name": "COMPARABLE RENTAL \u2013 1 \u2013Address",
      "number_non_empty_cells": 23,
      "number_empty_cells": 0,
      "number_distinct_values": 13,
      "frequent_values": [
        "261 LINCOLN AVENUE Staten Island, NY(40.576986694649, -74.104670051676)",
        "457 VICTORY BOULEVARD Staten Island, NY(40.631202422565, -74.088026655612)",
        "7 BENTON COURT Staten Island, NY(40.558379717025, -74.136561398842)",
        "137 HEBERTON AVENUE Staten Island, NY(40.636779419508, -74.131313349744)",
        "55 BOWEN STREET Staten Island, NY(40.614664489609, -74.083054238405)"
      ],
      "data_types": [
        {
          "type": "TEXT",
          "count": 23,
          "shortest_values": "1950 CLOVE ROAD Staten Island, NY(40.606004051169, -74.0866151394)",
          "longest_values": "457 VICTORY BOULEVARD Staten Island, NY(40.631202422565, -74.088026655612)",
          "average_length": 70.17391304347827
        }
      ]
    },
    {
      "column_name": "COMPARABLE RENTAL \u2013 2 \u2013Market Value per SqFt",
      "number_non_empty_cells": 15,
      "number_empty_cells": 8,
      "number_distinct_values": 10,
      "frequent_values": [
        "",
        "45.8",
        "67",
        "145",
        "133"
      ],
      "data_types": [
        {
          "type": "REAL",
          "count": 7,
          "max_value": 46.4,
          "min_value": 30.9,
          "mean": 42.67142857142858
        },
        {
          "type": "INTEGER (LONG)",
          "count": 8,
          "max_value": 145,
          "min_value": 51,
          "mean": 100.75
        }
      ]
    },
    {
      "column_name": "COMPARABLE RENTAL \u2013 2 \u2013Year Built",
      "number_non_empty_cells": 15,
      "number_empty_cells": 8,
      "number_distinct_values": 9,
      "frequent_values": [
        "",
        "1942",
        "1931",
        "1976",
        "1933"
      ],
      "data_types": [
        {
          "type": "INTEGER (LONG)",
          "count": 15,
          "max_value": 1976,
          "min_value": 1931,
          "mean": 1946.6666666666667
        }
      ]
    },
    {
      "column_name": "COMPARABLE RENTAL \u2013 2 \u2013Est. Gross Income",
      "number_non_empty_cells": 15,
      "number_empty_cells": 8,
      "number_distinct_values": 11,
      "frequent_values": [
        "",
        "122924",
        "710136",
        "205288",
        "186709"
      ],
      "data_types": [
        {
          "type": "INTEGER (LONG)",
          "count": 15,
          "max_value": 1690099,
          "min_value": 122924,
          "mean": 389123.5333333333
        }
      ]
    },
    {
      "column_name": "COMPARABLE RENTAL \u2013 1 \u2013Boro-Block-Lot",
      "number_non_empty_cells": 23,
      "number_empty_cells": 0,
      "number_distinct_values": 13,
      "frequent_values": [
        "5-03591-0008",
        "5-00120-0105",
        "5-05015-0016",
        "5-01015-0001",
        "5-02877-0025"
      ],
      "data_types": [
        {
          "type": "TEXT",
          "count": 23,
          "shortest_values": "5-05015-0016",
          "longest_values": "5-05015-0016",
          "average_length": 12.0
        }
      ]
    },
    {
      "column_name": "COMPARABLE RENTAL \u2013 1 \u2013Gross SqFt",
      "number_non_empty_cells": 23,
      "number_empty_cells": 0,
      "number_distinct_values": 13,
      "frequent_values": [
        "12300",
        "10560",
        "25420",
        "20800",
        "154860"
      ],
      "data_types": [
        {
          "type": "INTEGER (LONG)",
          "count": 23,
          "max_value": 242500,
          "min_value": 10200,
          "mean": 63984.913043478264
        }
      ]
    },
    {
      "column_name": "COMPARABLE RENTAL \u2013 2 \u2013Total Units",
      "number_non_empty_cells": 15,
      "number_empty_cells": 8,
      "number_distinct_values": 10,
      "frequent_values": [
        "",
        "13",
        "65",
        "11",
        "16"
      ],
      "data_types": [
        {
          "type": "INTEGER (LONG)",
          "count": 15,
          "max_value": 177,
          "min_value": 11,
          "mean": 34.2
        }
      ]
    },
    {
      "column_name": "Community Board",
      "number_non_empty_cells": 23,
      "number_empty_cells": 0,
      "number_distinct_values": 3,
      "frequent_values": [
        "1",
        "3",
        "2"
      ],
      "data_types": [
        {
          "type": "INTEGER (LONG)",
          "count": 23,
          "max_value": 3,
          "min_value": 1,
          "mean": 1.391304347826087
        }
      ]
    },
    {
      "column_name": "STATEN ISLAND \u2013 COOPERATIVES COMPARABLE PROPERTIES \u2013 Total Units",
      "number_non_empty_cells": 23,
      "number_empty_cells": 0,
      "number_distinct_values": 17,
      "frequent_values": [
        "60",
        "11",
        "24",
        "13",
        "143"
      ],
      "data_types": [
        {
          "type": "INTEGER (LONG)",
          "count": 23,
          "max_value": 178,
          "min_value": 11,
          "mean": 64.1304347826087
        }
      ]
    },
    {
      "column_name": "COMPARABLE RENTAL \u2013 1 \u2013Total Units",
      "number_non_empty_cells": 23,
      "number_empty_cells": 0,
      "number_distinct_values": 13,
      "frequent_values": [
        "16",
        "12",
        "43",
        "28",
        "156"
      ],
      "data_types": [
        {
          "type": "INTEGER (LONG)",
          "count": 23,
          "max_value": 228,
          "min_value": 12,
          "mean": 66.47826086956522
        }
      ]
    },
    {
      "column_name": "COMPARABLE RENTAL \u2013 2 \u2013Boro-Block-Lot",
      "number_non_empty_cells": 15,
      "number_empty_cells": 8,
      "number_distinct_values": 11,
      "frequent_values": [
        "",
        "5-00140-0051",
        "5-05016-0005",
        "5-02972-0070",
        "5-00522-0034"
      ],
      "data_types": [
        {
          "type": "TEXT",
          "count": 15,
          "shortest_values": "5-05016-0005",
          "longest_values": "5-05016-0005",
          "average_length": 12.0
        }
      ]
    },
    {
      "column_name": "COMPARABLE RENTAL \u2013 2 \u2013Building Classification",
      "number_non_empty_cells": 15,
      "number_empty_cells": 8,
      "number_distinct_values": 5,
      "frequent_values": [
        "C9-WALK-UP",
        "",
        "C1-WALK-UP",
        "C7-WALK-UP",
        "D1-ELEVATOR"
      ],
      "data_types": [
        {
          "type": "TEXT",
          "count": 15,
          "shortest_values": "C9-WALK-UP",
          "longest_values": "D1-ELEVATOR",
          "average_length": 10.066666666666666
        }
      ]
    }
  ]
}