{
  "dataset_name": "97pn-acdf.tsv.gz",
  "key_column_candidates": [
    "Borough",
    "Age",
    "2010",
    "2015",
    "2020",
    "2025",
    "2030",
    "2035",
    "2040"
  ],
  "columns": [
    {
      "column_name": "2030",
      "number_non_empty_cells": 114,
      "number_empty_cells": 0,
      "number_distinct_values": 113,
      "frequent_values": [
        "30541",
        "542426",
        "535024",
        "625253",
        "698195"
      ],
      "data_types": [
        {
          "type": "INTEGER (LONG)",
          "count": 114,
          "max_value": 8821027,
          "min_value": 10212,
          "mean": 309509.7192982456
        }
      ]
    },
    {
      "column_name": "Borough",
      "number_non_empty_cells": 114,
      "number_empty_cells": 0,
      "number_distinct_values": 6,
      "frequent_values": [
        "NYC Total",
        "Bronx",
        "Brooklyn",
        "Manhattan",
        "Queens"
      ],
      "data_types": [
        {
          "type": "TEXT",
          "count": 114,
          "shortest_values": "Bronx",
          "longest_values": "Staten Island",
          "average_length": 8.333333333333334
        }
      ]
    },
    {
      "column_name": "Age",
      "number_non_empty_cells": 114,
      "number_empty_cells": 0,
      "number_distinct_values": 19,
      "frequent_values": [
        "0-4",
        "15-19",
        "20-24",
        "25-29",
        "30-34"
      ],
      "data_types": [
        {
          "type": "DATE/TIME",
          "count": 12,
          "max_value": "10-14",
          "min_value": "5-9"
        },
        {
          "type": "TEXT",
          "count": 102,
          "shortest_values": "0-4",
          "longest_values": "15-19",
          "average_length": 4.764705882352941
        }
      ]
    },
    {
      "column_name": "2015",
      "number_non_empty_cells": 114,
      "number_empty_cells": 0,
      "number_distinct_values": 114,
      "frequent_values": [
        "535209",
        "505783",
        "646075",
        "770396",
        "707726"
      ],
      "data_types": [
        {
          "type": "INTEGER (LONG)",
          "count": 114,
          "max_value": 8397114,
          "min_value": 7981,
          "mean": 294635.5789473684
        }
      ]
    },
    {
      "column_name": "2010",
      "number_non_empty_cells": 114,
      "number_empty_cells": 0,
      "number_distinct_values": 114,
      "frequent_values": [
        "521990",
        "539844",
        "647483",
        "736105",
        "667657"
      ],
      "data_types": [
        {
          "type": "INTEGER (LONG)",
          "count": 114,
          "max_value": 8242624,
          "min_value": 7855,
          "mean": 289214.8771929825
        }
      ]
    },
    {
      "column_name": "2025",
      "number_non_empty_cells": 114,
      "number_empty_cells": 0,
      "number_distinct_values": 114,
      "frequent_values": [
        "547336",
        "519298",
        "591683",
        "715824",
        "740268"
      ],
      "data_types": [
        {
          "type": "INTEGER (LONG)",
          "count": 114,
          "max_value": 8699966,
          "min_value": 8888,
          "mean": 305261.9649122807
        }
      ]
    },
    {
      "column_name": "2035",
      "number_non_empty_cells": 114,
      "number_empty_cells": 0,
      "number_distinct_values": 114,
      "frequent_values": [
        "540523",
        "546062",
        "643728",
        "740437",
        "675497"
      ],
      "data_types": [
        {
          "type": "INTEGER (LONG)",
          "count": 114,
          "max_value": 8931003,
          "min_value": 12639,
          "mean": 313368.5263157895
        }
      ]
    },
    {
      "column_name": "2040",
      "number_non_empty_cells": 114,
      "number_empty_cells": 0,
      "number_distinct_values": 114,
      "frequent_values": [
        "546426",
        "546750",
        "657403",
        "762757",
        "715486"
      ],
      "data_types": [
        {
          "type": "INTEGER (LONG)",
          "count": 114,
          "max_value": 9025145,
          "min_value": 14321,
          "mean": 316671.7543859649
        }
      ]
    },
    {
      "column_name": "2020",
      "number_non_empty_cells": 114,
      "number_empty_cells": 0,
      "number_distinct_values": 114,
      "frequent_values": [
        "545778",
        "492532",
        "606203",
        "763956",
        "743916"
      ],
      "data_types": [
        {
          "type": "INTEGER (LONG)",
          "count": 114,
          "max_value": 8550972,
          "min_value": 8259,
          "mean": 300034.1052631579
        }
      ]
    }
  ]
}