{
  "dataset_name": "985h-mtct.tsv.gz",
  "key_column_candidates": [
    "Date",
    "PATH Monthly Eligibility Rate",
    "AFIC Monthly Eligibility Rate"
  ],
  "columns": [
    {
      "column_name": "Date",
      "number_non_empty_cells": 26,
      "number_empty_cells": 0,
      "number_distinct_values": 26,
      "frequent_values": [
        "06/30/2019",
        "05/31/2019",
        "04/30/2019",
        "03/31/2019",
        "02/28/2019"
      ],
      "data_types": [
        {
          "type": "DATE/TIME",
          "count": 26,
          "max_value": "06/30/2019",
          "min_value": "05/31/2017"
        }
      ]
    },
    {
      "column_name": "AFIC Monthly Eligibility Rate",
      "number_non_empty_cells": 26,
      "number_empty_cells": 0,
      "number_distinct_values": 23,
      "frequent_values": [
        "0.344",
        "0.307",
        "0.315",
        "0.257",
        "0.302"
      ],
      "data_types": [
        {
          "type": "REAL",
          "count": 26,
          "max_value": 0.393,
          "min_value": 0.257,
          "mean": 0.3164615384615385
        }
      ]
    },
    {
      "column_name": "PATH Monthly Eligibility Rate",
      "number_non_empty_cells": 26,
      "number_empty_cells": 0,
      "number_distinct_values": 23,
      "frequent_values": [
        "38.9%",
        "0.411",
        "0.408",
        "39.10%",
        "41.30%"
      ],
      "data_types": [
        {
          "type": "REAL",
          "count": 21,
          "max_value": 0.425,
          "min_value": 0.378,
          "mean": 0.4057619047619048
        },
        {
          "type": "TEXT",
          "count": 5,
          "shortest_values": "38.9%",
          "longest_values": "39.10%",
          "average_length": 5.6
        }
      ]
    }
  ]
}