{
  "dataset_name": "9ck8-hj3u.tsv.gz",
  "key_column_candidates": [
    "FISCAL_YEAR",
    "SYSTEM_CODE",
    "LOCATION_CODE",
    "LOCATION_NAME",
    "BEDS_NUMBER",
    "MANAGED_BY_NAME",
    "LOCATION_TYPE_DESCRIPTION",
    "LOCATION_CATEGORY_DESCRIPTION",
    "GRADES_TEXT",
    "GRADES_FINAL_TEXT",
    "OPEN_DATE",
    "STATUS_DESCRIPTIONS",
    "PRIMARY_BUILDING_CODE",
    "PRIMARY_ADDRESS_LINE_1",
    "STATE_CODE",
    "X_COORDINATE",
    "Y_COORDINATE",
    "LONGITUDE",
    "LATITUDE",
    "COMMUNITY_DISTRICT",
    "COUNCIL_DISTRICT",
    "CENSUS_TRACT",
    "BOROUGH_BLOCK_LOT",
    "NTA",
    "NTA_NAME",
    "PRINCIPAL_NAME",
    "PRINCIPAL_TITLE",
    "PRINCIPAL_PHONE_NUMBER",
    "FAX_NUMBER",
    "GEOGRAPHICAL_DISTRICT_CODE",
    "ADMIN_DISTRICT_LOCATION_CODE",
    "ADMINISTRATIVE_DISTRICT_NAME",
    "COMMUNITY_SCHOOL_SUP_NAME",
    "FIELD_SUPPORT_CENTER_NAME",
    "FIELD_SUPPORT_CENTER_LEADER_NAME",
    "SCHOOL_SUPPORT_TEAM_NAME",
    "SCHOOL_SUPPORT_TEAM_LEADER_NAME",
    "HIGHSCHOOL_NETWORK_LOCATION_CODE",
    "HIGHSCHOOL_NETWORK_NAME",
    "HIGHSCHOOL_NETWORK_SUPERINTENDENT",
    "New Georeferenced Column",
    "Zip Codes",
    "Community Districts",
    "Borough Boundaries",
    "City Council Districts",
    "Police Precincts"
  ],
  "columns": [
    {
      "column_name": "STATUS_DESCRIPTIONS",
      "number_non_empty_cells": 1941,
      "number_empty_cells": 0,
      "number_distinct_values": 1,
      "frequent_values": [
        "Open"
      ],
      "data_types": [
        {
          "type": "TEXT",
          "count": 1941,
          "shortest_values": "Open",
          "longest_values": "Open",
          "average_length": 4.0
        }
      ]
    },
    {
      "column_name": "PRIMARY_ADDRESS_LINE_1",
      "number_non_empty_cells": 1941,
      "number_empty_cells": 0,
      "number_distinct_values": 1338,
      "frequent_values": [
        "52 CHAMBERS STREET",
        "1014 LAFAYETTE AVENUE",
        "99 TERRACE VIEW AVENUE",
        "240 EAST 172 STREET",
        "1980 LAFAYETTE AVENUE"
      ],
      "data_types": [
        {
          "type": "TEXT",
          "count": 1941,
          "shortest_values": "26 BROADWAY",
          "longest_values": "1780 DR. MARTIN LUTHER KING JR. BLVD",
          "average_length": 18.421432251416796
        }
      ]
    },
    {
      "column_name": "X_COORDINATE",
      "number_non_empty_cells": 1940,
      "number_empty_cells": 1,
      "number_distinct_values": 1290,
      "frequent_values": [
        "982563",
        "1030803",
        "1003152",
        "980671",
        "1008396"
      ],
      "data_types": [
        {
          "type": "INTEGER (LONG)",
          "count": 1940,
          "max_value": 1065003,
          "min_value": 101015,
          "mean": 1005331.2201030928
        }
      ]
    },
    {
      "column_name": "Y_COORDINATE",
      "number_non_empty_cells": 1940,
      "number_empty_cells": 1,
      "number_distinct_values": 1295,
      "frequent_values": [
        "199047",
        "257757",
        "191221",
        "196282",
        "258943"
      ],
      "data_types": [
        {
          "type": "INTEGER (LONG)",
          "count": 1940,
          "max_value": 268380,
          "min_value": 124552,
          "mean": 207531.8912371134
        }
      ]
    },
    {
      "column_name": "COMMUNITY_DISTRICT",
      "number_non_empty_cells": 1940,
      "number_empty_cells": 1,
      "number_distinct_values": 61,
      "frequent_values": [
        "305",
        "303",
        "203",
        "201",
        "412"
      ],
      "data_types": [
        {
          "type": "INTEGER (LONG)",
          "count": 1940,
          "max_value": 503,
          "min_value": 0,
          "mean": 271.59845360824744
        }
      ]
    },
    {
      "column_name": "GEOGRAPHICAL_DISTRICT_CODE",
      "number_non_empty_cells": 1941,
      "number_empty_cells": 0,
      "number_distinct_values": 33,
      "frequent_values": [
        "2",
        "10",
        "11",
        "9",
        "31"
      ],
      "data_types": [
        {
          "type": "INTEGER (LONG)",
          "count": 1941,
          "max_value": 32,
          "min_value": 0,
          "mean": 15.562596599690881
        }
      ]
    },
    {
      "column_name": "FIELD_SUPPORT_CENTER_LEADER_NAME",
      "number_non_empty_cells": 1220,
      "number_empty_cells": 721,
      "number_distinct_values": 8,
      "frequent_values": [
        "",
        "SAFFER, NANCY",
        "CHU, YUET",
        "Mauriciere de Govia",
        "PISACANO, MARY"
      ],
      "data_types": [
        {
          "type": "TEXT",
          "count": 1220,
          "shortest_values": "CHU, YUET",
          "longest_values": "Mauriciere de Govia",
          "average_length": 13.716393442622952
        }
      ]
    },
    {
      "column_name": "BOROUGH_BLOCK_LOT",
      "number_non_empty_cells": 1940,
      "number_empty_cells": 1,
      "number_distinct_values": 1277,
      "frequent_values": [
        "0",
        "1001220001",
        "3016160001",
        "2051410150",
        "1000220013"
      ],
      "data_types": [
        {
          "type": "INTEGER (LONG)",
          "count": 1940,
          "max_value": 5078980001,
          "min_value": 0,
          "mean": 2650175941.057732
        }
      ]
    },
    {
      "column_name": "ADMIN_DISTRICT_LOCATION_CODE",
      "number_non_empty_cells": 1632,
      "number_empty_cells": 309,
      "number_distinct_values": 46,
      "frequent_values": [
        "",
        "R831",
        "DA75",
        "X810",
        "HS07"
      ],
      "data_types": [
        {
          "type": "TEXT",
          "count": 1632,
          "shortest_values": "HS12",
          "longest_values": "HS12",
          "average_length": 4.0
        }
      ]
    },
    {
      "column_name": "SCHOOL_SUPPORT_TEAM_NAME",
      "number_non_empty_cells": 1632,
      "number_empty_cells": 309,
      "number_distinct_values": 51,
      "frequent_values": [
        "",
        "School Support Team 3- Queens South",
        "School Support Team 5- Manhattan",
        "School Support Team 1- Brooklyn North",
        "School Support Team 4- Brooklyn South"
      ],
      "data_types": [
        {
          "type": "TEXT",
          "count": 1632,
          "shortest_values": "Children First Network 751",
          "longest_values": "School Support Team 5- Affinity Group",
          "average_length": 33.6078431372549
        }
      ]
    },
    {
      "column_name": "LATITUDE",
      "number_non_empty_cells": 1940,
      "number_empty_cells": 1,
      "number_distinct_values": 1301,
      "frequent_values": [
        "-74.006085",
        "-73.831669",
        "-73.9317",
        "-74.013303",
        "-73.912686"
      ],
      "data_types": [
        {
          "type": "REAL",
          "count": 1940,
          "max_value": -73.708617,
          "min_value": -74.24395,
          "mean": -73.92051528402077
        }
      ]
    },
    {
      "column_name": "FISCAL_YEAR",
      "number_non_empty_cells": 1941,
      "number_empty_cells": 0,
      "number_distinct_values": 1,
      "frequent_values": [
        "2019"
      ],
      "data_types": [
        {
          "type": "INTEGER (LONG)",
          "count": 1941,
          "max_value": 2019,
          "min_value": 2019,
          "mean": 2019.0
        }
      ]
    },
    {
      "column_name": "PRINCIPAL_TITLE",
      "number_non_empty_cells": 1906,
      "number_empty_cells": 35,
      "number_distinct_values": 8,
      "frequent_values": [
        "Principal",
        "PRINCIPAL",
        "I.A. Principal",
        "",
        "CSD Superintendent"
      ],
      "data_types": [
        {
          "type": "TEXT",
          "count": 1906,
          "shortest_values": "PRINCIPAL",
          "longest_values": "CSD Superintendent Acting",
          "average_length": 9.60545645330535
        }
      ]
    },
    {
      "column_name": "STATE_CODE",
      "number_non_empty_cells": 1941,
      "number_empty_cells": 0,
      "number_distinct_values": 1,
      "frequent_values": [
        "NY"
      ],
      "data_types": [
        {
          "type": "TEXT",
          "count": 1941,
          "shortest_values": "NY",
          "longest_values": "NY",
          "average_length": 2.0
        }
      ]
    },
    {
      "column_name": "CENSUS_TRACT",
      "number_non_empty_cells": 1939,
      "number_empty_cells": 2,
      "number_distinct_values": 725,
      "frequent_values": [
        "40900",
        "1600",
        "29100",
        "3100",
        "3900"
      ],
      "data_types": [
        {
          "type": "INTEGER (LONG)",
          "count": 1939,
          "max_value": 162100,
          "min_value": 63,
          "mean": 36560.13460546674
        }
      ]
    },
    {
      "column_name": "LOCATION_CATEGORY_DESCRIPTION",
      "number_non_empty_cells": 1941,
      "number_empty_cells": 0,
      "number_distinct_values": 13,
      "frequent_values": [
        "Elementary",
        "High school",
        "Junior High-Intermediate-Middle",
        "K-8",
        "Secondary School"
      ],
      "data_types": [
        {
          "type": "TEXT",
          "count": 1941,
          "shortest_values": "K-8",
          "longest_values": "Regional Operational Center (ROC)",
          "average_length": 13.521380731581658
        }
      ]
    },
    {
      "column_name": "PRINCIPAL_NAME",
      "number_non_empty_cells": 1906,
      "number_empty_cells": 35,
      "number_distinct_values": 1846,
      "frequent_values": [
        "",
        "TOBIA, ERIKA",
        "Kristen Shroff",
        "VAUGHAN, CRISTINE",
        "RUTH LACEY"
      ],
      "data_types": [
        {
          "type": "TEXT",
          "count": 1906,
          "shortest_values": "LI YAN",
          "longest_values": "Sara M. Asmussen, Ph.D., Executive Director/Lisa D",
          "average_length": 15.006295907660022
        }
      ]
    },
    {
      "column_name": "FIELD_SUPPORT_CENTER_NAME",
      "number_non_empty_cells": 1632,
      "number_empty_cells": 309,
      "number_distinct_values": 10,
      "frequent_values": [
        "Field Support Center - Bronx",
        "",
        "Field Support Center - Manhattan",
        "Field Support Center - Brooklyn North",
        "Field Support Center - Brooklyn South"
      ],
      "data_types": [
        {
          "type": "TEXT",
          "count": 1632,
          "shortest_values": "Affinity Group",
          "longest_values": "Field Support Center - Brooklyn North",
          "average_length": 30.813725490196077
        }
      ]
    },
    {
      "column_name": "SYSTEM_CODE",
      "number_non_empty_cells": 1941,
      "number_empty_cells": 0,
      "number_distinct_values": 1880,
      "frequent_values": [
        "307500010000",
        "320800010000",
        "321100861126",
        "321100010000",
        "310300011479"
      ],
      "data_types": [
        {
          "type": "INTEGER (LONG)",
          "count": 1941,
          "max_value": 353100861136,
          "min_value": 300000010000,
          "mean": 326975901914.07574
        }
      ]
    },
    {
      "column_name": "MANAGED_BY_NAME",
      "number_non_empty_cells": 1941,
      "number_empty_cells": 0,
      "number_distinct_values": 2,
      "frequent_values": [
        "DOE",
        "Charter"
      ],
      "data_types": [
        {
          "type": "TEXT",
          "count": 1941,
          "shortest_values": "DOE",
          "longest_values": "Charter",
          "average_length": 3.496651210716126
        }
      ]
    },
    {
      "column_name": "PRIMARY_BUILDING_CODE",
      "number_non_empty_cells": 1941,
      "number_empty_cells": 0,
      "number_distinct_values": 1333,
      "frequent_values": [
        "M860",
        "K026",
        "X475",
        "X410",
        "M125"
      ],
      "data_types": [
        {
          "type": "DATE/TIME",
          "count": 65,
          "max_value": "M058",
          "min_value": "M001"
        },
        {
          "type": "TEXT",
          "count": 1876,
          "shortest_values": "M965",
          "longest_values": "M965",
          "average_length": 4.0
        }
      ]
    },
    {
      "column_name": "ADMINISTRATIVE_DISTRICT_NAME",
      "number_non_empty_cells": 1495,
      "number_empty_cells": 446,
      "number_distinct_values": 48,
      "frequent_values": [
        "",
        "OFFICE OF CHARTER SCHOOLS",
        "COMMUNITY SCHOOL DISTRICT 31",
        "CITYWIDE SPECIAL EDUCATION",
        "COMMUNITY SCHOOL DISTRICT 10"
      ],
      "data_types": [
        {
          "type": "TEXT",
          "count": 1495,
          "shortest_values": "DCEPC",
          "longest_values": "DEPUTY CHANCELLOR OF FINANCE AND ADMINISTRATION",
          "average_length": 27.40802675585284
        }
      ]
    },
    {
      "column_name": "GRADES_TEXT",
      "number_non_empty_cells": 1872,
      "number_empty_cells": 69,
      "number_distinct_values": 95,
      "frequent_values": [
        "PK,0K,01,02,03,04,05,SE",
        "09,10,11,12,SE",
        "06,07,08,SE",
        "0K,01,02,03,04,05,SE",
        "PK,0K,01,02,03,04,05,06,07,08,SE"
      ],
      "data_types": [
        {
          "type": "DATE/TIME",
          "count": 193,
          "max_value": "09,11",
          "min_value": "04,05,06,07,08"
        },
        {
          "type": "INTEGER (LONG)",
          "count": 6,
          "max_value": 10,
          "min_value": 5,
          "mean": 7.333333333333333
        },
        {
          "type": "TEXT",
          "count": 1673,
          "shortest_values": "0K,01",
          "longest_values": "PK,0K,01,02,03,04,05,06,07,08,09,10,11,12,SE",
          "average_length": 19.88702928870293
        }
      ]
    },
    {
      "column_name": "LONGITUDE",
      "number_non_empty_cells": 1940,
      "number_empty_cells": 1,
      "number_distinct_values": 1301,
      "frequent_values": [
        "40.713014",
        "40.874035",
        "40.6921",
        "40.705688",
        "40.877379"
      ],
      "data_types": [
        {
          "type": "REAL",
          "count": 1940,
          "max_value": 40.903275,
          "min_value": 40.5083,
          "mean": 40.73625337783495
        }
      ]
    },
    {
      "column_name": "COMMUNITY_SCHOOL_SUP_NAME",
      "number_non_empty_cells": 1189,
      "number_empty_cells": 752,
      "number_distinct_values": 35,
      "frequent_values": [
        "",
        "GALLASSIO, VINCENZA",
        "LOUISSAINT, KETLER",
        "HULLA, MARIBEL",
        "CHUMNEY, DONALDA"
      ],
      "data_types": [
        {
          "type": "TEXT",
          "count": 1189,
          "shortest_values": "RUX, DANIKA",
          "longest_values": "RODRIGUEZ-ROSARIO, LETICIA",
          "average_length": 15.819175777964675
        }
      ]
    },
    {
      "column_name": "BEDS_NUMBER",
      "number_non_empty_cells": 1941,
      "number_empty_cells": 0,
      "number_distinct_values": 1880,
      "frequent_values": [
        "307500010000",
        "320800010000",
        "321100861126",
        "321100010000",
        "310300011479"
      ],
      "data_types": [
        {
          "type": "INTEGER (LONG)",
          "count": 1941,
          "max_value": 353100861136,
          "min_value": 300000010000,
          "mean": 326975901914.07574
        }
      ]
    },
    {
      "column_name": "NTA",
      "number_non_empty_cells": 1939,
      "number_empty_cells": 2,
      "number_distinct_values": 190,
      "frequent_values": [
        "BK35",
        "BX39",
        "BK81",
        "BX01",
        "BK38"
      ],
      "data_types": [
        {
          "type": "TEXT",
          "count": 1939,
          "shortest_values": "MN35",
          "longest_values": "MN35",
          "average_length": 4.0
        }
      ]
    },
    {
      "column_name": "PRINCIPAL_PHONE_NUMBER",
      "number_non_empty_cells": 1894,
      "number_empty_cells": 47,
      "number_distinct_values": 1818,
      "frequent_values": [
        "",
        "718-381-7100",
        "718-410-8100",
        "212-927-1841",
        "718-828-0034"
      ],
      "data_types": [
        {
          "type": "TEXT",
          "count": 1894,
          "shortest_values": "646-254-6451",
          "longest_values": "646-254-6451",
          "average_length": 12.0
        }
      ]
    },
    {
      "column_name": "HIGHSCHOOL_NETWORK_LOCATION_CODE",
      "number_non_empty_cells": 447,
      "number_empty_cells": 1494,
      "number_distinct_values": 13,
      "frequent_values": [
        "",
        "HS07",
        "HS10",
        "HS04",
        "HS05"
      ],
      "data_types": [
        {
          "type": "TEXT",
          "count": 447,
          "shortest_values": "HS12",
          "longest_values": "HS12",
          "average_length": 4.0
        }
      ]
    },
    {
      "column_name": "OPEN_DATE",
      "number_non_empty_cells": 1941,
      "number_empty_cells": 0,
      "number_distinct_values": 220,
      "frequent_values": [
        "1999-07-01T00:00:00.000",
        "2004-09-08T00:00:00.000",
        "2013-07-01T00:00:00.000",
        "2008-07-01T00:00:00.000",
        "2005-07-01T00:00:00.000"
      ],
      "data_types": [
        {
          "type": "DATE/TIME",
          "count": 1941,
          "max_value": "2018-07-01T00:00:00.000",
          "min_value": "1867-07-01 00:00:00.000"
        }
      ]
    },
    {
      "column_name": "HIGHSCHOOL_NETWORK_NAME",
      "number_non_empty_cells": 447,
      "number_empty_cells": 1494,
      "number_distinct_values": 13,
      "frequent_values": [
        "",
        "HS Network 07 Superintendent Office",
        "HS Network 10 Superintendent Office",
        "HS Network 04 Superintendent Office",
        "HS Network 05 Superintendent Office"
      ],
      "data_types": [
        {
          "type": "TEXT",
          "count": 447,
          "shortest_values": "Alternative High School District",
          "longest_values": "H.S. Network 12 Superintendent Office",
          "average_length": 35.17225950782998
        }
      ]
    },
    {
      "column_name": "LOCATION_CODE",
      "number_non_empty_cells": 1941,
      "number_empty_cells": 0,
      "number_distinct_values": 1881,
      "frequent_values": [
        "X808",
        "X606",
        "X10C",
        "M479",
        "X250"
      ],
      "data_types": [
        {
          "type": "DATE/TIME",
          "count": 35,
          "max_value": "M059",
          "min_value": "M001"
        },
        {
          "type": "TEXT",
          "count": 1906,
          "shortest_values": "M430",
          "longest_values": "M430",
          "average_length": 4.0
        }
      ]
    },
    {
      "column_name": "GRADES_FINAL_TEXT",
      "number_non_empty_cells": 1850,
      "number_empty_cells": 91,
      "number_distinct_values": 62,
      "frequent_values": [
        "09,10,11,12",
        "PK,0K,01,02,03,04,05",
        "06,07,08",
        "0K,01,02,03,04,05",
        "0K,01,02,03,04,05,06,07,08"
      ],
      "data_types": [
        {
          "type": "DATE/TIME",
          "count": 796,
          "max_value": "09,10,11,12",
          "min_value": "04,05,06,07,08"
        },
        {
          "type": "TEXT",
          "count": 1054,
          "shortest_values": "0K,01,02",
          "longest_values": "PK,0K,01,02,03,04,05,06,07,08,09,10,11,12,SE",
          "average_length": 21.76091081593928
        }
      ]
    },
    {
      "column_name": "COUNCIL_DISTRICT",
      "number_non_empty_cells": 1940,
      "number_empty_cells": 1,
      "number_distinct_values": 53,
      "frequent_values": [
        "8",
        "17",
        "1",
        "16",
        "36"
      ],
      "data_types": [
        {
          "type": "INTEGER (LONG)",
          "count": 1940,
          "max_value": 51,
          "min_value": 0,
          "mean": 24.17319587628866
        }
      ]
    },
    {
      "column_name": "LOCATION_NAME",
      "number_non_empty_cells": 1941,
      "number_empty_cells": 0,
      "number_distinct_values": 1871,
      "frequent_values": [
        "New Visions Charter High School for the Humanities",
        "New Visions Charter High School for Advanced Math",
        "District 8 Superintendent Office",
        "Emblaze Academy Charter School",
        "District 11 Superintendent Office"
      ],
      "data_types": [
        {
          "type": "TEXT",
          "count": 1941,
          "shortest_values": "Kappa",
          "longest_values": "Success Academy Charter School - Rosedale - New Yo",
          "average_length": 29.051004636785162
        }
      ]
    },
    {
      "column_name": "LOCATION_TYPE_DESCRIPTION",
      "number_non_empty_cells": 1941,
      "number_empty_cells": 0,
      "number_distinct_values": 7,
      "frequent_values": [
        "General Academic",
        "Special Education",
        "Transfer School",
        "Career Technical",
        "Not Applicable"
      ],
      "data_types": [
        {
          "type": "TEXT",
          "count": 1941,
          "shortest_values": "Adult",
          "longest_values": "Special Education",
          "average_length": 15.990726429675425
        }
      ]
    },
    {
      "column_name": "NTA_NAME",
      "number_non_empty_cells": 1939,
      "number_empty_cells": 2,
      "number_distinct_values": 190,
      "frequent_values": [
        "Stuyvesant Heights",
        "Mott Haven-Port Morris",
        "Brownsville",
        "Claremont-Bathgate",
        "DUMBO-Vinegar Hill-Downtown Brooklyn-Boerum Hill"
      ],
      "data_types": [
        {
          "type": "TEXT",
          "count": 1939,
          "shortest_values": "Hollis",
          "longest_values": "Todt Hill-Emerson Hill-Heartland Village-Lighthouse Hill",
          "average_length": 19.92057761732852
        }
      ]
    },
    {
      "column_name": "HIGHSCHOOL_NETWORK_SUPERINTENDENT",
      "number_non_empty_cells": 447,
      "number_empty_cells": 1494,
      "number_distinct_values": 13,
      "frequent_values": [
        "",
        "CINTRON, RICHARD",
        "ROTONDO, PAUL",
        "ORLEN, VIVIAN",
        "ROSS, JANICE"
      ],
      "data_types": [
        {
          "type": "TEXT",
          "count": 447,
          "shortest_values": "WALSH, FRED",
          "longest_values": "CINTRON, RICHARD",
          "average_length": 13.476510067114093
        }
      ]
    },
    {
      "column_name": "FAX_NUMBER",
      "number_non_empty_cells": 1804,
      "number_empty_cells": 137,
      "number_distinct_values": 1742,
      "frequent_values": [
        "",
        "718-345-3327",
        "212-465-4235",
        "212-674-8021",
        "718-590-1081"
      ],
      "data_types": [
        {
          "type": "TEXT",
          "count": 1804,
          "shortest_values": "212-202-3584",
          "longest_values": "212-202-3584",
          "average_length": 12.0
        }
      ]
    },
    {
      "column_name": "New Georeferenced Column",
      "number_non_empty_cells": 1940,
      "number_empty_cells": 1,
      "number_distinct_values": 1303,
      "frequent_values": [
        "POINT (40.713014 -74.006085)",
        "POINT (40.874035000000006 -73.831669)",
        "POINT (40.6921 -73.9317)",
        "POINT (40.705688 -74.013303)",
        "POINT (40.877379 -73.912686)"
      ],
      "data_types": [
        {
          "type": "TEXT",
          "count": 1940,
          "shortest_values": "POINT (40.861 -73.8901)",
          "longest_values": "POINT (40.822522000000006 -73.87727400000001)",
          "average_length": 28.620618556701032
        }
      ]
    }
  ]
}