{
  "dataset_name": "9cx5-kdi8.tsv.gz",
  "key_column_candidates": [
    "SERIALNO",
    "SPORDER",
    "PWGTP",
    "WGTP",
    "AGEP",
    "CIT",
    "REL",
    "SCH",
    "SCHG",
    "SCHL",
    "SEX",
    "ESR",
    "LANX",
    "ENG",
    "MSP",
    "MAR",
    "WKW",
    "WKHP",
    "DIS",
    "JWTR",
    "NP",
    "TEN",
    "HHT",
    "Boro",
    "Povunit_ID",
    "Povunit_Rel",
    "HIUnit_ID",
    "HIUnit_Head",
    "SNAPUnit_ID",
    "SNAPUnit_Rel",
    "TaxUnit_ID",
    "TaxUnit_Rel",
    "TaxUnit_FILER",
    "TaxUnit_FILESTAT",
    "TaxUnit_FILETYPE",
    "NYCgov_REL",
    "NYCgov_SFN",
    "NYCgov_SFR",
    "FamType_PU",
    "HousingStatus",
    "Ethnicity",
    "TotalWorkHrs_PU",
    "EducAttain",
    "CitizenStatus",
    "AgeCateg",
    "FTPTWork",
    "PreTaxIncome_PU",
    "WAGP_adj",
    "INTP_adj",
    "SEMP_adj",
    "SSP_adj",
    "SSIP_adj",
    "PA_adj",
    "RETP_adj",
    "OI_adj",
    "MRGP_adj",
    "RNTP_adj",
    "NYCgov_Housing",
    "NYCgov_Childcare",
    "NYCgov_Commuting",
    "NYCgov_MOOP",
    "NYCgov_MedSpending",
    "NYCgov_MedPremiums",
    "NYCgov_HEAP",
    "NYCgov_WIC",
    "NYCgov_SNAP",
    "NYCgov_SchoolLunch",
    "NYCgov_SchoolBreakfast",
    "NYCgov_Nutrition",
    "NYCgov_FICAtax",
    "NYCgov_IncomeTax",
    "NYCgov_Income",
    "NYCgov_EITC",
    "Off_Threshold",
    "Off_Pov_Stat",
    "NYCgov_Threshold",
    "NYCgov_Pov_Stat",
    "NYCgov_PovGapIndex",
    "NYCgov_PovGap"
  ],
  "columns": [
    {
      "column_name": "NYCgov_HEAP",
      "number_non_empty_cells": 65018,
      "number_empty_cells": 0,
      "number_distinct_values": 4,
      "frequent_values": [
        "0",
        "50",
        "1",
        "40"
      ],
      "data_types": [
        {
          "type": "INTEGER (LONG)",
          "count": 65018,
          "max_value": 50,
          "min_value": 0,
          "mean": 7.6446830108585315
        }
      ]
    },
    {
      "column_name": "NYCgov_Housing",
      "number_non_empty_cells": 65018,
      "number_empty_cells": 0,
      "number_distinct_values": 5753,
      "frequent_values": [
        "0",
        "5603.154",
        "5603.15385124124",
        "11622.85",
        "4422.847"
      ],
      "data_types": [
        {
          "type": "REAL",
          "count": 20767,
          "max_value": 28660.57,
          "min_value": 6.84693025019988,
          "mean": 7186.575351558894
        },
        {
          "type": "INTEGER (LONG)",
          "count": 44251,
          "max_value": 32633,
          "min_value": 0,
          "mean": 218.8903527603896
        }
      ]
    },
    {
      "column_name": "LANX",
      "number_non_empty_cells": 61074,
      "number_empty_cells": 3944,
      "number_distinct_values": 3,
      "frequent_values": [
        "2",
        "1",
        ""
      ],
      "data_types": [
        {
          "type": "INTEGER (LONG)",
          "count": 61074,
          "max_value": 2,
          "min_value": 1,
          "mean": 1.519910272783836
        }
      ]
    },
    {
      "column_name": "RNTP_adj",
      "number_non_empty_cells": 65018,
      "number_empty_cells": 0,
      "number_distinct_values": 215,
      "frequent_values": [
        "0",
        "1007.624",
        "1511.436",
        "1209.149",
        "1209.1488"
      ],
      "data_types": [
        {
          "type": "INTEGER (LONG)",
          "count": 26544,
          "max_value": 0,
          "min_value": 0,
          "mean": 0.0
        },
        {
          "type": "REAL",
          "count": 38474,
          "max_value": 3627.4464,
          "min_value": 4.030496,
          "mean": 1141.7629039508213
        }
      ]
    },
    {
      "column_name": "NYCgov_Pov_Stat",
      "number_non_empty_cells": 65018,
      "number_empty_cells": 0,
      "number_distinct_values": 2,
      "frequent_values": [
        "2",
        "1"
      ],
      "data_types": [
        {
          "type": "INTEGER (LONG)",
          "count": 65018,
          "max_value": 2,
          "min_value": 1,
          "mean": 1.805130886831339
        }
      ]
    },
    {
      "column_name": "WAGP_adj",
      "number_non_empty_cells": 65018,
      "number_empty_cells": 0,
      "number_distinct_values": 1351,
      "frequent_values": [
        "0",
        "40304.96",
        "30228.72",
        "50381.2",
        "20152.48"
      ],
      "data_types": [
        {
          "type": "INTEGER (LONG)",
          "count": 34881,
          "max_value": 276089,
          "min_value": 0,
          "mean": 1338.07648863278
        },
        {
          "type": "REAL",
          "count": 30137,
          "max_value": 501796.8,
          "min_value": 4.030496,
          "mean": 51402.226769609675
        }
      ]
    },
    {
      "column_name": "JWTR",
      "number_non_empty_cells": 28581,
      "number_empty_cells": 36437,
      "number_distinct_values": 13,
      "frequent_values": [
        "",
        "4",
        "1",
        "2",
        "10"
      ],
      "data_types": [
        {
          "type": "INTEGER (LONG)",
          "count": 28581,
          "max_value": 12,
          "min_value": 1,
          "mean": 3.922221055946258
        }
      ]
    },
    {
      "column_name": "NYCgov_SNAP",
      "number_non_empty_cells": 65018,
      "number_empty_cells": 0,
      "number_distinct_values": 3164,
      "frequent_values": [
        "0",
        "2400",
        "2200",
        "4404",
        "2600"
      ],
      "data_types": [
        {
          "type": "INTEGER (LONG)",
          "count": 64798,
          "max_value": 19661,
          "min_value": 0,
          "mean": 1330.986558227106
        },
        {
          "type": "REAL",
          "count": 220,
          "max_value": 16577.86,
          "min_value": 8.34,
          "mean": 5225.311181818179
        }
      ]
    },
    {
      "column_name": "SCHL",
      "number_non_empty_cells": 62653,
      "number_empty_cells": 2365,
      "number_distinct_values": 25,
      "frequent_values": [
        "16",
        "21",
        "19",
        "22",
        "20"
      ],
      "data_types": [
        {
          "type": "INTEGER (LONG)",
          "count": 62653,
          "max_value": 24,
          "min_value": 1,
          "mean": 15.609771279906788
        }
      ]
    },
    {
      "column_name": "SNAPUnit_Rel",
      "number_non_empty_cells": 65018,
      "number_empty_cells": 0,
      "number_distinct_values": 4,
      "frequent_values": [
        "1",
        "3",
        "2",
        "4"
      ],
      "data_types": [
        {
          "type": "INTEGER (LONG)",
          "count": 65018,
          "max_value": 4,
          "min_value": 1,
          "mean": 1.7071272570672738
        }
      ]
    },
    {
      "column_name": "TotalWorkHrs_PU",
      "number_non_empty_cells": 65018,
      "number_empty_cells": 0,
      "number_distinct_values": 5,
      "frequent_values": [
        "1",
        "3",
        "5",
        "2",
        "4"
      ],
      "data_types": [
        {
          "type": "INTEGER (LONG)",
          "count": 65018,
          "max_value": 5,
          "min_value": 1,
          "mean": 2.6480513088683133
        }
      ]
    },
    {
      "column_name": "PreTaxIncome_PU",
      "number_non_empty_cells": 65018,
      "number_empty_cells": 0,
      "number_distinct_values": 5704,
      "frequent_values": [
        "0",
        "40304.96",
        "30228.72",
        "50381.2",
        "20152.48"
      ],
      "data_types": [
        {
          "type": "REAL",
          "count": 62682,
          "max_value": 1769387.744,
          "min_value": -20253.2424,
          "mean": 82272.91104369413
        },
        {
          "type": "INTEGER (LONG)",
          "count": 2336,
          "max_value": 1367547,
          "min_value": 0,
          "mean": 110991.83989726027
        }
      ]
    },
    {
      "column_name": "Off_Pov_Stat",
      "number_non_empty_cells": 65018,
      "number_empty_cells": 0,
      "number_distinct_values": 2,
      "frequent_values": [
        "2",
        "1"
      ],
      "data_types": [
        {
          "type": "INTEGER (LONG)",
          "count": 65018,
          "max_value": 2,
          "min_value": 1,
          "mean": 1.8240487249684703
        }
      ]
    },
    {
      "column_name": "NYCgov_SFN",
      "number_non_empty_cells": 65018,
      "number_empty_cells": 0,
      "number_distinct_values": 4,
      "frequent_values": [
        "0",
        "1",
        "2",
        "3"
      ],
      "data_types": [
        {
          "type": "INTEGER (LONG)",
          "count": 65018,
          "max_value": 3,
          "min_value": 0,
          "mean": 0.053139130702267064
        }
      ]
    },
    {
      "column_name": "NYCgov_IncomeTax",
      "number_non_empty_cells": 65018,
      "number_empty_cells": 0,
      "number_distinct_values": 16791,
      "frequent_values": [
        "0",
        "-62.5",
        "-125",
        "-262.5",
        "-162.5"
      ],
      "data_types": [
        {
          "type": "REAL",
          "count": 58668,
          "max_value": 794605.523663103,
          "min_value": -19753.91,
          "mean": 16677.174742902458
        },
        {
          "type": "INTEGER (LONG)",
          "count": 6350,
          "max_value": 291048,
          "min_value": -10754,
          "mean": 2719.868818897638
        }
      ]
    },
    {
      "column_name": "NYCgov_EITC",
      "number_non_empty_cells": 65018,
      "number_empty_cells": 0,
      "number_distinct_values": 1512,
      "frequent_values": [
        "0",
        "3050",
        "5036",
        "5666",
        "258.3876"
      ],
      "data_types": [
        {
          "type": "INTEGER (LONG)",
          "count": 61029,
          "max_value": 5666,
          "min_value": 0,
          "mean": 67.55109865801504
        },
        {
          "type": "REAL",
          "count": 3989,
          "max_value": 5649.55940027873,
          "min_value": -578.1243,
          "mean": 1952.606517967751
        }
      ]
    },
    {
      "column_name": "NYCgov_Threshold",
      "number_non_empty_cells": 65018,
      "number_empty_cells": 0,
      "number_distinct_values": 54,
      "frequent_values": [
        "19640.43",
        "13929.38",
        "30055",
        "19640.4286792235",
        "13929.3820420025"
      ],
      "data_types": [
        {
          "type": "INTEGER (LONG)",
          "count": 6031,
          "max_value": 30055,
          "min_value": 30055,
          "mean": 30055.0
        },
        {
          "type": "REAL",
          "count": 58987,
          "max_value": 81614.79,
          "min_value": 13929.38,
          "mean": 27534.04546220175
        }
      ]
    },
    {
      "column_name": "ENG",
      "number_non_empty_cells": 29321,
      "number_empty_cells": 35697,
      "number_distinct_values": 5,
      "frequent_values": [
        "",
        "1",
        "2",
        "3",
        "4"
      ],
      "data_types": [
        {
          "type": "INTEGER (LONG)",
          "count": 29321,
          "max_value": 4,
          "min_value": 1,
          "mean": 1.8158657617407319
        }
      ]
    },
    {
      "column_name": "Povunit_ID",
      "number_non_empty_cells": 65018,
      "number_empty_cells": 0,
      "number_distinct_values": 8,
      "frequent_values": [
        "1",
        "2",
        "3",
        "4",
        "5"
      ],
      "data_types": [
        {
          "type": "INTEGER (LONG)",
          "count": 65018,
          "max_value": 8,
          "min_value": 1,
          "mean": 1.0446337937186625
        }
      ]
    },
    {
      "column_name": "TaxUnit_FILER",
      "number_non_empty_cells": 65018,
      "number_empty_cells": 0,
      "number_distinct_values": 2,
      "frequent_values": [
        "0",
        "1"
      ],
      "data_types": [
        {
          "type": "INTEGER (LONG)",
          "count": 65018,
          "max_value": 1,
          "min_value": 0,
          "mean": 0.47797532990864067
        }
      ]
    },
    {
      "column_name": "TaxUnit_FILETYPE",
      "number_non_empty_cells": 65018,
      "number_empty_cells": 0,
      "number_distinct_values": 5,
      "frequent_values": [
        "1",
        "0",
        "3",
        "2",
        "4"
      ],
      "data_types": [
        {
          "type": "INTEGER (LONG)",
          "count": 65018,
          "max_value": 4,
          "min_value": 0,
          "mean": 0.7819373096680919
        }
      ]
    },
    {
      "column_name": "NYCgov_SFR",
      "number_non_empty_cells": 65018,
      "number_empty_cells": 0,
      "number_distinct_values": 7,
      "frequent_values": [
        "0",
        "5",
        "3",
        "1",
        "2"
      ],
      "data_types": [
        {
          "type": "INTEGER (LONG)",
          "count": 65018,
          "max_value": 6,
          "min_value": 0,
          "mean": 0.17347503768187272
        }
      ]
    },
    {
      "column_name": "HousingStatus",
      "number_non_empty_cells": 65018,
      "number_empty_cells": 0,
      "number_distinct_values": 10,
      "frequent_values": [
        "9",
        "4",
        "6",
        "8",
        "3"
      ],
      "data_types": [
        {
          "type": "INTEGER (LONG)",
          "count": 65018,
          "max_value": 10,
          "min_value": 1,
          "mean": 6.116644621489434
        }
      ]
    },
    {
      "column_name": "NYCgov_Commuting",
      "number_non_empty_cells": 65018,
      "number_empty_cells": 0,
      "number_distinct_values": 3279,
      "frequent_values": [
        "0",
        "980",
        "1176",
        "784",
        "1960"
      ],
      "data_types": [
        {
          "type": "REAL",
          "count": 22500,
          "max_value": 25620.19,
          "min_value": 8.2,
          "mean": 2257.8901623651445
        },
        {
          "type": "INTEGER (LONG)",
          "count": 42518,
          "max_value": 18732,
          "min_value": 0,
          "mean": 1329.6445975822005
        }
      ]
    },
    {
      "column_name": "NYCgov_SchoolBreakfast",
      "number_non_empty_cells": 65018,
      "number_empty_cells": 0,
      "number_distinct_values": 7,
      "frequent_values": [
        "0",
        "255.5",
        "511",
        "766.5",
        "1022"
      ],
      "data_types": [
        {
          "type": "REAL",
          "count": 2537,
          "max_value": 1277.5,
          "min_value": 255.5,
          "mean": 384.8109972408356
        },
        {
          "type": "INTEGER (LONG)",
          "count": 62481,
          "max_value": 1533,
          "min_value": 0,
          "mean": 14.246923064611641
        }
      ]
    },
    {
      "column_name": "WGTP",
      "number_non_empty_cells": 65018,
      "number_empty_cells": 0,
      "number_distinct_values": 381,
      "frequent_values": [
        "67",
        "66",
        "69",
        "74",
        "64"
      ],
      "data_types": [
        {
          "type": "INTEGER (LONG)",
          "count": 65018,
          "max_value": 697,
          "min_value": 28,
          "mean": 118.50649051032022
        }
      ]
    },
    {
      "column_name": "Povunit_Rel",
      "number_non_empty_cells": 65018,
      "number_empty_cells": 0,
      "number_distinct_values": 4,
      "frequent_values": [
        "1",
        "3",
        "4",
        "2"
      ],
      "data_types": [
        {
          "type": "INTEGER (LONG)",
          "count": 65018,
          "max_value": 4,
          "min_value": 1,
          "mean": 2.135300993571011
        }
      ]
    },
    {
      "column_name": "NYCgov_SchoolLunch",
      "number_non_empty_cells": 65018,
      "number_empty_cells": 0,
      "number_distinct_values": 15,
      "frequent_values": [
        "0",
        "509.25",
        "1018.5",
        "1527.75",
        "2037"
      ],
      "data_types": [
        {
          "type": "INTEGER (LONG)",
          "count": 55347,
          "max_value": 2037,
          "min_value": 0,
          "mean": 20.75754783457098
        },
        {
          "type": "REAL",
          "count": 9671,
          "max_value": 3564.75,
          "min_value": 438.9,
          "mean": 871.7829386826652
        }
      ]
    },
    {
      "column_name": "PA_adj",
      "number_non_empty_cells": 65018,
      "number_empty_cells": 0,
      "number_distinct_values": 271,
      "frequent_values": [
        "0",
        "2418.298",
        "2418.2976",
        "2015.248",
        "1007.624"
      ],
      "data_types": [
        {
          "type": "REAL",
          "count": 1237,
          "max_value": 30228.72,
          "min_value": 10.07624,
          "mean": 3673.69773096201
        },
        {
          "type": "INTEGER (LONG)",
          "count": 63781,
          "max_value": 0,
          "min_value": 0,
          "mean": 0.0
        }
      ]
    },
    {
      "column_name": "NP",
      "number_non_empty_cells": 65018,
      "number_empty_cells": 0,
      "number_distinct_values": 15,
      "frequent_values": [
        "2",
        "4",
        "3",
        "1",
        "5"
      ],
      "data_types": [
        {
          "type": "INTEGER (LONG)",
          "count": 65018,
          "max_value": 15,
          "min_value": 1,
          "mean": 3.512658033160048
        }
      ]
    },
    {
      "column_name": "MRGP_adj",
      "number_non_empty_cells": 65018,
      "number_empty_cells": 0,
      "number_distinct_values": 243,
      "frequent_values": [
        "0",
        "2015.248",
        "1511.436",
        "2519.06",
        "3022.872"
      ],
      "data_types": [
        {
          "type": "INTEGER (LONG)",
          "count": 47545,
          "max_value": 0,
          "min_value": 0,
          "mean": 0.0
        },
        {
          "type": "REAL",
          "count": 17473,
          "max_value": 6348.0312,
          "min_value": 4.030496,
          "mean": 2082.0783851936017
        }
      ]
    },
    {
      "column_name": "NYCgov_MedSpending",
      "number_non_empty_cells": 65018,
      "number_empty_cells": 0,
      "number_distinct_values": 4650,
      "frequent_values": [
        "0",
        "20",
        "30",
        "25",
        "1"
      ],
      "data_types": [
        {
          "type": "INTEGER (LONG)",
          "count": 65018,
          "max_value": 62373,
          "min_value": 0,
          "mean": 1347.0353286782122
        }
      ]
    },
    {
      "column_name": "SCHG",
      "number_non_empty_cells": 65018,
      "number_empty_cells": 0,
      "number_distinct_values": 17,
      "frequent_values": [
        "0",
        "15",
        "16",
        "14",
        "1"
      ],
      "data_types": [
        {
          "type": "INTEGER (LONG)",
          "count": 65018,
          "max_value": 16,
          "min_value": 0,
          "mean": 2.519640714878957
        }
      ]
    },
    {
      "column_name": "NYCgov_PovGap",
      "number_non_empty_cells": 65018,
      "number_empty_cells": 0,
      "number_distinct_values": 5361,
      "frequent_values": [
        "0",
        "13929.38",
        "13929.382",
        "19640.43",
        "19640.428"
      ],
      "data_types": [
        {
          "type": "INTEGER (LONG)",
          "count": 52412,
          "max_value": 30055,
          "min_value": 0,
          "mean": 30.830630389987025
        },
        {
          "type": "REAL",
          "count": 12606,
          "max_value": 45939.44,
          "min_value": 0.93462718,
          "mean": 8586.531695594436
        }
      ]
    },
    {
      "column_name": "EducAttain",
      "number_non_empty_cells": 62653,
      "number_empty_cells": 2365,
      "number_distinct_values": 5,
      "frequent_values": [
        "1",
        "4",
        "2",
        "3",
        ""
      ],
      "data_types": [
        {
          "type": "INTEGER (LONG)",
          "count": 62653,
          "max_value": 4,
          "min_value": 1,
          "mean": 2.3973632547523662
        }
      ]
    },
    {
      "column_name": "TEN",
      "number_non_empty_cells": 65018,
      "number_empty_cells": 0,
      "number_distinct_values": 4,
      "frequent_values": [
        "3",
        "1",
        "2",
        "4"
      ],
      "data_types": [
        {
          "type": "INTEGER (LONG)",
          "count": 65018,
          "max_value": 4,
          "min_value": 1,
          "mean": 2.352656187517303
        }
      ]
    },
    {
      "column_name": "SNAPUnit_ID",
      "number_non_empty_cells": 65018,
      "number_empty_cells": 0,
      "number_distinct_values": 20,
      "frequent_values": [
        "1",
        "52",
        "2",
        "53",
        "101"
      ],
      "data_types": [
        {
          "type": "INTEGER (LONG)",
          "count": 65018,
          "max_value": 102,
          "min_value": 1,
          "mean": 10.348565012765695
        }
      ]
    },
    {
      "column_name": "FTPTWork",
      "number_non_empty_cells": 65018,
      "number_empty_cells": 0,
      "number_distinct_values": 3,
      "frequent_values": [
        "3",
        "1",
        "2"
      ],
      "data_types": [
        {
          "type": "INTEGER (LONG)",
          "count": 65018,
          "max_value": 3,
          "min_value": 1,
          "mean": 2.1740133501491896
        }
      ]
    },
    {
      "column_name": "NYCgov_Childcare",
      "number_non_empty_cells": 65018,
      "number_empty_cells": 0,
      "number_distinct_values": 486,
      "frequent_values": [
        "0",
        "6262.065",
        "9393.1",
        "5053.915",
        "4696.549"
      ],
      "data_types": [
        {
          "type": "INTEGER (LONG)",
          "count": 61700,
          "max_value": 0,
          "min_value": 0,
          "mean": 0.0
        },
        {
          "type": "REAL",
          "count": 3318,
          "max_value": 45485.25,
          "min_value": 50.09652,
          "mean": 9339.133884502731
        }
      ]
    },
    {
      "column_name": "CIT",
      "number_non_empty_cells": 65018,
      "number_empty_cells": 0,
      "number_distinct_values": 5,
      "frequent_values": [
        "1",
        "4",
        "5",
        "2",
        "3"
      ],
      "data_types": [
        {
          "type": "INTEGER (LONG)",
          "count": 65018,
          "max_value": 5,
          "min_value": 1,
          "mean": 2.3166507736319173
        }
      ]
    },
    {
      "column_name": "MSP",
      "number_non_empty_cells": 53622,
      "number_empty_cells": 11396,
      "number_distinct_values": 7,
      "frequent_values": [
        "6",
        "1",
        "",
        "4",
        "3"
      ],
      "data_types": [
        {
          "type": "INTEGER (LONG)",
          "count": 53622,
          "max_value": 6,
          "min_value": 1,
          "mean": 3.551247622244601
        }
      ]
    },
    {
      "column_name": "HIUnit_ID",
      "number_non_empty_cells": 65018,
      "number_empty_cells": 0,
      "number_distinct_values": 10,
      "frequent_values": [
        "1",
        "2",
        "3",
        "4",
        "5"
      ],
      "data_types": [
        {
          "type": "INTEGER (LONG)",
          "count": 65018,
          "max_value": 10,
          "min_value": 1,
          "mean": 1.3035005690731798
        }
      ]
    },
    {
      "column_name": "TaxUnit_ID",
      "number_non_empty_cells": 65018,
      "number_empty_cells": 0,
      "number_distinct_values": 9,
      "frequent_values": [
        "1",
        "2",
        "3",
        "4",
        "5"
      ],
      "data_types": [
        {
          "type": "INTEGER (LONG)",
          "count": 65018,
          "max_value": 9,
          "min_value": 1,
          "mean": 1.2717093727890738
        }
      ]
    },
    {
      "column_name": "SEMP_adj",
      "number_non_empty_cells": 65018,
      "number_empty_cells": 0,
      "number_distinct_values": 520,
      "frequent_values": [
        "0",
        "20152.48",
        "10076.24",
        "30228.72",
        "15114.36"
      ],
      "data_types": [
        {
          "type": "REAL",
          "count": 3081,
          "max_value": 345615.032,
          "min_value": -7557.18,
          "mean": 26265.205340613942
        },
        {
          "type": "INTEGER (LONG)",
          "count": 61937,
          "max_value": 345615,
          "min_value": 0,
          "mean": 278.27970356975635
        }
      ]
    },
    {
      "column_name": "NYCgov_MedPremiums",
      "number_non_empty_cells": 65018,
      "number_empty_cells": 0,
      "number_distinct_values": 3972,
      "frequent_values": [
        "0",
        "4800",
        "3600",
        "1200",
        "1800"
      ],
      "data_types": [
        {
          "type": "REAL",
          "count": 21852,
          "max_value": 28288.04,
          "min_value": 21.34,
          "mean": 3260.4996698837713
        },
        {
          "type": "INTEGER (LONG)",
          "count": 43166,
          "max_value": 37922,
          "min_value": 0,
          "mean": 1693.7018023444377
        }
      ]
    },
    {
      "column_name": "NYCgov_PovGapIndex",
      "number_non_empty_cells": 65018,
      "number_empty_cells": 0,
      "number_distinct_values": 5341,
      "frequent_values": [
        "0",
        "1",
        "0.08095817",
        "0.2832028",
        "0.23839001"
      ],
      "data_types": [
        {
          "type": "INTEGER (LONG)",
          "count": 53013,
          "max_value": 1,
          "min_value": 0,
          "mean": 0.012544092958330975
        },
        {
          "type": "REAL",
          "count": 12005,
          "max_value": 0.99992764,
          "min_value": 5.9150898e-05,
          "mean": 0.3092808944038219
        }
      ]
    },
    {
      "column_name": "ESR",
      "number_non_empty_cells": 52814,
      "number_empty_cells": 12204,
      "number_distinct_values": 6,
      "frequent_values": [
        "1",
        "6",
        "",
        "3",
        "2"
      ],
      "data_types": [
        {
          "type": "INTEGER (LONG)",
          "count": 52814,
          "max_value": 6,
          "min_value": 1,
          "mean": 3.0307494225016094
        }
      ]
    },
    {
      "column_name": "MAR",
      "number_non_empty_cells": 65018,
      "number_empty_cells": 0,
      "number_distinct_values": 5,
      "frequent_values": [
        "5",
        "1",
        "3",
        "2",
        "4"
      ],
      "data_types": [
        {
          "type": "INTEGER (LONG)",
          "count": 65018,
          "max_value": 5,
          "min_value": 1,
          "mean": 3.2950413731582024
        }
      ]
    },
    {
      "column_name": "Ethnicity",
      "number_non_empty_cells": 65018,
      "number_empty_cells": 0,
      "number_distinct_values": 5,
      "frequent_values": [
        "1",
        "4",
        "2",
        "3",
        "5"
      ],
      "data_types": [
        {
          "type": "INTEGER (LONG)",
          "count": 65018,
          "max_value": 5,
          "min_value": 1,
          "mean": 2.351518041157833
        }
      ]
    },
    {
      "column_name": "CitizenStatus",
      "number_non_empty_cells": 65018,
      "number_empty_cells": 0,
      "number_distinct_values": 3,
      "frequent_values": [
        "1",
        "2",
        "3"
      ],
      "data_types": [
        {
          "type": "INTEGER (LONG)",
          "count": 65018,
          "max_value": 3,
          "min_value": 1,
          "mean": 1.5318373373527332
        }
      ]
    },
    {
      "column_name": "SSP_adj",
      "number_non_empty_cells": 65018,
      "number_empty_cells": 0,
      "number_distinct_values": 632,
      "frequent_values": [
        "0",
        "12091.49",
        "12091.488",
        "6045.744",
        "15114.36"
      ],
      "data_types": [
        {
          "type": "INTEGER (LONG)",
          "count": 55965,
          "max_value": 28415,
          "min_value": 0,
          "mean": 7.236022514071294
        },
        {
          "type": "REAL",
          "count": 9053,
          "max_value": 50381.2,
          "min_value": 10.07624,
          "mean": 12242.47804301997
        }
      ]
    },
    {
      "column_name": "NYCgov_MOOP",
      "number_non_empty_cells": 65018,
      "number_empty_cells": 0,
      "number_distinct_values": 14915,
      "frequent_values": [
        "0",
        "1",
        "30",
        "5",
        "4"
      ],
      "data_types": [
        {
          "type": "INTEGER (LONG)",
          "count": 43166,
          "max_value": 62733,
          "min_value": 0,
          "mean": 2806.704443311866
        },
        {
          "type": "REAL",
          "count": 21852,
          "max_value": 63506.04,
          "min_value": 39.83,
          "mean": 5069.838450393324
        }
      ]
    },
    {
      "column_name": "NYCgov_WIC",
      "number_non_empty_cells": 65018,
      "number_empty_cells": 0,
      "number_distinct_values": 7,
      "frequent_values": [
        "0",
        "617.16",
        "1234.32",
        "1851.48",
        "2468.64"
      ],
      "data_types": [
        {
          "type": "REAL",
          "count": 6014,
          "max_value": 3702.96,
          "min_value": 617.16,
          "mean": 1019.1247023612277
        },
        {
          "type": "INTEGER (LONG)",
          "count": 59004,
          "max_value": 0,
          "min_value": 0,
          "mean": 0.0
        }
      ]
    },
    {
      "column_name": "NYCgov_Nutrition",
      "number_non_empty_cells": 65018,
      "number_empty_cells": 0,
      "number_distinct_values": 3562,
      "frequent_values": [
        "0",
        "509.25",
        "2400",
        "1018.5",
        "438.9"
      ],
      "data_types": [
        {
          "type": "INTEGER (LONG)",
          "count": 55567,
          "max_value": 19011,
          "min_value": 0,
          "mean": 834.3677182500405
        },
        {
          "type": "REAL",
          "count": 9451,
          "max_value": 20404.25,
          "min_value": 8.34,
          "mean": 5552.622236800282
        }
      ]
    },
    {
      "column_name": "SERIALNO",
      "number_non_empty_cells": 65018,
      "number_empty_cells": 0,
      "number_distinct_values": 26165,
      "frequent_values": [
        "467361",
        "1039514",
        "1180170",
        "375398",
        "766444"
      ],
      "data_types": [
        {
          "type": "INTEGER (LONG)",
          "count": 65018,
          "max_value": 1414513,
          "min_value": 18,
          "mean": 707749.5255929127
        }
      ]
    },
    {
      "column_name": "DIS",
      "number_non_empty_cells": 65018,
      "number_empty_cells": 0,
      "number_distinct_values": 2,
      "frequent_values": [
        "2",
        "1"
      ],
      "data_types": [
        {
          "type": "INTEGER (LONG)",
          "count": 65018,
          "max_value": 2,
          "min_value": 1,
          "mean": 1.8884616567719708
        }
      ]
    },
    {
      "column_name": "HHT",
      "number_non_empty_cells": 65018,
      "number_empty_cells": 0,
      "number_distinct_values": 7,
      "frequent_values": [
        "1",
        "3",
        "6",
        "2",
        "4"
      ],
      "data_types": [
        {
          "type": "INTEGER (LONG)",
          "count": 65018,
          "max_value": 7,
          "min_value": 1,
          "mean": 2.386000799778523
        }
      ]
    },
    {
      "column_name": "TaxUnit_Rel",
      "number_non_empty_cells": 65018,
      "number_empty_cells": 0,
      "number_distinct_values": 6,
      "frequent_values": [
        "1",
        "2",
        "3",
        "5",
        "6"
      ],
      "data_types": [
        {
          "type": "INTEGER (LONG)",
          "count": 65018,
          "max_value": 6,
          "min_value": 1,
          "mean": 2.0325602140945582
        }
      ]
    },
    {
      "column_name": "AgeCateg",
      "number_non_empty_cells": 65018,
      "number_empty_cells": 0,
      "number_distinct_values": 3,
      "frequent_values": [
        "2",
        "1",
        "3"
      ],
      "data_types": [
        {
          "type": "INTEGER (LONG)",
          "count": 65018,
          "max_value": 3,
          "min_value": 1,
          "mean": 1.930203943523332
        }
      ]
    },
    {
      "column_name": "OI_adj",
      "number_non_empty_cells": 65018,
      "number_empty_cells": 0,
      "number_distinct_values": 534,
      "frequent_values": [
        "0",
        "10076.24",
        "6045.744",
        "5038.12",
        "20152.48"
      ],
      "data_types": [
        {
          "type": "INTEGER (LONG)",
          "count": 61942,
          "max_value": 20354,
          "min_value": 0,
          "mean": 0.9857931613444836
        },
        {
          "type": "REAL",
          "count": 3076,
          "max_value": 67510.81,
          "min_value": 4.030496,
          "mean": 11869.626038141716
        }
      ]
    },
    {
      "column_name": "INTP_adj",
      "number_non_empty_cells": 65018,
      "number_empty_cells": 0,
      "number_distinct_values": 639,
      "frequent_values": [
        "0",
        "1007.624",
        "2015.248",
        "5038.12",
        "503.812"
      ],
      "data_types": [
        {
          "type": "REAL",
          "count": 6839,
          "max_value": 231753.52,
          "min_value": -5138.8824,
          "mean": 16034.725919160826
        },
        {
          "type": "INTEGER (LONG)",
          "count": 58179,
          "max_value": 28415,
          "min_value": 0,
          "mean": 1.18810911153509
        }
      ]
    },
    {
      "column_name": "Boro",
      "number_non_empty_cells": 65018,
      "number_empty_cells": 0,
      "number_distinct_values": 5,
      "frequent_values": [
        "2",
        "4",
        "3",
        "1",
        "5"
      ],
      "data_types": [
        {
          "type": "INTEGER (LONG)",
          "count": 65018,
          "max_value": 5,
          "min_value": 1,
          "mean": 2.7802454704850965
        }
      ]
    },
    {
      "column_name": "PWGTP",
      "number_non_empty_cells": 65018,
      "number_empty_cells": 0,
      "number_distinct_values": 474,
      "frequent_values": [
        "67",
        "69",
        "71",
        "70",
        "68"
      ],
      "data_types": [
        {
          "type": "INTEGER (LONG)",
          "count": 65018,
          "max_value": 697,
          "min_value": 26,
          "mean": 123.3407364114553
        }
      ]
    },
    {
      "column_name": "AGEP",
      "number_non_empty_cells": 65018,
      "number_empty_cells": 0,
      "number_distinct_values": 92,
      "frequent_values": [
        "30",
        "25",
        "27",
        "28",
        "26"
      ],
      "data_types": [
        {
          "type": "INTEGER (LONG)",
          "count": 65018,
          "max_value": 94,
          "min_value": 0,
          "mean": 38.46279491833031
        }
      ]
    },
    {
      "column_name": "REL",
      "number_non_empty_cells": 65018,
      "number_empty_cells": 0,
      "number_distinct_values": 16,
      "frequent_values": [
        "0",
        "2",
        "1",
        "10",
        "7"
      ],
      "data_types": [
        {
          "type": "INTEGER (LONG)",
          "count": 65018,
          "max_value": 15,
          "min_value": 0,
          "mean": 2.202913039465994
        }
      ]
    },
    {
      "column_name": "SCH",
      "number_non_empty_cells": 65018,
      "number_empty_cells": 0,
      "number_distinct_values": 4,
      "frequent_values": [
        "1",
        "2",
        "3",
        "0"
      ],
      "data_types": [
        {
          "type": "INTEGER (LONG)",
          "count": 65018,
          "max_value": 3,
          "min_value": 0,
          "mean": 1.2863822326125074
        }
      ]
    },
    {
      "column_name": "NYCgov_REL",
      "number_non_empty_cells": 65018,
      "number_empty_cells": 0,
      "number_distinct_values": 13,
      "frequent_values": [
        "0",
        "2",
        "1",
        "7",
        "5"
      ],
      "data_types": [
        {
          "type": "INTEGER (LONG)",
          "count": 65018,
          "max_value": 12,
          "min_value": 0,
          "mean": 1.7815220400504477
        }
      ]
    },
    {
      "column_name": "FamType_PU",
      "number_non_empty_cells": 65018,
      "number_empty_cells": 0,
      "number_distinct_values": 8,
      "frequent_values": [
        "1",
        "2",
        "8",
        "4",
        "6"
      ],
      "data_types": [
        {
          "type": "INTEGER (LONG)",
          "count": 65018,
          "max_value": 8,
          "min_value": 1,
          "mean": 3.30350056907318
        }
      ]
    },
    {
      "column_name": "RETP_adj",
      "number_non_empty_cells": 65018,
      "number_empty_cells": 0,
      "number_distinct_values": 720,
      "frequent_values": [
        "0",
        "112853.9",
        "112853.888",
        "6045.744",
        "30228.72"
      ],
      "data_types": [
        {
          "type": "INTEGER (LONG)",
          "count": 60926,
          "max_value": 28415,
          "min_value": 0,
          "mean": 3.2365820831828778
        },
        {
          "type": "REAL",
          "count": 4092,
          "max_value": 112853.9,
          "min_value": 4.030496,
          "mean": 20966.243544788857
        }
      ]
    },
    {
      "column_name": "SSIP_adj",
      "number_non_empty_cells": 65018,
      "number_empty_cells": 0,
      "number_distinct_values": 268,
      "frequent_values": [
        "0",
        "8464.0416",
        "9169.378",
        "9169.3784",
        "8464.042"
      ],
      "data_types": [
        {
          "type": "INTEGER (LONG)",
          "count": 62586,
          "max_value": 10177,
          "min_value": 0,
          "mean": 0.16260825104655993
        },
        {
          "type": "REAL",
          "count": 2432,
          "max_value": 30228.72,
          "min_value": 1309.911,
          "mean": 7595.380218092084
        }
      ]
    },
    {
      "column_name": "NYCgov_FICAtax",
      "number_non_empty_cells": 65018,
      "number_empty_cells": 0,
      "number_distinct_values": 4446,
      "frequent_values": [
        "0",
        "3083.329",
        "3854.162",
        "2312.497",
        "3083.32944"
      ],
      "data_types": [
        {
          "type": "INTEGER (LONG)",
          "count": 10946,
          "max_value": 34726,
          "min_value": 0,
          "mean": 25.393568426822583
        },
        {
          "type": "REAL",
          "count": 54072,
          "max_value": 99274.192035508,
          "min_value": 3.8541618,
          "mean": 6673.969712896446
        }
      ]
    },
    {
      "column_name": "WKW",
      "number_non_empty_cells": 32563,
      "number_empty_cells": 32455,
      "number_distinct_values": 7,
      "frequent_values": [
        "",
        "1",
        "6",
        "4",
        "3"
      ],
      "data_types": [
        {
          "type": "INTEGER (LONG)",
          "count": 32563,
          "max_value": 6,
          "min_value": 1,
          "mean": 1.8343211620550932
        }
      ]
    },
    {
      "column_name": "WKHP",
      "number_non_empty_cells": 65018,
      "number_empty_cells": 0,
      "number_distinct_values": 93,
      "frequent_values": [
        "0",
        "40",
        "35",
        "50",
        "45"
      ],
      "data_types": [
        {
          "type": "INTEGER (LONG)",
          "count": 65018,
          "max_value": 99,
          "min_value": 0,
          "mean": 19.479328801255036
        }
      ]
    },
    {
      "column_name": "Off_Threshold",
      "number_non_empty_cells": 65018,
      "number_empty_cells": 0,
      "number_distinct_values": 48,
      "frequent_values": [
        "14602",
        "11344",
        "22113",
        "17057",
        "17552"
      ],
      "data_types": [
        {
          "type": "INTEGER (LONG)",
          "count": 65018,
          "max_value": 48527,
          "min_value": 10458,
          "mean": 19711.6759974161
        }
      ]
    },
    {
      "column_name": "SPORDER",
      "number_non_empty_cells": 65018,
      "number_empty_cells": 0,
      "number_distinct_values": 15,
      "frequent_values": [
        "1",
        "2",
        "3",
        "4",
        "5"
      ],
      "data_types": [
        {
          "type": "INTEGER (LONG)",
          "count": 65018,
          "max_value": 15,
          "min_value": 1,
          "mean": 2.256329016580024
        }
      ]
    },
    {
      "column_name": "SEX",
      "number_non_empty_cells": 65018,
      "number_empty_cells": 0,
      "number_distinct_values": 2,
      "frequent_values": [
        "2",
        "1"
      ],
      "data_types": [
        {
          "type": "INTEGER (LONG)",
          "count": 65018,
          "max_value": 2,
          "min_value": 1,
          "mean": 1.5318834784213602
        }
      ]
    },
    {
      "column_name": "HIUnit_Head",
      "number_non_empty_cells": 65018,
      "number_empty_cells": 0,
      "number_distinct_values": 2,
      "frequent_values": [
        "1",
        "0"
      ],
      "data_types": [
        {
          "type": "INTEGER (LONG)",
          "count": 65018,
          "max_value": 1,
          "min_value": 0,
          "mean": 0.5906671998523486
        }
      ]
    },
    {
      "column_name": "TaxUnit_FILESTAT",
      "number_non_empty_cells": 65018,
      "number_empty_cells": 0,
      "number_distinct_values": 5,
      "frequent_values": [
        "0",
        "4",
        "1",
        "2",
        "3"
      ],
      "data_types": [
        {
          "type": "INTEGER (LONG)",
          "count": 65018,
          "max_value": 4,
          "min_value": 0,
          "mean": 1.6314712848749577
        }
      ]
    },
    {
      "column_name": "NYCgov_Income",
      "number_non_empty_cells": 65018,
      "number_empty_cells": 0,
      "number_distinct_values": 27901,
      "frequent_values": [
        "0",
        "509.25",
        "144641.7",
        "108485.187497082",
        "82470.42"
      ],
      "data_types": [
        {
          "type": "INTEGER (LONG)",
          "count": 1146,
          "max_value": 479581,
          "min_value": -8132,
          "mean": 72072.69633507854
        },
        {
          "type": "REAL",
          "count": 63872,
          "max_value": 875562.412634097,
          "min_value": -33988.992376,
          "mean": 60605.66040885023
        }
      ]
    }
  ]
}