{
  "dataset_name": "9ev8-8rz6.tsv.gz",
  "key_column_candidates": [
    "Borough",
    "Fiscal Year (ending in June)",
    "Passthrough Count"
  ],
  "columns": [
    {
      "column_name": "Borough",
      "number_non_empty_cells": 60,
      "number_empty_cells": 0,
      "number_distinct_values": 5,
      "frequent_values": [
        "Bronx",
        "Brooklyn",
        "Manhattan",
        "Queens",
        "Staten Island"
      ],
      "data_types": [
        {
          "type": "TEXT",
          "count": 60,
          "shortest_values": "Bronx",
          "longest_values": "Staten Island",
          "average_length": 8.2
        }
      ]
    },
    {
      "column_name": "Passthrough Count",
      "number_non_empty_cells": 60,
      "number_empty_cells": 0,
      "number_distinct_values": 59,
      "frequent_values": [
        "6355",
        "10972",
        "10356",
        "9998",
        "9617"
      ],
      "data_types": [
        {
          "type": "INTEGER (LONG)",
          "count": 60,
          "max_value": 10972,
          "min_value": 1417,
          "mean": 6575.483333333334
        }
      ]
    },
    {
      "column_name": "Fiscal Year (ending in June)",
      "number_non_empty_cells": 60,
      "number_empty_cells": 0,
      "number_distinct_values": 12,
      "frequent_values": [
        "2006",
        "2007",
        "2008",
        "2009",
        "2010"
      ],
      "data_types": [
        {
          "type": "INTEGER (LONG)",
          "count": 60,
          "max_value": 2019,
          "min_value": 2006,
          "mean": 2011.75
        }
      ]
    }
  ]
}