{
  "dataset_name": "9f5k-vxxv.tsv.gz",
  "key_column_candidates": [
    "PROGRAM TYPE",
    "PROGRAM",
    "SITE NAME",
    "BOROUGH / COMMUNITY",
    "AGENCY",
    "Contact Number",
    "Grade Level / Age Group ",
    "Location 1",
    "Borough",
    "Postcode",
    "Latitude",
    "Longitude",
    "Community Board",
    "Council District",
    "Census Tract",
    "BIN",
    "BBL",
    "NTA"
  ],
  "columns": [
    {
      "column_name": "Borough",
      "number_non_empty_cells": 8,
      "number_empty_cells": 0,
      "number_distinct_values": 5,
      "frequent_values": [
        "1",
        "3",
        "4",
        "2",
        "5"
      ],
      "data_types": [
        {
          "type": "INTEGER (LONG)",
          "count": 8,
          "max_value": 5,
          "min_value": 1,
          "mean": 2.875
        }
      ]
    },
    {
      "column_name": "Latitude",
      "number_non_empty_cells": 6,
      "number_empty_cells": 2,
      "number_distinct_values": 7,
      "frequent_values": [
        "",
        "40.748936",
        "40.75909",
        "40.831158",
        "40.698448"
      ],
      "data_types": [
        {
          "type": "REAL",
          "count": 6,
          "max_value": 40.847012,
          "min_value": 40.630818,
          "mean": 40.752577
        }
      ]
    },
    {
      "column_name": "Council District",
      "number_non_empty_cells": 6,
      "number_empty_cells": 2,
      "number_distinct_values": 7,
      "frequent_values": [
        "",
        "21",
        "20",
        "17",
        "37"
      ],
      "data_types": [
        {
          "type": "INTEGER (LONG)",
          "count": 6,
          "max_value": 49,
          "min_value": 10,
          "mean": 25.666666666666668
        }
      ]
    },
    {
      "column_name": "BIN",
      "number_non_empty_cells": 6,
      "number_empty_cells": 2,
      "number_distinct_values": 7,
      "frequent_values": [
        "",
        "4036629",
        "4112274",
        "2010556",
        "3075926"
      ],
      "data_types": [
        {
          "type": "INTEGER (LONG)",
          "count": 6,
          "max_value": 5024824,
          "min_value": 1063574,
          "mean": 3220630.5
        }
      ]
    },
    {
      "column_name": "BBL",
      "number_non_empty_cells": 6,
      "number_empty_cells": 2,
      "number_distinct_values": 7,
      "frequent_values": [
        "",
        "4014830055",
        "4049730006",
        "2029800025",
        "3033170041"
      ],
      "data_types": [
        {
          "type": "INTEGER (LONG)",
          "count": 6,
          "max_value": 5010490005,
          "min_value": 1021450051,
          "mean": 3193245030.5
        }
      ]
    },
    {
      "column_name": "Longitude",
      "number_non_empty_cells": 6,
      "number_empty_cells": 2,
      "number_distinct_values": 7,
      "frequent_values": [
        "",
        "-73.871635",
        "-73.834194",
        "-73.891438",
        "-73.915629"
      ],
      "data_types": [
        {
          "type": "REAL",
          "count": 6,
          "max_value": -73.834194,
          "min_value": -74.139187,
          "mean": -73.93152049999999
        }
      ]
    },
    {
      "column_name": "Contact Number",
      "number_non_empty_cells": 8,
      "number_empty_cells": 0,
      "number_distinct_values": 7,
      "frequent_values": [
        "(718)961-0888",
        "212-503-6820",
        "(718) 756- 7200",
        "(718) 617-8595",
        "(718) 418-7690"
      ],
      "data_types": [
        {
          "type": "TEXT",
          "count": 8,
          "shortest_values": "212-503-6820",
          "longest_values": "(718) 756- 7200",
          "average_length": 13.625
        }
      ]
    },
    {
      "column_name": "PROGRAM TYPE",
      "number_non_empty_cells": 8,
      "number_empty_cells": 0,
      "number_distinct_values": 1,
      "frequent_values": [
        "Family Support,NDA Programs"
      ],
      "data_types": [
        {
          "type": "TEXT",
          "count": 8,
          "shortest_values": "Family Support,NDA Programs",
          "longest_values": "Family Support,NDA Programs",
          "average_length": 27.0
        }
      ]
    },
    {
      "column_name": "Location 1",
      "number_non_empty_cells": 8,
      "number_empty_cells": 0,
      "number_distinct_values": 8,
      "frequent_values": [
        "150 45th StNew York, NEW YORK 10017(40.752942166734, -73.973641056829)",
        "1958 Fulton\u00a0 StBrooklyn, NEW YORK 11233(40.678130438169, -73.919776475504)",
        "95 05 Roosevelt AveQueens, NEW YORK 11372(40.751630739367, -73.883612545283)",
        "133 04 39th AveQueens, NEW YORK 11354(40.768620220647, -73.827190280707)",
        "1338 Southern BlvdBronx, NEW YORK 10460(40.832462906937, -73.890705807264)"
      ],
      "data_types": [
        {
          "type": "TEXT",
          "count": 8,
          "shortest_values": "150 45th StNew York, NEW YORK 10017(40.752942166734, -73.973641056829)",
          "longest_values": "479 Port Richmond Ave Staten IslandNEW YORK 10302(40.630934529097, -74.139014649681)",
          "average_length": 74.5
        }
      ]
    },
    {
      "column_name": "PROGRAM",
      "number_non_empty_cells": 8,
      "number_empty_cells": 0,
      "number_distinct_values": 1,
      "frequent_values": [
        "Health Stat"
      ],
      "data_types": [
        {
          "type": "TEXT",
          "count": 8,
          "shortest_values": "Health Stat",
          "longest_values": "Health Stat",
          "average_length": 11.0
        }
      ]
    },
    {
      "column_name": "NTA",
      "number_non_empty_cells": 6,
      "number_empty_cells": 2,
      "number_distinct_values": 7,
      "frequent_values": [
        "",
        "Jackson Heights                                                            ",
        "Flushing                                                                   ",
        "Crotona Park East                                                          ",
        "Bushwick North                                                             "
      ],
      "data_types": [
        {
          "type": "TEXT",
          "count": 6,
          "shortest_values": "Jackson Heights                                                            ",
          "longest_values": "Jackson Heights                                                            ",
          "average_length": 75.0
        }
      ]
    },
    {
      "column_name": "Grade Level / Age Group ",
      "number_non_empty_cells": 8,
      "number_empty_cells": 0,
      "number_distinct_values": 1,
      "frequent_values": [
        "All Ages"
      ],
      "data_types": [
        {
          "type": "TEXT",
          "count": 8,
          "shortest_values": "All Ages",
          "longest_values": "All Ages",
          "average_length": 8.0
        }
      ]
    },
    {
      "column_name": "Postcode",
      "number_non_empty_cells": 6,
      "number_empty_cells": 2,
      "number_distinct_values": 7,
      "frequent_values": [
        "",
        "11372",
        "11354",
        "10459",
        "11237"
      ],
      "data_types": [
        {
          "type": "INTEGER (LONG)",
          "count": 6,
          "max_value": 11372,
          "min_value": 10033,
          "mean": 10792.833333333334
        }
      ]
    },
    {
      "column_name": "Census Tract",
      "number_non_empty_cells": 6,
      "number_empty_cells": 2,
      "number_distinct_values": 7,
      "frequent_values": [
        "",
        "273",
        "871",
        "123",
        "433"
      ],
      "data_types": [
        {
          "type": "INTEGER (LONG)",
          "count": 6,
          "max_value": 871,
          "min_value": 123,
          "mean": 362.6666666666667
        }
      ]
    },
    {
      "column_name": "BOROUGH / COMMUNITY",
      "number_non_empty_cells": 8,
      "number_empty_cells": 0,
      "number_distinct_values": 5,
      "frequent_values": [
        "New York",
        "Brooklyn",
        "Queens",
        "Bronx",
        "Staten Island"
      ],
      "data_types": [
        {
          "type": "TEXT",
          "count": 8,
          "shortest_values": "Bronx",
          "longest_values": "Staten Island",
          "average_length": 7.75
        }
      ]
    },
    {
      "column_name": "SITE NAME",
      "number_non_empty_cells": 8,
      "number_empty_cells": 0,
      "number_distinct_values": 5,
      "frequent_values": [
        "The Children's Aid Society",
        "Asian Americans for Equality",
        "Make the Road New York",
        "The East New York Learning Center, Inc",
        "Northern Manhattan Improvement Corporation"
      ],
      "data_types": [
        {
          "type": "TEXT",
          "count": 8,
          "shortest_values": "Make the Road New York",
          "longest_values": "Northern Manhattan Improvement Corporation",
          "average_length": 29.0
        }
      ]
    },
    {
      "column_name": "AGENCY",
      "number_non_empty_cells": 8,
      "number_empty_cells": 0,
      "number_distinct_values": 5,
      "frequent_values": [
        "The Children's Aid Society",
        "Asian Americans for Equality",
        "Make the Road New York",
        "The East New York Learning Center, Inc",
        "Northern Manhattan Improvement Corporation"
      ],
      "data_types": [
        {
          "type": "TEXT",
          "count": 8,
          "shortest_values": "Make the Road New York",
          "longest_values": "Northern Manhattan Improvement Corporation",
          "average_length": 29.0
        }
      ]
    },
    {
      "column_name": "Community Board",
      "number_non_empty_cells": 6,
      "number_empty_cells": 2,
      "number_distinct_values": 6,
      "frequent_values": [
        "",
        "3",
        "7",
        "4",
        "12"
      ],
      "data_types": [
        {
          "type": "INTEGER (LONG)",
          "count": 6,
          "max_value": 12,
          "min_value": 1,
          "mean": 5.0
        }
      ]
    }
  ]
}