{
  "dataset_name": "9jbx-hna8.tsv.gz",
  "key_column_candidates": [
    "Month",
    "Family Assistance Cases",
    "Safety Net Assistance Cases",
    "60 Mo. Converted to SN Cases",
    "Total Cash Assistance Cases (Citywide)"
  ],
  "columns": [
    {
      "column_name": "Family Assistance Cases",
      "number_non_empty_cells": 135,
      "number_empty_cells": 0,
      "number_distinct_values": 133,
      "frequent_values": [
        "61773",
        "54863",
        "75451",
        "73613",
        "73219"
      ],
      "data_types": [
        {
          "type": "INTEGER (LONG)",
          "count": 135,
          "max_value": 75451,
          "min_value": 52229,
          "mean": 64825.61481481481
        }
      ]
    },
    {
      "column_name": "Total Cash Assistance Cases (Citywide)",
      "number_non_empty_cells": 135,
      "number_empty_cells": 0,
      "number_distinct_values": 132,
      "frequent_values": [
        "187071",
        "182537",
        "188041",
        "193748",
        "190000"
      ],
      "data_types": [
        {
          "type": "INTEGER (LONG)",
          "count": 135,
          "max_value": 198839,
          "min_value": 177687,
          "mean": 189227.48888888888
        }
      ]
    },
    {
      "column_name": "Safety Net Assistance Cases",
      "number_non_empty_cells": 135,
      "number_empty_cells": 0,
      "number_distinct_values": 135,
      "frequent_values": [
        "90379",
        "88894",
        "90036",
        "88984",
        "89739"
      ],
      "data_types": [
        {
          "type": "INTEGER (LONG)",
          "count": 135,
          "max_value": 114624,
          "min_value": 79926,
          "mean": 96771.6
        }
      ]
    },
    {
      "column_name": "Month",
      "number_non_empty_cells": 135,
      "number_empty_cells": 0,
      "number_distinct_values": 132,
      "frequent_values": [
        "01/16/2018",
        "02/16/2018",
        "03/16/2018",
        "01/07/2018",
        "02/07/2018"
      ],
      "data_types": [
        {
          "type": "DATE/TIME",
          "count": 135,
          "max_value": "12/15/2018",
          "min_value": "09/15/2016"
        }
      ]
    },
    {
      "column_name": "60 Mo. Converted to SN Cases",
      "number_non_empty_cells": 135,
      "number_empty_cells": 0,
      "number_distinct_values": 134,
      "frequent_values": [
        "27642",
        "27918",
        "27493",
        "27162",
        "26855"
      ],
      "data_types": [
        {
          "type": "INTEGER (LONG)",
          "count": 135,
          "max_value": 30740,
          "min_value": 24013,
          "mean": 27635.162962962964
        }
      ]
    }
  ]
}