{
  "dataset_name": "9n9z-hh9p.tsv.gz",
  "key_column_candidates": [
    "BN",
    "School_Year",
    "Start_Date",
    "Overall_Rating",
    "Indicator_1.1",
    "Indicator_1.2",
    "Indicator_1.3",
    "Indicator_1.4",
    "Indicator_1.5",
    "Indicator_1.6",
    "Indicator_1.7",
    "IndicatorOverall_1",
    "Indicator_2.1",
    "Indicator_2.2",
    "Indicator_2.3",
    "Indicator_2.4",
    "Indicator_2.5",
    "Indicator_2.6",
    "Indicator_2.7",
    "IndicatorOverall_2",
    "Indicator_3.1",
    "Indicator_3.2",
    "Indicator_3.3",
    "Indicator_3.4",
    "Indicator_3.5",
    "Indicator_3.6",
    "Indicator_3.7",
    "Indicator_3.8",
    "IndicatorOverall_3",
    "Indicator_4.1",
    "Indicator_4.2",
    "Indicator_4.3",
    "Indicator_4.4",
    "Indicator_4.5",
    "Indicator_4.6",
    "Indicator_4.7",
    "IndicatorOverall_4",
    "Indicator_5.1",
    "Indicator_5.2",
    "Indicator_5.3",
    "Indicator_5.4",
    "Indicator_5.5",
    "Indicator_5.6",
    "Indicator_5.7",
    "IndicatorOverall_5"
  ],
  "columns": [
    {
      "column_name": "IndicatorOverall_3",
      "number_non_empty_cells": 8064,
      "number_empty_cells": 0,
      "number_distinct_values": 6,
      "frequent_values": [
        "No Data",
        "WD",
        "P",
        "UPF",
        "U"
      ],
      "data_types": [
        {
          "type": "TEXT",
          "count": 8064,
          "shortest_values": "P",
          "longest_values": "No Data",
          "average_length": 4.436383928571429
        }
      ]
    },
    {
      "column_name": "Indicator_4.3",
      "number_non_empty_cells": 8064,
      "number_empty_cells": 0,
      "number_distinct_values": 7,
      "frequent_values": [
        "No Data",
        "WD",
        "P",
        "D",
        "UPF"
      ],
      "data_types": [
        {
          "type": "TEXT",
          "count": 8064,
          "shortest_values": "P",
          "longest_values": "No Data",
          "average_length": 3.720486111111111
        }
      ]
    },
    {
      "column_name": "Indicator_5.1",
      "number_non_empty_cells": 8064,
      "number_empty_cells": 0,
      "number_distinct_values": 9,
      "frequent_values": [
        "P",
        "No Data",
        "WD",
        "D",
        "U"
      ],
      "data_types": [
        {
          "type": "TEXT",
          "count": 8064,
          "shortest_values": "P",
          "longest_values": "No Data",
          "average_length": 2.5579117063492065
        }
      ]
    },
    {
      "column_name": "Indicator_1.7",
      "number_non_empty_cells": 8064,
      "number_empty_cells": 0,
      "number_distinct_values": 6,
      "frequent_values": [
        "No Data",
        "WD",
        "P",
        "O",
        "UPF"
      ],
      "data_types": [
        {
          "type": "TEXT",
          "count": 8064,
          "shortest_values": "P",
          "longest_values": "No Data",
          "average_length": 6.080357142857143
        }
      ]
    },
    {
      "column_name": "Indicator_2.4",
      "number_non_empty_cells": 8064,
      "number_empty_cells": 0,
      "number_distinct_values": 8,
      "frequent_values": [
        "No Data",
        "P",
        "WD",
        "D",
        "UPF"
      ],
      "data_types": [
        {
          "type": "TEXT",
          "count": 8064,
          "shortest_values": "P",
          "longest_values": "No Data",
          "average_length": 3.7217261904761907
        }
      ]
    },
    {
      "column_name": "Indicator_1.2",
      "number_non_empty_cells": 8064,
      "number_empty_cells": 0,
      "number_distinct_values": 9,
      "frequent_values": [
        "P",
        "WD",
        "D",
        "UPF",
        "U"
      ],
      "data_types": [
        {
          "type": "INTEGER (LONG)",
          "count": 16,
          "max_value": 0,
          "min_value": 0,
          "mean": 0.0
        },
        {
          "type": "TEXT",
          "count": 8048,
          "shortest_values": "P",
          "longest_values": "No Data",
          "average_length": 1.3617047713717694
        }
      ]
    },
    {
      "column_name": "Indicator_2.1",
      "number_non_empty_cells": 8064,
      "number_empty_cells": 0,
      "number_distinct_values": 8,
      "frequent_values": [
        "No Data",
        "P",
        "WD",
        "UPF",
        "U"
      ],
      "data_types": [
        {
          "type": "TEXT",
          "count": 8064,
          "shortest_values": "P",
          "longest_values": "No Data",
          "average_length": 3.7020089285714284
        }
      ]
    },
    {
      "column_name": "Overall_Rating",
      "number_non_empty_cells": 8064,
      "number_empty_cells": 0,
      "number_distinct_values": 10,
      "frequent_values": [
        "P",
        "No Data",
        "WD",
        "D",
        "U"
      ],
      "data_types": [
        {
          "type": "TEXT",
          "count": 8064,
          "shortest_values": "P",
          "longest_values": "No Data",
          "average_length": 2.9273313492063493
        }
      ]
    },
    {
      "column_name": "Indicator_1.3",
      "number_non_empty_cells": 8064,
      "number_empty_cells": 0,
      "number_distinct_values": 9,
      "frequent_values": [
        "P",
        "WD",
        "No Data",
        "D",
        "U"
      ],
      "data_types": [
        {
          "type": "INTEGER (LONG)",
          "count": 21,
          "max_value": 0,
          "min_value": 0,
          "mean": 0.0
        },
        {
          "type": "TEXT",
          "count": 8043,
          "shortest_values": "P",
          "longest_values": "No Data",
          "average_length": 2.6344647519582245
        }
      ]
    },
    {
      "column_name": "Indicator_3.8",
      "number_non_empty_cells": 8064,
      "number_empty_cells": 0,
      "number_distinct_values": 4,
      "frequent_values": [
        "No Data",
        "WD",
        "P",
        "U"
      ],
      "data_types": [
        {
          "type": "TEXT",
          "count": 8064,
          "shortest_values": "P",
          "longest_values": "No Data",
          "average_length": 6.036954365079365
        }
      ]
    },
    {
      "column_name": "Indicator_4.2",
      "number_non_empty_cells": 8064,
      "number_empty_cells": 0,
      "number_distinct_values": 9,
      "frequent_values": [
        "P",
        "WD",
        "D",
        "UPF",
        "O"
      ],
      "data_types": [
        {
          "type": "TEXT",
          "count": 8064,
          "shortest_values": "P",
          "longest_values": "No Data",
          "average_length": 1.4341517857142858
        }
      ]
    },
    {
      "column_name": "Indicator_3.1",
      "number_non_empty_cells": 8064,
      "number_empty_cells": 0,
      "number_distinct_values": 9,
      "frequent_values": [
        "P",
        "WD",
        "No Data",
        "D",
        "UPF"
      ],
      "data_types": [
        {
          "type": "TEXT",
          "count": 8064,
          "shortest_values": "P",
          "longest_values": "No Data",
          "average_length": 2.6041666666666665
        }
      ]
    },
    {
      "column_name": "Indicator_3.6",
      "number_non_empty_cells": 8064,
      "number_empty_cells": 0,
      "number_distinct_values": 6,
      "frequent_values": [
        "No Data",
        "WD",
        "P",
        "O",
        "U"
      ],
      "data_types": [
        {
          "type": "TEXT",
          "count": 8064,
          "shortest_values": "P",
          "longest_values": "No Data",
          "average_length": 5.109499007936508
        }
      ]
    },
    {
      "column_name": "Indicator_4.4",
      "number_non_empty_cells": 8064,
      "number_empty_cells": 0,
      "number_distinct_values": 7,
      "frequent_values": [
        "No Data",
        "WD",
        "P",
        "U",
        "O"
      ],
      "data_types": [
        {
          "type": "TEXT",
          "count": 8064,
          "shortest_values": "P",
          "longest_values": "No Data",
          "average_length": 3.7496279761904763
        }
      ]
    },
    {
      "column_name": "School_Year",
      "number_non_empty_cells": 4829,
      "number_empty_cells": 3235,
      "number_distinct_values": 8,
      "frequent_values": [
        "",
        "08/01/2007 12:00:00 AM",
        "07/01/2006 12:00:00 AM",
        "11/01/2010 12:00:00 AM",
        "09/01/2008 12:00:00 AM"
      ],
      "data_types": [
        {
          "type": "DATE/TIME",
          "count": 4829,
          "max_value": "12/01/2011 12:00:00 AM",
          "min_value": "06/01/2005 12:00:00 AM"
        }
      ]
    },
    {
      "column_name": "Indicator_3.3",
      "number_non_empty_cells": 8064,
      "number_empty_cells": 0,
      "number_distinct_values": 7,
      "frequent_values": [
        "No Data",
        "P",
        "WD",
        "D",
        "UPF"
      ],
      "data_types": [
        {
          "type": "TEXT",
          "count": 8064,
          "shortest_values": "P",
          "longest_values": "No Data",
          "average_length": 3.720982142857143
        }
      ]
    },
    {
      "column_name": "Indicator_4.1",
      "number_non_empty_cells": 8064,
      "number_empty_cells": 0,
      "number_distinct_values": 9,
      "frequent_values": [
        "P",
        "WD",
        "No Data",
        "D",
        "UPF"
      ],
      "data_types": [
        {
          "type": "TEXT",
          "count": 8064,
          "shortest_values": "P",
          "longest_values": "No Data",
          "average_length": 2.6507936507936507
        }
      ]
    },
    {
      "column_name": "Indicator_5.6",
      "number_non_empty_cells": 8064,
      "number_empty_cells": 0,
      "number_distinct_values": 6,
      "frequent_values": [
        "No Data",
        "WD",
        "P",
        "UPF",
        "O"
      ],
      "data_types": [
        {
          "type": "TEXT",
          "count": 8064,
          "shortest_values": "P",
          "longest_values": "No Data",
          "average_length": 6.087053571428571
        }
      ]
    },
    {
      "column_name": "Indicator_3.2",
      "number_non_empty_cells": 8064,
      "number_empty_cells": 0,
      "number_distinct_values": 7,
      "frequent_values": [
        "No Data",
        "P",
        "WD",
        "UPF",
        "D"
      ],
      "data_types": [
        {
          "type": "TEXT",
          "count": 8064,
          "shortest_values": "P",
          "longest_values": "No Data",
          "average_length": 3.7058531746031744
        }
      ]
    },
    {
      "column_name": "Indicator_4.7",
      "number_non_empty_cells": 8064,
      "number_empty_cells": 0,
      "number_distinct_values": 6,
      "frequent_values": [
        "No Data",
        "WD",
        "P",
        "O",
        "U"
      ],
      "data_types": [
        {
          "type": "TEXT",
          "count": 8064,
          "shortest_values": "P",
          "longest_values": "No Data",
          "average_length": 5.137276785714286
        }
      ]
    },
    {
      "column_name": "Indicator_5.2",
      "number_non_empty_cells": 8064,
      "number_empty_cells": 0,
      "number_distinct_values": 8,
      "frequent_values": [
        "No Data",
        "P",
        "WD",
        "D",
        "UPF"
      ],
      "data_types": [
        {
          "type": "TEXT",
          "count": 8064,
          "shortest_values": "P",
          "longest_values": "No Data",
          "average_length": 3.6691468253968256
        }
      ]
    },
    {
      "column_name": "BN",
      "number_non_empty_cells": 8064,
      "number_empty_cells": 0,
      "number_distinct_values": 1751,
      "frequent_values": [
        "M409",
        "X440",
        "Q480",
        "M520",
        "M292"
      ],
      "data_types": [
        {
          "type": "TEXT",
          "count": 7884,
          "shortest_values": "M307",
          "longest_values": "M307",
          "average_length": 4.0
        },
        {
          "type": "DATE/TIME",
          "count": 180,
          "max_value": "M059",
          "min_value": "M001"
        }
      ]
    },
    {
      "column_name": "Start_Date",
      "number_non_empty_cells": 8064,
      "number_empty_cells": 0,
      "number_distinct_values": 1131,
      "frequent_values": [
        "05/29/2008 12:00:00 AM",
        "03/10/2008 12:00:00 AM",
        "03/12/2007 12:00:00 AM",
        "05/19/2008 12:00:00 AM",
        "01/14/2015 12:00:00 AM"
      ],
      "data_types": [
        {
          "type": "DATE/TIME",
          "count": 8064,
          "max_value": "06/01/2017 12:00:00 AM",
          "min_value": "04/03/2006 12:00:00 AM"
        }
      ]
    },
    {
      "column_name": "Indicator_4.6",
      "number_non_empty_cells": 8064,
      "number_empty_cells": 0,
      "number_distinct_values": 6,
      "frequent_values": [
        "No Data",
        "WD",
        "P",
        "O",
        "U"
      ],
      "data_types": [
        {
          "type": "TEXT",
          "count": 8064,
          "shortest_values": "P",
          "longest_values": "No Data",
          "average_length": 5.156374007936508
        }
      ]
    },
    {
      "column_name": "Indicator_2.3",
      "number_non_empty_cells": 8064,
      "number_empty_cells": 0,
      "number_distinct_values": 8,
      "frequent_values": [
        "No Data",
        "WD",
        "P",
        "D",
        "UPF"
      ],
      "data_types": [
        {
          "type": "TEXT",
          "count": 8064,
          "shortest_values": "P",
          "longest_values": "No Data",
          "average_length": 3.7317708333333335
        }
      ]
    },
    {
      "column_name": "Indicator_5.3",
      "number_non_empty_cells": 8064,
      "number_empty_cells": 0,
      "number_distinct_values": 7,
      "frequent_values": [
        "No Data",
        "P",
        "WD",
        "D",
        "U"
      ],
      "data_types": [
        {
          "type": "TEXT",
          "count": 8064,
          "shortest_values": "P",
          "longest_values": "No Data",
          "average_length": 3.6883680555555554
        }
      ]
    },
    {
      "column_name": "Indicator_3.7",
      "number_non_empty_cells": 8064,
      "number_empty_cells": 0,
      "number_distinct_values": 6,
      "frequent_values": [
        "No Data",
        "WD",
        "P",
        "O",
        "UPF"
      ],
      "data_types": [
        {
          "type": "TEXT",
          "count": 8064,
          "shortest_values": "P",
          "longest_values": "No Data",
          "average_length": 5.154265873015873
        }
      ]
    },
    {
      "column_name": "Indicator_5.5",
      "number_non_empty_cells": 8064,
      "number_empty_cells": 0,
      "number_distinct_values": 6,
      "frequent_values": [
        "No Data",
        "WD",
        "P",
        "O",
        "UPF"
      ],
      "data_types": [
        {
          "type": "TEXT",
          "count": 8064,
          "shortest_values": "P",
          "longest_values": "No Data",
          "average_length": 6.088789682539683
        }
      ]
    },
    {
      "column_name": "Indicator_1.1",
      "number_non_empty_cells": 8064,
      "number_empty_cells": 0,
      "number_distinct_values": 8,
      "frequent_values": [
        "P",
        "WD",
        "D",
        "U",
        "O"
      ],
      "data_types": [
        {
          "type": "TEXT",
          "count": 8064,
          "shortest_values": "P",
          "longest_values": "No Data",
          "average_length": 1.4177827380952381
        }
      ]
    },
    {
      "column_name": "Indicator_1.4",
      "number_non_empty_cells": 8064,
      "number_empty_cells": 0,
      "number_distinct_values": 8,
      "frequent_values": [
        "P",
        "WD",
        "No Data",
        "U",
        "D"
      ],
      "data_types": [
        {
          "type": "TEXT",
          "count": 8064,
          "shortest_values": "P",
          "longest_values": "No Data",
          "average_length": 2.6711309523809526
        }
      ]
    },
    {
      "column_name": "Indicator_1.6",
      "number_non_empty_cells": 8064,
      "number_empty_cells": 0,
      "number_distinct_values": 6,
      "frequent_values": [
        "No Data",
        "WD",
        "P",
        "UPF",
        "O"
      ],
      "data_types": [
        {
          "type": "TEXT",
          "count": 8064,
          "shortest_values": "P",
          "longest_values": "No Data",
          "average_length": 6.091393849206349
        }
      ]
    },
    {
      "column_name": "IndicatorOverall_2",
      "number_non_empty_cells": 8064,
      "number_empty_cells": 0,
      "number_distinct_values": 6,
      "frequent_values": [
        "No Data",
        "P",
        "WD",
        "U",
        "UPF"
      ],
      "data_types": [
        {
          "type": "TEXT",
          "count": 8064,
          "shortest_values": "P",
          "longest_values": "No Data",
          "average_length": 4.417534722222222
        }
      ]
    },
    {
      "column_name": "IndicatorOverall_5",
      "number_non_empty_cells": 8064,
      "number_empty_cells": 0,
      "number_distinct_values": 6,
      "frequent_values": [
        "No Data",
        "P",
        "WD",
        "U",
        "UPF"
      ],
      "data_types": [
        {
          "type": "TEXT",
          "count": 8064,
          "shortest_values": "P",
          "longest_values": "No Data",
          "average_length": 4.400793650793651
        }
      ]
    },
    {
      "column_name": "Indicator_1.5",
      "number_non_empty_cells": 8064,
      "number_empty_cells": 0,
      "number_distinct_values": 6,
      "frequent_values": [
        "No Data",
        "WD",
        "P",
        "O",
        "UPF"
      ],
      "data_types": [
        {
          "type": "TEXT",
          "count": 8064,
          "shortest_values": "P",
          "longest_values": "No Data",
          "average_length": 6.096230158730159
        }
      ]
    },
    {
      "column_name": "Indicator_2.6",
      "number_non_empty_cells": 8064,
      "number_empty_cells": 0,
      "number_distinct_values": 6,
      "frequent_values": [
        "No Data",
        "WD",
        "P",
        "O",
        "UPF"
      ],
      "data_types": [
        {
          "type": "TEXT",
          "count": 8064,
          "shortest_values": "P",
          "longest_values": "No Data",
          "average_length": 6.088417658730159
        }
      ]
    },
    {
      "column_name": "Indicator_2.7",
      "number_non_empty_cells": 8064,
      "number_empty_cells": 0,
      "number_distinct_values": 6,
      "frequent_values": [
        "No Data",
        "WD",
        "P",
        "O",
        "UPF"
      ],
      "data_types": [
        {
          "type": "TEXT",
          "count": 8064,
          "shortest_values": "P",
          "longest_values": "No Data",
          "average_length": 6.087673611111111
        }
      ]
    },
    {
      "column_name": "Indicator_3.5",
      "number_non_empty_cells": 8064,
      "number_empty_cells": 0,
      "number_distinct_values": 6,
      "frequent_values": [
        "No Data",
        "WD",
        "P",
        "O",
        "U"
      ],
      "data_types": [
        {
          "type": "TEXT",
          "count": 8064,
          "shortest_values": "P",
          "longest_values": "No Data",
          "average_length": 5.130208333333333
        }
      ]
    },
    {
      "column_name": "Indicator_4.5",
      "number_non_empty_cells": 8064,
      "number_empty_cells": 0,
      "number_distinct_values": 6,
      "frequent_values": [
        "No Data",
        "WD",
        "P",
        "O",
        "UPF"
      ],
      "data_types": [
        {
          "type": "TEXT",
          "count": 8064,
          "shortest_values": "P",
          "longest_values": "No Data",
          "average_length": 5.176587301587301
        }
      ]
    },
    {
      "column_name": "Indicator_5.7",
      "number_non_empty_cells": 8064,
      "number_empty_cells": 0,
      "number_distinct_values": 6,
      "frequent_values": [
        "No Data",
        "WD",
        "P",
        "O",
        "UPF"
      ],
      "data_types": [
        {
          "type": "TEXT",
          "count": 8064,
          "shortest_values": "P",
          "longest_values": "No Data",
          "average_length": 6.091393849206349
        }
      ]
    },
    {
      "column_name": "Indicator_2.5",
      "number_non_empty_cells": 8064,
      "number_empty_cells": 0,
      "number_distinct_values": 6,
      "frequent_values": [
        "No Data",
        "WD",
        "P",
        "U",
        "O"
      ],
      "data_types": [
        {
          "type": "TEXT",
          "count": 8064,
          "shortest_values": "P",
          "longest_values": "No Data",
          "average_length": 5.100446428571429
        }
      ]
    },
    {
      "column_name": "IndicatorOverall_1",
      "number_non_empty_cells": 8064,
      "number_empty_cells": 0,
      "number_distinct_values": 6,
      "frequent_values": [
        "No Data",
        "P",
        "WD",
        "U",
        "UPF"
      ],
      "data_types": [
        {
          "type": "TEXT",
          "count": 8064,
          "shortest_values": "P",
          "longest_values": "No Data",
          "average_length": 4.423115079365079
        }
      ]
    },
    {
      "column_name": "IndicatorOverall_4",
      "number_non_empty_cells": 8064,
      "number_empty_cells": 0,
      "number_distinct_values": 6,
      "frequent_values": [
        "No Data",
        "WD",
        "P",
        "O",
        "UPF"
      ],
      "data_types": [
        {
          "type": "TEXT",
          "count": 8064,
          "shortest_values": "P",
          "longest_values": "No Data",
          "average_length": 4.460813492063492
        }
      ]
    },
    {
      "column_name": "Indicator_5.4",
      "number_non_empty_cells": 8064,
      "number_empty_cells": 0,
      "number_distinct_values": 7,
      "frequent_values": [
        "No Data",
        "P",
        "WD",
        "D",
        "U"
      ],
      "data_types": [
        {
          "type": "TEXT",
          "count": 8064,
          "shortest_values": "P",
          "longest_values": "No Data",
          "average_length": 3.6806795634920637
        }
      ]
    },
    {
      "column_name": "Indicator_2.2",
      "number_non_empty_cells": 8064,
      "number_empty_cells": 0,
      "number_distinct_values": 8,
      "frequent_values": [
        "P",
        "WD",
        "D",
        "U",
        "UPF"
      ],
      "data_types": [
        {
          "type": "TEXT",
          "count": 8064,
          "shortest_values": "P",
          "longest_values": "No Data",
          "average_length": 1.3511904761904763
        }
      ]
    },
    {
      "column_name": "Indicator_3.4",
      "number_non_empty_cells": 8064,
      "number_empty_cells": 0,
      "number_distinct_values": 8,
      "frequent_values": [
        "P",
        "WD",
        "D",
        "UPF",
        "U"
      ],
      "data_types": [
        {
          "type": "TEXT",
          "count": 8064,
          "shortest_values": "P",
          "longest_values": "No Data",
          "average_length": 1.4694940476190477
        }
      ]
    }
  ]
}