{
  "dataset_name": "9ny4-8k6g.tsv.gz",
  "key_column_candidates": [
    "SERIALNO",
    "SPORDER",
    "PWGTP",
    "WGTP",
    "AGEP",
    "CIT",
    "REL",
    "SCH",
    "SCHG",
    "SCHL",
    "SEX",
    "ESR",
    "LANX",
    "ENG",
    "MSP",
    "MAR",
    "WKW",
    "WKHP",
    "DIS",
    "JWTR",
    "NP",
    "TEN",
    "HHT",
    "Boro",
    "Povunit_ID",
    "Povunit_Rel",
    "HIUnit_ID",
    "HIUnit_Head",
    "SNAPUnit_ID",
    "SNAPUnit_Rel",
    "TaxUnit_ID",
    "TaxUnit_Rel",
    "TaxUnit_FILER",
    "TaxUnit_FILESTAT",
    "TaxUnit_FILETYPE",
    "NYCgov_REL",
    "NYCgov_SFN",
    "NYCgov_SFR",
    "FamType_PU",
    "HousingStatus",
    "Ethnicity",
    "TotalWorkHrs_PU",
    "EducAttain",
    "CitizenStatus",
    "AgeCateg",
    "FTPTWork",
    "PreTaxIncome_PU",
    "WAGP_adj",
    "INTP_adj",
    "SEMP_adj",
    "SSP_adj",
    "SSIP_adj",
    "PA_adj",
    "RETP_adj",
    "OI_adj",
    "MRGP_adj",
    "RNTP_adj",
    "NYCgov_Housing",
    "NYCgov_Childcare",
    "NYCgov_Commuting",
    "NYCgov_MOOP",
    "NYCgov_MedSpending",
    "NYCgov_MedPremiums",
    "NYCgov_HEAP",
    "NYCgov_WIC",
    "NYCgov_SNAP",
    "NYCgov_SchoolLunch",
    "NYCgov_SchoolBreakfast",
    "NYCgov_Nutrition",
    "NYCgov_FICAtax",
    "NYCgov_IncomeTax",
    "NYCgov_Income",
    "NYCgov_EITC",
    "Off_Threshold",
    "Off_Pov_Stat",
    "NYCgov_Threshold",
    "NYCgov_Pov_Stat",
    "NYCgov_PovGapIndex",
    "NYCgov_PovGap"
  ],
  "columns": [
    {
      "column_name": "JWTR",
      "number_non_empty_cells": 32483,
      "number_empty_cells": 36620,
      "number_distinct_values": 13,
      "frequent_values": [
        "",
        "4",
        "1",
        "2",
        "10"
      ],
      "data_types": [
        {
          "type": "INTEGER (LONG)",
          "count": 32483,
          "max_value": 12,
          "min_value": 1,
          "mean": 3.8327432811008837
        }
      ]
    },
    {
      "column_name": "WAGP_adj",
      "number_non_empty_cells": 69103,
      "number_empty_cells": 0,
      "number_distinct_values": 800,
      "frequent_values": [
        "0",
        "50063.2",
        "40050.56",
        "30037.92",
        "60075.84"
      ],
      "data_types": [
        {
          "type": "INTEGER (LONG)",
          "count": 35439,
          "max_value": 250316,
          "min_value": 0,
          "mean": 1077.1520076751601
        },
        {
          "type": "REAL",
          "count": 33664,
          "max_value": 613774.832,
          "min_value": 4.005056,
          "mean": 55625.478022516865
        }
      ]
    },
    {
      "column_name": "RNTP_adj",
      "number_non_empty_cells": 69103,
      "number_empty_cells": 0,
      "number_distinct_values": 129,
      "frequent_values": [
        "0",
        "1201.5168",
        "1501.896",
        "1401.7696",
        "1301.6432"
      ],
      "data_types": [
        {
          "type": "INTEGER (LONG)",
          "count": 31269,
          "max_value": 0,
          "min_value": 0,
          "mean": 0.0
        },
        {
          "type": "REAL",
          "count": 37834,
          "max_value": 3804.8032,
          "min_value": 4.005056,
          "mean": 1341.6813216090807
        }
      ]
    },
    {
      "column_name": "NYCgov_Pov_Stat",
      "number_non_empty_cells": 69103,
      "number_empty_cells": 0,
      "number_distinct_values": 2,
      "frequent_values": [
        "2",
        "1"
      ],
      "data_types": [
        {
          "type": "INTEGER (LONG)",
          "count": 69103,
          "max_value": 2,
          "min_value": 1,
          "mean": 1.8138720460761473
        }
      ]
    },
    {
      "column_name": "LANX",
      "number_non_empty_cells": 65336,
      "number_empty_cells": 3767,
      "number_distinct_values": 3,
      "frequent_values": [
        "2",
        "1",
        ""
      ],
      "data_types": [
        {
          "type": "INTEGER (LONG)",
          "count": 65336,
          "max_value": 2,
          "min_value": 1,
          "mean": 1.5245194073711277
        }
      ]
    },
    {
      "column_name": "NYCgov_Housing",
      "number_non_empty_cells": 69103,
      "number_empty_cells": 0,
      "number_distinct_values": 5063,
      "frequent_values": [
        "0",
        "12357.3617143276",
        "357.361714327601",
        "5884.08632221815",
        "5764.08632221815"
      ],
      "data_types": [
        {
          "type": "REAL",
          "count": 22712,
          "max_value": 38438.994564889,
          "min_value": 1.03287532014292,
          "mean": 8001.696687659537
        },
        {
          "type": "INTEGER (LONG)",
          "count": 46391,
          "max_value": 0,
          "min_value": 0,
          "mean": 0.0
        }
      ]
    },
    {
      "column_name": "NYCgov_HEAP",
      "number_non_empty_cells": 69103,
      "number_empty_cells": 0,
      "number_distinct_values": 4,
      "frequent_values": [
        "0",
        "35",
        "21",
        "37"
      ],
      "data_types": [
        {
          "type": "INTEGER (LONG)",
          "count": 69103,
          "max_value": 37,
          "min_value": 0,
          "mean": 6.26276717363935
        }
      ]
    },
    {
      "column_name": "NYCgov_SNAP",
      "number_non_empty_cells": 69103,
      "number_empty_cells": 0,
      "number_distinct_values": 3527,
      "frequent_values": [
        "0",
        "2308",
        "4244",
        "2119",
        "2502"
      ],
      "data_types": [
        {
          "type": "REAL",
          "count": 235,
          "max_value": 15025.66,
          "min_value": 23.48,
          "mean": 5110.971319148939
        },
        {
          "type": "INTEGER (LONG)",
          "count": 68868,
          "max_value": 23104,
          "min_value": 0,
          "mean": 1152.9795696114306
        }
      ]
    },
    {
      "column_name": "SCHL",
      "number_non_empty_cells": 66916,
      "number_empty_cells": 2187,
      "number_distinct_values": 25,
      "frequent_values": [
        "21",
        "16",
        "19",
        "22",
        "20"
      ],
      "data_types": [
        {
          "type": "INTEGER (LONG)",
          "count": 66916,
          "max_value": 24,
          "min_value": 1,
          "mean": 15.840800406479765
        }
      ]
    },
    {
      "column_name": "SNAPUnit_Rel",
      "number_non_empty_cells": 69103,
      "number_empty_cells": 0,
      "number_distinct_values": 4,
      "frequent_values": [
        "1",
        "3",
        "2",
        "4"
      ],
      "data_types": [
        {
          "type": "INTEGER (LONG)",
          "count": 69103,
          "max_value": 4,
          "min_value": 1,
          "mean": 1.6799849500021706
        }
      ]
    },
    {
      "column_name": "TotalWorkHrs_PU",
      "number_non_empty_cells": 69103,
      "number_empty_cells": 0,
      "number_distinct_values": 5,
      "frequent_values": [
        "1",
        "3",
        "2",
        "5",
        "4"
      ],
      "data_types": [
        {
          "type": "INTEGER (LONG)",
          "count": 69103,
          "max_value": 5,
          "min_value": 1,
          "mean": 2.5279365584706888
        }
      ]
    },
    {
      "column_name": "PreTaxIncome_PU",
      "number_non_empty_cells": 69103,
      "number_empty_cells": 0,
      "number_distinct_values": 4393,
      "frequent_values": [
        "0",
        "30037.92",
        "50063.2",
        "60075.84",
        "40050.56"
      ],
      "data_types": [
        {
          "type": "INTEGER (LONG)",
          "count": 1500,
          "max_value": 1251580,
          "min_value": 0,
          "mean": 38214.90933333334
        },
        {
          "type": "REAL",
          "count": 67603,
          "max_value": 1914416.768,
          "min_value": -10012.64,
          "mean": 97568.04286894012
        }
      ]
    },
    {
      "column_name": "Off_Pov_Stat",
      "number_non_empty_cells": 69103,
      "number_empty_cells": 0,
      "number_distinct_values": 2,
      "frequent_values": [
        "2",
        "1"
      ],
      "data_types": [
        {
          "type": "INTEGER (LONG)",
          "count": 69103,
          "max_value": 2,
          "min_value": 1,
          "mean": 1.8345223796361954
        }
      ]
    },
    {
      "column_name": "NYCgov_SFN",
      "number_non_empty_cells": 69103,
      "number_empty_cells": 0,
      "number_distinct_values": 4,
      "frequent_values": [
        "0",
        "1",
        "2",
        "3"
      ],
      "data_types": [
        {
          "type": "INTEGER (LONG)",
          "count": 69103,
          "max_value": 3,
          "min_value": 0,
          "mean": 0.06151686612737508
        }
      ]
    },
    {
      "column_name": "NYCgov_IncomeTax",
      "number_non_empty_cells": 69103,
      "number_empty_cells": 0,
      "number_distinct_values": 18735,
      "frequent_values": [
        "0",
        "-63",
        "-125",
        "9542.731912",
        "13052.7513232"
      ],
      "data_types": [
        {
          "type": "REAL",
          "count": 62064,
          "max_value": 893376.033080588,
          "min_value": -20890.8923957391,
          "mean": 21044.64822702144
        },
        {
          "type": "INTEGER (LONG)",
          "count": 7039,
          "max_value": 524,
          "min_value": -9868,
          "mean": -57.30558317942889
        }
      ]
    },
    {
      "column_name": "NYCgov_EITC",
      "number_non_empty_cells": 69103,
      "number_empty_cells": 0,
      "number_distinct_values": 1257,
      "frequent_values": [
        "0",
        "3359",
        "5548",
        "6242",
        "214.199648"
      ],
      "data_types": [
        {
          "type": "INTEGER (LONG)",
          "count": 64954,
          "max_value": 6242,
          "min_value": 0,
          "mean": 78.336838377929
        },
        {
          "type": "REAL",
          "count": 4149,
          "max_value": 6218.20118912,
          "min_value": -0.271100800000056,
          "mean": 2252.446389184552
        }
      ]
    },
    {
      "column_name": "NYCgov_Threshold",
      "number_non_empty_cells": 69103,
      "number_empty_cells": 0,
      "number_distinct_values": 32,
      "frequent_values": [
        "20752.0030988994",
        "14717.7326942549",
        "31755.9997052714",
        "38840.3294374203",
        "35374.3559862117"
      ],
      "data_types": [
        {
          "type": "REAL",
          "count": 69103,
          "max_value": 95675.0091657571,
          "min_value": 14717.7326942549,
          "mean": 29721.8993782063
        }
      ]
    },
    {
      "column_name": "ENG",
      "number_non_empty_cells": 31066,
      "number_empty_cells": 38037,
      "number_distinct_values": 5,
      "frequent_values": [
        "",
        "1",
        "2",
        "3",
        "4"
      ],
      "data_types": [
        {
          "type": "INTEGER (LONG)",
          "count": 31066,
          "max_value": 4,
          "min_value": 1,
          "mean": 1.7729672310564604
        }
      ]
    },
    {
      "column_name": "Povunit_ID",
      "number_non_empty_cells": 69103,
      "number_empty_cells": 0,
      "number_distinct_values": 8,
      "frequent_values": [
        "1",
        "2",
        "3",
        "4",
        "5"
      ],
      "data_types": [
        {
          "type": "INTEGER (LONG)",
          "count": 69103,
          "max_value": 8,
          "min_value": 1,
          "mean": 1.0600552797997194
        }
      ]
    },
    {
      "column_name": "TaxUnit_FILER",
      "number_non_empty_cells": 69103,
      "number_empty_cells": 0,
      "number_distinct_values": 2,
      "frequent_values": [
        "0",
        "1"
      ],
      "data_types": [
        {
          "type": "INTEGER (LONG)",
          "count": 69103,
          "max_value": 1,
          "min_value": 0,
          "mean": 0.4835390648741733
        }
      ]
    },
    {
      "column_name": "TaxUnit_FILETYPE",
      "number_non_empty_cells": 69103,
      "number_empty_cells": 0,
      "number_distinct_values": 5,
      "frequent_values": [
        "1",
        "0",
        "3",
        "2",
        "4"
      ],
      "data_types": [
        {
          "type": "INTEGER (LONG)",
          "count": 69103,
          "max_value": 4,
          "min_value": 0,
          "mean": 0.792411328017597
        }
      ]
    },
    {
      "column_name": "NYCgov_SFR",
      "number_non_empty_cells": 69103,
      "number_empty_cells": 0,
      "number_distinct_values": 7,
      "frequent_values": [
        "0",
        "5",
        "3",
        "1",
        "2"
      ],
      "data_types": [
        {
          "type": "INTEGER (LONG)",
          "count": 69103,
          "max_value": 6,
          "min_value": 0,
          "mean": 0.19553420256718232
        }
      ]
    },
    {
      "column_name": "HousingStatus",
      "number_non_empty_cells": 69103,
      "number_empty_cells": 0,
      "number_distinct_values": 10,
      "frequent_values": [
        "9",
        "4",
        "6",
        "8",
        "3"
      ],
      "data_types": [
        {
          "type": "INTEGER (LONG)",
          "count": 69103,
          "max_value": 10,
          "min_value": 1,
          "mean": 6.340274662460385
        }
      ]
    },
    {
      "column_name": "NYCgov_Commuting",
      "number_non_empty_cells": 69103,
      "number_empty_cells": 0,
      "number_distinct_values": 3666,
      "frequent_values": [
        "0",
        "1190",
        "1428",
        "952",
        "2380"
      ],
      "data_types": [
        {
          "type": "REAL",
          "count": 31092,
          "max_value": 38737.7,
          "min_value": 9.43,
          "mean": 3367.848038962545
        },
        {
          "type": "INTEGER (LONG)",
          "count": 38011,
          "max_value": 17100,
          "min_value": 0,
          "mean": 1365.3694983031228
        }
      ]
    },
    {
      "column_name": "NYCgov_SchoolBreakfast",
      "number_non_empty_cells": 69103,
      "number_empty_cells": 0,
      "number_distinct_values": 7,
      "frequent_values": [
        "0",
        "283.5",
        "567",
        "850.5",
        "1134"
      ],
      "data_types": [
        {
          "type": "INTEGER (LONG)",
          "count": 66637,
          "max_value": 1134,
          "min_value": 0,
          "mean": 12.627039032369405
        },
        {
          "type": "REAL",
          "count": 2466,
          "max_value": 1984.5,
          "min_value": 283.5,
          "mean": 442.83941605839414
        }
      ]
    },
    {
      "column_name": "WGTP",
      "number_non_empty_cells": 69103,
      "number_empty_cells": 0,
      "number_distinct_values": 581,
      "frequent_values": [
        "66",
        "64",
        "39",
        "62",
        "70"
      ],
      "data_types": [
        {
          "type": "INTEGER (LONG)",
          "count": 69103,
          "max_value": 1395,
          "min_value": 18,
          "mean": 113.16494218774872
        }
      ]
    },
    {
      "column_name": "Povunit_Rel",
      "number_non_empty_cells": 69103,
      "number_empty_cells": 0,
      "number_distinct_values": 4,
      "frequent_values": [
        "1",
        "3",
        "4",
        "2"
      ],
      "data_types": [
        {
          "type": "INTEGER (LONG)",
          "count": 69103,
          "max_value": 4,
          "min_value": 1,
          "mean": 2.158473582912464
        }
      ]
    },
    {
      "column_name": "NYCgov_SchoolLunch",
      "number_non_empty_cells": 69103,
      "number_empty_cells": 0,
      "number_distinct_values": 9,
      "frequent_values": [
        "0",
        "571.025",
        "1142.05",
        "1713.075",
        "2284.1"
      ],
      "data_types": [
        {
          "type": "INTEGER (LONG)",
          "count": 57786,
          "max_value": 0,
          "min_value": 0,
          "mean": 0.0
        },
        {
          "type": "REAL",
          "count": 11317,
          "max_value": 4568.2,
          "min_value": 571.025,
          "mean": 1018.2783003447448
        }
      ]
    },
    {
      "column_name": "SCHG",
      "number_non_empty_cells": 69103,
      "number_empty_cells": 0,
      "number_distinct_values": 17,
      "frequent_values": [
        "0",
        "15",
        "16",
        "1",
        "14"
      ],
      "data_types": [
        {
          "type": "INTEGER (LONG)",
          "count": 69103,
          "max_value": 16,
          "min_value": 0,
          "mean": 2.4050185954300103
        }
      ]
    },
    {
      "column_name": "NP",
      "number_non_empty_cells": 69103,
      "number_empty_cells": 0,
      "number_distinct_values": 16,
      "frequent_values": [
        "2",
        "4",
        "3",
        "5",
        "1"
      ],
      "data_types": [
        {
          "type": "INTEGER (LONG)",
          "count": 69103,
          "max_value": 16,
          "min_value": 1,
          "mean": 3.600234432658495
        }
      ]
    },
    {
      "column_name": "TEN",
      "number_non_empty_cells": 69103,
      "number_empty_cells": 0,
      "number_distinct_values": 4,
      "frequent_values": [
        "3",
        "1",
        "2",
        "4"
      ],
      "data_types": [
        {
          "type": "INTEGER (LONG)",
          "count": 69103,
          "max_value": 4,
          "min_value": 1,
          "mean": 2.292071255951261
        }
      ]
    },
    {
      "column_name": "SNAPUnit_ID",
      "number_non_empty_cells": 69103,
      "number_empty_cells": 0,
      "number_distinct_values": 21,
      "frequent_values": [
        "1",
        "52",
        "2",
        "53",
        "54"
      ],
      "data_types": [
        {
          "type": "INTEGER (LONG)",
          "count": 69103,
          "max_value": 102,
          "min_value": 1,
          "mean": 11.211481411805565
        }
      ]
    },
    {
      "column_name": "EducAttain",
      "number_non_empty_cells": 66916,
      "number_empty_cells": 2187,
      "number_distinct_values": 5,
      "frequent_values": [
        "1",
        "4",
        "2",
        "3",
        ""
      ],
      "data_types": [
        {
          "type": "INTEGER (LONG)",
          "count": 66916,
          "max_value": 4,
          "min_value": 1,
          "mean": 2.462281068802678
        }
      ]
    },
    {
      "column_name": "FTPTWork",
      "number_non_empty_cells": 69103,
      "number_empty_cells": 0,
      "number_distinct_values": 3,
      "frequent_values": [
        "3",
        "1",
        "2"
      ],
      "data_types": [
        {
          "type": "INTEGER (LONG)",
          "count": 69103,
          "max_value": 3,
          "min_value": 1,
          "mean": 2.1347843074830326
        }
      ]
    },
    {
      "column_name": "PA_adj",
      "number_non_empty_cells": 69103,
      "number_empty_cells": 0,
      "number_distinct_values": 187,
      "frequent_values": [
        "0",
        "2302.9072",
        "2403.0336",
        "2202.7808",
        "3003.792"
      ],
      "data_types": [
        {
          "type": "REAL",
          "count": 1177,
          "max_value": 30037.92,
          "min_value": 10.01264,
          "mean": 3520.697730093457
        },
        {
          "type": "INTEGER (LONG)",
          "count": 67926,
          "max_value": 0,
          "min_value": 0,
          "mean": 0.0
        }
      ]
    },
    {
      "column_name": "MRGP_adj",
      "number_non_empty_cells": 69103,
      "number_empty_cells": 0,
      "number_distinct_values": 140,
      "frequent_values": [
        "0",
        "2002.528",
        "2503.16",
        "1802.2752",
        "1702.1488"
      ],
      "data_types": [
        {
          "type": "INTEGER (LONG)",
          "count": 49094,
          "max_value": 0,
          "min_value": 0,
          "mean": 0.0
        },
        {
          "type": "REAL",
          "count": 20009,
          "max_value": 6207.8368,
          "min_value": 4.005056,
          "mean": 2079.5639280835585
        }
      ]
    },
    {
      "column_name": "NYCgov_MedSpending",
      "number_non_empty_cells": 69103,
      "number_empty_cells": 0,
      "number_distinct_values": 6814,
      "frequent_values": [
        "0",
        "20.52654",
        "5.131636",
        "10.26327",
        "1.026327"
      ],
      "data_types": [
        {
          "type": "REAL",
          "count": 64025,
          "max_value": 40739.03,
          "min_value": 1.026327,
          "mean": 1653.7590434421854
        },
        {
          "type": "INTEGER (LONG)",
          "count": 5078,
          "max_value": 19726,
          "min_value": 0,
          "mean": 60.43284757778653
        }
      ]
    },
    {
      "column_name": "NYCgov_Childcare",
      "number_non_empty_cells": 69103,
      "number_empty_cells": 0,
      "number_distinct_values": 465,
      "frequent_values": [
        "0",
        "10758.47",
        "7172.315",
        "16847.2",
        "14344.63"
      ],
      "data_types": [
        {
          "type": "INTEGER (LONG)",
          "count": 65380,
          "max_value": 16061,
          "min_value": 0,
          "mean": 0.7369684918935454
        },
        {
          "type": "REAL",
          "count": 3723,
          "max_value": 64300.15,
          "min_value": 55.034203,
          "mean": 10953.668611693523
        }
      ]
    },
    {
      "column_name": "NYCgov_PovGap",
      "number_non_empty_cells": 69103,
      "number_empty_cells": 0,
      "number_distinct_values": 5613,
      "frequent_values": [
        "0",
        "14717.732421875",
        "20752.00390625",
        "31756",
        "35374.35546875"
      ],
      "data_types": [
        {
          "type": "INTEGER (LONG)",
          "count": 56288,
          "max_value": 31756,
          "min_value": 0,
          "mean": 21.66996517907902
        },
        {
          "type": "REAL",
          "count": 12815,
          "max_value": 44293.65234375,
          "min_value": 3.10149431228638,
          "mean": 8972.195712365557
        }
      ]
    },
    {
      "column_name": "CIT",
      "number_non_empty_cells": 69103,
      "number_empty_cells": 0,
      "number_distinct_values": 5,
      "frequent_values": [
        "1",
        "4",
        "5",
        "2",
        "3"
      ],
      "data_types": [
        {
          "type": "INTEGER (LONG)",
          "count": 69103,
          "max_value": 5,
          "min_value": 1,
          "mean": 2.347177401849413
        }
      ]
    },
    {
      "column_name": "MSP",
      "number_non_empty_cells": 57455,
      "number_empty_cells": 11648,
      "number_distinct_values": 7,
      "frequent_values": [
        "6",
        "1",
        "",
        "4",
        "3"
      ],
      "data_types": [
        {
          "type": "INTEGER (LONG)",
          "count": 57455,
          "max_value": 6,
          "min_value": 1,
          "mean": 3.50456879296841
        }
      ]
    },
    {
      "column_name": "HIUnit_ID",
      "number_non_empty_cells": 69103,
      "number_empty_cells": 0,
      "number_distinct_values": 12,
      "frequent_values": [
        "1",
        "2",
        "3",
        "4",
        "5"
      ],
      "data_types": [
        {
          "type": "INTEGER (LONG)",
          "count": 69103,
          "max_value": 12,
          "min_value": 1,
          "mean": 1.3498111514695454
        }
      ]
    },
    {
      "column_name": "TaxUnit_ID",
      "number_non_empty_cells": 69103,
      "number_empty_cells": 0,
      "number_distinct_values": 10,
      "frequent_values": [
        "1",
        "2",
        "3",
        "4",
        "5"
      ],
      "data_types": [
        {
          "type": "INTEGER (LONG)",
          "count": 69103,
          "max_value": 10,
          "min_value": 1,
          "mean": 1.3081052921001983
        }
      ]
    },
    {
      "column_name": "SEMP_adj",
      "number_non_empty_cells": 69103,
      "number_empty_cells": 0,
      "number_distinct_values": 379,
      "frequent_values": [
        "0",
        "10012.64",
        "30037.92",
        "15018.96",
        "20025.28"
      ],
      "data_types": [
        {
          "type": "INTEGER (LONG)",
          "count": 65829,
          "max_value": 125158,
          "min_value": 0,
          "mean": 9.506296616992511
        },
        {
          "type": "REAL",
          "count": 3274,
          "max_value": 382482.848,
          "min_value": -5607.0784,
          "mean": 34667.70020737927
        }
      ]
    },
    {
      "column_name": "NYCgov_MedPremiums",
      "number_non_empty_cells": 69103,
      "number_empty_cells": 0,
      "number_distinct_values": 4729,
      "frequent_values": [
        "0",
        "1291.941",
        "2463.185",
        "3694.778",
        "4926.37"
      ],
      "data_types": [
        {
          "type": "REAL",
          "count": 48871,
          "max_value": 33110.14,
          "min_value": 9.236944,
          "mean": 3720.1003360316317
        },
        {
          "type": "INTEGER (LONG)",
          "count": 20232,
          "max_value": 33253,
          "min_value": 0,
          "mean": 16.62801502570186
        }
      ]
    },
    {
      "column_name": "NYCgov_PovGapIndex",
      "number_non_empty_cells": 69103,
      "number_empty_cells": 0,
      "number_distinct_values": 5604,
      "frequent_values": [
        "0",
        "1",
        "0.266982167959213",
        "0.140256136655808",
        "0.241176545619965"
      ],
      "data_types": [
        {
          "type": "INTEGER (LONG)",
          "count": 56885,
          "max_value": 1,
          "min_value": 0,
          "mean": 0.011321086402390788
        },
        {
          "type": "REAL",
          "count": 12218,
          "max_value": 0.999040067195892,
          "min_value": 0.000122579265735,
          "mean": 0.3182909296832843
        }
      ]
    },
    {
      "column_name": "ESR",
      "number_non_empty_cells": 56682,
      "number_empty_cells": 12421,
      "number_distinct_values": 7,
      "frequent_values": [
        "1",
        "6",
        "",
        "3",
        "2"
      ],
      "data_types": [
        {
          "type": "INTEGER (LONG)",
          "count": 56682,
          "max_value": 6,
          "min_value": 1,
          "mean": 2.939028262940616
        }
      ]
    },
    {
      "column_name": "MAR",
      "number_non_empty_cells": 69103,
      "number_empty_cells": 0,
      "number_distinct_values": 5,
      "frequent_values": [
        "5",
        "1",
        "3",
        "2",
        "4"
      ],
      "data_types": [
        {
          "type": "INTEGER (LONG)",
          "count": 69103,
          "max_value": 5,
          "min_value": 1,
          "mean": 3.2500759735467346
        }
      ]
    },
    {
      "column_name": "Ethnicity",
      "number_non_empty_cells": 69103,
      "number_empty_cells": 0,
      "number_distinct_values": 5,
      "frequent_values": [
        "1",
        "4",
        "2",
        "3",
        "5"
      ],
      "data_types": [
        {
          "type": "INTEGER (LONG)",
          "count": 69103,
          "max_value": 5,
          "min_value": 1,
          "mean": 2.3815029738216866
        }
      ]
    },
    {
      "column_name": "CitizenStatus",
      "number_non_empty_cells": 69103,
      "number_empty_cells": 0,
      "number_distinct_values": 3,
      "frequent_values": [
        "1",
        "2",
        "3"
      ],
      "data_types": [
        {
          "type": "INTEGER (LONG)",
          "count": 69103,
          "max_value": 3,
          "min_value": 1,
          "mean": 1.5325239135782818
        }
      ]
    },
    {
      "column_name": "SSP_adj",
      "number_non_empty_cells": 69103,
      "number_empty_cells": 0,
      "number_distinct_values": 400,
      "frequent_values": [
        "0",
        "12015.168",
        "18022.752",
        "24030.336",
        "6007.584"
      ],
      "data_types": [
        {
          "type": "INTEGER (LONG)",
          "count": 59375,
          "max_value": 0,
          "min_value": 0,
          "mean": 0.0
        },
        {
          "type": "REAL",
          "count": 9728,
          "max_value": 50063.2,
          "min_value": 10.01264,
          "mean": 13314.509774934064
        }
      ]
    },
    {
      "column_name": "NYCgov_MOOP",
      "number_non_empty_cells": 69103,
      "number_empty_cells": 0,
      "number_distinct_values": 18167,
      "frequent_values": [
        "0",
        "5.131636",
        "1.026327",
        "3.078981",
        "10.26327"
      ],
      "data_types": [
        {
          "type": "REAL",
          "count": 64009,
          "max_value": 44803.29,
          "min_value": 1.026327,
          "mean": 4488.811918093761
        },
        {
          "type": "INTEGER (LONG)",
          "count": 5094,
          "max_value": 23546,
          "min_value": 0,
          "mean": 197.46387907341972
        }
      ]
    },
    {
      "column_name": "NYCgov_WIC",
      "number_non_empty_cells": 69103,
      "number_empty_cells": 0,
      "number_distinct_values": 7,
      "frequent_values": [
        "0",
        "647.64",
        "1295.28",
        "1942.92",
        "2590.56"
      ],
      "data_types": [
        {
          "type": "REAL",
          "count": 5226,
          "max_value": 4533.48,
          "min_value": 647.64,
          "mean": 1075.5582778415312
        },
        {
          "type": "INTEGER (LONG)",
          "count": 63877,
          "max_value": 0,
          "min_value": 0,
          "mean": 0.0
        }
      ]
    },
    {
      "column_name": "NYCgov_Nutrition",
      "number_non_empty_cells": 69103,
      "number_empty_cells": 0,
      "number_distinct_values": 3973,
      "frequent_values": [
        "0",
        "571.025",
        "1142.05",
        "2308",
        "1713.075"
      ],
      "data_types": [
        {
          "type": "INTEGER (LONG)",
          "count": 57655,
          "max_value": 16516,
          "min_value": 0,
          "mean": 571.9457115601422
        },
        {
          "type": "REAL",
          "count": 11448,
          "max_value": 23688.2,
          "min_value": 23.48,
          "mean": 5335.977531882655
        }
      ]
    },
    {
      "column_name": "PWGTP",
      "number_non_empty_cells": 69103,
      "number_empty_cells": 0,
      "number_distinct_values": 723,
      "frequent_values": [
        "65",
        "64",
        "66",
        "68",
        "63"
      ],
      "data_types": [
        {
          "type": "INTEGER (LONG)",
          "count": 69103,
          "max_value": 1435,
          "min_value": 13,
          "mean": 121.19711155810892
        }
      ]
    },
    {
      "column_name": "AGEP",
      "number_non_empty_cells": 69103,
      "number_empty_cells": 0,
      "number_distinct_values": 93,
      "frequent_values": [
        "30",
        "25",
        "26",
        "27",
        "28"
      ],
      "data_types": [
        {
          "type": "INTEGER (LONG)",
          "count": 69103,
          "max_value": 94,
          "min_value": 0,
          "mean": 39.04603273374528
        }
      ]
    },
    {
      "column_name": "REL",
      "number_non_empty_cells": 69103,
      "number_empty_cells": 0,
      "number_distinct_values": 16,
      "frequent_values": [
        "0",
        "2",
        "1",
        "7",
        "12"
      ],
      "data_types": [
        {
          "type": "INTEGER (LONG)",
          "count": 69103,
          "max_value": 15,
          "min_value": 0,
          "mean": 2.332011634806014
        }
      ]
    },
    {
      "column_name": "SCH",
      "number_non_empty_cells": 69103,
      "number_empty_cells": 0,
      "number_distinct_values": 4,
      "frequent_values": [
        "1",
        "2",
        "3",
        "0"
      ],
      "data_types": [
        {
          "type": "INTEGER (LONG)",
          "count": 69103,
          "max_value": 3,
          "min_value": 0,
          "mean": 1.2776001041922926
        }
      ]
    },
    {
      "column_name": "DIS",
      "number_non_empty_cells": 69103,
      "number_empty_cells": 0,
      "number_distinct_values": 2,
      "frequent_values": [
        "2",
        "1"
      ],
      "data_types": [
        {
          "type": "INTEGER (LONG)",
          "count": 69103,
          "max_value": 2,
          "min_value": 1,
          "mean": 1.888818141035845
        }
      ]
    },
    {
      "column_name": "NYCgov_REL",
      "number_non_empty_cells": 69103,
      "number_empty_cells": 0,
      "number_distinct_values": 13,
      "frequent_values": [
        "0",
        "2",
        "1",
        "5",
        "9"
      ],
      "data_types": [
        {
          "type": "INTEGER (LONG)",
          "count": 69103,
          "max_value": 12,
          "min_value": 0,
          "mean": 1.8799907384628742
        }
      ]
    },
    {
      "column_name": "FamType_PU",
      "number_non_empty_cells": 69103,
      "number_empty_cells": 0,
      "number_distinct_values": 8,
      "frequent_values": [
        "1",
        "2",
        "8",
        "4",
        "6"
      ],
      "data_types": [
        {
          "type": "INTEGER (LONG)",
          "count": 69103,
          "max_value": 8,
          "min_value": 1,
          "mean": 3.2711459705077925
        }
      ]
    },
    {
      "column_name": "INTP_adj",
      "number_non_empty_cells": 69103,
      "number_empty_cells": 0,
      "number_distinct_values": 403,
      "frequent_values": [
        "0",
        "284358.976",
        "1001.264",
        "10012.64",
        "100.1264"
      ],
      "data_types": [
        {
          "type": "REAL",
          "count": 6597,
          "max_value": 284358.976,
          "min_value": -5306.6992,
          "mean": 21020.52700590884
        },
        {
          "type": "INTEGER (LONG)",
          "count": 62506,
          "max_value": 0,
          "min_value": 0,
          "mean": 0.0
        }
      ]
    },
    {
      "column_name": "RETP_adj",
      "number_non_empty_cells": 69103,
      "number_empty_cells": 0,
      "number_distinct_values": 501,
      "frequent_values": [
        "0",
        "133168.112",
        "12015.168",
        "24030.336",
        "6007.584"
      ],
      "data_types": [
        {
          "type": "INTEGER (LONG)",
          "count": 64537,
          "max_value": 0,
          "min_value": 0,
          "mean": 0.0
        },
        {
          "type": "REAL",
          "count": 4566,
          "max_value": 133168.112,
          "min_value": 4.005056,
          "mean": 23168.901170971574
        }
      ]
    },
    {
      "column_name": "SERIALNO",
      "number_non_empty_cells": 69103,
      "number_empty_cells": 0,
      "number_distinct_values": 26833,
      "frequent_values": [
        "613437",
        "1405644",
        "1502088",
        "1104848",
        "1134398"
      ],
      "data_types": [
        {
          "type": "INTEGER (LONG)",
          "count": 69103,
          "max_value": 1513283,
          "min_value": 17,
          "mean": 760959.2160687669
        }
      ]
    },
    {
      "column_name": "HHT",
      "number_non_empty_cells": 69103,
      "number_empty_cells": 0,
      "number_distinct_values": 7,
      "frequent_values": [
        "1",
        "3",
        "6",
        "2",
        "4"
      ],
      "data_types": [
        {
          "type": "INTEGER (LONG)",
          "count": 69103,
          "max_value": 7,
          "min_value": 1,
          "mean": 2.3314038464321376
        }
      ]
    },
    {
      "column_name": "Boro",
      "number_non_empty_cells": 69103,
      "number_empty_cells": 0,
      "number_distinct_values": 5,
      "frequent_values": [
        "2",
        "4",
        "1",
        "3",
        "5"
      ],
      "data_types": [
        {
          "type": "INTEGER (LONG)",
          "count": 69103,
          "max_value": 5,
          "min_value": 1,
          "mean": 2.78268671403557
        }
      ]
    },
    {
      "column_name": "TaxUnit_Rel",
      "number_non_empty_cells": 69103,
      "number_empty_cells": 0,
      "number_distinct_values": 6,
      "frequent_values": [
        "1",
        "2",
        "3",
        "5",
        "6"
      ],
      "data_types": [
        {
          "type": "INTEGER (LONG)",
          "count": 69103,
          "max_value": 6,
          "min_value": 1,
          "mean": 2.0262940827460456
        }
      ]
    },
    {
      "column_name": "AgeCateg",
      "number_non_empty_cells": 69103,
      "number_empty_cells": 0,
      "number_distinct_values": 3,
      "frequent_values": [
        "2",
        "1",
        "3"
      ],
      "data_types": [
        {
          "type": "INTEGER (LONG)",
          "count": 69103,
          "max_value": 3,
          "min_value": 1,
          "mean": 1.948034094033544
        }
      ]
    },
    {
      "column_name": "SSIP_adj",
      "number_non_empty_cells": 69103,
      "number_empty_cells": 0,
      "number_distinct_values": 175,
      "frequent_values": [
        "0",
        "8811.1232",
        "9812.3872",
        "9612.1344",
        "6007.584"
      ],
      "data_types": [
        {
          "type": "INTEGER (LONG)",
          "count": 66685,
          "max_value": 0,
          "min_value": 0,
          "mean": 0.0
        },
        {
          "type": "REAL",
          "count": 2418,
          "max_value": 30037.92,
          "min_value": 1301.6432,
          "mean": 7951.684228949558
        }
      ]
    },
    {
      "column_name": "OI_adj",
      "number_non_empty_cells": 69103,
      "number_empty_cells": 0,
      "number_distinct_values": 307,
      "frequent_values": [
        "0",
        "73092.272",
        "10012.64",
        "6007.584",
        "5006.32"
      ],
      "data_types": [
        {
          "type": "INTEGER (LONG)",
          "count": 67138,
          "max_value": 0,
          "min_value": 0,
          "mean": 0.0
        },
        {
          "type": "REAL",
          "count": 1965,
          "max_value": 73092.272,
          "min_value": 4.005056,
          "mean": 11738.785505758811
        }
      ]
    },
    {
      "column_name": "NYCgov_FICAtax",
      "number_non_empty_cells": 69103,
      "number_empty_cells": 0,
      "number_distinct_values": 3611,
      "frequent_values": [
        "0",
        "3829.8348",
        "4595.80176",
        "2297.90088",
        "3063.86784"
      ],
      "data_types": [
        {
          "type": "REAL",
          "count": 58903,
          "max_value": 118845.013689712,
          "min_value": 1.53193392,
          "mean": 7553.835330996719
        },
        {
          "type": "INTEGER (LONG)",
          "count": 10200,
          "max_value": 0,
          "min_value": 0,
          "mean": 0.0
        }
      ]
    },
    {
      "column_name": "WKW",
      "number_non_empty_cells": 36072,
      "number_empty_cells": 33031,
      "number_distinct_values": 7,
      "frequent_values": [
        "",
        "1",
        "6",
        "3",
        "4"
      ],
      "data_types": [
        {
          "type": "INTEGER (LONG)",
          "count": 36072,
          "max_value": 6,
          "min_value": 1,
          "mean": 1.7641661122200045
        }
      ]
    },
    {
      "column_name": "WKHP",
      "number_non_empty_cells": 69103,
      "number_empty_cells": 0,
      "number_distinct_values": 91,
      "frequent_values": [
        "0",
        "40",
        "35",
        "50",
        "45"
      ],
      "data_types": [
        {
          "type": "INTEGER (LONG)",
          "count": 69103,
          "max_value": 99,
          "min_value": 0,
          "mean": 20.085784987627164
        }
      ]
    },
    {
      "column_name": "Off_Threshold",
      "number_non_empty_cells": 69101,
      "number_empty_cells": 2,
      "number_distinct_values": 49,
      "frequent_values": [
        "15871",
        "12331",
        "24036",
        "18540",
        "19078"
      ],
      "data_types": [
        {
          "type": "INTEGER (LONG)",
          "count": 69101,
          "max_value": 52747,
          "min_value": 11367,
          "mean": 21573.910768295682
        }
      ]
    },
    {
      "column_name": "SPORDER",
      "number_non_empty_cells": 69103,
      "number_empty_cells": 0,
      "number_distinct_values": 16,
      "frequent_values": [
        "1",
        "2",
        "3",
        "4",
        "5"
      ],
      "data_types": [
        {
          "type": "INTEGER (LONG)",
          "count": 69103,
          "max_value": 16,
          "min_value": 1,
          "mean": 2.3001172163292476
        }
      ]
    },
    {
      "column_name": "SEX",
      "number_non_empty_cells": 69103,
      "number_empty_cells": 0,
      "number_distinct_values": 2,
      "frequent_values": [
        "2",
        "1"
      ],
      "data_types": [
        {
          "type": "INTEGER (LONG)",
          "count": 69103,
          "max_value": 2,
          "min_value": 1,
          "mean": 1.531510932955154
        }
      ]
    },
    {
      "column_name": "HIUnit_Head",
      "number_non_empty_cells": 69103,
      "number_empty_cells": 0,
      "number_distinct_values": 2,
      "frequent_values": [
        "1",
        "0"
      ],
      "data_types": [
        {
          "type": "INTEGER (LONG)",
          "count": 69103,
          "max_value": 1,
          "min_value": 0,
          "mean": 0.5964285197458866
        }
      ]
    },
    {
      "column_name": "TaxUnit_FILESTAT",
      "number_non_empty_cells": 69103,
      "number_empty_cells": 0,
      "number_distinct_values": 5,
      "frequent_values": [
        "0",
        "4",
        "1",
        "2",
        "3"
      ],
      "data_types": [
        {
          "type": "INTEGER (LONG)",
          "count": 69103,
          "max_value": 4,
          "min_value": 0,
          "mean": 1.630667264807606
        }
      ]
    },
    {
      "column_name": "NYCgov_Income",
      "number_non_empty_cells": 69103,
      "number_empty_cells": 0,
      "number_distinct_values": 29356,
      "frequent_values": [
        "0",
        "95019.725115004",
        "114698.12279592",
        "105744.180326321",
        "339649.70751344"
      ],
      "data_types": [
        {
          "type": "REAL",
          "count": 68989,
          "max_value": 907402.0115577,
          "min_value": -22876.051042304,
          "mean": 68106.6868339365
        },
        {
          "type": "INTEGER (LONG)",
          "count": 114,
          "max_value": 2537,
          "min_value": 0,
          "mean": 229.52631578947367
        }
      ]
    }
  ]
}