{
  "dataset_name": "9sji-jws4.tsv.gz",
  "key_column_candidates": [
    "DBN",
    "LOCATION NAME",
    "LOCATION CATEGORY",
    "ADMINISTRATIVE DISTRICT",
    "FEMALE REMOVALS",
    "FEMALE PRINCIPAL",
    "FEMALE SUPERINTENDENT",
    "FEMALE EXPULSIONS",
    "MALE REMOVALS",
    "MALE PRINCIPAL",
    "MALE SUPERINTENDENT",
    "MALE EXPULSIONS",
    "SY1617 TOTAL REMOVALS/SUSPENSIONS"
  ],
  "columns": [
    {
      "column_name": "FEMALE EXPULSIONS",
      "number_non_empty_cells": 1665,
      "number_empty_cells": 0,
      "number_distinct_values": 1,
      "frequent_values": [
        "R"
      ],
      "data_types": [
        {
          "type": "TEXT",
          "count": 1665,
          "shortest_values": "R",
          "longest_values": "R",
          "average_length": 1.0
        }
      ]
    },
    {
      "column_name": "LOCATION NAME",
      "number_non_empty_cells": 1664,
      "number_empty_cells": 1,
      "number_distinct_values": 1662,
      "frequent_values": [
        "P.S. 360",
        "P.S. 212",
        "P.S. 253",
        "P.S. 015 Roberto Clemente",
        "P.S. 019 Asher Levy"
      ],
      "data_types": [
        {
          "type": "TEXT",
          "count": 1664,
          "shortest_values": "LYFE",
          "longest_values": "New Explorations into Science, Technology and Math",
          "average_length": 27.967548076923077
        }
      ]
    },
    {
      "column_name": "MALE PRINCIPAL",
      "number_non_empty_cells": 1665,
      "number_empty_cells": 0,
      "number_distinct_values": 80,
      "frequent_values": [
        "R",
        "18",
        "26",
        "6",
        "12"
      ],
      "data_types": [
        {
          "type": "INTEGER (LONG)",
          "count": 199,
          "max_value": 17208,
          "min_value": 6,
          "mean": 124.38693467336684
        },
        {
          "type": "TEXT",
          "count": 1466,
          "shortest_values": "R",
          "longest_values": "R",
          "average_length": 1.0
        }
      ]
    },
    {
      "column_name": "MALE EXPULSIONS",
      "number_non_empty_cells": 1665,
      "number_empty_cells": 0,
      "number_distinct_values": 1,
      "frequent_values": [
        "R"
      ],
      "data_types": [
        {
          "type": "TEXT",
          "count": 1665,
          "shortest_values": "R",
          "longest_values": "R",
          "average_length": 1.0
        }
      ]
    },
    {
      "column_name": "ADMINISTRATIVE DISTRICT",
      "number_non_empty_cells": 1664,
      "number_empty_cells": 1,
      "number_distinct_values": 35,
      "frequent_values": [
        "2",
        "10",
        "31",
        "9",
        "11"
      ],
      "data_types": [
        {
          "type": "INTEGER (LONG)",
          "count": 1664,
          "max_value": 79,
          "min_value": 1,
          "mean": 18.318509615384617
        }
      ]
    },
    {
      "column_name": "FEMALE REMOVALS",
      "number_non_empty_cells": 1665,
      "number_empty_cells": 0,
      "number_distinct_values": 26,
      "frequent_values": [
        "R",
        "6",
        "8",
        "11",
        "7"
      ],
      "data_types": [
        {
          "type": "INTEGER (LONG)",
          "count": 71,
          "max_value": 2724,
          "min_value": 6,
          "mean": 53.50704225352113
        },
        {
          "type": "TEXT",
          "count": 1594,
          "shortest_values": "R",
          "longest_values": "R",
          "average_length": 1.0
        }
      ]
    },
    {
      "column_name": "FEMALE PRINCIPAL",
      "number_non_empty_cells": 1665,
      "number_empty_cells": 0,
      "number_distinct_values": 50,
      "frequent_values": [
        "R",
        "6",
        "8",
        "13",
        "10"
      ],
      "data_types": [
        {
          "type": "INTEGER (LONG)",
          "count": 199,
          "max_value": 8488,
          "min_value": 6,
          "mean": 62.040201005025125
        },
        {
          "type": "TEXT",
          "count": 1466,
          "shortest_values": "R",
          "longest_values": "R",
          "average_length": 1.0
        }
      ]
    },
    {
      "column_name": "DBN",
      "number_non_empty_cells": 1665,
      "number_empty_cells": 0,
      "number_distinct_values": 1665,
      "frequent_values": [
        "01M015",
        "01M019",
        "01M020",
        "01M034",
        "01M063"
      ],
      "data_types": [
        {
          "type": "DATE/TIME",
          "count": 34,
          "max_value": "06M052",
          "min_value": "01M015"
        },
        {
          "type": "TEXT",
          "count": 1631,
          "shortest_values": "01M063",
          "longest_values": "CITYWIDE",
          "average_length": 6.001226241569589
        }
      ]
    },
    {
      "column_name": "LOCATION CATEGORY",
      "number_non_empty_cells": 1664,
      "number_empty_cells": 1,
      "number_distinct_values": 11,
      "frequent_values": [
        "Elementary",
        "High school",
        "Junior High-Intermediate-Middle",
        "K-8",
        "Secondary School"
      ],
      "data_types": [
        {
          "type": "TEXT",
          "count": 1664,
          "shortest_values": "K-8",
          "longest_values": "Junior High-Intermediate-Middle",
          "average_length": 13.541466346153847
        }
      ]
    },
    {
      "column_name": "MALE SUPERINTENDENT",
      "number_non_empty_cells": 1665,
      "number_empty_cells": 0,
      "number_distinct_values": 28,
      "frequent_values": [
        "R",
        "16",
        "14",
        "11",
        "8"
      ],
      "data_types": [
        {
          "type": "INTEGER (LONG)",
          "count": 66,
          "max_value": 6596,
          "min_value": 6,
          "mean": 115.57575757575758
        },
        {
          "type": "TEXT",
          "count": 1599,
          "shortest_values": "R",
          "longest_values": "R",
          "average_length": 1.0
        }
      ]
    },
    {
      "column_name": "MALE REMOVALS",
      "number_non_empty_cells": 1665,
      "number_empty_cells": 0,
      "number_distinct_values": 46,
      "frequent_values": [
        "R",
        "12",
        "8",
        "30",
        "39"
      ],
      "data_types": [
        {
          "type": "INTEGER (LONG)",
          "count": 71,
          "max_value": 8613,
          "min_value": 7,
          "mean": 154.8732394366197
        },
        {
          "type": "TEXT",
          "count": 1594,
          "shortest_values": "R",
          "longest_values": "R",
          "average_length": 1.0
        }
      ]
    },
    {
      "column_name": "FEMALE SUPERINTENDENT",
      "number_non_empty_cells": 1665,
      "number_empty_cells": 0,
      "number_distinct_values": 19,
      "frequent_values": [
        "R",
        "6",
        "7",
        "10",
        "11"
      ],
      "data_types": [
        {
          "type": "INTEGER (LONG)",
          "count": 66,
          "max_value": 2942,
          "min_value": 6,
          "mean": 54.60606060606061
        },
        {
          "type": "TEXT",
          "count": 1599,
          "shortest_values": "R",
          "longest_values": "R",
          "average_length": 1.0
        }
      ]
    },
    {
      "column_name": "SY1617 TOTAL REMOVALS/SUSPENSIONS",
      "number_non_empty_cells": 1665,
      "number_empty_cells": 0,
      "number_distinct_values": 159,
      "frequent_values": [
        "R",
        "0",
        "6",
        "11",
        "12"
      ],
      "data_types": [
        {
          "type": "INTEGER (LONG)",
          "count": 1327,
          "max_value": 46571,
          "min_value": 0,
          "mean": 69.50263752825923
        },
        {
          "type": "TEXT",
          "count": 338,
          "shortest_values": "R",
          "longest_values": "R",
          "average_length": 1.0
        }
      ]
    }
  ]
}