{
  "dataset_name": "9wgm-cdbe.tsv.gz",
  "key_column_candidates": [
    "ProviderType",
    "DFTA ID",
    "ContractYear",
    "SponsorName",
    "ProgramName",
    "LineItem",
    "LineItemName",
    "ReportedMonth",
    "ReportedAmount"
  ],
  "columns": [
    {
      "column_name": "ProviderType",
      "number_non_empty_cells": 31,
      "number_empty_cells": 0,
      "number_distinct_values": 2,
      "frequent_values": [
        "ELDER ABUSE SERVICES CONTRACTS",
        "\u001a"
      ],
      "data_types": [
        {
          "type": "TEXT",
          "count": 31,
          "shortest_values": "\u001a",
          "longest_values": "ELDER ABUSE SERVICES CONTRACTS",
          "average_length": 29.06451612903226
        }
      ]
    },
    {
      "column_name": "SponsorName",
      "number_non_empty_cells": 30,
      "number_empty_cells": 1,
      "number_distinct_values": 3,
      "frequent_values": [
        "THE NEIGHBORHOOD SELF-HELP BY OLDER PERSONS PROJECT INC",
        "WEILL MEDICAL COLLEGE OF CORNELL UNIVERSITY",
        ""
      ],
      "data_types": [
        {
          "type": "TEXT",
          "count": 30,
          "shortest_values": "WEILL MEDICAL COLLEGE OF CORNELL UNIVERSITY",
          "longest_values": "THE NEIGHBORHOOD SELF-HELP BY OLDER PERSONS PROJECT INC",
          "average_length": 49.0
        }
      ]
    },
    {
      "column_name": "ProgramName",
      "number_non_empty_cells": 30,
      "number_empty_cells": 1,
      "number_distinct_values": 3,
      "frequent_values": [
        "SHOPP ELDER ABUSE BX 1-8",
        "Weill Cornell PROTECT",
        ""
      ],
      "data_types": [
        {
          "type": "TEXT",
          "count": 30,
          "shortest_values": "Weill Cornell PROTECT",
          "longest_values": "SHOPP ELDER ABUSE BX 1-8",
          "average_length": 22.5
        }
      ]
    },
    {
      "column_name": "ContractYear",
      "number_non_empty_cells": 30,
      "number_empty_cells": 1,
      "number_distinct_values": 2,
      "frequent_values": [
        "2020",
        ""
      ],
      "data_types": [
        {
          "type": "INTEGER (LONG)",
          "count": 30,
          "max_value": 2020,
          "min_value": 2020,
          "mean": 2020.0
        }
      ]
    },
    {
      "column_name": "ReportedAmount",
      "number_non_empty_cells": 30,
      "number_empty_cells": 1,
      "number_distinct_values": 10,
      "frequent_values": [
        "0",
        "",
        "14443.81",
        "743.23",
        "227"
      ],
      "data_types": [
        {
          "type": "INTEGER (LONG)",
          "count": 26,
          "max_value": 2500,
          "min_value": 0,
          "mean": 139.30769230769232
        },
        {
          "type": "REAL",
          "count": 4,
          "max_value": 21841.78,
          "min_value": 694.93,
          "mean": 9430.9375
        }
      ]
    },
    {
      "column_name": "ReportedMonth",
      "number_non_empty_cells": 30,
      "number_empty_cells": 1,
      "number_distinct_values": 2,
      "frequent_values": [
        "Jul 2019",
        ""
      ],
      "data_types": [
        {
          "type": "DATE/TIME",
          "count": 30,
          "max_value": "Jul 2019",
          "min_value": "Jul 2019"
        }
      ]
    },
    {
      "column_name": "LineItem",
      "number_non_empty_cells": 30,
      "number_empty_cells": 1,
      "number_distinct_values": 16,
      "frequent_values": [
        "82",
        "83",
        "03",
        "12",
        "14"
      ],
      "data_types": [
        {
          "type": "INTEGER (LONG)",
          "count": 30,
          "max_value": 83,
          "min_value": 3,
          "mean": 23.533333333333335
        }
      ]
    },
    {
      "column_name": "DFTA ID",
      "number_non_empty_cells": 30,
      "number_empty_cells": 1,
      "number_distinct_values": 3,
      "frequent_values": [
        "1E101",
        "64701",
        ""
      ],
      "data_types": [
        {
          "type": "INTEGER (LONG)",
          "count": 15,
          "max_value": 64701,
          "min_value": 64701,
          "mean": 64701.0
        },
        {
          "type": "TEXT",
          "count": 15,
          "shortest_values": "1E101",
          "longest_values": "1E101",
          "average_length": 5.0
        }
      ]
    },
    {
      "column_name": "LineItemName",
      "number_non_empty_cells": 30,
      "number_empty_cells": 1,
      "number_distinct_values": 16,
      "frequent_values": [
        "Utilities",
        "Rent Usage Charges",
        "Personnel",
        "Catered Food/Disposables",
        "Program Insurance"
      ],
      "data_types": [
        {
          "type": "TEXT",
          "count": 30,
          "shortest_values": "Rent",
          "longest_values": "Catered Food/Disposables",
          "average_length": 13.466666666666667
        }
      ]
    }
  ]
}