{
  "dataset_name": "a8rp-fpnn.tsv.gz",
  "key_column_candidates": [
    "PROGRAM TYPE",
    "PROGRAM",
    "SITE NAME",
    "BOROUGH / COMMUNITY",
    "AGENCY",
    "Contact Number",
    "Grade Level / Age Group ",
    "Location 1",
    "Postcode",
    "Latitude",
    "Longitude",
    "Community Board",
    "Council District",
    "Census Tract",
    "BIN",
    "BBL",
    "NTA"
  ],
  "columns": [
    {
      "column_name": "Latitude",
      "number_non_empty_cells": 8,
      "number_empty_cells": 2,
      "number_distinct_values": 9,
      "frequent_values": [
        "",
        "40.833131",
        "40.766264",
        "40.839305",
        "40.724458"
      ],
      "data_types": [
        {
          "type": "REAL",
          "count": 8,
          "max_value": 40.839305,
          "min_value": 40.681896,
          "mean": 40.773030375
        }
      ]
    },
    {
      "column_name": "Council District",
      "number_non_empty_cells": 8,
      "number_empty_cells": 2,
      "number_distinct_values": 9,
      "frequent_values": [
        "",
        "16",
        "22",
        "10",
        "24"
      ],
      "data_types": [
        {
          "type": "INTEGER (LONG)",
          "count": 8,
          "max_value": 36,
          "min_value": 8,
          "mean": 18.75
        }
      ]
    },
    {
      "column_name": "BIN",
      "number_non_empty_cells": 8,
      "number_empty_cells": 2,
      "number_distinct_values": 9,
      "frequent_values": [
        "",
        "2002410",
        "4006382",
        "1076741",
        "4147847"
      ],
      "data_types": [
        {
          "type": "INTEGER (LONG)",
          "count": 8,
          "max_value": 4147847,
          "min_value": 1052998,
          "mean": 2552290.875
        }
      ]
    },
    {
      "column_name": "BBL",
      "number_non_empty_cells": 8,
      "number_empty_cells": 2,
      "number_distinct_values": 9,
      "frequent_values": [
        "",
        "2024380050",
        "4005530001",
        "1021120058",
        "4068260001"
      ],
      "data_types": [
        {
          "type": "INTEGER (LONG)",
          "count": 8,
          "max_value": 4068260001,
          "min_value": 1016930001,
          "mean": 2523008772.375
        }
      ]
    },
    {
      "column_name": "Longitude",
      "number_non_empty_cells": 8,
      "number_empty_cells": 2,
      "number_distinct_values": 9,
      "frequent_values": [
        "",
        "-73.914027",
        "-73.930709",
        "-73.936159",
        "-73.810216"
      ],
      "data_types": [
        {
          "type": "REAL",
          "count": 8,
          "max_value": -73.810216,
          "min_value": -73.954142,
          "mean": -73.913662125
        }
      ]
    },
    {
      "column_name": "PROGRAM TYPE",
      "number_non_empty_cells": 10,
      "number_empty_cells": 0,
      "number_distinct_values": 1,
      "frequent_values": [
        "Reading & Writing"
      ],
      "data_types": [
        {
          "type": "TEXT",
          "count": 10,
          "shortest_values": "Reading & Writing",
          "longest_values": "Reading & Writing",
          "average_length": 17.0
        }
      ]
    },
    {
      "column_name": "Contact Number",
      "number_non_empty_cells": 10,
      "number_empty_cells": 0,
      "number_distinct_values": 7,
      "frequent_values": [
        "212.652.2800",
        "212.683.2522",
        "718.282.5575",
        "718.204.6797",
        "212.740.8655"
      ],
      "data_types": [
        {
          "type": "TEXT",
          "count": 10,
          "shortest_values": "718.282.5575",
          "longest_values": "718.458.4243 ext. 205",
          "average_length": 12.9
        }
      ]
    },
    {
      "column_name": "Location 1",
      "number_non_empty_cells": 9,
      "number_empty_cells": 1,
      "number_distinct_values": 10,
      "frequent_values": [
        "",
        "270 167th StreetBronx, NEW YORK 10456(40.833227654258, -73.914085372255)",
        "31 51 21st StreetQueens, NEW YORK 11101(40.745702449808, -73.938669029252)",
        "21 Jumel PlaceNew York, NEW YORK 10032(40.839324204902, -73.936126103534)",
        "158 40 76th RoadQueens, NEW YORK 11366(40.728164407262, -73.792268173937)"
      ],
      "data_types": [
        {
          "type": "TEXT",
          "count": 9,
          "shortest_values": "Tibbett Avenue Bronx NEW YORK10463(40.878349575397, -73.911281609715)",
          "longest_values": "272 McDonough StreetBrooklyn, NEW YORK 11233(40.681892092944, -73.935841631993)",
          "average_length": 73.22222222222223
        }
      ]
    },
    {
      "column_name": "PROGRAM",
      "number_non_empty_cells": 10,
      "number_empty_cells": 0,
      "number_distinct_values": 1,
      "frequent_values": [
        "Adolescent Literacy"
      ],
      "data_types": [
        {
          "type": "TEXT",
          "count": 10,
          "shortest_values": "Adolescent Literacy",
          "longest_values": "Adolescent Literacy",
          "average_length": 19.0
        }
      ]
    },
    {
      "column_name": "NTA",
      "number_non_empty_cells": 8,
      "number_empty_cells": 2,
      "number_distinct_values": 9,
      "frequent_values": [
        "",
        "East Concourse-Concourse Village                                           ",
        "Astoria                                                                    ",
        "Washington Heights South                                                   ",
        "Kew Gardens Hills                                                          "
      ],
      "data_types": [
        {
          "type": "TEXT",
          "count": 8,
          "shortest_values": "East Concourse-Concourse Village                                           ",
          "longest_values": "East Concourse-Concourse Village                                           ",
          "average_length": 75.0
        }
      ]
    },
    {
      "column_name": "Grade Level / Age Group ",
      "number_non_empty_cells": 10,
      "number_empty_cells": 0,
      "number_distinct_values": 1,
      "frequent_values": [
        "grades 6 to 8"
      ],
      "data_types": [
        {
          "type": "TEXT",
          "count": 10,
          "shortest_values": "grades 6 to 8",
          "longest_values": "grades 6 to 8",
          "average_length": 13.0
        }
      ]
    },
    {
      "column_name": "Census Tract",
      "number_non_empty_cells": 8,
      "number_empty_cells": 2,
      "number_distinct_values": 9,
      "frequent_values": [
        "",
        "175",
        "77",
        "249",
        "1257"
      ],
      "data_types": [
        {
          "type": "INTEGER (LONG)",
          "count": 8,
          "max_value": 1257,
          "min_value": 77,
          "mean": 336.75
        }
      ]
    },
    {
      "column_name": "Postcode",
      "number_non_empty_cells": 10,
      "number_empty_cells": 0,
      "number_distinct_values": 10,
      "frequent_values": [
        "11203",
        "10456",
        "11101",
        "10032",
        "11366"
      ],
      "data_types": [
        {
          "type": "INTEGER (LONG)",
          "count": 10,
          "max_value": 11372,
          "min_value": 10026,
          "mean": 10728.1
        }
      ]
    },
    {
      "column_name": "BOROUGH / COMMUNITY",
      "number_non_empty_cells": 10,
      "number_empty_cells": 0,
      "number_distinct_values": 4,
      "frequent_values": [
        "Queens",
        "New York",
        "Brooklyn",
        "Bronx"
      ],
      "data_types": [
        {
          "type": "TEXT",
          "count": 10,
          "shortest_values": "Bronx",
          "longest_values": "Brooklyn",
          "average_length": 6.8
        }
      ]
    },
    {
      "column_name": "SITE NAME",
      "number_non_empty_cells": 10,
      "number_empty_cells": 0,
      "number_distinct_values": 10,
      "frequent_values": [
        "K 533- School for Democracy and Leadership 600 Kingston Avenue",
        "JHS 22- Jordan L Mott School",
        "I.S. 126- Astoria Intermediate School",
        "MS 324 - Patria Mirabal School",
        "I.S.168 - Parsons School "
      ],
      "data_types": [
        {
          "type": "TEXT",
          "count": 10,
          "shortest_values": "I.S.168 - Parsons School ",
          "longest_values": "K 533- School for Democracy and Leadership 600 Kingston Avenue",
          "average_length": 36.0
        }
      ]
    },
    {
      "column_name": "AGENCY",
      "number_non_empty_cells": 10,
      "number_empty_cells": 0,
      "number_distinct_values": 7,
      "frequent_values": [
        "Creative Arts Team/CUNY",
        "Supportive Childrens Advocacy Network (SCAN)",
        "CAMBA",
        "Jacob Riis Neighborhood Settlement",
        "The Children's Aid Society"
      ],
      "data_types": [
        {
          "type": "TEXT",
          "count": 10,
          "shortest_values": "CAMBA",
          "longest_values": "Supportive Childrens Advocacy Network (SCAN)",
          "average_length": 26.7
        }
      ]
    },
    {
      "column_name": "Community Board",
      "number_non_empty_cells": 8,
      "number_empty_cells": 2,
      "number_distinct_values": 8,
      "frequent_values": [
        "",
        "3",
        "4",
        "1",
        "12"
      ],
      "data_types": [
        {
          "type": "INTEGER (LONG)",
          "count": 8,
          "max_value": 12,
          "min_value": 1,
          "mean": 6.5
        }
      ]
    }
  ]
}