{
  "dataset_name": "a8wp-rerh.tsv.gz",
  "key_column_candidates": [
    "CREATED",
    "BIC NUMBER",
    "ACCOUNT NAME",
    "TRADE NAME",
    "ADDRESS",
    "CITY",
    "STATE",
    "POSTCODE",
    "PHONE",
    "EMAIL",
    "APPLICATION TYPE",
    "DISPOSITION DATE",
    "EFFECTIVE DATE",
    "EXPIRATION DATE",
    "RENEWAL",
    "EXPORT DATE",
    "LATITUDE",
    "LONGITUDE",
    "COMMUNITY BOARD",
    "COUNCIL DISTRICT",
    "CENSUS TRACT",
    "BIN",
    "BBL",
    "NTA",
    "BORO"
  ],
  "columns": [
    {
      "column_name": "CREATED",
      "number_non_empty_cells": 383499,
      "number_empty_cells": 0,
      "number_distinct_values": 635,
      "frequent_values": [
        "12/22/2017",
        "05/29/2017",
        "10/16/2017",
        "01/31/2018",
        "08/21/2019"
      ],
      "data_types": [
        {
          "type": "DATE/TIME",
          "count": 383499,
          "max_value": "09/27/2019",
          "min_value": "04/03/2017"
        }
      ]
    },
    {
      "column_name": "BIN",
      "number_non_empty_cells": 235317,
      "number_empty_cells": 148182,
      "number_distinct_values": 788,
      "frequent_values": [
        "",
        "4113238",
        "5025035",
        "5026636",
        "5157896"
      ],
      "data_types": [
        {
          "type": "REAL",
          "count": 363,
          "max_value": -73.705483,
          "min_value": -74.246691,
          "mean": -73.97296234710736
        },
        {
          "type": "INTEGER (LONG)",
          "count": 234954,
          "max_value": 5163282,
          "min_value": 1026949,
          "mean": 4204969.573405858
        }
      ]
    },
    {
      "column_name": "BBL",
      "number_non_empty_cells": 235317,
      "number_empty_cells": 148182,
      "number_distinct_values": 455,
      "frequent_values": [
        "",
        "4050050064",
        "5010560052",
        "5011550153",
        "5012900001"
      ],
      "data_types": [
        {
          "type": "INTEGER (LONG)",
          "count": 235317,
          "max_value": 5080430001,
          "min_value": 1,
          "mean": 4111232309.4018836
        }
      ]
    },
    {
      "column_name": "LATITUDE",
      "number_non_empty_cells": 235052,
      "number_empty_cells": 148447,
      "number_distinct_values": 438,
      "frequent_values": [
        "",
        "40.765183",
        "40.629539",
        "40.633405",
        "40.627825"
      ],
      "data_types": [
        {
          "type": "REAL",
          "count": 235052,
          "max_value": 40.893483,
          "min_value": 40.502748,
          "mean": 40.65502675032429
        }
      ]
    },
    {
      "column_name": "APPLICATION TYPE",
      "number_non_empty_cells": 383499,
      "number_empty_cells": 0,
      "number_distinct_values": 4,
      "frequent_values": [
        "CL1",
        "2018-06-21",
        "2018-06-22",
        "2018-06-26"
      ],
      "data_types": [
        {
          "type": "TEXT",
          "count": 381729,
          "shortest_values": "CL1",
          "longest_values": "CL1",
          "average_length": 3.0
        },
        {
          "type": "DATE/TIME",
          "count": 1770,
          "max_value": "2018-06-26",
          "min_value": "2018-06-21"
        }
      ]
    },
    {
      "column_name": "EXPIRATION DATE",
      "number_non_empty_cells": 189409,
      "number_empty_cells": 194090,
      "number_distinct_values": 44,
      "frequent_values": [
        "",
        "2020-03-31",
        "2020-04-30",
        "2020-06-30",
        "2020-01-31"
      ],
      "data_types": [
        {
          "type": "DATE/TIME",
          "count": 189409,
          "max_value": "2021-10-31",
          "min_value": "2018-05-31"
        }
      ]
    },
    {
      "column_name": "EMAIL",
      "number_non_empty_cells": 190889,
      "number_empty_cells": 192610,
      "number_distinct_values": 653,
      "frequent_values": [
        "",
        "CL1",
        "emaill_exemption@bic.com",
        "roseann@mdgardens.com",
        "lgdesign@verizon.net"
      ],
      "data_types": [
        {
          "type": "TEXT",
          "count": 190889,
          "shortest_values": "CL1",
          "longest_values": "mothernaturelandscapingservice@gmail.com",
          "average_length": 22.582637029896954
        }
      ]
    },
    {
      "column_name": "COUNCIL DISTRICT",
      "number_non_empty_cells": 235052,
      "number_empty_cells": 148447,
      "number_distinct_values": 40,
      "frequent_values": [
        "",
        "50",
        "49",
        "51",
        "19"
      ],
      "data_types": [
        {
          "type": "INTEGER (LONG)",
          "count": 235052,
          "max_value": 51,
          "min_value": 3,
          "mean": 37.76168677569219
        }
      ]
    },
    {
      "column_name": "BORO",
      "number_non_empty_cells": 185024,
      "number_empty_cells": 198475,
      "number_distinct_values": 250,
      "frequent_values": [
        "",
        "STATEN IS",
        "QUEENS",
        "BROOKLYN",
        "BRONX"
      ],
      "data_types": [
        {
          "type": "INTEGER (LONG)",
          "count": 363,
          "max_value": 157903,
          "min_value": 4,
          "mean": 13261.694214876034
        },
        {
          "type": "TEXT",
          "count": 184661,
          "shortest_values": "BRONX",
          "longest_values": "STATEN IS",
          "average_length": 7.576694591711298
        }
      ]
    },
    {
      "column_name": "POSTCODE",
      "number_non_empty_cells": 383493,
      "number_empty_cells": 6,
      "number_distinct_values": 234,
      "frequent_values": [
        "11096",
        "10314",
        "10306",
        "10303",
        "10312"
      ],
      "data_types": [
        {
          "type": "TEXT",
          "count": 20566,
          "shortest_values": "11228-1609",
          "longest_values": "11210-5314-",
          "average_length": 10.02149178255373
        },
        {
          "type": "INTEGER (LONG)",
          "count": 362927,
          "max_value": 12758,
          "min_value": 7072,
          "mean": 10984.34012349591
        }
      ]
    },
    {
      "column_name": "EFFECTIVE DATE",
      "number_non_empty_cells": 189409,
      "number_empty_cells": 194090,
      "number_distinct_values": 44,
      "frequent_values": [
        "",
        "2018-04-01",
        "2018-07-01",
        "2018-05-01",
        "2018-02-01"
      ],
      "data_types": [
        {
          "type": "DATE/TIME",
          "count": 189409,
          "max_value": "2019-11-01",
          "min_value": "2016-06-01"
        }
      ]
    },
    {
      "column_name": "LONGITUDE",
      "number_non_empty_cells": 235052,
      "number_empty_cells": 148447,
      "number_distinct_values": 441,
      "frequent_values": [
        "",
        "-73.819104",
        "-74.139062",
        "-74.147051",
        "-74.168877"
      ],
      "data_types": [
        {
          "type": "REAL",
          "count": 235052,
          "max_value": -73.705483,
          "min_value": -74.249037,
          "mean": -73.97300268490822
        }
      ]
    },
    {
      "column_name": "ADDRESS",
      "number_non_empty_cells": 383499,
      "number_empty_cells": 0,
      "number_distinct_values": 757,
      "frequent_values": [
        "12 LAGRANGE PLACE",
        "83 ROGER AVENUE",
        "125-08 84TH RD",
        "2270 STILLWELL AVENUE",
        "188 PULASKI AVENUE"
      ],
      "data_types": [
        {
          "type": "TEXT",
          "count": 383499,
          "shortest_values": "PO BOX 44",
          "longest_values": "BROOKLYN NAVY YARD, 63 FLUSHING AVE, UNIT313",
          "average_length": 17.451229338277283
        }
      ]
    },
    {
      "column_name": "DISPOSITION DATE",
      "number_non_empty_cells": 157724,
      "number_empty_cells": 225775,
      "number_distinct_values": 415,
      "frequent_values": [
        "",
        "2018-06-12",
        "2018-02-27",
        "2018-08-31",
        "2018-04-06"
      ],
      "data_types": [
        {
          "type": "DATE/TIME",
          "count": 157724,
          "max_value": "2019-09-24",
          "min_value": "2016-05-04"
        }
      ]
    },
    {
      "column_name": "NTA",
      "number_non_empty_cells": 235415,
      "number_empty_cells": 148084,
      "number_distinct_values": 143,
      "frequent_values": [
        "",
        "New Springville-Bloomfield-Travis",
        "Mariner's Harbor-Arlington-Port Ivory-Graniteville",
        "Port Richmond",
        "Murray Hill"
      ],
      "data_types": [
        {
          "type": "INTEGER (LONG)",
          "count": 363,
          "max_value": 51,
          "min_value": 3,
          "mean": 37.74931129476584
        },
        {
          "type": "TEXT",
          "count": 235052,
          "shortest_values": "Hollis",
          "longest_values": "Todt Hill-Emerson Hill-Heartland Village-Lighthouse Hill",
          "average_length": 21.28698330582169
        }
      ]
    },
    {
      "column_name": "COMMUNITY BOARD",
      "number_non_empty_cells": 235052,
      "number_empty_cells": 148447,
      "number_distinct_values": 18,
      "frequent_values": [
        "",
        "1",
        "3",
        "7",
        "2"
      ],
      "data_types": [
        {
          "type": "INTEGER (LONG)",
          "count": 235052,
          "max_value": 18,
          "min_value": 1,
          "mean": 7.004594727975086
        }
      ]
    },
    {
      "column_name": "CENSUS TRACT",
      "number_non_empty_cells": 235415,
      "number_empty_cells": 148084,
      "number_distinct_values": 857,
      "frequent_values": [
        "",
        "29102",
        "1163",
        "247",
        "138"
      ],
      "data_types": [
        {
          "type": "INTEGER (LONG)",
          "count": 235052,
          "max_value": 157903,
          "min_value": 1,
          "mean": 13064.80148222521
        },
        {
          "type": "REAL",
          "count": 363,
          "max_value": 40.893483,
          "min_value": 40.502748,
          "mean": 40.655436997245175
        }
      ]
    },
    {
      "column_name": "TRADE NAME",
      "number_non_empty_cells": 72577,
      "number_empty_cells": 310922,
      "number_distinct_values": 239,
      "frequent_values": [
        "",
        "CARLOS LANDSCAPING",
        "BASSO LANDSCAPING",
        "LEEWAY GARDENING",
        "RIVERA BROS LANDSCAPING"
      ],
      "data_types": [
        {
          "type": "TEXT",
          "count": 72577,
          "shortest_values": "CRAFT I",
          "longest_values": "LEONIDAS M. VASQUEZ GENERAL GARDENING AND LANDSCAPING",
          "average_length": 22.639417446298413
        }
      ]
    },
    {
      "column_name": "PHONE",
      "number_non_empty_cells": 380459,
      "number_empty_cells": 3040,
      "number_distinct_values": 722,
      "frequent_values": [
        "",
        "(718) 946-7544",
        "(718) 984-0865",
        "(718) 746-4846",
        "(347) 500-3879"
      ],
      "data_types": [
        {
          "type": "INTEGER (LONG)",
          "count": 41,
          "max_value": 5164695791,
          "min_value": 5164695791,
          "mean": 5164695791.0
        },
        {
          "type": "TEXT",
          "count": 380418,
          "shortest_values": "718-805-9399",
          "longest_values": "(718) 622-7166 EX 301",
          "average_length": 14.013724376869654
        }
      ]
    },
    {
      "column_name": "RENEWAL",
      "number_non_empty_cells": 16561,
      "number_empty_cells": 366938,
      "number_distinct_values": 3,
      "frequent_values": [
        "",
        "true",
        "false"
      ],
      "data_types": [
        {
          "type": "TEXT",
          "count": 16561,
          "shortest_values": "true",
          "longest_values": "false",
          "average_length": 4.121007185556428
        }
      ]
    },
    {
      "column_name": "BIC NUMBER",
      "number_non_empty_cells": 383499,
      "number_empty_cells": 0,
      "number_distinct_values": 718,
      "frequent_values": [
        "BIC-3307",
        "BIC-774",
        "BIC-2787",
        "BIC-3325",
        "BIC-3931"
      ],
      "data_types": [
        {
          "type": "TEXT",
          "count": 383499,
          "shortest_values": "BIC-9",
          "longest_values": "BIC-487019",
          "average_length": 8.288769983754847
        }
      ]
    },
    {
      "column_name": "STATE",
      "number_non_empty_cells": 383499,
      "number_empty_cells": 0,
      "number_distinct_values": 2,
      "frequent_values": [
        "NY",
        "NJ"
      ],
      "data_types": [
        {
          "type": "TEXT",
          "count": 383499,
          "shortest_values": "NY",
          "longest_values": "NY",
          "average_length": 2.0
        }
      ]
    },
    {
      "column_name": "ACCOUNT NAME",
      "number_non_empty_cells": 383499,
      "number_empty_cells": 0,
      "number_distinct_values": 757,
      "frequent_values": [
        "THE SALVATION ARMY",
        "GB'S LANDSCAPING, LTD.",
        "GENERAL LANDSCAPING DESIGN INC.",
        "GERARDO DEVITO",
        "GIORGIO AGOSTINO"
      ],
      "data_types": [
        {
          "type": "TEXT",
          "count": 383499,
          "shortest_values": "HECTOR WUG",
          "longest_values": "JULIA NORMA GOMEZ - AGUILAR AND JOSE CARLOS AGUILAR ESPEJEL",
          "average_length": 24.10846964398864
        }
      ]
    },
    {
      "column_name": "EXPORT DATE",
      "number_non_empty_cells": 381729,
      "number_empty_cells": 1770,
      "number_distinct_values": 638,
      "frequent_values": [
        "",
        "01/31/2018",
        "04/03/2017",
        "07/05/2017",
        "07/06/2017"
      ],
      "data_types": [
        {
          "type": "DATE/TIME",
          "count": 381729,
          "max_value": "09/27/2019",
          "min_value": "04/03/2017"
        }
      ]
    },
    {
      "column_name": "CITY",
      "number_non_empty_cells": 383499,
      "number_empty_cells": 0,
      "number_distinct_values": 141,
      "frequent_values": [
        "STATEN ISLAND",
        "BROOKLYN",
        "INWOOD",
        "FLUSHING",
        "NEW ROCHELLE"
      ],
      "data_types": [
        {
          "type": "TEXT",
          "count": 383499,
          "shortest_values": "BRONX",
          "longest_values": "SPRINGFIELD GARDENS",
          "average_length": 10.19484014299907
        }
      ]
    }
  ]
}