{
  "dataset_name": "ac4n-c5re.tsv.gz",
  "key_column_candidates": [
    "FISCAL_YEAR",
    "ATS SYSTEM CODE",
    "LOCATION_CODE",
    "LOCATION_NAME",
    "BEDS NUMBER",
    "MANAGED_BY_NAME",
    "LOCATION_TYPE_DESCRIPTION",
    "LOCATION_CATEGORY_DESCRIPTION",
    "GRADES_TEXT",
    "GRADES_FINAL_TEXT",
    "OPEN_DATE",
    "STATUS_DESCRIPTIONS",
    "PRIMARY_BUILDING_CODE",
    "PRIMARY_ADDRESS_LINE_1",
    "STATE_CODE",
    "X_COORDINATE",
    "Y_COORDINATE",
    "COMMUNITY_DISTRICT",
    "COUNCIL_DISTRICT",
    "CENSUS_TRACT",
    "BOROUGH_BLOCK_LOT",
    "NTA",
    "NTA_NAME",
    "PRINCIPAL_NAME",
    "PRINCIPAL_TITLE",
    "PRINCIPAL_PHONE_NUMBER",
    "FAX_NUMBER",
    "GEOGRAPHICAL_DISTRICT_CODE",
    "ADMIN_DISTRICT_LOCATION_CODE",
    "ADMINISTRATIVE_DISTRICT_NAME",
    "COMMUNITY_SCHOOL_SUP_NAME",
    "FIELD_SUPPORT_CENTER_NAME",
    "FIELD_SUPPORT_CENTER_LEADER_NAME",
    "SCHOOL_SUPPORT_TEAM_NAME",
    "SCHOOL_SUPPORT_TEAM_LEADER_NAME",
    "HIGHSCHOOL_NETWORK_LOCATION_CODE",
    "HIGHSCHOOL_NETWORK_NAME",
    "HIGHSCHOOL_NETWORK_SUPERINTENDENT",
    "Location 1"
  ],
  "columns": [
    {
      "column_name": "BOROUGH_BLOCK_LOT",
      "number_non_empty_cells": 1819,
      "number_empty_cells": 0,
      "number_distinct_values": 1190,
      "frequent_values": [
        "0",
        "2036040039",
        "2028170002",
        "1022150080",
        "1008720057"
      ],
      "data_types": [
        {
          "type": "INTEGER (LONG)",
          "count": 1819,
          "max_value": 5078980001,
          "min_value": 0,
          "mean": 2619147577.5343595
        }
      ]
    },
    {
      "column_name": "Y_COORDINATE",
      "number_non_empty_cells": 1819,
      "number_empty_cells": 0,
      "number_distinct_values": 1216,
      "frequent_values": [
        "238502",
        "245072",
        "258943",
        "207189",
        "257757"
      ],
      "data_types": [
        {
          "type": "TEXT",
          "count": 1,
          "shortest_values": "NULL",
          "longest_values": "NULL",
          "average_length": 4.0
        },
        {
          "type": "INTEGER (LONG)",
          "count": 1818,
          "max_value": 268380,
          "min_value": 124552,
          "mean": 207736.66666666666
        }
      ]
    },
    {
      "column_name": "STATUS_DESCRIPTIONS",
      "number_non_empty_cells": 1819,
      "number_empty_cells": 0,
      "number_distinct_values": 1,
      "frequent_values": [
        "Open"
      ],
      "data_types": [
        {
          "type": "TEXT",
          "count": 1819,
          "shortest_values": "Open",
          "longest_values": "Open",
          "average_length": 4.0
        }
      ]
    },
    {
      "column_name": "PRIMARY_ADDRESS_LINE_1",
      "number_non_empty_cells": 1819,
      "number_empty_cells": 0,
      "number_distinct_values": 1256,
      "frequent_values": [
        "1980 LAFAYETTE AVENUE",
        "240 EAST 172 STREET",
        "99 TERRACE VIEW AVENUE",
        "40 IRVING PLACE",
        "925 ASTOR AVENUE"
      ],
      "data_types": [
        {
          "type": "TEXT",
          "count": 1819,
          "shortest_values": "26 BROADWAY",
          "longest_values": "1780 DR. MARTIN LUTHER KING JR. BLVD",
          "average_length": 18.412864211105003
        }
      ]
    },
    {
      "column_name": "FIELD_SUPPORT_CENTER_LEADER_NAME",
      "number_non_empty_cells": 1819,
      "number_empty_cells": 0,
      "number_distinct_values": 1,
      "frequent_values": [
        "NULL"
      ],
      "data_types": [
        {
          "type": "TEXT",
          "count": 1819,
          "shortest_values": "NULL",
          "longest_values": "NULL",
          "average_length": 4.0
        }
      ]
    },
    {
      "column_name": "X_COORDINATE",
      "number_non_empty_cells": 1819,
      "number_empty_cells": 0,
      "number_distinct_values": 1211,
      "frequent_values": [
        "1024125",
        "1008775",
        "1008396",
        "987835",
        "1030803"
      ],
      "data_types": [
        {
          "type": "INTEGER (LONG)",
          "count": 1818,
          "max_value": 1065003,
          "min_value": 916413,
          "mean": 1006409.4785478548
        },
        {
          "type": "TEXT",
          "count": 1,
          "shortest_values": "NULL",
          "longest_values": "NULL",
          "average_length": 4.0
        }
      ]
    },
    {
      "column_name": "ADMIN_DISTRICT_LOCATION_CODE",
      "number_non_empty_cells": 1819,
      "number_empty_cells": 0,
      "number_distinct_values": 1,
      "frequent_values": [
        "NULL"
      ],
      "data_types": [
        {
          "type": "TEXT",
          "count": 1819,
          "shortest_values": "NULL",
          "longest_values": "NULL",
          "average_length": 4.0
        }
      ]
    },
    {
      "column_name": "COMMUNITY_DISTRICT",
      "number_non_empty_cells": 1819,
      "number_empty_cells": 0,
      "number_distinct_values": 60,
      "frequent_values": [
        "303",
        "305",
        "203",
        "201",
        "111"
      ],
      "data_types": [
        {
          "type": "INTEGER (LONG)",
          "count": 1819,
          "max_value": 503,
          "min_value": 0,
          "mean": 270.9224848818032
        }
      ]
    },
    {
      "column_name": "SCHOOL_SUPPORT_TEAM_NAME",
      "number_non_empty_cells": 1819,
      "number_empty_cells": 0,
      "number_distinct_values": 1,
      "frequent_values": [
        "NULL"
      ],
      "data_types": [
        {
          "type": "TEXT",
          "count": 1819,
          "shortest_values": "NULL",
          "longest_values": "NULL",
          "average_length": 4.0
        }
      ]
    },
    {
      "column_name": "GEOGRAPHICAL_DISTRICT_CODE",
      "number_non_empty_cells": 1819,
      "number_empty_cells": 0,
      "number_distinct_values": 33,
      "frequent_values": [
        "2",
        "10",
        "9",
        "11",
        "31"
      ],
      "data_types": [
        {
          "type": "INTEGER (LONG)",
          "count": 1819,
          "max_value": 32,
          "min_value": 0,
          "mean": 15.449697636063771
        }
      ]
    },
    {
      "column_name": "STATE_CODE",
      "number_non_empty_cells": 1819,
      "number_empty_cells": 0,
      "number_distinct_values": 1,
      "frequent_values": [
        "NY"
      ],
      "data_types": [
        {
          "type": "TEXT",
          "count": 1819,
          "shortest_values": "NY",
          "longest_values": "NY",
          "average_length": 2.0
        }
      ]
    },
    {
      "column_name": "CENSUS_TRACT",
      "number_non_empty_cells": 1819,
      "number_empty_cells": 0,
      "number_distinct_values": 706,
      "frequent_values": [
        "1600",
        "3900",
        "40900",
        "13500",
        "30900"
      ],
      "data_types": [
        {
          "type": "TEXT",
          "count": 1,
          "shortest_values": "      ",
          "longest_values": "      ",
          "average_length": 6.0
        },
        {
          "type": "INTEGER (LONG)",
          "count": 1818,
          "max_value": 162100,
          "min_value": 100,
          "mean": 37219.83773377338
        }
      ]
    },
    {
      "column_name": "FISCAL_YEAR",
      "number_non_empty_cells": 1819,
      "number_empty_cells": 0,
      "number_distinct_values": 1,
      "frequent_values": [
        "2014"
      ],
      "data_types": [
        {
          "type": "INTEGER (LONG)",
          "count": 1819,
          "max_value": 2014,
          "min_value": 2014,
          "mean": 2014.0
        }
      ]
    },
    {
      "column_name": "PRINCIPAL_TITLE",
      "number_non_empty_cells": 1819,
      "number_empty_cells": 0,
      "number_distinct_values": 4,
      "frequent_values": [
        "PRINCIPAL",
        "I.A. PRINCIPAL",
        "Executive Director",
        "Acting Principal"
      ],
      "data_types": [
        {
          "type": "TEXT",
          "count": 1819,
          "shortest_values": "PRINCIPAL",
          "longest_values": "Executive Director",
          "average_length": 9.371632765255635
        }
      ]
    },
    {
      "column_name": "ADMINISTRATIVE_DISTRICT_NAME",
      "number_non_empty_cells": 1819,
      "number_empty_cells": 0,
      "number_distinct_values": 35,
      "frequent_values": [
        "OFFICE OF CHARTER SCHOOLS",
        "COMMUNITY SCHOOL DISTRICT 02",
        "COMMUNITY SCHOOL DISTRICT 10",
        "COMMUNITY SCHOOL DISTRICT 09",
        "COMMUNITY SCHOOL DISTRICT 31"
      ],
      "data_types": [
        {
          "type": "TEXT",
          "count": 1819,
          "shortest_values": "OFFICE OF CHARTER SCHOOLS",
          "longest_values": "ALTERNATIVE HIGH SCHOOL DISTRICT",
          "average_length": 27.635514018691588
        }
      ]
    },
    {
      "column_name": "PRIMARY_BUILDING_CODE",
      "number_non_empty_cells": 1819,
      "number_empty_cells": 0,
      "number_distinct_values": 1253,
      "frequent_values": [
        "X450",
        "X410",
        "X475",
        "M460",
        "X415"
      ],
      "data_types": [
        {
          "type": "DATE/TIME",
          "count": 63,
          "max_value": "M058",
          "min_value": "M001"
        },
        {
          "type": "TEXT",
          "count": 1756,
          "shortest_values": "M063",
          "longest_values": "M063",
          "average_length": 4.0
        }
      ]
    },
    {
      "column_name": "LOCATION_CATEGORY_DESCRIPTION",
      "number_non_empty_cells": 1819,
      "number_empty_cells": 0,
      "number_distinct_values": 8,
      "frequent_values": [
        "Elementary",
        "High school",
        "Junior High-Intermediate-Middle",
        "K-8",
        "Secondary School"
      ],
      "data_types": [
        {
          "type": "TEXT",
          "count": 1819,
          "shortest_values": "K-8",
          "longest_values": "Junior High-Intermediate-Middle",
          "average_length": 13.70753161077515
        }
      ]
    },
    {
      "column_name": "PRINCIPAL_NAME",
      "number_non_empty_cells": 1819,
      "number_empty_cells": 0,
      "number_distinct_values": 1815,
      "frequent_values": [
        "ROBIN WILLIAMS",
        "JAMES BROWN",
        "LISA ESPOSITO",
        "JOSEPH MILLER",
        "IRENE SANCHEZ"
      ],
      "data_types": [
        {
          "type": "TEXT",
          "count": 1819,
          "shortest_values": "LI YAN",
          "longest_values": "Sara M. Asmussen, Ph.D., Executive Director",
          "average_length": 14.694337548103354
        }
      ]
    },
    {
      "column_name": "Location 1",
      "number_non_empty_cells": 1818,
      "number_empty_cells": 1,
      "number_distinct_values": 1256,
      "frequent_values": [
        "1980 LAFAYETTE AVENUEBRONX, NY 10473(40.821218, -73.85593)",
        "240 EAST 172 STREETBRONX, NY 10457(40.839307, -73.911366)",
        "99 TERRACE VIEW AVENUEBRONX, NY 10463(40.877379, -73.912686)",
        "40 IRVING PLACEMANHATTAN, NY 10003(40.735361, -73.987064)",
        "925 ASTOR AVENUEBRONX, NY 10469(40.860443, -73.860729)"
      ],
      "data_types": [
        {
          "type": "TEXT",
          "count": 1818,
          "shortest_values": "350 AVENUE XBROOKLYN, NY 11223(40.59, -73.969647)",
          "longest_values": "1780 DR. MARTIN LUTHER KING JR. BLVDBRONX, NY 10453(40.849416, -73.915217)",
          "average_length": 58.3943894389439
        }
      ]
    },
    {
      "column_name": "MANAGED_BY_NAME",
      "number_non_empty_cells": 1819,
      "number_empty_cells": 0,
      "number_distinct_values": 2,
      "frequent_values": [
        "DOE",
        "Charter"
      ],
      "data_types": [
        {
          "type": "TEXT",
          "count": 1819,
          "shortest_values": "DOE",
          "longest_values": "Charter",
          "average_length": 3.40241891148983
        }
      ]
    },
    {
      "column_name": "FIELD_SUPPORT_CENTER_NAME",
      "number_non_empty_cells": 1819,
      "number_empty_cells": 0,
      "number_distinct_values": 1,
      "frequent_values": [
        "NULL"
      ],
      "data_types": [
        {
          "type": "TEXT",
          "count": 1819,
          "shortest_values": "NULL",
          "longest_values": "NULL",
          "average_length": 4.0
        }
      ]
    },
    {
      "column_name": "GRADES_TEXT",
      "number_non_empty_cells": 1819,
      "number_empty_cells": 0,
      "number_distinct_values": 111,
      "frequent_values": [
        "PK,0K,01,02,03,04,05,SE",
        "09,10,11,12,SE",
        "06,07,08,SE",
        "0K,01,02,03,04,05,SE",
        "PK,0K,01,02,03,04,05,06,07,08,SE"
      ],
      "data_types": [
        {
          "type": "DATE/TIME",
          "count": 171,
          "max_value": "10,12",
          "min_value": "04,05,06,07,08"
        },
        {
          "type": "TEXT",
          "count": 1645,
          "shortest_values": "09,SE",
          "longest_values": "PK,0K,01,02,03,04,05,06,07,08,09,10,11,12,SE",
          "average_length": 18.708814589665653
        },
        {
          "type": "INTEGER (LONG)",
          "count": 3,
          "max_value": 9,
          "min_value": 5,
          "mean": 7.666666666666667
        }
      ]
    },
    {
      "column_name": "COMMUNITY_SCHOOL_SUP_NAME",
      "number_non_empty_cells": 1819,
      "number_empty_cells": 0,
      "number_distinct_values": 35,
      "frequent_values": [
        "NULL",
        "HECHT, GARY",
        "MASHEL, MELODIE",
        "JENKINS, JESSICA",
        "ESPOSITO, DOLORES"
      ],
      "data_types": [
        {
          "type": "TEXT",
          "count": 1819,
          "shortest_values": "NULL",
          "longest_values": "FFOLKES-BRYANT, BEVERLY",
          "average_length": 11.365035733919736
        }
      ]
    },
    {
      "column_name": "NTA",
      "number_non_empty_cells": 1819,
      "number_empty_cells": 0,
      "number_distinct_values": 190,
      "frequent_values": [
        "BX39",
        "BK81",
        "BX14",
        "BK35",
        "BK82"
      ],
      "data_types": [
        {
          "type": "TEXT",
          "count": 1819,
          "shortest_values": "MN28",
          "longest_values": "MN28",
          "average_length": 4.0
        }
      ]
    },
    {
      "column_name": "PRINCIPAL_PHONE_NUMBER",
      "number_non_empty_cells": 1819,
      "number_empty_cells": 0,
      "number_distinct_values": 1798,
      "frequent_values": [
        "NULL",
        "718-381-7100",
        "212-927-1841",
        "718-828-0034",
        "212-691-6119"
      ],
      "data_types": [
        {
          "type": "TEXT",
          "count": 1819,
          "shortest_values": "NULL",
          "longest_values": "212-228-8730",
          "average_length": 11.978009895547004
        }
      ]
    },
    {
      "column_name": "HIGHSCHOOL_NETWORK_LOCATION_CODE",
      "number_non_empty_cells": 1819,
      "number_empty_cells": 0,
      "number_distinct_values": 10,
      "frequent_values": [
        "NULL",
        "HS07",
        "HS08",
        "HS04",
        "HS06"
      ],
      "data_types": [
        {
          "type": "TEXT",
          "count": 1819,
          "shortest_values": "NULL",
          "longest_values": "NULL",
          "average_length": 4.0
        }
      ]
    },
    {
      "column_name": "ATS SYSTEM CODE",
      "number_non_empty_cells": 1819,
      "number_empty_cells": 0,
      "number_distinct_values": 1819,
      "frequent_values": [
        "01M015      ",
        "01M019      ",
        "01M020      ",
        "01M034      ",
        "01M063      "
      ],
      "data_types": [
        {
          "type": "DATE/TIME",
          "count": 35,
          "max_value": "06M052      ",
          "min_value": "01M015      "
        },
        {
          "type": "TEXT",
          "count": 1784,
          "shortest_values": "01M063      ",
          "longest_values": "01M063      ",
          "average_length": 12.0
        }
      ]
    },
    {
      "column_name": "OPEN_DATE",
      "number_non_empty_cells": 1819,
      "number_empty_cells": 0,
      "number_distinct_values": 201,
      "frequent_values": [
        "07/01/1999 12:00:00 AM",
        "09/08/2004 12:00:00 AM",
        "07/01/2013 12:00:00 AM",
        "07/01/2008 12:00:00 AM",
        "07/01/2005 12:00:00 AM"
      ],
      "data_types": [
        {
          "type": "DATE/TIME",
          "count": 1819,
          "max_value": "07/01/2013 12:00:00 AM",
          "min_value": "07/01/1867 12:00:00 AM"
        }
      ]
    },
    {
      "column_name": "HIGHSCHOOL_NETWORK_NAME",
      "number_non_empty_cells": 1819,
      "number_empty_cells": 0,
      "number_distinct_values": 10,
      "frequent_values": [
        "NULL",
        "HS Network 07",
        "HS Network 08",
        "HS Network 04",
        "HS Network 06"
      ],
      "data_types": [
        {
          "type": "TEXT",
          "count": 1819,
          "shortest_values": "NULL",
          "longest_values": "HS Network 03",
          "average_length": 6.384826827927433
        }
      ]
    },
    {
      "column_name": "LOCATION_CODE",
      "number_non_empty_cells": 1819,
      "number_empty_cells": 0,
      "number_distinct_values": 1819,
      "frequent_values": [
        "M015",
        "M019",
        "M020",
        "M034",
        "M063"
      ],
      "data_types": [
        {
          "type": "DATE/TIME",
          "count": 36,
          "max_value": "M059",
          "min_value": "M001"
        },
        {
          "type": "TEXT",
          "count": 1783,
          "shortest_values": "M063",
          "longest_values": "M063",
          "average_length": 4.0
        }
      ]
    },
    {
      "column_name": "GRADES_FINAL_TEXT",
      "number_non_empty_cells": 1819,
      "number_empty_cells": 0,
      "number_distinct_values": 66,
      "frequent_values": [
        "09,10,11,12",
        "PK,0K,01,02,03,04,05",
        "06,07,08",
        "0K,01,02,03,04,05",
        "06,07,08,09,10,11,12"
      ],
      "data_types": [
        {
          "type": "DATE/TIME",
          "count": 819,
          "max_value": "04,05",
          "min_value": "06,07,08,09,10"
        },
        {
          "type": "TEXT",
          "count": 999,
          "shortest_values": "0K",
          "longest_values": "PK,0K,01,02,03,04,05,06,07,08,09,10,11,12,SE",
          "average_length": 21.54954954954955
        },
        {
          "type": "INTEGER (LONG)",
          "count": 1,
          "max_value": 12,
          "min_value": 12,
          "mean": 12.0
        }
      ]
    },
    {
      "column_name": "SCHOOL_SUPPORT_TEAM_LEADER_NAME",
      "number_non_empty_cells": 1819,
      "number_empty_cells": 0,
      "number_distinct_values": 1,
      "frequent_values": [
        "NULL"
      ],
      "data_types": [
        {
          "type": "TEXT",
          "count": 1819,
          "shortest_values": "NULL",
          "longest_values": "NULL",
          "average_length": 4.0
        }
      ]
    },
    {
      "column_name": "COUNCIL_DISTRICT",
      "number_non_empty_cells": 1819,
      "number_empty_cells": 0,
      "number_distinct_values": 52,
      "frequent_values": [
        "8",
        "17",
        "16",
        "36",
        "42"
      ],
      "data_types": [
        {
          "type": "INTEGER (LONG)",
          "count": 1819,
          "max_value": 51,
          "min_value": 0,
          "mean": 24.373282023089608
        }
      ]
    },
    {
      "column_name": "LOCATION_NAME",
      "number_non_empty_cells": 1819,
      "number_empty_cells": 0,
      "number_distinct_values": 1813,
      "frequent_values": [
        "New Visions Charter High School for Advanced Math",
        "New Visions Charter High School for the Humanities",
        "P.S. 212",
        "P.S. 253",
        "P.S. 015 Roberto Clemente"
      ],
      "data_types": [
        {
          "type": "TEXT",
          "count": 1819,
          "shortest_values": "Kappa",
          "longest_values": "Collaborative Academy of Science, Technology, & La",
          "average_length": 28.847718526663
        }
      ]
    },
    {
      "column_name": "BEDS NUMBER",
      "number_non_empty_cells": 1819,
      "number_empty_cells": 0,
      "number_distinct_values": 1819,
      "frequent_values": [
        "310100010015",
        "310100010019",
        "310100010020",
        "310100010034",
        "310100010063"
      ],
      "data_types": [
        {
          "type": "INTEGER (LONG)",
          "count": 1819,
          "max_value": 353100860984,
          "min_value": 300000010645,
          "mean": 327202295234.5206
        }
      ]
    },
    {
      "column_name": "LOCATION_TYPE_DESCRIPTION",
      "number_non_empty_cells": 1819,
      "number_empty_cells": 0,
      "number_distinct_values": 6,
      "frequent_values": [
        "General Academic",
        "Special Education",
        "Transfer School",
        "Career Technical",
        "Home School"
      ],
      "data_types": [
        {
          "type": "TEXT",
          "count": 1819,
          "shortest_values": "Home School",
          "longest_values": "Special Education",
          "average_length": 15.998350742166025
        }
      ]
    },
    {
      "column_name": "NTA_NAME",
      "number_non_empty_cells": 1819,
      "number_empty_cells": 0,
      "number_distinct_values": 190,
      "frequent_values": [
        "Mott Haven-Port Morris                                                     ",
        "Brownsville                                                                ",
        "East Concourse-Concourse Village                                           ",
        "Stuyvesant Heights                                                         ",
        "East New York                                                              "
      ],
      "data_types": [
        {
          "type": "TEXT",
          "count": 1819,
          "shortest_values": "Lower East Side                                                            ",
          "longest_values": "Lower East Side                                                            ",
          "average_length": 75.0
        }
      ]
    },
    {
      "column_name": "HIGHSCHOOL_NETWORK_SUPERINTENDENT",
      "number_non_empty_cells": 1819,
      "number_empty_cells": 0,
      "number_distinct_values": 10,
      "frequent_values": [
        "NULL",
        "BRADBURY, MARISOL",
        "LINDSEY, ELAINE",
        "HOROWITZ, AIMEE",
        "STAPLE, CARRON"
      ],
      "data_types": [
        {
          "type": "TEXT",
          "count": 1819,
          "shortest_values": "NULL",
          "longest_values": "BRADBURY, MARISOL",
          "average_length": 6.772952171522815
        }
      ]
    },
    {
      "column_name": "FAX_NUMBER",
      "number_non_empty_cells": 1819,
      "number_empty_cells": 0,
      "number_distinct_values": 1767,
      "frequent_values": [
        "NULL",
        "212-674-8021",
        "718-328-5858",
        "718-583-5556",
        "718-345-3327"
      ],
      "data_types": [
        {
          "type": "TEXT",
          "count": 1819,
          "shortest_values": "NULL",
          "longest_values": "212-477-0931",
          "average_length": 11.810885101704233
        }
      ]
    }
  ]
}