{
  "dataset_name": "adax-9mit.tsv.gz",
  "key_column_candidates": [
    "borough",
    "boro",
    "block",
    "lot",
    "bbl",
    "hnum_lo",
    "hnum_hi",
    "str_name",
    "crfn",
    "grantee",
    "deed_date",
    "price",
    "cap_rate",
    "borough_cap_rate",
    "yearqtr",
    "Postcode",
    "Latitude",
    "Longitude",
    "Community Board",
    "Council District",
    "Census Tract",
    "BIN",
    "NTA",
    "Location1"
  ],
  "columns": [
    {
      "column_name": "lot",
      "number_non_empty_cells": 97,
      "number_empty_cells": 0,
      "number_distinct_values": 58,
      "frequent_values": [
        "50",
        "34",
        "25",
        "21",
        "20"
      ],
      "data_types": [
        {
          "type": "INTEGER (LONG)",
          "count": 97,
          "max_value": 517,
          "min_value": 1,
          "mean": 47.74226804123711
        }
      ]
    },
    {
      "column_name": "Latitude",
      "number_non_empty_cells": 97,
      "number_empty_cells": 0,
      "number_distinct_values": 95,
      "frequent_values": [
        "40.840561",
        "40.713505",
        "40.883448",
        "40.71781",
        "40.76902"
      ],
      "data_types": [
        {
          "type": "REAL",
          "count": 97,
          "max_value": 40.883448,
          "min_value": 40.584559,
          "mean": 40.75403680412371
        }
      ]
    },
    {
      "column_name": "Council District",
      "number_non_empty_cells": 97,
      "number_empty_cells": 0,
      "number_distinct_values": 34,
      "frequent_values": [
        "7",
        "6",
        "15",
        "40",
        "14"
      ],
      "data_types": [
        {
          "type": "INTEGER (LONG)",
          "count": 97,
          "max_value": 48,
          "min_value": 1,
          "mean": 21.45360824742268
        }
      ]
    },
    {
      "column_name": "BIN",
      "number_non_empty_cells": 97,
      "number_empty_cells": 0,
      "number_distinct_values": 96,
      "frequent_values": [
        "2008120",
        "2058602",
        "1003114",
        "4007670",
        "1056493"
      ],
      "data_types": [
        {
          "type": "INTEGER (LONG)",
          "count": 97,
          "max_value": 4300850,
          "min_value": 1000000,
          "mean": 2341043.1958762887
        }
      ]
    },
    {
      "column_name": "yearqtr",
      "number_non_empty_cells": 97,
      "number_empty_cells": 0,
      "number_distinct_values": 2,
      "frequent_values": [
        "2018Q2",
        "2018Q3"
      ],
      "data_types": [
        {
          "type": "TEXT",
          "count": 97,
          "shortest_values": "2018Q2",
          "longest_values": "2018Q2",
          "average_length": 6.0
        }
      ]
    },
    {
      "column_name": "cap_rate",
      "number_non_empty_cells": 97,
      "number_empty_cells": 0,
      "number_distinct_values": 95,
      "frequent_values": [
        "0.03392",
        "0.0326",
        "0.02337",
        "0.02638",
        "0.0306"
      ],
      "data_types": [
        {
          "type": "REAL",
          "count": 97,
          "max_value": 0.0365,
          "min_value": 0.01527,
          "mean": 0.02706
        }
      ]
    },
    {
      "column_name": "Longitude",
      "number_non_empty_cells": 97,
      "number_empty_cells": 0,
      "number_distinct_values": 96,
      "frequent_values": [
        "-73.914173",
        "-73.857232",
        "-73.996908",
        "-73.921984",
        "-73.971019"
      ],
      "data_types": [
        {
          "type": "REAL",
          "count": 97,
          "max_value": -73.757002,
          "min_value": -74.03164,
          "mean": -73.92853496907216
        }
      ]
    },
    {
      "column_name": "block",
      "number_non_empty_cells": 97,
      "number_empty_cells": 0,
      "number_distinct_values": 85,
      "frequent_values": [
        "1236",
        "2456",
        "1988",
        "2844",
        "5063"
      ],
      "data_types": [
        {
          "type": "INTEGER (LONG)",
          "count": 97,
          "max_value": 15744,
          "min_value": 238,
          "mean": 3305.7938144329896
        }
      ]
    },
    {
      "column_name": "price",
      "number_non_empty_cells": 97,
      "number_empty_cells": 0,
      "number_distinct_values": 87,
      "frequent_values": [
        "8600000",
        "15000000",
        "7200000",
        "8500000",
        "7210000"
      ],
      "data_types": [
        {
          "type": "INTEGER (LONG)",
          "count": 97,
          "max_value": 81240000,
          "min_value": 2300000,
          "mean": 12386815.835051546
        }
      ]
    },
    {
      "column_name": "borough_cap_rate",
      "number_non_empty_cells": 97,
      "number_empty_cells": 0,
      "number_distinct_values": 8,
      "frequent_values": [
        "0.03426",
        "0.03345",
        "0.03671",
        "0.03538",
        "0.03329"
      ],
      "data_types": [
        {
          "type": "REAL",
          "count": 97,
          "max_value": 0.03671,
          "min_value": 0.03129,
          "mean": 0.03443577319587629
        }
      ]
    },
    {
      "column_name": "Postcode",
      "number_non_empty_cells": 97,
      "number_empty_cells": 0,
      "number_distinct_values": 55,
      "frequent_values": [
        "10031",
        "10458",
        "11226",
        "10024",
        "11213"
      ],
      "data_types": [
        {
          "type": "INTEGER (LONG)",
          "count": 97,
          "max_value": 11691,
          "min_value": 10002,
          "mean": 10688.278350515464
        }
      ]
    },
    {
      "column_name": "Census Tract",
      "number_non_empty_cells": 97,
      "number_empty_cells": 0,
      "number_distinct_values": 80,
      "frequent_values": [
        "175",
        "225",
        "18102",
        "22301",
        "223"
      ],
      "data_types": [
        {
          "type": "INTEGER (LONG)",
          "count": 97,
          "max_value": 117202,
          "min_value": 8,
          "mean": 8674.484536082475
        }
      ]
    },
    {
      "column_name": "hnum_hi",
      "number_non_empty_cells": 97,
      "number_empty_cells": 0,
      "number_distinct_values": 96,
      "frequent_values": [
        "1459",
        "864",
        "175",
        "29-12",
        "838"
      ],
      "data_types": [
        {
          "type": "DATE/TIME",
          "count": 5,
          "max_value": "48-11",
          "min_value": "201-11"
        },
        {
          "type": "INTEGER (LONG)",
          "count": 86,
          "max_value": 6301,
          "min_value": 1,
          "mean": 1283.4418604651162
        },
        {
          "type": "TEXT",
          "count": 6,
          "shortest_values": "29-12",
          "longest_values": "142-27",
          "average_length": 5.333333333333333
        }
      ]
    },
    {
      "column_name": "NTA",
      "number_non_empty_cells": 97,
      "number_empty_cells": 0,
      "number_distinct_values": 59,
      "frequent_values": [
        "MN12",
        "MN04",
        "MN36",
        "BK61",
        "BK42"
      ],
      "data_types": [
        {
          "type": "TEXT",
          "count": 97,
          "shortest_values": "BX44",
          "longest_values": "BX44",
          "average_length": 4.0
        }
      ]
    },
    {
      "column_name": "bbl",
      "number_non_empty_cells": 97,
      "number_empty_cells": 0,
      "number_distinct_values": 96,
      "frequent_values": [
        "2028440105",
        "2046790073",
        "1002380040",
        "4005940031",
        "1018720061"
      ],
      "data_types": [
        {
          "type": "INTEGER (LONG)",
          "count": 97,
          "max_value": 4157440007,
          "min_value": 1002380040,
          "mean": 2301099223.0
        }
      ]
    },
    {
      "column_name": "hnum_lo",
      "number_non_empty_cells": 97,
      "number_empty_cells": 0,
      "number_distinct_values": 95,
      "frequent_values": [
        "1459",
        "290",
        "864",
        "173",
        "29-12"
      ],
      "data_types": [
        {
          "type": "DATE/TIME",
          "count": 5,
          "max_value": "48-11",
          "min_value": "201-11"
        },
        {
          "type": "INTEGER (LONG)",
          "count": 86,
          "max_value": 6301,
          "min_value": 1,
          "mean": 1282.453488372093
        },
        {
          "type": "TEXT",
          "count": 6,
          "shortest_values": "29-12",
          "longest_values": "142-27",
          "average_length": 5.333333333333333
        }
      ]
    },
    {
      "column_name": "crfn",
      "number_non_empty_cells": 97,
      "number_empty_cells": 0,
      "number_distinct_values": 97,
      "frequent_values": [
        "2018000227748",
        "2018000328198",
        "2018000188080",
        "2018000263203",
        "2018000275029"
      ],
      "data_types": [
        {
          "type": "INTEGER (LONG)",
          "count": 97,
          "max_value": 2018000349272,
          "min_value": 2018000117982,
          "mean": 2018000231671.969
        }
      ]
    },
    {
      "column_name": "borough",
      "number_non_empty_cells": 97,
      "number_empty_cells": 0,
      "number_distinct_values": 4,
      "frequent_values": [
        "BK",
        "MN",
        "BX",
        "QN"
      ],
      "data_types": [
        {
          "type": "TEXT",
          "count": 97,
          "shortest_values": "BX",
          "longest_values": "BX",
          "average_length": 2.0
        }
      ]
    },
    {
      "column_name": "boro",
      "number_non_empty_cells": 97,
      "number_empty_cells": 0,
      "number_distinct_values": 4,
      "frequent_values": [
        "3",
        "1",
        "2",
        "4"
      ],
      "data_types": [
        {
          "type": "INTEGER (LONG)",
          "count": 97,
          "max_value": 4,
          "min_value": 1,
          "mean": 2.268041237113402
        }
      ]
    },
    {
      "column_name": "deed_date",
      "number_non_empty_cells": 97,
      "number_empty_cells": 0,
      "number_distinct_values": 58,
      "frequent_values": [
        "06/14/2018",
        "06/21/2018",
        "08/14/2018",
        "07/26/2018",
        "08/28/2018"
      ],
      "data_types": [
        {
          "type": "DATE/TIME",
          "count": 97,
          "max_value": "09/27/2018",
          "min_value": "04/05/2018"
        }
      ]
    },
    {
      "column_name": "Location1",
      "number_non_empty_cells": 97,
      "number_empty_cells": 0,
      "number_distinct_values": 96,
      "frequent_values": [
        "(40.840561, -73.914173)",
        "(40.883448, -73.857232)",
        "(40.71781, -73.996908)",
        "(40.76902, -73.921984)",
        "(40.798239, -73.971019)"
      ],
      "data_types": [
        {
          "type": "TEXT",
          "count": 97,
          "shortest_values": "(40.815325, -73.9159)",
          "longest_values": "(40.883448, -73.857232)",
          "average_length": 22.814432989690722
        }
      ]
    },
    {
      "column_name": "str_name",
      "number_non_empty_cells": 97,
      "number_empty_cells": 0,
      "number_distinct_values": 80,
      "frequent_values": [
        "AMSTERDAM AVENUE",
        "BROADWAY",
        "SHERIDAN AVENUE",
        "WEST 135 STREET",
        "WYTHE PLACE"
      ],
      "data_types": [
        {
          "type": "TEXT",
          "count": 97,
          "shortest_values": "BROADWAY",
          "longest_values": "BEACH CHANNEL DRIVE",
          "average_length": 13.288659793814434
        }
      ]
    },
    {
      "column_name": "grantee",
      "number_non_empty_cells": 97,
      "number_empty_cells": 0,
      "number_distinct_values": 93,
      "frequent_values": [
        "1048-1064 SHERIDAN INVESTORS LLC",
        "BR JAMAICA PARTNERS LLC",
        "PARK PROPERTIES 4585-9 LLC",
        "864 BRONX LLC*1109 BRONX LLC",
        "LEE PAN REALTY CORP.*MJ GROUP HOLDINGS LLC"
      ],
      "data_types": [
        {
          "type": "TEXT",
          "count": 97,
          "shortest_values": "NTB LLC",
          "longest_values": "LEE PAN REALTY CORP.*MJ GROUP HOLDINGS LLC",
          "average_length": 23.051546391752577
        }
      ]
    },
    {
      "column_name": "Community Board",
      "number_non_empty_cells": 97,
      "number_empty_cells": 0,
      "number_distinct_values": 43,
      "frequent_values": [
        "109",
        "107",
        "207",
        "204",
        "112"
      ],
      "data_types": [
        {
          "type": "INTEGER (LONG)",
          "count": 97,
          "max_value": 414,
          "min_value": 102,
          "mean": 235.37113402061857
        }
      ]
    }
  ]
}