{
  "dataset_name": "afsf-hz68.tsv.gz",
  "key_column_candidates": [
    "Year",
    "Month",
    "Total Self reported",
    "New Hires",
    "Total job placements",
    "Monthly Percent Change",
    "Yearly Percent Change"
  ],
  "columns": [
    {
      "column_name": "Total Self reported",
      "number_non_empty_cells": 248,
      "number_empty_cells": 11,
      "number_distinct_values": 246,
      "frequent_values": [
        "",
        "3743",
        "341",
        "269",
        "2208"
      ],
      "data_types": [
        {
          "type": "INTEGER (LONG)",
          "count": 248,
          "max_value": 9073,
          "min_value": 176,
          "mean": 4048.5806451612902
        }
      ]
    },
    {
      "column_name": "Total job placements",
      "number_non_empty_cells": 192,
      "number_empty_cells": 67,
      "number_distinct_values": 190,
      "frequent_values": [
        "",
        "7753",
        "8043",
        "5268",
        "10256"
      ],
      "data_types": [
        {
          "type": "INTEGER (LONG)",
          "count": 192,
          "max_value": 11873,
          "min_value": 3054,
          "mean": 6551.255208333333
        }
      ]
    },
    {
      "column_name": "New Hires",
      "number_non_empty_cells": 188,
      "number_empty_cells": 71,
      "number_distinct_values": 171,
      "frequent_values": [
        "",
        "4225",
        "2856",
        "1129",
        "1392"
      ],
      "data_types": [
        {
          "type": "INTEGER (LONG)",
          "count": 188,
          "max_value": 6358,
          "min_value": 538,
          "mean": 2319.7925531914893
        }
      ]
    },
    {
      "column_name": "Yearly Percent Change",
      "number_non_empty_cells": 240,
      "number_empty_cells": 19,
      "number_distinct_values": 213,
      "frequent_values": [
        "",
        "-9.8",
        "20.7",
        "-5.2",
        "26"
      ],
      "data_types": [
        {
          "type": "REAL",
          "count": 223,
          "max_value": 150.5,
          "min_value": -47.5,
          "mean": 8.73811659192825
        },
        {
          "type": "INTEGER (LONG)",
          "count": 17,
          "max_value": 40,
          "min_value": -42,
          "mean": 1.9411764705882353
        }
      ]
    },
    {
      "column_name": "Monthly Percent Change",
      "number_non_empty_cells": 251,
      "number_empty_cells": 8,
      "number_distinct_values": 224,
      "frequent_values": [
        "",
        "-1.2",
        "-8.4",
        "-18.3",
        "-18.2"
      ],
      "data_types": [
        {
          "type": "REAL",
          "count": 228,
          "max_value": 128.9,
          "min_value": -55.7,
          "mean": 4.7280701754385985
        },
        {
          "type": "INTEGER (LONG)",
          "count": 23,
          "max_value": 49,
          "min_value": -24,
          "mean": -1.1304347826086956
        }
      ]
    },
    {
      "column_name": "Year",
      "number_non_empty_cells": 252,
      "number_empty_cells": 7,
      "number_distinct_values": 23,
      "frequent_values": [
        "1995",
        "1996",
        "1997",
        "1998",
        "1999"
      ],
      "data_types": [
        {
          "type": "INTEGER (LONG)",
          "count": 252,
          "max_value": 2016,
          "min_value": 1995,
          "mean": 2005.0357142857142
        }
      ]
    },
    {
      "column_name": "Month",
      "number_non_empty_cells": 252,
      "number_empty_cells": 7,
      "number_distinct_values": 13,
      "frequent_values": [
        "1",
        "2",
        "3",
        "7",
        "8"
      ],
      "data_types": [
        {
          "type": "INTEGER (LONG)",
          "count": 252,
          "max_value": 12,
          "min_value": 1,
          "mean": 6.464285714285714
        }
      ]
    }
  ]
}