{
  "dataset_name": "arhf-esqb.tsv.gz",
  "key_column_candidates": [
    "Region",
    "Month",
    "Year",
    "Rate"
  ],
  "columns": [
    {
      "column_name": "Rate",
      "number_non_empty_cells": 41,
      "number_empty_cells": 0,
      "number_distinct_values": 8,
      "frequent_values": [
        "3.1",
        "3.3",
        "3.2",
        "3.4",
        "3.6"
      ],
      "data_types": [
        {
          "type": "REAL",
          "count": 39,
          "max_value": 3.6,
          "min_value": 2.9,
          "mean": 3.2641025641025623
        },
        {
          "type": "INTEGER (LONG)",
          "count": 2,
          "max_value": 3,
          "min_value": 3,
          "mean": 3.0
        }
      ]
    },
    {
      "column_name": "Region",
      "number_non_empty_cells": 41,
      "number_empty_cells": 0,
      "number_distinct_values": 1,
      "frequent_values": [
        "Citywide"
      ],
      "data_types": [
        {
          "type": "TEXT",
          "count": 41,
          "shortest_values": "Citywide",
          "longest_values": "Citywide",
          "average_length": 8.0
        }
      ]
    },
    {
      "column_name": "Year",
      "number_non_empty_cells": 41,
      "number_empty_cells": 0,
      "number_distinct_values": 4,
      "frequent_values": [
        "2017",
        "2018",
        "2016",
        "2019"
      ],
      "data_types": [
        {
          "type": "INTEGER (LONG)",
          "count": 41,
          "max_value": 2019,
          "min_value": 2016,
          "mean": 2017.3902439024391
        }
      ]
    },
    {
      "column_name": "Month",
      "number_non_empty_cells": 41,
      "number_empty_cells": 0,
      "number_distinct_values": 12,
      "frequent_values": [
        "March",
        "April",
        "May",
        "June",
        "July"
      ],
      "data_types": [
        {
          "type": "DATE/TIME",
          "count": 41,
          "max_value": "December",
          "min_value": "January"
        }
      ]
    }
  ]
}