{
  "dataset_name": "avhb-5jhc.tsv.gz",
  "key_column_candidates": [
    "Development Name",
    "Borough",
    "Account Name",
    "Location",
    "Meter AMR",
    "Meter Scope",
    "TDS #",
    "EDP",
    "RC Code",
    "Funding Source",
    "AMP #",
    "Vendor Name",
    "UMIS BILL ID",
    "Revenue Month",
    "Service Start Date",
    "Service End Date",
    "# days",
    "Meter Number",
    "Estimated",
    "Current Charges",
    "Rate Class",
    "Bill Analyzed",
    "Consumption (Therms)",
    "ES Commodity",
    "Underlying Utility"
  ],
  "columns": [
    {
      "column_name": "Underlying Utility",
      "number_non_empty_cells": 436142,
      "number_empty_cells": 0,
      "number_distinct_values": 3,
      "frequent_values": [
        "ConEd",
        "NatGrid NYC",
        "NatGrid LI"
      ],
      "data_types": [
        {
          "type": "TEXT",
          "count": 436142,
          "shortest_values": "ConEd",
          "longest_values": "NatGrid NYC",
          "average_length": 7.956147309821113
        }
      ]
    },
    {
      "column_name": "Borough",
      "number_non_empty_cells": 436142,
      "number_empty_cells": 0,
      "number_distinct_values": 6,
      "frequent_values": [
        "BROOKLYN",
        "MANHATTAN",
        "BRONX",
        "QUEENS",
        "STATEN ISLAND"
      ],
      "data_types": [
        {
          "type": "TEXT",
          "count": 436142,
          "shortest_values": "FHA",
          "longest_values": "STATEN ISLAND",
          "average_length": 7.501398627052657
        }
      ]
    },
    {
      "column_name": "Revenue Month",
      "number_non_empty_cells": 436142,
      "number_empty_cells": 0,
      "number_distinct_values": 105,
      "frequent_values": [
        "06/01/2010 12:00:00 AM",
        "06/01/2014 12:00:00 AM",
        "12/01/2013 12:00:00 AM",
        "08/01/2012 12:00:00 AM",
        "06/01/2012 12:00:00 AM"
      ],
      "data_types": [
        {
          "type": "DATE/TIME",
          "count": 436142,
          "max_value": "03/01/2019 12:00:00 AM",
          "min_value": "01/01/2010 12:00:00 AM"
        }
      ]
    },
    {
      "column_name": "Development Name",
      "number_non_empty_cells": 436142,
      "number_empty_cells": 0,
      "number_distinct_values": 361,
      "frequent_values": [
        "MARLBORO",
        "SAMUEL (CITY)",
        "BUSHWICK II (GROUPS B & D)",
        "BUSHWICK II (GROUPS A & C)",
        "BREUKELEN"
      ],
      "data_types": [
        {
          "type": "TEXT",
          "count": 436142,
          "shortest_values": "PINK",
          "longest_values": "WEST SIDE URBAN RENEWAL (SITE C) 589 AMSTERDAM AVENUE",
          "average_length": 13.852538852025258
        }
      ]
    },
    {
      "column_name": "Funding Source",
      "number_non_empty_cells": 436142,
      "number_empty_cells": 0,
      "number_distinct_values": 5,
      "frequent_values": [
        "FEDERAL",
        "MIXED FINANCE/LLC1",
        "MIXED FINANCE/LLC2",
        "FEDERAL-COOP",
        "LLC1"
      ],
      "data_types": [
        {
          "type": "TEXT",
          "count": 436142,
          "shortest_values": "LLC1",
          "longest_values": "MIXED FINANCE/LLC1",
          "average_length": 8.182626300608517
        }
      ]
    },
    {
      "column_name": "AMP #",
      "number_non_empty_cells": 436142,
      "number_empty_cells": 0,
      "number_distinct_values": 158,
      "frequent_values": [
        "NY005012470P",
        "NY005013510P",
        "NY005020830P",
        "NY005023770P",
        "NY005010360P"
      ],
      "data_types": [
        {
          "type": "TEXT",
          "count": 436142,
          "shortest_values": "NY005005050P",
          "longest_values": "NY005005050P",
          "average_length": 12.0
        }
      ]
    },
    {
      "column_name": "Estimated",
      "number_non_empty_cells": 436142,
      "number_empty_cells": 0,
      "number_distinct_values": 6,
      "frequent_values": [
        "N         ",
        "Y         ",
        "N",
        "Y",
        "NA        "
      ],
      "data_types": [
        {
          "type": "TEXT",
          "count": 436142,
          "shortest_values": "Y",
          "longest_values": "N         ",
          "average_length": 9.75149836521133
        }
      ]
    },
    {
      "column_name": "Rate Class",
      "number_non_empty_cells": 436111,
      "number_empty_cells": 31,
      "number_distinct_values": 12,
      "frequent_values": [
        "Trans Gen Non-Res",
        "T1A TRAN RES N-Ht",
        "NA",
        "257 Del,Com,Gen Use",
        "Rate 257 Del,Com,Gen Use"
      ],
      "data_types": [
        {
          "type": "TEXT",
          "count": 436111,
          "shortest_values": "NA",
          "longest_values": "GS2 General Non-residential",
          "average_length": 14.230099676458517
        }
      ]
    },
    {
      "column_name": "Consumption (Therms)",
      "number_non_empty_cells": 436142,
      "number_empty_cells": 0,
      "number_distinct_values": 77149,
      "frequent_values": [
        "0",
        "1.03",
        "1.04",
        "38",
        "43"
      ],
      "data_types": [
        {
          "type": "REAL",
          "count": 292131,
          "max_value": 129780.9,
          "min_value": 0.03,
          "mean": 343.59551280075726
        },
        {
          "type": "INTEGER (LONG)",
          "count": 144011,
          "max_value": 120917,
          "min_value": 0,
          "mean": 367.03703189339706
        }
      ]
    },
    {
      "column_name": "Meter AMR",
      "number_non_empty_cells": 436129,
      "number_empty_cells": 13,
      "number_distinct_values": 5,
      "frequent_values": [
        "AMR",
        "NONE",
        "Not Applicable",
        "ARM",
        ""
      ],
      "data_types": [
        {
          "type": "TEXT",
          "count": 436129,
          "shortest_values": "AMR",
          "longest_values": "Not Applicable",
          "average_length": 5.458967415604099
        }
      ]
    },
    {
      "column_name": "Current Charges",
      "number_non_empty_cells": 436142,
      "number_empty_cells": 0,
      "number_distinct_values": 61557,
      "frequent_values": [
        "0.00",
        "0.43",
        "0.36",
        "0.38",
        "19.86"
      ],
      "data_types": [
        {
          "type": "REAL",
          "count": 436142,
          "max_value": 65849.61,
          "min_value": -5.81,
          "mean": 178.472491596766
        }
      ]
    },
    {
      "column_name": "Bill Analyzed",
      "number_non_empty_cells": 436142,
      "number_empty_cells": 0,
      "number_distinct_values": 2,
      "frequent_values": [
        "Yes",
        "Exception"
      ],
      "data_types": [
        {
          "type": "TEXT",
          "count": 436142,
          "shortest_values": "Yes",
          "longest_values": "Exception",
          "average_length": 3.0137845013779914
        }
      ]
    },
    {
      "column_name": "UMIS BILL ID",
      "number_non_empty_cells": 436142,
      "number_empty_cells": 0,
      "number_distinct_values": 162724,
      "frequent_values": [
        "2074396",
        "2041283",
        "2017301",
        "1966632",
        "1904225"
      ],
      "data_types": [
        {
          "type": "INTEGER (LONG)",
          "count": 436142,
          "max_value": 7716786,
          "min_value": 1738135,
          "mean": 3837488.67536949
        }
      ]
    },
    {
      "column_name": "ES Commodity",
      "number_non_empty_cells": 436142,
      "number_empty_cells": 0,
      "number_distinct_values": 2,
      "frequent_values": [
        "UTILITY GAS",
        "BROKERED GAS"
      ],
      "data_types": [
        {
          "type": "TEXT",
          "count": 436142,
          "shortest_values": "UTILITY GAS",
          "longest_values": "BROKERED GAS",
          "average_length": 11.186702954542328
        }
      ]
    },
    {
      "column_name": "TDS #",
      "number_non_empty_cells": 436142,
      "number_empty_cells": 0,
      "number_distinct_values": 322,
      "frequent_values": [
        "83",
        "377",
        "303",
        "302",
        "56"
      ],
      "data_types": [
        {
          "type": "INTEGER (LONG)",
          "count": 436142,
          "max_value": 582,
          "min_value": 2,
          "mean": 145.58975746431207
        }
      ]
    },
    {
      "column_name": "Service Start Date",
      "number_non_empty_cells": 436119,
      "number_empty_cells": 23,
      "number_distinct_values": 827,
      "frequent_values": [
        "06/30/2010",
        "01/25/2012",
        "03/26/2012",
        "05/24/2011",
        "03/25/2011"
      ],
      "data_types": [
        {
          "type": "DATE/TIME",
          "count": 436119,
          "max_value": "02/28/2019",
          "min_value": "08/21/2008"
        }
      ]
    },
    {
      "column_name": "Vendor Name",
      "number_non_empty_cells": 436142,
      "number_empty_cells": 0,
      "number_distinct_values": 10,
      "frequent_values": [
        "CONSOLIDATED EDISON COMPANY OF NY",
        "National Grid NYC",
        "DIRECT ENERGY BUSINESS (32179)",
        "HESS CORPORATION (905243) - 2",
        "Great Eastern Energy"
      ],
      "data_types": [
        {
          "type": "TEXT",
          "count": 436142,
          "shortest_values": "National Grid LI",
          "longest_values": "CONSOLIDATED EDISON COMPANY OF NY",
          "average_length": 25.512849026234576
        }
      ]
    },
    {
      "column_name": "# days",
      "number_non_empty_cells": 436119,
      "number_empty_cells": 23,
      "number_distinct_values": 197,
      "frequent_values": [
        "29",
        "30",
        "32",
        "31",
        "28"
      ],
      "data_types": [
        {
          "type": "INTEGER (LONG)",
          "count": 436119,
          "max_value": 1072,
          "min_value": -91,
          "mean": 31.928303972081014
        }
      ]
    },
    {
      "column_name": "EDP",
      "number_non_empty_cells": 436142,
      "number_empty_cells": 0,
      "number_distinct_values": 316,
      "frequent_values": [
        "426",
        "650",
        "566",
        "565",
        "212"
      ],
      "data_types": [
        {
          "type": "INTEGER (LONG)",
          "count": 436142,
          "max_value": 871,
          "min_value": 200,
          "mean": 436.26156618715925
        }
      ]
    },
    {
      "column_name": "Account Name",
      "number_non_empty_cells": 436142,
      "number_empty_cells": 0,
      "number_distinct_values": 358,
      "frequent_values": [
        "RIIS/RIIS II/WALD/BARUCH",
        "MARLBORO",
        "SAMUEL (CITY)",
        "BUSHWICK II (GROUPS B & D)",
        "BUSHWICK II (GROUPS A & C)"
      ],
      "data_types": [
        {
          "type": "TEXT",
          "count": 436142,
          "shortest_values": "PINK",
          "longest_values": "STERLING PLACE REHABS (SAINT JOHNS-STERLING)",
          "average_length": 15.370154674395037
        }
      ]
    },
    {
      "column_name": "Service End Date",
      "number_non_empty_cells": 436119,
      "number_empty_cells": 23,
      "number_distinct_values": 560,
      "frequent_values": [
        "05/24/2011",
        "03/26/2012",
        "01/25/2012",
        "12/23/2016",
        "03/25/2011"
      ],
      "data_types": [
        {
          "type": "DATE/TIME",
          "count": 436119,
          "max_value": "04/01/2019",
          "min_value": "01/25/2010"
        }
      ]
    },
    {
      "column_name": "Meter Number",
      "number_non_empty_cells": 429231,
      "number_empty_cells": 6911,
      "number_distinct_values": 5290,
      "frequent_values": [
        "",
        "3264101",
        "1446215",
        "3263509",
        "568916020"
      ],
      "data_types": [
        {
          "type": "INTEGER (LONG)",
          "count": 429231,
          "max_value": 495416105002000,
          "min_value": 775,
          "mean": 36982223771209.7
        }
      ]
    },
    {
      "column_name": "RC Code",
      "number_non_empty_cells": 436142,
      "number_empty_cells": 0,
      "number_distinct_values": 325,
      "frequent_values": [
        "K008300",
        "M037700",
        "K030300",
        "K030200",
        "K005600"
      ],
      "data_types": [
        {
          "type": "TEXT",
          "count": 426181,
          "shortest_values": "Q050500",
          "longest_values": "Q050500",
          "average_length": 7.0
        },
        {
          "type": "DATE/TIME",
          "count": 9961,
          "max_value": "M052300",
          "min_value": "M010100"
        }
      ]
    },
    {
      "column_name": "Meter Scope",
      "number_non_empty_cells": 4199,
      "number_empty_cells": 431943,
      "number_distinct_values": 18,
      "frequent_values": [
        "",
        "BLD 01",
        "Community Center",
        "BLD 02",
        "BLD 03"
      ],
      "data_types": [
        {
          "type": "TEXT",
          "count": 4199,
          "shortest_values": "BLD 03",
          "longest_values": "Community Center",
          "average_length": 7.725648964039057
        }
      ]
    },
    {
      "column_name": "Location",
      "number_non_empty_cells": 378529,
      "number_empty_cells": 57613,
      "number_distinct_values": 347,
      "frequent_values": [
        "",
        "BLD 01",
        "BLD 02",
        "BLD 03",
        "BLD 04"
      ],
      "data_types": [
        {
          "type": "TEXT",
          "count": 378529,
          "shortest_values": "BLD 6",
          "longest_values": "MARCY AVENUE-GREENE AVENUE SITE A BLD 02",
          "average_length": 7.6984616766482885
        }
      ]
    }
  ]
}