{
  "dataset_name": "avir-tzek.tsv.gz",
  "key_column_candidates": [
    "Demographic",
    "Borough",
    "Cohort",
    "Total Cohort",
    "Total Grads - n",
    "Total Grads - % of cohort",
    "Total Regents - n",
    "Total Regents - % of cohort",
    "Total Regents - % of grads",
    "Advanced Regents - n",
    "Advanced Regents - % of cohort",
    "Advanced Regents - % of grads",
    "Regents w/o Advanced - n",
    "Regents w/o Advanced - % of cohort",
    "Regents w/o Advanced - % of grads",
    "Local - n",
    "Local - % of cohort",
    "Local - % of grads",
    "Still Enrolled - n",
    "Still Enrolled - % of cohort",
    "Dropped Out - n",
    "Dropped Out - % of cohort"
  ],
  "columns": [
    {
      "column_name": "Borough",
      "number_non_empty_cells": 385,
      "number_empty_cells": 0,
      "number_distinct_values": 5,
      "frequent_values": [
        "Bronx",
        "Brooklyn",
        "Manhattan",
        "Queens",
        "Staten Island"
      ],
      "data_types": [
        {
          "type": "TEXT",
          "count": 385,
          "shortest_values": "Bronx",
          "longest_values": "Staten Island",
          "average_length": 8.2
        }
      ]
    },
    {
      "column_name": "Cohort",
      "number_non_empty_cells": 385,
      "number_empty_cells": 0,
      "number_distinct_values": 7,
      "frequent_values": [
        "2001",
        "2002",
        "2003",
        "2004",
        "2005"
      ],
      "data_types": [
        {
          "type": "DATE/TIME",
          "count": 55,
          "max_value": "Aug 2006",
          "min_value": "Aug 2006"
        },
        {
          "type": "INTEGER (LONG)",
          "count": 330,
          "max_value": 2006,
          "min_value": 2001,
          "mean": 2003.5
        }
      ]
    },
    {
      "column_name": "Total Grads - % of cohort",
      "number_non_empty_cells": 385,
      "number_empty_cells": 0,
      "number_distinct_values": 289,
      "frequent_values": [
        "51.7",
        "63.4",
        "54",
        "60.8",
        "72.7"
      ],
      "data_types": [
        {
          "type": "REAL",
          "count": 346,
          "max_value": 89.5,
          "min_value": 13.7,
          "mean": 55.71849710982663
        },
        {
          "type": "INTEGER (LONG)",
          "count": 39,
          "max_value": 86,
          "min_value": 15,
          "mean": 57.0
        }
      ]
    },
    {
      "column_name": "Total Grads - n",
      "number_non_empty_cells": 385,
      "number_empty_cells": 0,
      "number_distinct_values": 379,
      "frequent_values": [
        "691",
        "74",
        "479",
        "349",
        "429"
      ],
      "data_types": [
        {
          "type": "INTEGER (LONG)",
          "count": 385,
          "max_value": 14043,
          "min_value": 36,
          "mean": 3824.548051948052
        }
      ]
    },
    {
      "column_name": "Total Regents - % of cohort",
      "number_non_empty_cells": 385,
      "number_empty_cells": 0,
      "number_distinct_values": 292,
      "frequent_values": [
        "44.9",
        "55",
        "51.4",
        "28.3",
        "42.4"
      ],
      "data_types": [
        {
          "type": "INTEGER (LONG)",
          "count": 42,
          "max_value": 77,
          "min_value": 4,
          "mean": 43.38095238095238
        },
        {
          "type": "REAL",
          "count": 343,
          "max_value": 83.4,
          "min_value": 1.8,
          "mean": 40.90728862973762
        }
      ]
    },
    {
      "column_name": "Advanced Regents - n",
      "number_non_empty_cells": 385,
      "number_empty_cells": 0,
      "number_distinct_values": 331,
      "frequent_values": [
        "13",
        "8",
        "30",
        "17",
        "85"
      ],
      "data_types": [
        {
          "type": "INTEGER (LONG)",
          "count": 385,
          "max_value": 3763,
          "min_value": 1,
          "mean": 1050.2467532467533
        }
      ]
    },
    {
      "column_name": "Regents w/o Advanced - % of cohort",
      "number_non_empty_cells": 385,
      "number_empty_cells": 0,
      "number_distinct_values": 237,
      "frequent_values": [
        "19.9",
        "22.5",
        "30.5",
        "32.4",
        "21.4"
      ],
      "data_types": [
        {
          "type": "REAL",
          "count": 356,
          "max_value": 45.6,
          "min_value": 1.5,
          "mean": 24.112921348314615
        },
        {
          "type": "INTEGER (LONG)",
          "count": 29,
          "max_value": 38,
          "min_value": 3,
          "mean": 25.17241379310345
        }
      ]
    },
    {
      "column_name": "Still Enrolled - % of cohort",
      "number_non_empty_cells": 385,
      "number_empty_cells": 0,
      "number_distinct_values": 235,
      "frequent_values": [
        "18.2",
        "26.2",
        "31.2",
        "24.5",
        "30.8"
      ],
      "data_types": [
        {
          "type": "INTEGER (LONG)",
          "count": 46,
          "max_value": 45,
          "min_value": 5,
          "mean": 26.52173913043478
        },
        {
          "type": "REAL",
          "count": 339,
          "max_value": 50.7,
          "min_value": 4.8,
          "mean": 25.566666666666634
        }
      ]
    },
    {
      "column_name": "Dropped Out - % of cohort",
      "number_non_empty_cells": 385,
      "number_empty_cells": 0,
      "number_distinct_values": 185,
      "frequent_values": [
        "13.5",
        "10.8",
        "12.5",
        "16.1",
        "8.8"
      ],
      "data_types": [
        {
          "type": "REAL",
          "count": 355,
          "max_value": 38.3,
          "min_value": 1.6,
          "mean": 14.17830985915493
        },
        {
          "type": "INTEGER (LONG)",
          "count": 30,
          "max_value": 35,
          "min_value": 5,
          "mean": 14.4
        }
      ]
    },
    {
      "column_name": "Total Regents - % of grads",
      "number_non_empty_cells": 385,
      "number_empty_cells": 0,
      "number_distinct_values": 279,
      "frequent_values": [
        "72.2",
        "76.8",
        "77.6",
        "83.8",
        "68.2"
      ],
      "data_types": [
        {
          "type": "REAL",
          "count": 350,
          "max_value": 95.3,
          "min_value": 12.9,
          "mean": 68.57599999999995
        },
        {
          "type": "INTEGER (LONG)",
          "count": 35,
          "max_value": 95,
          "min_value": 15,
          "mean": 71.02857142857142
        }
      ]
    },
    {
      "column_name": "Regents w/o Advanced - n",
      "number_non_empty_cells": 385,
      "number_empty_cells": 0,
      "number_distinct_values": 364,
      "frequent_values": [
        "2606",
        "264",
        "13",
        "1178",
        "112"
      ],
      "data_types": [
        {
          "type": "INTEGER (LONG)",
          "count": 385,
          "max_value": 7182,
          "min_value": 12,
          "mean": 1778.225974025974
        }
      ]
    },
    {
      "column_name": "Local - % of cohort",
      "number_non_empty_cells": 385,
      "number_empty_cells": 0,
      "number_distinct_values": 151,
      "frequent_values": [
        "15.2",
        "14.4",
        "13.9",
        "15.4",
        "13.7"
      ],
      "data_types": [
        {
          "type": "REAL",
          "count": 353,
          "max_value": 27.6,
          "min_value": 3.8,
          "mean": 14.730878186968845
        },
        {
          "type": "INTEGER (LONG)",
          "count": 32,
          "max_value": 19,
          "min_value": 5,
          "mean": 14.15625
        }
      ]
    },
    {
      "column_name": "Demographic",
      "number_non_empty_cells": 385,
      "number_empty_cells": 0,
      "number_distinct_values": 11,
      "frequent_values": [
        "Borough Total",
        "English Language Learners",
        "English Proficient Students",
        "Special Education",
        "General Education"
      ],
      "data_types": [
        {
          "type": "TEXT",
          "count": 385,
          "shortest_values": "Male",
          "longest_values": "English Proficient Students",
          "average_length": 12.0
        }
      ]
    },
    {
      "column_name": "Total Cohort",
      "number_non_empty_cells": 385,
      "number_empty_cells": 0,
      "number_distinct_values": 324,
      "frequent_values": [
        "153",
        "636",
        "778",
        "15579",
        "22177"
      ],
      "data_types": [
        {
          "type": "INTEGER (LONG)",
          "count": 385,
          "max_value": 22353,
          "min_value": 153,
          "mean": 6664.6
        }
      ]
    },
    {
      "column_name": "Advanced Regents - % of grads",
      "number_non_empty_cells": 385,
      "number_empty_cells": 0,
      "number_distinct_values": 267,
      "frequent_values": [
        "19.8",
        "29.3",
        "28.5",
        "26.7",
        "31.6"
      ],
      "data_types": [
        {
          "type": "REAL",
          "count": 357,
          "max_value": 70.4,
          "min_value": 0.4,
          "mean": 26.496358543417358
        },
        {
          "type": "INTEGER (LONG)",
          "count": 28,
          "max_value": 62,
          "min_value": 4,
          "mean": 27.285714285714285
        }
      ]
    },
    {
      "column_name": "Dropped Out - n",
      "number_non_empty_cells": 385,
      "number_empty_cells": 0,
      "number_distinct_values": 340,
      "frequent_values": [
        "424",
        "235",
        "90",
        "87",
        "1052"
      ],
      "data_types": [
        {
          "type": "INTEGER (LONG)",
          "count": 385,
          "max_value": 3547,
          "min_value": 6,
          "mean": 909.1194805194805
        }
      ]
    },
    {
      "column_name": "Advanced Regents - % of cohort",
      "number_non_empty_cells": 385,
      "number_empty_cells": 0,
      "number_distinct_values": 235,
      "frequent_values": [
        "0.6",
        "8",
        "1.4",
        "8.1",
        "8.5"
      ],
      "data_types": [
        {
          "type": "REAL",
          "count": 346,
          "max_value": 59.8,
          "min_value": 0.1,
          "mean": 17.14277456647399
        },
        {
          "type": "INTEGER (LONG)",
          "count": 39,
          "max_value": 61,
          "min_value": 1,
          "mean": 15.564102564102564
        }
      ]
    },
    {
      "column_name": "Local - % of grads",
      "number_non_empty_cells": 385,
      "number_empty_cells": 0,
      "number_distinct_values": 276,
      "frequent_values": [
        "29.2",
        "17.5",
        "22.4",
        "27.9",
        "27.8"
      ],
      "data_types": [
        {
          "type": "REAL",
          "count": 349,
          "max_value": 87.7,
          "min_value": 4.7,
          "mean": 31.663323782235
        },
        {
          "type": "INTEGER (LONG)",
          "count": 36,
          "max_value": 79,
          "min_value": 5,
          "mean": 27.11111111111111
        }
      ]
    },
    {
      "column_name": "Regents w/o Advanced - % of grads",
      "number_non_empty_cells": 385,
      "number_empty_cells": 0,
      "number_distinct_values": 237,
      "frequent_values": [
        "42",
        "52.9",
        "43.5",
        "45.2",
        "40.9"
      ],
      "data_types": [
        {
          "type": "INTEGER (LONG)",
          "count": 33,
          "max_value": 60,
          "min_value": 11,
          "mean": 39.06060606060606
        },
        {
          "type": "REAL",
          "count": 352,
          "max_value": 66.3,
          "min_value": 11.7,
          "mean": 42.540340909090894
        }
      ]
    },
    {
      "column_name": "Still Enrolled - n",
      "number_non_empty_cells": 385,
      "number_empty_cells": 0,
      "number_distinct_values": 368,
      "frequent_values": [
        "238",
        "3512",
        "844",
        "758",
        "799"
      ],
      "data_types": [
        {
          "type": "INTEGER (LONG)",
          "count": 385,
          "max_value": 6571,
          "min_value": 21,
          "mean": 1708.3818181818183
        }
      ]
    },
    {
      "column_name": "Total Regents - n",
      "number_non_empty_cells": 385,
      "number_empty_cells": 0,
      "number_distinct_values": 367,
      "frequent_values": [
        "396",
        "3861",
        "5618",
        "1901",
        "217"
      ],
      "data_types": [
        {
          "type": "INTEGER (LONG)",
          "count": 385,
          "max_value": 10945,
          "min_value": 15,
          "mean": 2828.4727272727273
        }
      ]
    },
    {
      "column_name": "Local - n",
      "number_non_empty_cells": 385,
      "number_empty_cells": 0,
      "number_distinct_values": 353,
      "frequent_values": [
        "2226",
        "122",
        "296",
        "231",
        "264"
      ],
      "data_types": [
        {
          "type": "INTEGER (LONG)",
          "count": 385,
          "max_value": 3591,
          "min_value": 21,
          "mean": 996.8415584415584
        }
      ]
    }
  ]
}