{
  "dataset_name": "b9e9-2we4.tsv.gz",
  "key_column_candidates": [
    "District",
    "Grade",
    "Year",
    "Category",
    "Number Tested",
    "Mean Scale Score",
    "Level 1 #",
    "Level 1 %",
    "Level 2 #",
    "Level 2 %",
    "Level 3 #",
    "Level 3 %",
    "Level 4 #",
    "Level 4 %",
    "Level 3+4 #",
    "Level 3+4 %"
  ],
  "columns": [
    {
      "column_name": "Level 3+4 #",
      "number_non_empty_cells": 2688,
      "number_empty_cells": 0,
      "number_distinct_values": 1317,
      "frequent_values": [
        "18",
        "30",
        "32",
        "36",
        "33"
      ],
      "data_types": [
        {
          "type": "INTEGER (LONG)",
          "count": 2688,
          "max_value": 17296,
          "min_value": 0,
          "mean": 965.8333333333334
        }
      ]
    },
    {
      "column_name": "Level 1 %",
      "number_non_empty_cells": 2688,
      "number_empty_cells": 0,
      "number_distinct_values": 549,
      "frequent_values": [
        "0",
        "0.3",
        "0.7",
        "0.8",
        "0.1"
      ],
      "data_types": [
        {
          "type": "REAL",
          "count": 2388,
          "max_value": 65.9,
          "min_value": 0.1,
          "mean": 18.013944723618135
        },
        {
          "type": "INTEGER (LONG)",
          "count": 300,
          "max_value": 69,
          "min_value": 0,
          "mean": 17.22
        }
      ]
    },
    {
      "column_name": "Level 3+4 %",
      "number_non_empty_cells": 2688,
      "number_empty_cells": 0,
      "number_distinct_values": 827,
      "frequent_values": [
        "10.5",
        "6.7",
        "12.5",
        "9.5",
        "11.6"
      ],
      "data_types": [
        {
          "type": "REAL",
          "count": 2410,
          "max_value": 97.3,
          "min_value": 1.2,
          "mean": 38.78825726141081
        },
        {
          "type": "INTEGER (LONG)",
          "count": 278,
          "max_value": 92,
          "min_value": 0,
          "mean": 39.05035971223022
        }
      ]
    },
    {
      "column_name": "Level 2 %",
      "number_non_empty_cells": 2688,
      "number_empty_cells": 0,
      "number_distinct_values": 633,
      "frequent_values": [
        "44.2",
        "47.6",
        "44.9",
        "45",
        "47.3"
      ],
      "data_types": [
        {
          "type": "REAL",
          "count": 2400,
          "max_value": 81.3,
          "min_value": 2.7,
          "mean": 43.205416666666665
        },
        {
          "type": "INTEGER (LONG)",
          "count": 288,
          "max_value": 78,
          "min_value": 6,
          "mean": 43.708333333333336
        }
      ]
    },
    {
      "column_name": "Level 3 #",
      "number_non_empty_cells": 2688,
      "number_empty_cells": 0,
      "number_distinct_values": 1280,
      "frequent_values": [
        "32",
        "18",
        "30",
        "45",
        "24"
      ],
      "data_types": [
        {
          "type": "INTEGER (LONG)",
          "count": 2688,
          "max_value": 15448,
          "min_value": 0,
          "mean": 872.0059523809524
        }
      ]
    },
    {
      "column_name": "Category",
      "number_non_empty_cells": 2688,
      "number_empty_cells": 0,
      "number_distinct_values": 2,
      "frequent_values": [
        "General Ed",
        "Special Ed"
      ],
      "data_types": [
        {
          "type": "TEXT",
          "count": 2688,
          "shortest_values": "General Ed",
          "longest_values": "General Ed",
          "average_length": 10.0
        }
      ]
    },
    {
      "column_name": "Level 3 %",
      "number_non_empty_cells": 2688,
      "number_empty_cells": 0,
      "number_distinct_values": 733,
      "frequent_values": [
        "9.8",
        "12.7",
        "11.6",
        "6.7",
        "15"
      ],
      "data_types": [
        {
          "type": "REAL",
          "count": 2411,
          "max_value": 81.2,
          "min_value": 1.2,
          "mean": 35.701824968892595
        },
        {
          "type": "INTEGER (LONG)",
          "count": 277,
          "max_value": 80,
          "min_value": 0,
          "mean": 34.69314079422383
        }
      ]
    },
    {
      "column_name": "Level 4 #",
      "number_non_empty_cells": 2688,
      "number_empty_cells": 0,
      "number_distinct_values": 441,
      "frequent_values": [
        "0",
        "1",
        "2",
        "3",
        "4"
      ],
      "data_types": [
        {
          "type": "INTEGER (LONG)",
          "count": 2688,
          "max_value": 2215,
          "min_value": 0,
          "mean": 93.82738095238095
        }
      ]
    },
    {
      "column_name": "Level 1 #",
      "number_non_empty_cells": 2688,
      "number_empty_cells": 0,
      "number_distinct_values": 566,
      "frequent_values": [
        "0",
        "2",
        "5",
        "3",
        "6"
      ],
      "data_types": [
        {
          "type": "INTEGER (LONG)",
          "count": 2688,
          "max_value": 2389,
          "min_value": 0,
          "mean": 172.25
        }
      ]
    },
    {
      "column_name": "Level 4 %",
      "number_non_empty_cells": 2688,
      "number_empty_cells": 0,
      "number_distinct_values": 206,
      "frequent_values": [
        "0",
        "0.3",
        "0.5",
        "0.4",
        "0.2"
      ],
      "data_types": [
        {
          "type": "INTEGER (LONG)",
          "count": 735,
          "max_value": 22,
          "min_value": 0,
          "mean": 1.2952380952380953
        },
        {
          "type": "REAL",
          "count": 1953,
          "max_value": 33.3,
          "min_value": 0.1,
          "mean": 3.940962621607778
        }
      ]
    },
    {
      "column_name": "Grade",
      "number_non_empty_cells": 2688,
      "number_empty_cells": 0,
      "number_distinct_values": 7,
      "frequent_values": [
        "3",
        "4",
        "5",
        "6",
        "7"
      ],
      "data_types": [
        {
          "type": "INTEGER (LONG)",
          "count": 2304,
          "max_value": 8,
          "min_value": 3,
          "mean": 5.5
        },
        {
          "type": "TEXT",
          "count": 384,
          "shortest_values": "All Grades",
          "longest_values": "All Grades",
          "average_length": 10.0
        }
      ]
    },
    {
      "column_name": "District",
      "number_non_empty_cells": 2688,
      "number_empty_cells": 0,
      "number_distinct_values": 32,
      "frequent_values": [
        "1",
        "2",
        "3",
        "4",
        "5"
      ],
      "data_types": [
        {
          "type": "INTEGER (LONG)",
          "count": 2688,
          "max_value": 32,
          "min_value": 1,
          "mean": 16.5
        }
      ]
    },
    {
      "column_name": "Level 2 #",
      "number_non_empty_cells": 2688,
      "number_empty_cells": 0,
      "number_distinct_values": 1159,
      "frequent_values": [
        "130",
        "114",
        "129",
        "120",
        "155"
      ],
      "data_types": [
        {
          "type": "INTEGER (LONG)",
          "count": 2688,
          "max_value": 8841,
          "min_value": 37,
          "mean": 692.3474702380952
        }
      ]
    },
    {
      "column_name": "Number Tested",
      "number_non_empty_cells": 2688,
      "number_empty_cells": 0,
      "number_distinct_values": 1679,
      "frequent_values": [
        "190",
        "152",
        "291",
        "241",
        "233"
      ],
      "data_types": [
        {
          "type": "INTEGER (LONG)",
          "count": 2688,
          "max_value": 21102,
          "min_value": 119,
          "mean": 1830.4308035714287
        }
      ]
    },
    {
      "column_name": "Mean Scale Score",
      "number_non_empty_cells": 2688,
      "number_empty_cells": 0,
      "number_distinct_values": 112,
      "frequent_values": [
        "646",
        "644",
        "645",
        "661",
        "647"
      ],
      "data_types": [
        {
          "type": "INTEGER (LONG)",
          "count": 2688,
          "max_value": 698,
          "min_value": 585,
          "mean": 645.6953125
        }
      ]
    },
    {
      "column_name": "Year",
      "number_non_empty_cells": 2688,
      "number_empty_cells": 0,
      "number_distinct_values": 6,
      "frequent_values": [
        "2006",
        "2007",
        "2008",
        "2009",
        "2010"
      ],
      "data_types": [
        {
          "type": "INTEGER (LONG)",
          "count": 2688,
          "max_value": 2011,
          "min_value": 2006,
          "mean": 2008.5
        }
      ]
    }
  ]
}