{
  "dataset_name": "bray-s6dc.tsv.gz",
  "key_column_candidates": [
    "Visit_Year",
    "Foreign_Born",
    "US_Born",
    "Foreign_Born_New_Client",
    "Foreign_Born_Return_Client",
    "FJC_FB_Visit_Bronx",
    "FJC_FB_Visit_Brooklyn",
    "FJC_FB_Visit_Manhattan",
    "FJC_FB_Visit_Queens",
    "FJC_FB_Visit_Staten_Island",
    "FB_Age_Under_20",
    "FB_Age_20_29",
    "FB_Age_30_39",
    "FB_Age_40_49",
    "FB_Age_50_59",
    "FB_Age_Over_60",
    "FB_Lang_Spanish",
    "FB_Lang_English",
    "FB_Lang_Mandarin",
    "FB_Lang_Russian",
    "FB_Lang_Arabic",
    "FB_Lang_Bengali",
    "FB_Lang_French",
    "FB_Lang_Other",
    "FB_Country_Mexico",
    "FB_Country_Dominican_Repub",
    "FB_Country_Jamaica",
    "FB_Country_Ecuador",
    "FB_Country_China",
    "FB_Country_Honduras",
    "FB_Country_Guyana",
    "FB_Country_Colombia",
    "FB_Country_Trin_Tobago",
    "FB_Country_Bangladesh",
    "FB_Relationship_Dating",
    "FB_Relationship_Spouse",
    "FB_Relationship_Ex_Dating",
    "FB_Relationship_Ex_Spouse",
    "FB_Relationship_Child_Common",
    "FB_Relationship_Living_Together",
    "FB_Services_Risk Assessment",
    "FB_Services_Safety_Planning",
    "FB_Services_Group_Individual_Counseling",
    "FB_Services_Imm_Civil_Legal_Asst",
    "FB_Criis_Intervention",
    "FB_Country_BX_Dominican_Republic",
    "FB_Country_BX_Mexico",
    "FB_Country_BX_Honduras",
    "FB_Country_BX_Jamaica",
    "FB_Country_BX_Ecuador",
    "FB_Country_BK_Mexico",
    "FB_Country_BK_Jamaica",
    "FB_Country_BK_Dominican_Republic",
    "FB_Country_BK_Trin_Tobago",
    "FB_Country_BK_Ecuador",
    "FB_Country_MN_Dominican_Republic",
    "FB_Country_MN_Mexico",
    "FB_Country_MN_China",
    "FB_Country_MN_Jamaica",
    "FB_Country_MN_Ecuador",
    "FB_Country_QN_Mexico",
    "FB_Country_QN_Ecuador",
    "FB_Country_QN_China",
    "FB_Country_QN_Colombia",
    "FB_Country_QN_Jamaica",
    "FB_Country_SI_Mexico",
    "FB_Country_SI_Jamaica",
    "FB_Country_SI_Dominican_Republic",
    "FB_Country_SI_Eygpt",
    "FB_Country_SI_Honduras"
  ],
  "columns": [
    {
      "column_name": "FJC_FB_Visit_Manhattan",
      "number_non_empty_cells": 1,
      "number_empty_cells": 7,
      "number_distinct_values": 2,
      "frequent_values": [
        "",
        "1168"
      ],
      "data_types": [
        {
          "type": "INTEGER (LONG)",
          "count": 1,
          "max_value": 1168,
          "min_value": 1168,
          "mean": 1168.0
        }
      ]
    },
    {
      "column_name": "FB_Lang_English",
      "number_non_empty_cells": 1,
      "number_empty_cells": 7,
      "number_distinct_values": 2,
      "frequent_values": [
        "",
        "2659"
      ],
      "data_types": [
        {
          "type": "INTEGER (LONG)",
          "count": 1,
          "max_value": 2659,
          "min_value": 2659,
          "mean": 2659.0
        }
      ]
    },
    {
      "column_name": "FB_Lang_Arabic",
      "number_non_empty_cells": 1,
      "number_empty_cells": 7,
      "number_distinct_values": 2,
      "frequent_values": [
        "",
        "136"
      ],
      "data_types": [
        {
          "type": "INTEGER (LONG)",
          "count": 1,
          "max_value": 136,
          "min_value": 136,
          "mean": 136.0
        }
      ]
    },
    {
      "column_name": "FB_Lang_French",
      "number_non_empty_cells": 1,
      "number_empty_cells": 7,
      "number_distinct_values": 2,
      "frequent_values": [
        "",
        "105"
      ],
      "data_types": [
        {
          "type": "INTEGER (LONG)",
          "count": 1,
          "max_value": 105,
          "min_value": 105,
          "mean": 105.0
        }
      ]
    },
    {
      "column_name": "FB_Country_China",
      "number_non_empty_cells": 1,
      "number_empty_cells": 7,
      "number_distinct_values": 2,
      "frequent_values": [
        "",
        "362"
      ],
      "data_types": [
        {
          "type": "INTEGER (LONG)",
          "count": 1,
          "max_value": 362,
          "min_value": 362,
          "mean": 362.0
        }
      ]
    },
    {
      "column_name": "FB_Services_Risk Assessment",
      "number_non_empty_cells": 1,
      "number_empty_cells": 7,
      "number_distinct_values": 2,
      "frequent_values": [
        "",
        "6975"
      ],
      "data_types": [
        {
          "type": "INTEGER (LONG)",
          "count": 1,
          "max_value": 6975,
          "min_value": 6975,
          "mean": 6975.0
        }
      ]
    },
    {
      "column_name": "FB_Services_Safety_Planning",
      "number_non_empty_cells": 1,
      "number_empty_cells": 7,
      "number_distinct_values": 2,
      "frequent_values": [
        "",
        "6966"
      ],
      "data_types": [
        {
          "type": "INTEGER (LONG)",
          "count": 1,
          "max_value": 6966,
          "min_value": 6966,
          "mean": 6966.0
        }
      ]
    },
    {
      "column_name": "FB_Country_MN_Ecuador",
      "number_non_empty_cells": 1,
      "number_empty_cells": 7,
      "number_distinct_values": 2,
      "frequent_values": [
        "",
        "52"
      ],
      "data_types": [
        {
          "type": "INTEGER (LONG)",
          "count": 1,
          "max_value": 52,
          "min_value": 52,
          "mean": 52.0
        }
      ]
    },
    {
      "column_name": "FB_Country_QN_Mexico",
      "number_non_empty_cells": 1,
      "number_empty_cells": 7,
      "number_distinct_values": 2,
      "frequent_values": [
        "",
        "322"
      ],
      "data_types": [
        {
          "type": "INTEGER (LONG)",
          "count": 1,
          "max_value": 322,
          "min_value": 322,
          "mean": 322.0
        }
      ]
    },
    {
      "column_name": "FB_Country_SI_Mexico",
      "number_non_empty_cells": 1,
      "number_empty_cells": 7,
      "number_distinct_values": 2,
      "frequent_values": [
        "",
        "114"
      ],
      "data_types": [
        {
          "type": "INTEGER (LONG)",
          "count": 1,
          "max_value": 114,
          "min_value": 114,
          "mean": 114.0
        }
      ]
    },
    {
      "column_name": "FB_Country_SI_Dominican_Republic",
      "number_non_empty_cells": 1,
      "number_empty_cells": 7,
      "number_distinct_values": 2,
      "frequent_values": [
        "",
        "18"
      ],
      "data_types": [
        {
          "type": "INTEGER (LONG)",
          "count": 1,
          "max_value": 18,
          "min_value": 18,
          "mean": 18.0
        }
      ]
    },
    {
      "column_name": "FB_Country_BX_Honduras",
      "number_non_empty_cells": 1,
      "number_empty_cells": 7,
      "number_distinct_values": 2,
      "frequent_values": [
        "",
        "151"
      ],
      "data_types": [
        {
          "type": "INTEGER (LONG)",
          "count": 1,
          "max_value": 151,
          "min_value": 151,
          "mean": 151.0
        }
      ]
    },
    {
      "column_name": "FB_Lang_Russian",
      "number_non_empty_cells": 1,
      "number_empty_cells": 7,
      "number_distinct_values": 2,
      "frequent_values": [
        "",
        "164"
      ],
      "data_types": [
        {
          "type": "INTEGER (LONG)",
          "count": 1,
          "max_value": 164,
          "min_value": 164,
          "mean": 164.0
        }
      ]
    },
    {
      "column_name": "Foreign_Born_Return_Client",
      "number_non_empty_cells": 7,
      "number_empty_cells": 1,
      "number_distinct_values": 8,
      "frequent_values": [
        "3424",
        "3012",
        "2457",
        "1825",
        "1613"
      ],
      "data_types": [
        {
          "type": "INTEGER (LONG)",
          "count": 7,
          "max_value": 3424,
          "min_value": 1134,
          "mean": 2127.0
        }
      ]
    },
    {
      "column_name": "Foreign_Born_New_Client",
      "number_non_empty_cells": 7,
      "number_empty_cells": 1,
      "number_distinct_values": 8,
      "frequent_values": [
        "4213",
        "4716",
        "4302",
        "3962",
        "3108"
      ],
      "data_types": [
        {
          "type": "INTEGER (LONG)",
          "count": 7,
          "max_value": 4716,
          "min_value": 3108,
          "mean": 3833.0
        }
      ]
    },
    {
      "column_name": "FB_Relationship_Ex_Spouse",
      "number_non_empty_cells": 1,
      "number_empty_cells": 7,
      "number_distinct_values": 2,
      "frequent_values": [
        "",
        "374"
      ],
      "data_types": [
        {
          "type": "INTEGER (LONG)",
          "count": 1,
          "max_value": 374,
          "min_value": 374,
          "mean": 374.0
        }
      ]
    },
    {
      "column_name": "FB_Country_QN_Colombia",
      "number_non_empty_cells": 1,
      "number_empty_cells": 7,
      "number_distinct_values": 2,
      "frequent_values": [
        "",
        "176"
      ],
      "data_types": [
        {
          "type": "INTEGER (LONG)",
          "count": 1,
          "max_value": 176,
          "min_value": 176,
          "mean": 176.0
        }
      ]
    },
    {
      "column_name": "FB_Age_20_29",
      "number_non_empty_cells": 1,
      "number_empty_cells": 7,
      "number_distinct_values": 2,
      "frequent_values": [
        "",
        "1332"
      ],
      "data_types": [
        {
          "type": "INTEGER (LONG)",
          "count": 1,
          "max_value": 1332,
          "min_value": 1332,
          "mean": 1332.0
        }
      ]
    },
    {
      "column_name": "FB_Services_Group_Individual_Counseling",
      "number_non_empty_cells": 1,
      "number_empty_cells": 7,
      "number_distinct_values": 2,
      "frequent_values": [
        "",
        "4396"
      ],
      "data_types": [
        {
          "type": "INTEGER (LONG)",
          "count": 1,
          "max_value": 4396,
          "min_value": 4396,
          "mean": 4396.0
        }
      ]
    },
    {
      "column_name": "FB_Relationship_Child_Common",
      "number_non_empty_cells": 1,
      "number_empty_cells": 7,
      "number_distinct_values": 2,
      "frequent_values": [
        "",
        "1697"
      ],
      "data_types": [
        {
          "type": "INTEGER (LONG)",
          "count": 1,
          "max_value": 1697,
          "min_value": 1697,
          "mean": 1697.0
        }
      ]
    },
    {
      "column_name": "US_Born",
      "number_non_empty_cells": 8,
      "number_empty_cells": 0,
      "number_distinct_values": 8,
      "frequent_values": [
        "5054",
        "4779",
        "4312",
        "3796",
        "2958"
      ],
      "data_types": [
        {
          "type": "INTEGER (LONG)",
          "count": 8,
          "max_value": 5054,
          "min_value": 1942,
          "mean": 3656.75
        }
      ]
    },
    {
      "column_name": "FB_Country_Honduras",
      "number_non_empty_cells": 1,
      "number_empty_cells": 7,
      "number_distinct_values": 2,
      "frequent_values": [
        "",
        "293"
      ],
      "data_types": [
        {
          "type": "INTEGER (LONG)",
          "count": 1,
          "max_value": 293,
          "min_value": 293,
          "mean": 293.0
        }
      ]
    },
    {
      "column_name": "FB_Country_Bangladesh",
      "number_non_empty_cells": 1,
      "number_empty_cells": 7,
      "number_distinct_values": 2,
      "frequent_values": [
        "",
        "184"
      ],
      "data_types": [
        {
          "type": "INTEGER (LONG)",
          "count": 1,
          "max_value": 184,
          "min_value": 184,
          "mean": 184.0
        }
      ]
    },
    {
      "column_name": "FB_Country_BX_Jamaica",
      "number_non_empty_cells": 1,
      "number_empty_cells": 7,
      "number_distinct_values": 2,
      "frequent_values": [
        "",
        "135"
      ],
      "data_types": [
        {
          "type": "INTEGER (LONG)",
          "count": 1,
          "max_value": 135,
          "min_value": 135,
          "mean": 135.0
        }
      ]
    },
    {
      "column_name": "FB_Country_BX_Ecuador",
      "number_non_empty_cells": 1,
      "number_empty_cells": 7,
      "number_distinct_values": 2,
      "frequent_values": [
        "",
        "77"
      ],
      "data_types": [
        {
          "type": "INTEGER (LONG)",
          "count": 1,
          "max_value": 77,
          "min_value": 77,
          "mean": 77.0
        }
      ]
    },
    {
      "column_name": "FB_Country_BK_Jamaica",
      "number_non_empty_cells": 1,
      "number_empty_cells": 7,
      "number_distinct_values": 2,
      "frequent_values": [
        "",
        "218"
      ],
      "data_types": [
        {
          "type": "INTEGER (LONG)",
          "count": 1,
          "max_value": 218,
          "min_value": 218,
          "mean": 218.0
        }
      ]
    },
    {
      "column_name": "FB_Country_BK_Ecuador",
      "number_non_empty_cells": 1,
      "number_empty_cells": 7,
      "number_distinct_values": 2,
      "frequent_values": [
        "",
        "113"
      ],
      "data_types": [
        {
          "type": "INTEGER (LONG)",
          "count": 1,
          "max_value": 113,
          "min_value": 113,
          "mean": 113.0
        }
      ]
    },
    {
      "column_name": "FB_Country_SI_Jamaica",
      "number_non_empty_cells": 1,
      "number_empty_cells": 7,
      "number_distinct_values": 2,
      "frequent_values": [
        "",
        "19"
      ],
      "data_types": [
        {
          "type": "INTEGER (LONG)",
          "count": 1,
          "max_value": 19,
          "min_value": 19,
          "mean": 19.0
        }
      ]
    },
    {
      "column_name": "FJC_FB_Visit_Staten_Island",
      "number_non_empty_cells": 1,
      "number_empty_cells": 7,
      "number_distinct_values": 2,
      "frequent_values": [
        "",
        "411"
      ],
      "data_types": [
        {
          "type": "INTEGER (LONG)",
          "count": 1,
          "max_value": 411,
          "min_value": 411,
          "mean": 411.0
        }
      ]
    },
    {
      "column_name": "FB_Country_Mexico",
      "number_non_empty_cells": 1,
      "number_empty_cells": 7,
      "number_distinct_values": 2,
      "frequent_values": [
        "",
        "1216"
      ],
      "data_types": [
        {
          "type": "INTEGER (LONG)",
          "count": 1,
          "max_value": 1216,
          "min_value": 1216,
          "mean": 1216.0
        }
      ]
    },
    {
      "column_name": "FB_Relationship_Dating",
      "number_non_empty_cells": 1,
      "number_empty_cells": 7,
      "number_distinct_values": 2,
      "frequent_values": [
        "",
        "342"
      ],
      "data_types": [
        {
          "type": "INTEGER (LONG)",
          "count": 1,
          "max_value": 342,
          "min_value": 342,
          "mean": 342.0
        }
      ]
    },
    {
      "column_name": "FB_Country_MN_Mexico",
      "number_non_empty_cells": 1,
      "number_empty_cells": 7,
      "number_distinct_values": 2,
      "frequent_values": [
        "",
        "126"
      ],
      "data_types": [
        {
          "type": "INTEGER (LONG)",
          "count": 1,
          "max_value": 126,
          "min_value": 126,
          "mean": 126.0
        }
      ]
    },
    {
      "column_name": "Foreign_Born",
      "number_non_empty_cells": 8,
      "number_empty_cells": 0,
      "number_distinct_values": 8,
      "frequent_values": [
        "7637",
        "7728",
        "6759",
        "5787",
        "4721"
      ],
      "data_types": [
        {
          "type": "INTEGER (LONG)",
          "count": 8,
          "max_value": 7728,
          "min_value": 3287,
          "mean": 5625.875
        }
      ]
    },
    {
      "column_name": "FB_Country_MN_Dominican_Republic",
      "number_non_empty_cells": 1,
      "number_empty_cells": 7,
      "number_distinct_values": 2,
      "frequent_values": [
        "",
        "209"
      ],
      "data_types": [
        {
          "type": "INTEGER (LONG)",
          "count": 1,
          "max_value": 209,
          "min_value": 209,
          "mean": 209.0
        }
      ]
    },
    {
      "column_name": "FB_Age_Over_60",
      "number_non_empty_cells": 1,
      "number_empty_cells": 7,
      "number_distinct_values": 2,
      "frequent_values": [
        "",
        "329"
      ],
      "data_types": [
        {
          "type": "INTEGER (LONG)",
          "count": 1,
          "max_value": 329,
          "min_value": 329,
          "mean": 329.0
        }
      ]
    },
    {
      "column_name": "FB_Country_BX_Mexico",
      "number_non_empty_cells": 1,
      "number_empty_cells": 7,
      "number_distinct_values": 2,
      "frequent_values": [
        "",
        "342"
      ],
      "data_types": [
        {
          "type": "INTEGER (LONG)",
          "count": 1,
          "max_value": 342,
          "min_value": 342,
          "mean": 342.0
        }
      ]
    },
    {
      "column_name": "FB_Lang_Mandarin",
      "number_non_empty_cells": 1,
      "number_empty_cells": 7,
      "number_distinct_values": 2,
      "frequent_values": [
        "",
        "298"
      ],
      "data_types": [
        {
          "type": "INTEGER (LONG)",
          "count": 1,
          "max_value": 298,
          "min_value": 298,
          "mean": 298.0
        }
      ]
    },
    {
      "column_name": "FJC_FB_Visit_Brooklyn",
      "number_non_empty_cells": 1,
      "number_empty_cells": 7,
      "number_distinct_values": 2,
      "frequent_values": [
        "",
        "2348"
      ],
      "data_types": [
        {
          "type": "INTEGER (LONG)",
          "count": 1,
          "max_value": 2348,
          "min_value": 2348,
          "mean": 2348.0
        }
      ]
    },
    {
      "column_name": "FB_Country_Jamaica",
      "number_non_empty_cells": 1,
      "number_empty_cells": 7,
      "number_distinct_values": 2,
      "frequent_values": [
        "",
        "528"
      ],
      "data_types": [
        {
          "type": "INTEGER (LONG)",
          "count": 1,
          "max_value": 528,
          "min_value": 528,
          "mean": 528.0
        }
      ]
    },
    {
      "column_name": "FB_Country_Colombia",
      "number_non_empty_cells": 1,
      "number_empty_cells": 7,
      "number_distinct_values": 2,
      "frequent_values": [
        "",
        "259"
      ],
      "data_types": [
        {
          "type": "INTEGER (LONG)",
          "count": 1,
          "max_value": 259,
          "min_value": 259,
          "mean": 259.0
        }
      ]
    },
    {
      "column_name": "FB_Criis_Intervention",
      "number_non_empty_cells": 1,
      "number_empty_cells": 7,
      "number_distinct_values": 2,
      "frequent_values": [
        "",
        "3157"
      ],
      "data_types": [
        {
          "type": "INTEGER (LONG)",
          "count": 1,
          "max_value": 3157,
          "min_value": 3157,
          "mean": 3157.0
        }
      ]
    },
    {
      "column_name": "FB_Country_QN_Jamaica",
      "number_non_empty_cells": 1,
      "number_empty_cells": 7,
      "number_distinct_values": 2,
      "frequent_values": [
        "",
        "131"
      ],
      "data_types": [
        {
          "type": "INTEGER (LONG)",
          "count": 1,
          "max_value": 131,
          "min_value": 131,
          "mean": 131.0
        }
      ]
    },
    {
      "column_name": "FB_Country_SI_Eygpt",
      "number_non_empty_cells": 1,
      "number_empty_cells": 7,
      "number_distinct_values": 2,
      "frequent_values": [
        "",
        "18"
      ],
      "data_types": [
        {
          "type": "INTEGER (LONG)",
          "count": 1,
          "max_value": 18,
          "min_value": 18,
          "mean": 18.0
        }
      ]
    },
    {
      "column_name": "FB_Country_SI_Honduras",
      "number_non_empty_cells": 1,
      "number_empty_cells": 7,
      "number_distinct_values": 2,
      "frequent_values": [
        "",
        "18"
      ],
      "data_types": [
        {
          "type": "INTEGER (LONG)",
          "count": 1,
          "max_value": 18,
          "min_value": 18,
          "mean": 18.0
        }
      ]
    },
    {
      "column_name": "FB_Age_50_59",
      "number_non_empty_cells": 1,
      "number_empty_cells": 7,
      "number_distinct_values": 2,
      "frequent_values": [
        "",
        "822"
      ],
      "data_types": [
        {
          "type": "INTEGER (LONG)",
          "count": 1,
          "max_value": 822,
          "min_value": 822,
          "mean": 822.0
        }
      ]
    },
    {
      "column_name": "FB_Lang_Bengali",
      "number_non_empty_cells": 1,
      "number_empty_cells": 7,
      "number_distinct_values": 2,
      "frequent_values": [
        "",
        "135"
      ],
      "data_types": [
        {
          "type": "INTEGER (LONG)",
          "count": 1,
          "max_value": 135,
          "min_value": 135,
          "mean": 135.0
        }
      ]
    },
    {
      "column_name": "FB_Relationship_Ex_Dating",
      "number_non_empty_cells": 1,
      "number_empty_cells": 7,
      "number_distinct_values": 2,
      "frequent_values": [
        "",
        "319"
      ],
      "data_types": [
        {
          "type": "INTEGER (LONG)",
          "count": 1,
          "max_value": 319,
          "min_value": 319,
          "mean": 319.0
        }
      ]
    },
    {
      "column_name": "FB_Country_BX_Dominican_Republic",
      "number_non_empty_cells": 1,
      "number_empty_cells": 7,
      "number_distinct_values": 2,
      "frequent_values": [
        "",
        "613"
      ],
      "data_types": [
        {
          "type": "INTEGER (LONG)",
          "count": 1,
          "max_value": 613,
          "min_value": 613,
          "mean": 613.0
        }
      ]
    },
    {
      "column_name": "Visit_Year",
      "number_non_empty_cells": 8,
      "number_empty_cells": 0,
      "number_distinct_values": 8,
      "frequent_values": [
        "2017",
        "2016",
        "2015",
        "2014",
        "2013"
      ],
      "data_types": [
        {
          "type": "INTEGER (LONG)",
          "count": 8,
          "max_value": 2017,
          "min_value": 2010,
          "mean": 2013.5
        }
      ]
    },
    {
      "column_name": "FJC_FB_Visit_Queens",
      "number_non_empty_cells": 1,
      "number_empty_cells": 7,
      "number_distinct_values": 2,
      "frequent_values": [
        "",
        "2201"
      ],
      "data_types": [
        {
          "type": "INTEGER (LONG)",
          "count": 1,
          "max_value": 2201,
          "min_value": 2201,
          "mean": 2201.0
        }
      ]
    },
    {
      "column_name": "FB_Country_MN_China",
      "number_non_empty_cells": 1,
      "number_empty_cells": 7,
      "number_distinct_values": 2,
      "frequent_values": [
        "",
        "77"
      ],
      "data_types": [
        {
          "type": "INTEGER (LONG)",
          "count": 1,
          "max_value": 77,
          "min_value": 77,
          "mean": 77.0
        }
      ]
    },
    {
      "column_name": "FB_Country_BK_Dominican_Republic",
      "number_non_empty_cells": 1,
      "number_empty_cells": 7,
      "number_distinct_values": 2,
      "frequent_values": [
        "",
        "182"
      ],
      "data_types": [
        {
          "type": "INTEGER (LONG)",
          "count": 1,
          "max_value": 182,
          "min_value": 182,
          "mean": 182.0
        }
      ]
    },
    {
      "column_name": "FB_Age_Under_20",
      "number_non_empty_cells": 1,
      "number_empty_cells": 7,
      "number_distinct_values": 2,
      "frequent_values": [
        "",
        "77"
      ],
      "data_types": [
        {
          "type": "INTEGER (LONG)",
          "count": 1,
          "max_value": 77,
          "min_value": 77,
          "mean": 77.0
        }
      ]
    },
    {
      "column_name": "FB_Age_40_49",
      "number_non_empty_cells": 1,
      "number_empty_cells": 7,
      "number_distinct_values": 2,
      "frequent_values": [
        "",
        "2043"
      ],
      "data_types": [
        {
          "type": "INTEGER (LONG)",
          "count": 1,
          "max_value": 2043,
          "min_value": 2043,
          "mean": 2043.0
        }
      ]
    },
    {
      "column_name": "FB_Relationship_Spouse",
      "number_non_empty_cells": 1,
      "number_empty_cells": 7,
      "number_distinct_values": 2,
      "frequent_values": [
        "",
        "3743"
      ],
      "data_types": [
        {
          "type": "INTEGER (LONG)",
          "count": 1,
          "max_value": 3743,
          "min_value": 3743,
          "mean": 3743.0
        }
      ]
    },
    {
      "column_name": "FB_Services_Imm_Civil_Legal_Asst",
      "number_non_empty_cells": 1,
      "number_empty_cells": 7,
      "number_distinct_values": 2,
      "frequent_values": [
        "",
        "3296"
      ],
      "data_types": [
        {
          "type": "INTEGER (LONG)",
          "count": 1,
          "max_value": 3296,
          "min_value": 3296,
          "mean": 3296.0
        }
      ]
    },
    {
      "column_name": "FB_Country_QN_Ecuador",
      "number_non_empty_cells": 1,
      "number_empty_cells": 7,
      "number_distinct_values": 2,
      "frequent_values": [
        "",
        "269"
      ],
      "data_types": [
        {
          "type": "INTEGER (LONG)",
          "count": 1,
          "max_value": 269,
          "min_value": 269,
          "mean": 269.0
        }
      ]
    },
    {
      "column_name": "FB_Country_QN_China",
      "number_non_empty_cells": 1,
      "number_empty_cells": 7,
      "number_distinct_values": 2,
      "frequent_values": [
        "",
        "210"
      ],
      "data_types": [
        {
          "type": "INTEGER (LONG)",
          "count": 1,
          "max_value": 210,
          "min_value": 210,
          "mean": 210.0
        }
      ]
    },
    {
      "column_name": "FB_Country_Ecuador",
      "number_non_empty_cells": 1,
      "number_empty_cells": 7,
      "number_distinct_values": 2,
      "frequent_values": [
        "",
        "496"
      ],
      "data_types": [
        {
          "type": "INTEGER (LONG)",
          "count": 1,
          "max_value": 496,
          "min_value": 496,
          "mean": 496.0
        }
      ]
    },
    {
      "column_name": "FJC_FB_Visit_Bronx",
      "number_non_empty_cells": 1,
      "number_empty_cells": 7,
      "number_distinct_values": 2,
      "frequent_values": [
        "",
        "1907"
      ],
      "data_types": [
        {
          "type": "INTEGER (LONG)",
          "count": 1,
          "max_value": 1907,
          "min_value": 1907,
          "mean": 1907.0
        }
      ]
    },
    {
      "column_name": "FB_Country_Dominican_Repub",
      "number_non_empty_cells": 1,
      "number_empty_cells": 7,
      "number_distinct_values": 2,
      "frequent_values": [
        "",
        "1093"
      ],
      "data_types": [
        {
          "type": "INTEGER (LONG)",
          "count": 1,
          "max_value": 1093,
          "min_value": 1093,
          "mean": 1093.0
        }
      ]
    },
    {
      "column_name": "FB_Lang_Spanish",
      "number_non_empty_cells": 1,
      "number_empty_cells": 7,
      "number_distinct_values": 2,
      "frequent_values": [
        "",
        "3437"
      ],
      "data_types": [
        {
          "type": "INTEGER (LONG)",
          "count": 1,
          "max_value": 3437,
          "min_value": 3437,
          "mean": 3437.0
        }
      ]
    },
    {
      "column_name": "FB_Lang_Other",
      "number_non_empty_cells": 1,
      "number_empty_cells": 7,
      "number_distinct_values": 2,
      "frequent_values": [
        "",
        "704"
      ],
      "data_types": [
        {
          "type": "INTEGER (LONG)",
          "count": 1,
          "max_value": 704,
          "min_value": 704,
          "mean": 704.0
        }
      ]
    },
    {
      "column_name": "FB_Country_Guyana",
      "number_non_empty_cells": 1,
      "number_empty_cells": 7,
      "number_distinct_values": 2,
      "frequent_values": [
        "",
        "266"
      ],
      "data_types": [
        {
          "type": "INTEGER (LONG)",
          "count": 1,
          "max_value": 266,
          "min_value": 266,
          "mean": 266.0
        }
      ]
    },
    {
      "column_name": "FB_Country_Trin_Tobago",
      "number_non_empty_cells": 1,
      "number_empty_cells": 7,
      "number_distinct_values": 2,
      "frequent_values": [
        "",
        "241"
      ],
      "data_types": [
        {
          "type": "INTEGER (LONG)",
          "count": 1,
          "max_value": 241,
          "min_value": 241,
          "mean": 241.0
        }
      ]
    },
    {
      "column_name": "FB_Relationship_Living_Together",
      "number_non_empty_cells": 1,
      "number_empty_cells": 7,
      "number_distinct_values": 2,
      "frequent_values": [
        "",
        "371"
      ],
      "data_types": [
        {
          "type": "INTEGER (LONG)",
          "count": 1,
          "max_value": 371,
          "min_value": 371,
          "mean": 371.0
        }
      ]
    },
    {
      "column_name": "FB_Country_BK_Trin_Tobago",
      "number_non_empty_cells": 1,
      "number_empty_cells": 7,
      "number_distinct_values": 2,
      "frequent_values": [
        "",
        "148"
      ],
      "data_types": [
        {
          "type": "INTEGER (LONG)",
          "count": 1,
          "max_value": 148,
          "min_value": 148,
          "mean": 148.0
        }
      ]
    },
    {
      "column_name": "FB_Country_MN_Jamaica",
      "number_non_empty_cells": 1,
      "number_empty_cells": 7,
      "number_distinct_values": 2,
      "frequent_values": [
        "",
        "60"
      ],
      "data_types": [
        {
          "type": "INTEGER (LONG)",
          "count": 1,
          "max_value": 60,
          "min_value": 60,
          "mean": 60.0
        }
      ]
    },
    {
      "column_name": "FB_Age_30_39",
      "number_non_empty_cells": 1,
      "number_empty_cells": 7,
      "number_distinct_values": 2,
      "frequent_values": [
        "",
        "3019"
      ],
      "data_types": [
        {
          "type": "INTEGER (LONG)",
          "count": 1,
          "max_value": 3019,
          "min_value": 3019,
          "mean": 3019.0
        }
      ]
    },
    {
      "column_name": "FB_Country_BK_Mexico",
      "number_non_empty_cells": 1,
      "number_empty_cells": 7,
      "number_distinct_values": 2,
      "frequent_values": [
        "",
        "362"
      ],
      "data_types": [
        {
          "type": "INTEGER (LONG)",
          "count": 1,
          "max_value": 362,
          "min_value": 362,
          "mean": 362.0
        }
      ]
    }
  ]
}