{
  "dataset_name": "brga-xeqy.tsv.gz",
  "key_column_candidates": [
    "Agency Code",
    "Agency",
    "Agency Name",
    "Unit of Appropriation",
    "Unit of Appropriation Name",
    "PS_OTPS_Ind",
    "Expenditures_ FY18($000,000)",
    "February 2019 Financial PlanFY19 ($000,000)",
    "Applicable_MMR_Goals",
    "Notes"
  ],
  "columns": [
    {
      "column_name": "Expenditures_ FY18($000,000)",
      "number_non_empty_cells": 274,
      "number_empty_cells": 11,
      "number_distinct_values": 237,
      "frequent_values": [
        "",
        "1",
        "2.8",
        "2.1",
        "0.2"
      ],
      "data_types": [
        {
          "type": "INTEGER (LONG)",
          "count": 25,
          "max_value": 3302,
          "min_value": 0,
          "mean": 274.36
        },
        {
          "type": "REAL",
          "count": 249,
          "max_value": 6607.3,
          "min_value": 0.1,
          "mean": 231.86506024096389
        }
      ]
    },
    {
      "column_name": "Agency",
      "number_non_empty_cells": 285,
      "number_empty_cells": 0,
      "number_distinct_values": 45,
      "frequent_values": [
        "DOE",
        "DCLA",
        "DOHMH",
        "DCAS",
        "NYPD"
      ],
      "data_types": [
        {
          "type": "INTEGER (LONG)",
          "count": 1,
          "max_value": 311,
          "min_value": 311,
          "mean": 311.0
        },
        {
          "type": "TEXT",
          "count": 284,
          "shortest_values": "SCA",
          "longest_values": "NYCHA",
          "average_length": 3.602112676056338
        }
      ]
    },
    {
      "column_name": "Unit of Appropriation",
      "number_non_empty_cells": 282,
      "number_empty_cells": 3,
      "number_distinct_values": 103,
      "frequent_values": [
        "1",
        "2",
        "4",
        "3",
        "6"
      ],
      "data_types": [
        {
          "type": "INTEGER (LONG)",
          "count": 282,
          "max_value": 890,
          "min_value": 1,
          "mean": 110.41134751773049
        }
      ]
    },
    {
      "column_name": "Unit of Appropriation Name",
      "number_non_empty_cells": 285,
      "number_empty_cells": 0,
      "number_distinct_values": 238,
      "frequent_values": [
        "OTHER THAN PERSONAL SERVICES",
        "PERSONAL SERVICES",
        "NA",
        "LUMP SUM",
        "OPERATIONS"
      ],
      "data_types": [
        {
          "type": "TEXT",
          "count": 285,
          "shortest_values": "NA",
          "longest_values": "TRUST FOR GOVERNOR'S ISLAND AND NYC & CO",
          "average_length": 23.056140350877193
        }
      ]
    },
    {
      "column_name": "Applicable_MMR_Goals",
      "number_non_empty_cells": 285,
      "number_empty_cells": 0,
      "number_distinct_values": 63,
      "frequent_values": [
        "All",
        "1a, 1b",
        "NA",
        "None",
        "1a, 2b"
      ],
      "data_types": [
        {
          "type": "DATE/TIME",
          "count": 25,
          "max_value": "1a, 2a, 6a",
          "min_value": "1a"
        },
        {
          "type": "TEXT",
          "count": 260,
          "shortest_values": "NA",
          "longest_values": "1a, 1b, 2a, 2b, 2c, 3a, 4a, 4b",
          "average_length": 7.023076923076923
        }
      ]
    },
    {
      "column_name": "Agency Code",
      "number_non_empty_cells": 285,
      "number_empty_cells": 0,
      "number_distinct_values": 44,
      "frequent_values": [
        "040",
        "126",
        "816",
        "856",
        "056"
      ],
      "data_types": [
        {
          "type": "INTEGER (LONG)",
          "count": 282,
          "max_value": 866,
          "min_value": 3,
          "mean": 437.209219858156
        },
        {
          "type": "TEXT",
          "count": 3,
          "shortest_values": "NA",
          "longest_values": "NA",
          "average_length": 2.0
        }
      ]
    },
    {
      "column_name": "PS_OTPS_Ind",
      "number_non_empty_cells": 285,
      "number_empty_cells": 0,
      "number_distinct_values": 3,
      "frequent_values": [
        "Other Than Personal Services",
        "Personal Services",
        "NA"
      ],
      "data_types": [
        {
          "type": "TEXT",
          "count": 285,
          "shortest_values": "NA",
          "longest_values": "Other Than Personal Services",
          "average_length": 22.978947368421053
        }
      ]
    },
    {
      "column_name": "February 2019 Financial PlanFY19 ($000,000)",
      "number_non_empty_cells": 282,
      "number_empty_cells": 3,
      "number_distinct_values": 246,
      "frequent_values": [
        "",
        "6",
        "1.3",
        "4.1",
        "1.9"
      ],
      "data_types": [
        {
          "type": "REAL",
          "count": 240,
          "max_value": 7158.7,
          "min_value": 0.1,
          "mean": 253.5266666666666
        },
        {
          "type": "INTEGER (LONG)",
          "count": 42,
          "max_value": 1177,
          "min_value": 1,
          "mean": 152.0952380952381
        }
      ]
    },
    {
      "column_name": "Notes",
      "number_non_empty_cells": 30,
      "number_empty_cells": 255,
      "number_distinct_values": 9,
      "frequent_values": [
        "",
        "These figures are limited to the City\u2019s contribution and planned contribution respectively.",
        "This UA originated in Fiscal 2019.",
        "These figures are limited to the City\u2019s contribution and planned contribution respectively, to CUNY.",
        "OCME is contained within the Department of Health and Mental Hygiene and appropriations are made through that agency."
      ],
      "data_types": [
        {
          "type": "TEXT",
          "count": 30,
          "shortest_values": "This UA originated in Fiscal 2019.",
          "longest_values": "EDC is contained within the Department of Small Business Services and appropriations are made through that agency. These figures are limited to the City's contribution and planned contribution respectively, to EDC",
          "average_length": 87.46666666666667
        }
      ]
    },
    {
      "column_name": "Agency Name",
      "number_non_empty_cells": 285,
      "number_empty_cells": 0,
      "number_distinct_values": 46,
      "frequent_values": [
        "DEPARTMENT OF EDUCATION",
        "DEPARTMENT OF CULTURAL AFFAIRS",
        "DEPARTMENT OF HEALTH AND MENTAL HYGIENE",
        "DEPARTMENT OF CITYWIDE ADMIN SERVICE",
        "POLICE DEPARTMENT"
      ],
      "data_types": [
        {
          "type": "INTEGER (LONG)",
          "count": 1,
          "max_value": 311,
          "min_value": 311,
          "mean": 311.0
        },
        {
          "type": "TEXT",
          "count": 284,
          "shortest_values": "LAW DEPARTMENT",
          "longest_values": "DEPARTMENT OF INFORMATION TECHNOLOGY & TELECOMMUNICATIONS",
          "average_length": 29.257042253521128
        }
      ]
    }
  ]
}