{
  "dataset_name": "bvna-6j7v.tsv.gz",
  "key_column_candidates": [
    "Studio Name",
    "Postcode",
    "Phone",
    "Fax",
    "Website",
    "Email",
    "Location 1",
    "Number and Street Address",
    "Borough",
    "Latitude",
    "Longitude",
    "Community Board",
    "Community Council ",
    "Census Tract",
    "BIN",
    "BBL",
    "NTA"
  ],
  "columns": [
    {
      "column_name": "Borough",
      "number_non_empty_cells": 11,
      "number_empty_cells": 14,
      "number_distinct_values": 2,
      "frequent_values": [
        "",
        "MANHATTAN"
      ],
      "data_types": [
        {
          "type": "TEXT",
          "count": 11,
          "shortest_values": "MANHATTAN",
          "longest_values": "MANHATTAN",
          "average_length": 9.0
        }
      ]
    },
    {
      "column_name": "Latitude",
      "number_non_empty_cells": 11,
      "number_empty_cells": 14,
      "number_distinct_values": 12,
      "frequent_values": [
        "",
        "40.754477",
        "40.72384",
        "40.745037",
        "40.752262"
      ],
      "data_types": [
        {
          "type": "REAL",
          "count": 11,
          "max_value": 40.829289,
          "min_value": 40.72384,
          "mean": 40.750673363636366
        }
      ]
    },
    {
      "column_name": "BIN",
      "number_non_empty_cells": 11,
      "number_empty_cells": 14,
      "number_distinct_values": 12,
      "frequent_values": [
        "",
        "1013623",
        "1002920",
        "1015732",
        "1035385"
      ],
      "data_types": [
        {
          "type": "INTEGER (LONG)",
          "count": 11,
          "max_value": 1083504,
          "min_value": 1002920,
          "mean": 1028452.1818181818
        }
      ]
    },
    {
      "column_name": "BBL",
      "number_non_empty_cells": 11,
      "number_empty_cells": 14,
      "number_distinct_values": 12,
      "frequent_values": [
        "",
        "1007610037",
        "1002247503",
        "1008300042",
        "1012807501"
      ],
      "data_types": [
        {
          "type": "INTEGER (LONG)",
          "count": 11,
          "max_value": 1020820043,
          "min_value": 1002247503,
          "mean": 1009317521.8181819
        }
      ]
    },
    {
      "column_name": "Fax",
      "number_non_empty_cells": 17,
      "number_empty_cells": 8,
      "number_distinct_values": 18,
      "frequent_values": [
        "",
        "212-869-4541",
        "646-607-2767",
        "212-334-6969",
        "212-271-8748"
      ],
      "data_types": [
        {
          "type": "TEXT",
          "count": 17,
          "shortest_values": "212-869-4541",
          "longest_values": "212-869-4541",
          "average_length": 12.0
        }
      ]
    },
    {
      "column_name": "Longitude",
      "number_non_empty_cells": 11,
      "number_empty_cells": 14,
      "number_distinct_values": 12,
      "frequent_values": [
        "",
        "-73.991814",
        "-74.010275",
        "-73.987048",
        "-73.975464"
      ],
      "data_types": [
        {
          "type": "REAL",
          "count": 11,
          "max_value": -73.945487,
          "min_value": -74.010275,
          "mean": -73.98541345454545
        }
      ]
    },
    {
      "column_name": "Number and Street Address",
      "number_non_empty_cells": 25,
      "number_empty_cells": 0,
      "number_distinct_values": 25,
      "frequent_values": [
        "128 22nd Street",
        "2 46th Street",
        "555 Eighth Ave",
        "449 Washington Street",
        "260 Fifth Ave"
      ],
      "data_types": [
        {
          "type": "TEXT",
          "count": 25,
          "shortest_values": "315 Madison",
          "longest_values": "449 Washington Street",
          "average_length": 14.28
        }
      ]
    },
    {
      "column_name": "Location 1",
      "number_non_empty_cells": 25,
      "number_empty_cells": 0,
      "number_distinct_values": 25,
      "frequent_values": [
        "128 22nd StreetNew York, NY 10011(40.742561654684, -73.994141865276)",
        "2 46th StNew York, NY 10036(40.756287644683, -73.979621548324)",
        "555 Eighth AveNew York, NY 10018(40.754524973506, -73.99178038216)",
        "449 Washington StNew York, NY 10013(40.723912051628, -74.010252456642)",
        "260 Fifth AveNew York, NY 10001(40.745113934197, -73.986995932557)"
      ],
      "data_types": [
        {
          "type": "TEXT",
          "count": 25,
          "shortest_values": "2 46th StNew York, NY 10036(40.756287644683, -73.979621548324)",
          "longest_values": "420 Lexington AvenueNew York, NY 10170(40.752438546398, -73.975331782244)",
          "average_length": 65.44
        }
      ]
    },
    {
      "column_name": "Phone",
      "number_non_empty_cells": 25,
      "number_empty_cells": 0,
      "number_distinct_values": 24,
      "frequent_values": [
        "212-420-6010",
        "212-869-4161",
        "212-967-6532",
        "212-334-4000",
        "212-213-0808"
      ],
      "data_types": [
        {
          "type": "TEXT",
          "count": 25,
          "shortest_values": "212-420-6010",
          "longest_values": "212-420-6010",
          "average_length": 12.0
        }
      ]
    },
    {
      "column_name": "Community Council ",
      "number_non_empty_cells": 11,
      "number_empty_cells": 14,
      "number_distinct_values": 6,
      "frequent_values": [
        "",
        "4",
        "2",
        "1",
        "3"
      ],
      "data_types": [
        {
          "type": "INTEGER (LONG)",
          "count": 11,
          "max_value": 7,
          "min_value": 1,
          "mean": 3.090909090909091
        }
      ]
    },
    {
      "column_name": "NTA",
      "number_non_empty_cells": 11,
      "number_empty_cells": 14,
      "number_distinct_values": 8,
      "frequent_values": [
        "",
        "Hudson Yards-Chelsea-Flatiron-Union Square                                 ",
        "Midtown-Midtown South                                                      ",
        "West Village                                                               ",
        "SoHo-TriBeCa-Civic Center-Little Italy                                     "
      ],
      "data_types": [
        {
          "type": "TEXT",
          "count": 11,
          "shortest_values": "Hamilton Heights",
          "longest_values": "Hudson Yards-Chelsea-Flatiron-Union Square                                 ",
          "average_length": 64.63636363636364
        }
      ]
    },
    {
      "column_name": "Postcode",
      "number_non_empty_cells": 25,
      "number_empty_cells": 0,
      "number_distinct_values": 12,
      "frequent_values": [
        "10036",
        "10010",
        "10001",
        "10019",
        "10011"
      ],
      "data_types": [
        {
          "type": "INTEGER (LONG)",
          "count": 25,
          "max_value": 10170,
          "min_value": 10001,
          "mean": 10023.32
        }
      ]
    },
    {
      "column_name": "Census Tract",
      "number_non_empty_cells": 11,
      "number_empty_cells": 14,
      "number_distinct_values": 11,
      "frequent_values": [
        "",
        "56",
        "111",
        "39",
        "76"
      ],
      "data_types": [
        {
          "type": "INTEGER (LONG)",
          "count": 11,
          "max_value": 5501,
          "min_value": 39,
          "mean": 585.0909090909091
        }
      ]
    },
    {
      "column_name": "Website",
      "number_non_empty_cells": 25,
      "number_empty_cells": 0,
      "number_distinct_values": 25,
      "frequent_values": [
        "www.soundtrackgroup.com",
        "www.pomannsound.com",
        "www.hoboaudio.com",
        "www.integratedstudios.com",
        "www.sergeaudio.com"
      ],
      "data_types": [
        {
          "type": "TEXT",
          "count": 25,
          "shortest_values": "www.hsrny.com",
          "longest_values": "http://studiocenter.com/Home.aspx",
          "average_length": 20.16
        }
      ]
    },
    {
      "column_name": "Email",
      "number_non_empty_cells": 23,
      "number_empty_cells": 2,
      "number_distinct_values": 24,
      "frequent_values": [
        "",
        "info@pomannsound.com",
        "info@hoboaudio.com",
        "info@integratedstudios.com",
        "info@sergeaudio.com"
      ],
      "data_types": [
        {
          "type": "TEXT",
          "count": 23,
          "shortest_values": "zoes@hsrny.com",
          "longest_values": "maegan.hayward@soundtrackny.com",
          "average_length": 21.391304347826086
        }
      ]
    },
    {
      "column_name": "Community Board",
      "number_non_empty_cells": 11,
      "number_empty_cells": 14,
      "number_distinct_values": 6,
      "frequent_values": [
        "",
        "5",
        "2",
        "4",
        "1"
      ],
      "data_types": [
        {
          "type": "INTEGER (LONG)",
          "count": 11,
          "max_value": 9,
          "min_value": 1,
          "mean": 4.363636363636363
        }
      ]
    },
    {
      "column_name": "Studio Name",
      "number_non_empty_cells": 25,
      "number_empty_cells": 0,
      "number_distinct_values": 25,
      "frequent_values": [
        "Soundtrack Film & Television",
        "Pomann Sound, Inc.",
        "Hobo Audio Company",
        "Integrated Studios",
        "Serge Audio"
      ],
      "data_types": [
        {
          "type": "TEXT",
          "count": 25,
          "shortest_values": "Bond",
          "longest_values": "Soundtrack Film & Television",
          "average_length": 16.0
        }
      ]
    }
  ]
}