{
  "dataset_name": "bwhw-9jek.tsv.gz",
  "key_column_candidates": [
    "service_taxonomy_id",
    "service_id",
    "taxonomy_id"
  ],
  "columns": [
    {
      "column_name": "service_taxonomy_id",
      "number_non_empty_cells": 11305,
      "number_empty_cells": 0,
      "number_distinct_values": 11305,
      "frequent_values": [
        "6183",
        "9318",
        "1137",
        "5113",
        "893"
      ],
      "data_types": [
        {
          "type": "INTEGER (LONG)",
          "count": 11305,
          "max_value": 11305,
          "min_value": 1,
          "mean": 5653.0
        }
      ]
    },
    {
      "column_name": "taxonomy_id",
      "number_non_empty_cells": 11305,
      "number_empty_cells": 0,
      "number_distinct_values": 206,
      "frequent_values": [
        "49",
        "79",
        "4",
        "74",
        "77"
      ],
      "data_types": [
        {
          "type": "INTEGER (LONG)",
          "count": 11305,
          "max_value": 275,
          "min_value": 1,
          "mean": 115.54276868642194
        }
      ]
    },
    {
      "column_name": "service_id",
      "number_non_empty_cells": 11305,
      "number_empty_cells": 0,
      "number_distinct_values": 609,
      "frequent_values": [
        "676",
        "675",
        "505",
        "206",
        "478"
      ],
      "data_types": [
        {
          "type": "INTEGER (LONG)",
          "count": 11305,
          "max_value": 1867,
          "min_value": 2,
          "mean": 657.472268907563
        }
      ]
    }
  ]
}