{
  "dataset_name": "bwx8-3rf4.tsv.gz",
  "key_column_candidates": [
    "City Council District",
    "# of students in grades 6-8",
    "# of students in grades 6-8 who have completed at least one semester of health instruction",
    "%",
    "# of 8th graders",
    "# of 8th graders who have completed at least one semester of health instruction",
    "%2"
  ],
  "columns": [
    {
      "column_name": "%2",
      "number_non_empty_cells": 51,
      "number_empty_cells": 0,
      "number_distinct_values": 50,
      "frequent_values": [
        "s",
        "0.3405018",
        "0.6286149",
        "0.8931298",
        "0.4338782"
      ],
      "data_types": [
        {
          "type": "REAL",
          "count": 49,
          "max_value": 0.9895833,
          "min_value": 0.0707483,
          "mean": 0.5774485959183675
        },
        {
          "type": "TEXT",
          "count": 2,
          "shortest_values": "s",
          "longest_values": "s",
          "average_length": 1.0
        }
      ]
    },
    {
      "column_name": "# of 8th graders",
      "number_non_empty_cells": 51,
      "number_empty_cells": 0,
      "number_distinct_values": 50,
      "frequent_values": [
        "1191",
        "837",
        "1314",
        "393",
        "528"
      ],
      "data_types": [
        {
          "type": "INTEGER (LONG)",
          "count": 51,
          "max_value": 2362,
          "min_value": 242,
          "mean": 1360.078431372549
        }
      ]
    },
    {
      "column_name": "City Council District",
      "number_non_empty_cells": 51,
      "number_empty_cells": 0,
      "number_distinct_values": 51,
      "frequent_values": [
        "1",
        "2",
        "3",
        "4",
        "5"
      ],
      "data_types": [
        {
          "type": "INTEGER (LONG)",
          "count": 51,
          "max_value": 51,
          "min_value": 1,
          "mean": 26.0
        }
      ]
    },
    {
      "column_name": "%",
      "number_non_empty_cells": 51,
      "number_empty_cells": 0,
      "number_distinct_values": 50,
      "frequent_values": [
        "s",
        "0.3604098",
        "0.4707056",
        "0.53125",
        "0.2569022"
      ],
      "data_types": [
        {
          "type": "TEXT",
          "count": 2,
          "shortest_values": "s",
          "longest_values": "s",
          "average_length": 1.0
        },
        {
          "type": "REAL",
          "count": 49,
          "max_value": 0.8108668,
          "min_value": 0.1211709,
          "mean": 0.46615617755102057
        }
      ]
    },
    {
      "column_name": "# of 8th graders who have completed at least one semester of health instruction",
      "number_non_empty_cells": 51,
      "number_empty_cells": 0,
      "number_distinct_values": 49,
      "frequent_values": [
        "s",
        "568",
        "285",
        "826",
        "351"
      ],
      "data_types": [
        {
          "type": "INTEGER (LONG)",
          "count": 49,
          "max_value": 2102,
          "min_value": 52,
          "mean": 810.8367346938776
        },
        {
          "type": "TEXT",
          "count": 2,
          "shortest_values": "s",
          "longest_values": "s",
          "average_length": 1.0
        }
      ]
    },
    {
      "column_name": "# of students in grades 6-8 who have completed at least one semester of health instruction",
      "number_non_empty_cells": 51,
      "number_empty_cells": 0,
      "number_distinct_values": 50,
      "frequent_values": [
        "s",
        "985",
        "1888",
        "629",
        "549"
      ],
      "data_types": [
        {
          "type": "INTEGER (LONG)",
          "count": 49,
          "max_value": 5408,
          "min_value": 356,
          "mean": 1963.265306122449
        },
        {
          "type": "TEXT",
          "count": 2,
          "shortest_values": "s",
          "longest_values": "s",
          "average_length": 1.0
        }
      ]
    },
    {
      "column_name": "# of students in grades 6-8",
      "number_non_empty_cells": 51,
      "number_empty_cells": 0,
      "number_distinct_values": 51,
      "frequent_values": [
        "2733",
        "4011",
        "1184",
        "1467",
        "800"
      ],
      "data_types": [
        {
          "type": "INTEGER (LONG)",
          "count": 51,
          "max_value": 7042,
          "min_value": 800,
          "mean": 4031.470588235294
        }
      ]
    }
  ]
}