{
  "dataset_name": "cfzn-4iza.tsv.gz",
  "key_column_candidates": [
    "BBLE",
    "BBL",
    "Borough",
    "Building Name",
    "Street Address",
    "Certification Class",
    "# of Carriers",
    "Coax/Cable Connections",
    "Fiber Connection",
    "Satellite/Fixed Wireless Connection",
    "Fiber Distribution",
    "# ISPs",
    "Multiple Points of Entry",
    "Designated Telecom Utility Space",
    "Additional Telecom Space",
    "Riser Space for Current Providers",
    "Riser Space for Additional Providers",
    "Diverse Riser Locations",
    "Signed POEs",
    "Agreements",
    "New Service Providers",
    "ISPs",
    "Latitude",
    "Longitude",
    "Community Board",
    "Council District ",
    "Census Tract",
    "BIN",
    "Postcode",
    "NTA"
  ],
  "columns": [
    {
      "column_name": "Street Address",
      "number_non_empty_cells": 206,
      "number_empty_cells": 0,
      "number_distinct_values": 205,
      "frequent_values": [
        "771 10 AVENUE",
        "1370 BROADWAY",
        "149 5 AVENUE",
        "162 5 AVENUE",
        "875 AVENUE OF THE AMERIC"
      ],
      "data_types": [
        {
          "type": "TEXT",
          "count": 206,
          "shortest_values": "75 9th Ave",
          "longest_values": "1114 AVENUE OF THE AMERIC",
          "average_length": 16.674757281553397
        }
      ]
    },
    {
      "column_name": "# of Carriers",
      "number_non_empty_cells": 205,
      "number_empty_cells": 1,
      "number_distinct_values": 6,
      "frequent_values": [
        "5 or more",
        "2",
        "3",
        "4",
        "1"
      ],
      "data_types": [
        {
          "type": "INTEGER (LONG)",
          "count": 121,
          "max_value": 4,
          "min_value": 1,
          "mean": 2.6198347107438016
        },
        {
          "type": "TEXT",
          "count": 84,
          "shortest_values": "5 or more",
          "longest_values": "5 or more",
          "average_length": 9.0
        }
      ]
    },
    {
      "column_name": "Coax/Cable Connections",
      "number_non_empty_cells": 206,
      "number_empty_cells": 0,
      "number_distinct_values": 2,
      "frequent_values": [
        "Yes",
        "No"
      ],
      "data_types": [
        {
          "type": "TEXT",
          "count": 206,
          "shortest_values": "No",
          "longest_values": "Yes",
          "average_length": 2.9563106796116503
        }
      ]
    },
    {
      "column_name": "# ISPs",
      "number_non_empty_cells": 205,
      "number_empty_cells": 1,
      "number_distinct_values": 7,
      "frequent_values": [
        "5 or more",
        "3",
        "2",
        "4",
        "1"
      ],
      "data_types": [
        {
          "type": "INTEGER (LONG)",
          "count": 120,
          "max_value": 4,
          "min_value": 1,
          "mean": 2.675
        },
        {
          "type": "TEXT",
          "count": 85,
          "shortest_values": "Yes",
          "longest_values": "5 or more",
          "average_length": 8.858823529411765
        }
      ]
    },
    {
      "column_name": "BBL",
      "number_non_empty_cells": 206,
      "number_empty_cells": 0,
      "number_distinct_values": 201,
      "frequent_values": [
        "1-1266-1",
        "1-99999-9999",
        "1-1264-5",
        "1-565-15",
        "1-812-49"
      ],
      "data_types": [
        {
          "type": "DATE/TIME",
          "count": 15,
          "max_value": "1/9/2029",
          "min_value": "1-16-120"
        },
        {
          "type": "TEXT",
          "count": 191,
          "shortest_values": "1-43-2",
          "longest_values": "1-99999-9999",
          "average_length": 8.345549738219896
        }
      ]
    },
    {
      "column_name": "Borough",
      "number_non_empty_cells": 206,
      "number_empty_cells": 0,
      "number_distinct_values": 5,
      "frequent_values": [
        "Manhattan",
        "Brooklyn",
        "Bronx",
        "Queens",
        "Staten Island"
      ],
      "data_types": [
        {
          "type": "TEXT",
          "count": 206,
          "shortest_values": "Bronx",
          "longest_values": "Staten Island",
          "average_length": 8.83495145631068
        }
      ]
    },
    {
      "column_name": "Building Name",
      "number_non_empty_cells": 201,
      "number_empty_cells": 5,
      "number_distinct_values": 201,
      "frequent_values": [
        "",
        "Chrysler Center",
        "1370 Broadway",
        "149 Fifth Avenue",
        "162 Fifth Ave"
      ],
      "data_types": [
        {
          "type": "TEXT",
          "count": 201,
          "shortest_values": "WorkHouse",
          "longest_values": "Rockefeller Center (1230 Ave of the Americas)",
          "average_length": 17.66169154228856
        }
      ]
    },
    {
      "column_name": "Latitude",
      "number_non_empty_cells": 195,
      "number_empty_cells": 11,
      "number_distinct_values": 195,
      "frequent_values": [
        "",
        "40.766032",
        "40.752048",
        "40.74035",
        "40.740358"
      ],
      "data_types": [
        {
          "type": "REAL",
          "count": 195,
          "max_value": 40.89074,
          "min_value": 40.625509,
          "mean": 40.73949075897437
        }
      ]
    },
    {
      "column_name": "BIN",
      "number_non_empty_cells": 186,
      "number_empty_cells": 20,
      "number_distinct_values": 186,
      "frequent_values": [
        "",
        "1081740",
        "1015244",
        "1016239",
        "1015534"
      ],
      "data_types": [
        {
          "type": "INTEGER (LONG)",
          "count": 186,
          "max_value": 5014078,
          "min_value": 1000005,
          "mean": 1459029.0483870967
        }
      ]
    },
    {
      "column_name": "Riser Space for Current Providers",
      "number_non_empty_cells": 206,
      "number_empty_cells": 0,
      "number_distinct_values": 2,
      "frequent_values": [
        "Yes",
        "No"
      ],
      "data_types": [
        {
          "type": "TEXT",
          "count": 206,
          "shortest_values": "No",
          "longest_values": "Yes",
          "average_length": 2.9320388349514563
        }
      ]
    },
    {
      "column_name": "Satellite/Fixed Wireless Connection",
      "number_non_empty_cells": 206,
      "number_empty_cells": 0,
      "number_distinct_values": 2,
      "frequent_values": [
        "No",
        "Yes"
      ],
      "data_types": [
        {
          "type": "TEXT",
          "count": 206,
          "shortest_values": "No",
          "longest_values": "Yes",
          "average_length": 2.3009708737864076
        }
      ]
    },
    {
      "column_name": "Multiple Points of Entry",
      "number_non_empty_cells": 205,
      "number_empty_cells": 1,
      "number_distinct_values": 6,
      "frequent_values": [
        "Yes",
        "No",
        "Combination of open",
        "Dedicated room",
        ""
      ],
      "data_types": [
        {
          "type": "TEXT",
          "count": 205,
          "shortest_values": "No",
          "longest_values": "Combination of open",
          "average_length": 2.9853658536585366
        }
      ]
    },
    {
      "column_name": "Longitude",
      "number_non_empty_cells": 195,
      "number_empty_cells": 11,
      "number_distinct_values": 195,
      "frequent_values": [
        "",
        "-73.99082",
        "-73.987505",
        "-73.990441",
        "-73.990459"
      ],
      "data_types": [
        {
          "type": "REAL",
          "count": 195,
          "max_value": -73.803261,
          "min_value": -74.111712,
          "mean": -73.98253251794874
        }
      ]
    },
    {
      "column_name": "Signed POEs",
      "number_non_empty_cells": 204,
      "number_empty_cells": 2,
      "number_distinct_values": 4,
      "frequent_values": [
        "Yes - for installed connections",
        "None available",
        "Yes",
        ""
      ],
      "data_types": [
        {
          "type": "TEXT",
          "count": 204,
          "shortest_values": "Yes",
          "longest_values": "Yes - for installed connections",
          "average_length": 24.45098039215686
        }
      ]
    },
    {
      "column_name": "Fiber Connection",
      "number_non_empty_cells": 206,
      "number_empty_cells": 0,
      "number_distinct_values": 2,
      "frequent_values": [
        "Yes",
        "No"
      ],
      "data_types": [
        {
          "type": "TEXT",
          "count": 206,
          "shortest_values": "No",
          "longest_values": "Yes",
          "average_length": 2.8932038834951457
        }
      ]
    },
    {
      "column_name": "Council District ",
      "number_non_empty_cells": 195,
      "number_empty_cells": 11,
      "number_distinct_values": 19,
      "frequent_values": [
        "4",
        "1",
        "3",
        "2",
        ""
      ],
      "data_types": [
        {
          "type": "INTEGER (LONG)",
          "count": 195,
          "max_value": 49,
          "min_value": 1,
          "mean": 7.635897435897436
        }
      ]
    },
    {
      "column_name": "Census Tract",
      "number_non_empty_cells": 195,
      "number_empty_cells": 11,
      "number_distinct_values": 72,
      "frequent_values": [
        "",
        "92",
        "102",
        "31",
        "7"
      ],
      "data_types": [
        {
          "type": "INTEGER (LONG)",
          "count": 195,
          "max_value": 36901,
          "min_value": 3,
          "mean": 1109.1538461538462
        }
      ]
    },
    {
      "column_name": "Postcode",
      "number_non_empty_cells": 195,
      "number_empty_cells": 11,
      "number_distinct_values": 53,
      "frequent_values": [
        "10022",
        "10017",
        "10019",
        "",
        "10001"
      ],
      "data_types": [
        {
          "type": "INTEGER (LONG)",
          "count": 195,
          "max_value": 11435,
          "min_value": 10001,
          "mean": 10178.964102564103
        }
      ]
    },
    {
      "column_name": "Diverse Riser Locations",
      "number_non_empty_cells": 204,
      "number_empty_cells": 2,
      "number_distinct_values": 4,
      "frequent_values": [
        "Yes",
        "Does not have two or more diverse riser locations",
        "No",
        ""
      ],
      "data_types": [
        {
          "type": "TEXT",
          "count": 204,
          "shortest_values": "No",
          "longest_values": "Does not have two or more diverse riser locations",
          "average_length": 24.63235294117647
        }
      ]
    },
    {
      "column_name": "NTA",
      "number_non_empty_cells": 195,
      "number_empty_cells": 11,
      "number_distinct_values": 26,
      "frequent_values": [
        "Midtown-Midtown South                                                      ",
        "Turtle Bay-East Midtown                                                    ",
        "Battery Park City-Lower Manhattan                                          ",
        "SoHo-TriBeCa-Civic Center-Little Italy                                     ",
        "Hudson Yards-Chelsea-Flatiron-Union Square                                 "
      ],
      "data_types": [
        {
          "type": "TEXT",
          "count": 195,
          "shortest_values": "Midtown-Midtown South                                                      ",
          "longest_values": "Midtown-Midtown South                                                      ",
          "average_length": 75.0
        }
      ]
    },
    {
      "column_name": "Additional Telecom Space",
      "number_non_empty_cells": 204,
      "number_empty_cells": 2,
      "number_distinct_values": 5,
      "frequent_values": [
        "Yes",
        "No",
        "",
        " and dedicated  space",
        "Does not have two or more diverse riser locations"
      ],
      "data_types": [
        {
          "type": "TEXT",
          "count": 204,
          "shortest_values": "No",
          "longest_values": "Does not have two or more diverse riser locations",
          "average_length": 3.0637254901960786
        }
      ]
    },
    {
      "column_name": "New Service Providers",
      "number_non_empty_cells": 200,
      "number_empty_cells": 6,
      "number_distinct_values": 4,
      "frequent_values": [
        "Yes",
        "No capability available",
        "",
        "None available"
      ],
      "data_types": [
        {
          "type": "TEXT",
          "count": 200,
          "shortest_values": "Yes",
          "longest_values": "No capability available",
          "average_length": 3.81
        }
      ]
    },
    {
      "column_name": "Designated Telecom Utility Space",
      "number_non_empty_cells": 204,
      "number_empty_cells": 2,
      "number_distinct_values": 8,
      "frequent_values": [
        "Combination of open, shared, and dedicated  space",
        "Dedicated room",
        "Common (shared) room",
        "Hallway/Open Space",
        ""
      ],
      "data_types": [
        {
          "type": "TEXT",
          "count": 204,
          "shortest_values": "No",
          "longest_values": "Combination of open, shared, and dedicated  space",
          "average_length": 34.818627450980394
        }
      ]
    },
    {
      "column_name": "Fiber Distribution",
      "number_non_empty_cells": 205,
      "number_empty_cells": 1,
      "number_distinct_values": 5,
      "frequent_values": [
        "Full Distribution (all floors)",
        "Partial Distribution (some floors)",
        "No Distribution",
        "5",
        ""
      ],
      "data_types": [
        {
          "type": "INTEGER (LONG)",
          "count": 2,
          "max_value": 5,
          "min_value": 5,
          "mean": 5.0
        },
        {
          "type": "TEXT",
          "count": 203,
          "shortest_values": "No Distribution",
          "longest_values": "Partial Distribution (some floors)",
          "average_length": 29.536945812807883
        }
      ]
    },
    {
      "column_name": "Riser Space for Additional Providers",
      "number_non_empty_cells": 206,
      "number_empty_cells": 0,
      "number_distinct_values": 3,
      "frequent_values": [
        "Yes",
        "No",
        "Current Providers"
      ],
      "data_types": [
        {
          "type": "TEXT",
          "count": 206,
          "shortest_values": "No",
          "longest_values": "Current Providers",
          "average_length": 2.9563106796116503
        }
      ]
    },
    {
      "column_name": "BBLE",
      "number_non_empty_cells": 193,
      "number_empty_cells": 13,
      "number_distinct_values": 194,
      "frequent_values": [
        "",
        "1008120049",
        "1008500001",
        "1008230037",
        "1008070039"
      ],
      "data_types": [
        {
          "type": "INTEGER (LONG)",
          "count": 193,
          "max_value": 5005420009,
          "min_value": 1000041010,
          "mean": 1430140281.0673575
        }
      ]
    },
    {
      "column_name": "Agreements",
      "number_non_empty_cells": 202,
      "number_empty_cells": 4,
      "number_distinct_values": 4,
      "frequent_values": [
        "Yes",
        "No",
        "",
        "Does not have two or more diverse riser locations"
      ],
      "data_types": [
        {
          "type": "TEXT",
          "count": 202,
          "shortest_values": "No",
          "longest_values": "Does not have two or more diverse riser locations",
          "average_length": 3.0396039603960396
        }
      ]
    },
    {
      "column_name": "Certification Class",
      "number_non_empty_cells": 206,
      "number_empty_cells": 0,
      "number_distinct_values": 5,
      "frequent_values": [
        "Not certified",
        "Platinum",
        "Connected",
        "Gold",
        "Silver"
      ],
      "data_types": [
        {
          "type": "TEXT",
          "count": 206,
          "shortest_values": "Gold",
          "longest_values": "Not certified",
          "average_length": 9.674757281553399
        }
      ]
    },
    {
      "column_name": "ISPs",
      "number_non_empty_cells": 145,
      "number_empty_cells": 61,
      "number_distinct_values": 127,
      "frequent_values": [
        "",
        "Verizon,Time Warner Cable,Cogent",
        "Verizon,Time Warner Cable",
        "RGTS,Time Warner Cable,Verizon",
        "RGTS,Time Warner Cable,Verizon,Cogent,Abovenet"
      ],
      "data_types": [
        {
          "type": "TEXT",
          "count": 145,
          "shortest_values": "No",
          "longest_values": "Other,Zayo,XO Communications,Verizon,TW Telecom,Towerstream,Time Warner Cable,Sprint,Reliance,RCN,Rainbow Broadband,OCG,Lightpath,Lightower,Level(3),Cogent,Century Link,AT&T,Abovenet",
          "average_length": 48.682758620689654
        }
      ]
    },
    {
      "column_name": "Community Board",
      "number_non_empty_cells": 195,
      "number_empty_cells": 11,
      "number_distinct_values": 10,
      "frequent_values": [
        "5",
        "1",
        "2",
        "4",
        "6"
      ],
      "data_types": [
        {
          "type": "INTEGER (LONG)",
          "count": 195,
          "max_value": 12,
          "min_value": 1,
          "mean": 3.9794871794871796
        }
      ]
    }
  ]
}