{
  "dataset_name": "cirn-n726.tsv.gz",
  "key_column_candidates": [
    "Year",
    "Geographic Unit",
    "Category",
    "Code",
    "Code Type",
    "Description of Code",
    "Count of Students",
    "Total Enrolled Students"
  ],
  "columns": [
    {
      "column_name": "Total Enrolled Students",
      "number_non_empty_cells": 1052,
      "number_empty_cells": 0,
      "number_distinct_values": 159,
      "frequent_values": [
        "218508",
        "73064",
        "64125",
        "21151",
        "73466"
      ],
      "data_types": [
        {
          "type": "INTEGER (LONG)",
          "count": 1052,
          "max_value": 218508,
          "min_value": 45,
          "mean": 11600.261406844107
        }
      ]
    },
    {
      "column_name": "Description of Code",
      "number_non_empty_cells": 1052,
      "number_empty_cells": 0,
      "number_distinct_values": 12,
      "frequent_values": [
        "Transferred to another DOE school or program",
        "Discharged to a School outside of New York City",
        "Transferred to a school or program for a limited time period, including YABC",
        "Discharged to a Private School(in NYC or NY State)",
        "Discharged to a School outside of New York City. Missing documentation."
      ],
      "data_types": [
        {
          "type": "TEXT",
          "count": 1052,
          "shortest_values": "Deceased Student",
          "longest_values": "Voluntary Withdrawal or Discharge after 20 Consecutive Days of Non-attendance",
          "average_length": 55.34695817490494
        }
      ]
    },
    {
      "column_name": "Count of Students",
      "number_non_empty_cells": 1052,
      "number_empty_cells": 0,
      "number_distinct_values": 169,
      "frequent_values": [
        "*",
        "12",
        "11",
        "22",
        "20"
      ],
      "data_types": [
        {
          "type": "DATE/TIME",
          "count": 15,
          "max_value": "1,653",
          "min_value": "1,113"
        },
        {
          "type": "INTEGER (LONG)",
          "count": 447,
          "max_value": 686,
          "min_value": 10,
          "mean": 78.10514541387025
        },
        {
          "type": "TEXT",
          "count": 590,
          "shortest_values": "*",
          "longest_values": "*",
          "average_length": 1.0
        }
      ]
    },
    {
      "column_name": "Geographic Unit",
      "number_non_empty_cells": 1052,
      "number_empty_cells": 0,
      "number_distinct_values": 40,
      "frequent_values": [
        "Citywide",
        "Queens",
        "Brooklyn",
        "Bronx",
        "Manhattan"
      ],
      "data_types": [
        {
          "type": "TEXT",
          "count": 1052,
          "shortest_values": "Bronx",
          "longest_values": "Staten Island",
          "average_length": 10.35361216730038
        }
      ]
    },
    {
      "column_name": "Category",
      "number_non_empty_cells": 1052,
      "number_empty_cells": 0,
      "number_distinct_values": 4,
      "frequent_values": [
        "All Students",
        "Grade 8",
        "Grade 7",
        "Grade 6"
      ],
      "data_types": [
        {
          "type": "TEXT",
          "count": 1052,
          "shortest_values": "Grade 6",
          "longest_values": "All Students",
          "average_length": 8.487642585551331
        }
      ]
    },
    {
      "column_name": "Code",
      "number_non_empty_cells": 1052,
      "number_empty_cells": 0,
      "number_distinct_values": 12,
      "frequent_values": [
        "00",
        "11",
        "51",
        "08",
        "11X"
      ],
      "data_types": [
        {
          "type": "INTEGER (LONG)",
          "count": 909,
          "max_value": 51,
          "min_value": 0,
          "mean": 17.96259625962596
        },
        {
          "type": "TEXT",
          "count": 143,
          "shortest_values": "08X",
          "longest_values": "08X",
          "average_length": 3.0
        }
      ]
    },
    {
      "column_name": "Year",
      "number_non_empty_cells": 1052,
      "number_empty_cells": 0,
      "number_distinct_values": 1,
      "frequent_values": [
        "2012-13"
      ],
      "data_types": [
        {
          "type": "TEXT",
          "count": 1052,
          "shortest_values": "2012-13",
          "longest_values": "2012-13",
          "average_length": 7.0
        }
      ]
    },
    {
      "column_name": "Code Type",
      "number_non_empty_cells": 1052,
      "number_empty_cells": 0,
      "number_distinct_values": 3,
      "frequent_values": [
        "Discharge out of NYC School",
        "Drop Out",
        "Transfer"
      ],
      "data_types": [
        {
          "type": "TEXT",
          "count": 1052,
          "shortest_values": "Transfer",
          "longest_values": "Discharge out of NYC School",
          "average_length": 15.549429657794677
        }
      ]
    }
  ]
}