{
  "dataset_name": "crns-fw6u.tsv.gz",
  "key_column_candidates": [
    "TYPE",
    "FUNDING AGENCY",
    "BOROUGH",
    "PROGRAM TYPE",
    "COUNT AS",
    "DEVELOPMENT",
    "ADDRESS",
    "CITY",
    "STATE",
    "Postcode",
    "TELEPHONE",
    "SPONSOR",
    "DIRECTOR",
    "MONTH",
    "YEAR",
    "Latitude",
    "Longitude",
    "Community Board",
    "Council District",
    "Census Tract",
    "BIN",
    "BBL",
    "NTA"
  ],
  "columns": [
    {
      "column_name": "SPONSOR",
      "number_non_empty_cells": 536,
      "number_empty_cells": 0,
      "number_distinct_values": 167,
      "frequent_values": [
        "NYCHA",
        "Union Settlement, Association",
        "NYC Health & Hospital Corp",
        "East Side House Settlement",
        "Henry Street Settlement, Inc."
      ],
      "data_types": [
        {
          "type": "TEXT",
          "count": 536,
          "shortest_values": "N/A",
          "longest_values": "Children's Arts and Sciences Workshop Marble Hill Nursery School",
          "average_length": 22.91231343283582
        }
      ]
    },
    {
      "column_name": "DIRECTOR",
      "number_non_empty_cells": 469,
      "number_empty_cells": 67,
      "number_distinct_values": 424,
      "frequent_values": [
        "",
        "N/A",
        "Cynthia Boyce",
        "Lisandra Lopez",
        "Laura Kollins"
      ],
      "data_types": [
        {
          "type": "TEXT",
          "count": 469,
          "shortest_values": "N/A",
          "longest_values": "Patrick O'Quinn/Chdristian Edwards",
          "average_length": 13.782515991471215
        }
      ]
    },
    {
      "column_name": "Latitude",
      "number_non_empty_cells": 517,
      "number_empty_cells": 19,
      "number_distinct_values": 436,
      "frequent_values": [
        "",
        "40.711958",
        "40.755488",
        "40.701304",
        "40.8208"
      ],
      "data_types": [
        {
          "type": "REAL",
          "count": 517,
          "max_value": 40.886304,
          "min_value": 40.573171,
          "mean": 40.75265145454542
        }
      ]
    },
    {
      "column_name": "Council District",
      "number_non_empty_cells": 517,
      "number_empty_cells": 19,
      "number_distinct_values": 38,
      "frequent_values": [
        "8",
        "9",
        "2",
        "41",
        "36"
      ],
      "data_types": [
        {
          "type": "INTEGER (LONG)",
          "count": 517,
          "max_value": 50,
          "min_value": 1,
          "mean": 20.47001934235977
        }
      ]
    },
    {
      "column_name": "BIN",
      "number_non_empty_cells": 516,
      "number_empty_cells": 20,
      "number_distinct_values": 378,
      "frequent_values": [
        "",
        "1077420",
        "3336056",
        "3324728",
        "1084520"
      ],
      "data_types": [
        {
          "type": "INTEGER (LONG)",
          "count": 516,
          "max_value": 5154565,
          "min_value": 1000000,
          "mean": 2373234.141472868
        }
      ]
    },
    {
      "column_name": "BBL",
      "number_non_empty_cells": 516,
      "number_empty_cells": 20,
      "number_distinct_values": 273,
      "frequent_values": [
        "",
        "1001110100",
        "4004700100",
        "1003560001",
        "1021060003"
      ],
      "data_types": [
        {
          "type": "INTEGER (LONG)",
          "count": 516,
          "max_value": 5035320500,
          "min_value": 1001110100,
          "mean": 2236296939.1860466
        }
      ]
    },
    {
      "column_name": "DEVELOPMENT",
      "number_non_empty_cells": 536,
      "number_empty_cells": 0,
      "number_distinct_values": 220,
      "frequent_values": [
        "Queensbridge North",
        "Chelsea/Elliott",
        "Drew Hamilton",
        "Wald",
        "Smith"
      ],
      "data_types": [
        {
          "type": "TEXT",
          "count": 536,
          "shortest_values": "Riis",
          "longest_values": "Red Hook East/Joseph Miccio",
          "average_length": 10.699626865671641
        }
      ]
    },
    {
      "column_name": "PROGRAM TYPE",
      "number_non_empty_cells": 536,
      "number_empty_cells": 0,
      "number_distinct_values": 44,
      "frequent_values": [
        "Community Center",
        "Senior Center",
        "Day Care Center",
        "Closed",
        "Head Start Center"
      ],
      "data_types": [
        {
          "type": "TEXT",
          "count": 536,
          "shortest_values": "GED",
          "longest_values": "Counseling and Referral Center",
          "average_length": 13.649253731343284
        }
      ]
    },
    {
      "column_name": "Longitude",
      "number_non_empty_cells": 517,
      "number_empty_cells": 19,
      "number_distinct_values": 436,
      "frequent_values": [
        "",
        "-73.997825",
        "-73.945328",
        "-73.981762",
        "-73.94113"
      ],
      "data_types": [
        {
          "type": "REAL",
          "count": 517,
          "max_value": -73.753359,
          "min_value": -74.162903,
          "mean": -73.93330788781432
        }
      ]
    },
    {
      "column_name": "Postcode",
      "number_non_empty_cells": 536,
      "number_empty_cells": 0,
      "number_distinct_values": 89,
      "frequent_values": [
        "10029",
        "11206",
        "10002",
        "11212",
        "10009"
      ],
      "data_types": [
        {
          "type": "INTEGER (LONG)",
          "count": 535,
          "max_value": 11693,
          "min_value": 10001,
          "mean": 10595.207476635514
        },
        {
          "type": "TEXT",
          "count": 1,
          "shortest_values": "N/A",
          "longest_values": "N/A",
          "average_length": 3.0
        }
      ]
    },
    {
      "column_name": "MONTH",
      "number_non_empty_cells": 536,
      "number_empty_cells": 0,
      "number_distinct_values": 1,
      "frequent_values": [
        "February"
      ],
      "data_types": [
        {
          "type": "DATE/TIME",
          "count": 536,
          "max_value": "February",
          "min_value": "February"
        }
      ]
    },
    {
      "column_name": "Census Tract",
      "number_non_empty_cells": 517,
      "number_empty_cells": 19,
      "number_distinct_values": 186,
      "frequent_values": [
        "25",
        "",
        "20",
        "232",
        "24302"
      ],
      "data_types": [
        {
          "type": "INTEGER (LONG)",
          "count": 517,
          "max_value": 122702,
          "min_value": 6,
          "mean": 5398.914893617021
        }
      ]
    },
    {
      "column_name": "FUNDING AGENCY",
      "number_non_empty_cells": 302,
      "number_empty_cells": 234,
      "number_distinct_values": 8,
      "frequent_values": [
        "",
        "Other",
        "DFTA",
        "ACS",
        "DYCD"
      ],
      "data_types": [
        {
          "type": "TEXT",
          "count": 302,
          "shortest_values": "ACS",
          "longest_values": "Discretionary",
          "average_length": 4.675496688741722
        }
      ]
    },
    {
      "column_name": "ADDRESS",
      "number_non_empty_cells": 536,
      "number_empty_cells": 0,
      "number_distinct_values": 455,
      "frequent_values": [
        "50 Madison Street",
        "10-25 41st Avenue",
        "228 York Street",
        "220 West 143rd Street",
        "2965 Eighth Avenue"
      ],
      "data_types": [
        {
          "type": "TEXT",
          "count": 536,
          "shortest_values": "80 Avenue D",
          "longest_values": "3679 Nostrand Avenue (mailing address is 3643)",
          "average_length": 18.776119402985074
        }
      ]
    },
    {
      "column_name": "NTA",
      "number_non_empty_cells": 517,
      "number_empty_cells": 19,
      "number_distinct_values": 82,
      "frequent_values": [
        "Lower East Side                                                            ",
        "Central Harlem North-Polo Grounds                                          ",
        "East Harlem South                                                          ",
        "East Harlem North                                                          ",
        ""
      ],
      "data_types": [
        {
          "type": "TEXT",
          "count": 517,
          "shortest_values": "Claremont-Bathgate                                                         ",
          "longest_values": "Claremont-Bathgate                                                         ",
          "average_length": 75.0
        }
      ]
    },
    {
      "column_name": "BOROUGH",
      "number_non_empty_cells": 536,
      "number_empty_cells": 0,
      "number_distinct_values": 5,
      "frequent_values": [
        "Manhattan",
        "Brooklyn",
        "Bronx",
        "Queens",
        "Staten Island"
      ],
      "data_types": [
        {
          "type": "TEXT",
          "count": 536,
          "shortest_values": "Bronx",
          "longest_values": "Staten Island",
          "average_length": 7.664179104477612
        }
      ]
    },
    {
      "column_name": "YEAR",
      "number_non_empty_cells": 536,
      "number_empty_cells": 0,
      "number_distinct_values": 1,
      "frequent_values": [
        "2013"
      ],
      "data_types": [
        {
          "type": "INTEGER (LONG)",
          "count": 536,
          "max_value": 2013,
          "min_value": 2013,
          "mean": 2013.0
        }
      ]
    },
    {
      "column_name": "CITY",
      "number_non_empty_cells": 536,
      "number_empty_cells": 0,
      "number_distinct_values": 5,
      "frequent_values": [
        "New York",
        "Brooklyn",
        "Bronx",
        "Queens",
        "Staten Island"
      ],
      "data_types": [
        {
          "type": "TEXT",
          "count": 536,
          "shortest_values": "Bronx",
          "longest_values": "Staten Island",
          "average_length": 7.309701492537314
        }
      ]
    },
    {
      "column_name": "STATE",
      "number_non_empty_cells": 536,
      "number_empty_cells": 0,
      "number_distinct_values": 1,
      "frequent_values": [
        "NY"
      ],
      "data_types": [
        {
          "type": "TEXT",
          "count": 536,
          "shortest_values": "NY",
          "longest_values": "NY",
          "average_length": 2.0
        }
      ]
    },
    {
      "column_name": "TELEPHONE",
      "number_non_empty_cells": 471,
      "number_empty_cells": 65,
      "number_distinct_values": 433,
      "frequent_values": [
        "",
        "(212) 349-3724",
        "N/A",
        "(718) 979-4892",
        "(212) 760-9800"
      ],
      "data_types": [
        {
          "type": "TEXT",
          "count": 471,
          "shortest_values": "N/A",
          "longest_values": "(212) 865-1300 - X1563",
          "average_length": 14.016985138004246
        }
      ]
    },
    {
      "column_name": "TYPE",
      "number_non_empty_cells": 536,
      "number_empty_cells": 0,
      "number_distinct_values": 2,
      "frequent_values": [
        "SPONSORED",
        "NYCHA"
      ],
      "data_types": [
        {
          "type": "TEXT",
          "count": 536,
          "shortest_values": "NYCHA",
          "longest_values": "SPONSORED",
          "average_length": 7.634328358208955
        }
      ]
    },
    {
      "column_name": "COUNT AS",
      "number_non_empty_cells": 536,
      "number_empty_cells": 0,
      "number_distinct_values": 14,
      "frequent_values": [
        "Community Center",
        "Senior Center",
        "Day Care",
        "Misc.",
        "Vacant"
      ],
      "data_types": [
        {
          "type": "TEXT",
          "count": 536,
          "shortest_values": "Misc.",
          "longest_values": "Community Center",
          "average_length": 11.01865671641791
        }
      ]
    },
    {
      "column_name": "Community Board",
      "number_non_empty_cells": 517,
      "number_empty_cells": 19,
      "number_distinct_values": 18,
      "frequent_values": [
        "3",
        "1",
        "11",
        "10",
        "12"
      ],
      "data_types": [
        {
          "type": "INTEGER (LONG)",
          "count": 517,
          "max_value": 18,
          "min_value": 1,
          "mean": 6.899419729206963
        }
      ]
    }
  ]
}