{
  "dataset_name": "cs9m-cz6f.tsv.gz",
  "key_column_candidates": [
    "Grade",
    "Year",
    "Demographic",
    "Number Tested",
    "Mean Scale Score",
    "Num Level 1",
    "Pct Level 1",
    "Num Level 2",
    "Pct Level 2",
    "Num Level 3",
    "Pct Level 3",
    "Num Level 4",
    "Pct Level 4",
    "Num Level 3 and 4",
    "Pct Level 3 and 4"
  ],
  "columns": [
    {
      "column_name": "Num Level 3 and 4",
      "number_non_empty_cells": 98,
      "number_empty_cells": 0,
      "number_distinct_values": 98,
      "frequent_values": [
        "20093",
        "21089",
        "21285",
        "25510",
        "16809"
      ],
      "data_types": [
        {
          "type": "INTEGER (LONG)",
          "count": 98,
          "max_value": 148586,
          "min_value": 10688,
          "mean": 30686.979591836734
        }
      ]
    },
    {
      "column_name": "Num Level 3",
      "number_non_empty_cells": 98,
      "number_empty_cells": 0,
      "number_distinct_values": 98,
      "frequent_values": [
        "18211",
        "18637",
        "18315",
        "22245",
        "11901"
      ],
      "data_types": [
        {
          "type": "INTEGER (LONG)",
          "count": 98,
          "max_value": 133835,
          "min_value": 9576,
          "mean": 27831.224489795917
        }
      ]
    },
    {
      "column_name": "Num Level 1",
      "number_non_empty_cells": 98,
      "number_empty_cells": 0,
      "number_distinct_values": 97,
      "frequent_values": [
        "1317",
        "2616",
        "3460",
        "2163",
        "1502"
      ],
      "data_types": [
        {
          "type": "INTEGER (LONG)",
          "count": 98,
          "max_value": 38411,
          "min_value": 36,
          "mean": 5970.408163265306
        }
      ]
    },
    {
      "column_name": "Demographic",
      "number_non_empty_cells": 98,
      "number_empty_cells": 0,
      "number_distinct_values": 2,
      "frequent_values": [
        "Female",
        "Male"
      ],
      "data_types": [
        {
          "type": "TEXT",
          "count": 98,
          "shortest_values": "Male",
          "longest_values": "Female",
          "average_length": 5.0
        }
      ]
    },
    {
      "column_name": "Pct Level 3",
      "number_non_empty_cells": 98,
      "number_empty_cells": 0,
      "number_distinct_values": 85,
      "frequent_values": [
        "52.2",
        "48.2",
        "46.9",
        "50.2",
        "47.8"
      ],
      "data_types": [
        {
          "type": "INTEGER (LONG)",
          "count": 8,
          "max_value": 66,
          "min_value": 29,
          "mean": 52.5
        },
        {
          "type": "REAL",
          "count": 90,
          "max_value": 70.3,
          "min_value": 27.2,
          "mean": 46.41
        }
      ]
    },
    {
      "column_name": "Pct Level 4",
      "number_non_empty_cells": 98,
      "number_empty_cells": 0,
      "number_distinct_values": 63,
      "frequent_values": [
        "3.3",
        "4.3",
        "4.8",
        "5.5",
        "3.8"
      ],
      "data_types": [
        {
          "type": "REAL",
          "count": 90,
          "max_value": 14.5,
          "min_value": 0.6,
          "mean": 4.9222222222222225
        },
        {
          "type": "INTEGER (LONG)",
          "count": 8,
          "max_value": 7,
          "min_value": 2,
          "mean": 3.875
        }
      ]
    },
    {
      "column_name": "Num Level 4",
      "number_non_empty_cells": 98,
      "number_empty_cells": 0,
      "number_distinct_values": 98,
      "frequent_values": [
        "1882",
        "2452",
        "2970",
        "3265",
        "4908"
      ],
      "data_types": [
        {
          "type": "INTEGER (LONG)",
          "count": 98,
          "max_value": 17776,
          "min_value": 202,
          "mean": 2855.7551020408164
        }
      ]
    },
    {
      "column_name": "Grade",
      "number_non_empty_cells": 98,
      "number_empty_cells": 0,
      "number_distinct_values": 7,
      "frequent_values": [
        "3",
        "4",
        "5",
        "6",
        "7"
      ],
      "data_types": [
        {
          "type": "INTEGER (LONG)",
          "count": 84,
          "max_value": 8,
          "min_value": 3,
          "mean": 5.5
        },
        {
          "type": "TEXT",
          "count": 14,
          "shortest_values": "All Grades",
          "longest_values": "All Grades",
          "average_length": 10.0
        }
      ]
    },
    {
      "column_name": "Pct Level 3 and 4",
      "number_non_empty_cells": 98,
      "number_empty_cells": 0,
      "number_distinct_values": 88,
      "frequent_values": [
        "41.9",
        "66.7",
        "49.7",
        "53.4",
        "62.5"
      ],
      "data_types": [
        {
          "type": "REAL",
          "count": 84,
          "max_value": 77.3,
          "min_value": 29.6,
          "mean": 51.11428571428571
        },
        {
          "type": "INTEGER (LONG)",
          "count": 14,
          "max_value": 77,
          "min_value": 32,
          "mean": 55.5
        }
      ]
    },
    {
      "column_name": "Year",
      "number_non_empty_cells": 98,
      "number_empty_cells": 0,
      "number_distinct_values": 7,
      "frequent_values": [
        "2006",
        "2007",
        "2008",
        "2009",
        "2010"
      ],
      "data_types": [
        {
          "type": "INTEGER (LONG)",
          "count": 98,
          "max_value": 2012,
          "min_value": 2006,
          "mean": 2009.0
        }
      ]
    },
    {
      "column_name": "Number Tested",
      "number_non_empty_cells": 98,
      "number_empty_cells": 0,
      "number_distinct_values": 98,
      "frequent_values": [
        "30109",
        "34691",
        "33390",
        "34209",
        "33810"
      ],
      "data_types": [
        {
          "type": "INTEGER (LONG)",
          "count": 98,
          "max_value": 219077,
          "min_value": 30109,
          "mean": 59502.836734693876
        }
      ]
    },
    {
      "column_name": "Mean Scale Score",
      "number_non_empty_cells": 98,
      "number_empty_cells": 0,
      "number_distinct_values": 34,
      "frequent_values": [
        "659",
        "656",
        "658",
        "663",
        "665"
      ],
      "data_types": [
        {
          "type": "INTEGER (LONG)",
          "count": 98,
          "max_value": 674,
          "min_value": 633,
          "mean": 657.3979591836735
        }
      ]
    },
    {
      "column_name": "Pct Level 1",
      "number_non_empty_cells": 98,
      "number_empty_cells": 0,
      "number_distinct_values": 80,
      "frequent_values": [
        "12.4",
        "8.7",
        "9",
        "7.6",
        "7.3"
      ],
      "data_types": [
        {
          "type": "REAL",
          "count": 90,
          "max_value": 20.9,
          "min_value": 0.1,
          "mean": 9.803333333333331
        },
        {
          "type": "INTEGER (LONG)",
          "count": 8,
          "max_value": 20,
          "min_value": 4,
          "mean": 12.0
        }
      ]
    },
    {
      "column_name": "Num Level 2",
      "number_non_empty_cells": 98,
      "number_empty_cells": 0,
      "number_distinct_values": 98,
      "frequent_values": [
        "7400",
        "10142",
        "9942",
        "7197",
        "11845"
      ],
      "data_types": [
        {
          "type": "INTEGER (LONG)",
          "count": 98,
          "max_value": 94974,
          "min_value": 7197,
          "mean": 22845.448979591838
        }
      ]
    },
    {
      "column_name": "Pct Level 2",
      "number_non_empty_cells": 98,
      "number_empty_cells": 0,
      "number_distinct_values": 84,
      "frequent_values": [
        "35",
        "28.5",
        "26.1",
        "41.1",
        "37.6"
      ],
      "data_types": [
        {
          "type": "REAL",
          "count": 87,
          "max_value": 55.7,
          "min_value": 22.3,
          "mean": 38.15402298850574
        },
        {
          "type": "INTEGER (LONG)",
          "count": 11,
          "max_value": 51,
          "min_value": 21,
          "mean": 39.18181818181818
        }
      ]
    }
  ]
}