{
  "dataset_name": "cxcv-mgtn.tsv.gz",
  "key_column_candidates": [
    "Borough",
    "Fiscal Year (ending in June)",
    "Diversion Rate Percentage"
  ],
  "columns": [
    {
      "column_name": "Borough",
      "number_non_empty_cells": 50,
      "number_empty_cells": 0,
      "number_distinct_values": 5,
      "frequent_values": [
        "Bronx",
        "Brooklyn",
        "Manhattan",
        "Queens",
        "Staten Island"
      ],
      "data_types": [
        {
          "type": "TEXT",
          "count": 50,
          "shortest_values": "Bronx",
          "longest_values": "Staten Island",
          "average_length": 8.2
        }
      ]
    },
    {
      "column_name": "Diversion Rate Percentage",
      "number_non_empty_cells": 50,
      "number_empty_cells": 0,
      "number_distinct_values": 23,
      "frequent_values": [
        "29",
        "28",
        "40",
        "33",
        "38"
      ],
      "data_types": [
        {
          "type": "INTEGER (LONG)",
          "count": 50,
          "max_value": 52,
          "min_value": 16,
          "mean": 32.94
        }
      ]
    },
    {
      "column_name": "Fiscal Year (ending in June)",
      "number_non_empty_cells": 50,
      "number_empty_cells": 0,
      "number_distinct_values": 10,
      "frequent_values": [
        "2009",
        "2010",
        "2011",
        "2012",
        "2013"
      ],
      "data_types": [
        {
          "type": "INTEGER (LONG)",
          "count": 50,
          "max_value": 2019,
          "min_value": 2009,
          "mean": 2013.6
        }
      ]
    }
  ]
}