{
  "dataset_name": "d4cb-8mwj.tsv.gz",
  "key_column_candidates": [
    "Borough",
    "Grade Level",
    "Program Type",
    "Department",
    "Subject",
    "Number of Students",
    "Number of Classes",
    "Average Class Size"
  ],
  "columns": [
    {
      "column_name": "Subject",
      "number_non_empty_cells": 469,
      "number_empty_cells": 0,
      "number_distinct_values": 31,
      "frequent_values": [
        "MS English Core",
        "MS Science Other",
        "MS Social Studies Other",
        "MS Integrated Algebra",
        "MS Math Other"
      ],
      "data_types": [
        {
          "type": "TEXT",
          "count": 469,
          "shortest_values": "HS Physics",
          "longest_values": "HS Social Studies Other",
          "average_length": 15.705756929637527
        }
      ]
    },
    {
      "column_name": "Borough",
      "number_non_empty_cells": 469,
      "number_empty_cells": 0,
      "number_distinct_values": 5,
      "frequent_values": [
        "Queens",
        "Brooklyn",
        "Manhattan",
        "Bronx",
        "Staten Is"
      ],
      "data_types": [
        {
          "type": "TEXT",
          "count": 469,
          "shortest_values": "Bronx",
          "longest_values": "Manhattan",
          "average_length": 7.373134328358209
        }
      ]
    },
    {
      "column_name": "Program Type",
      "number_non_empty_cells": 469,
      "number_empty_cells": 0,
      "number_distinct_values": 5,
      "frequent_values": [
        "Gen Ed",
        "ICT",
        "SC",
        "Accelerated",
        "ICT & Acc"
      ],
      "data_types": [
        {
          "type": "TEXT",
          "count": 469,
          "shortest_values": "SC",
          "longest_values": "Accelerated",
          "average_length": 4.2835820895522385
        }
      ]
    },
    {
      "column_name": "Number of Students",
      "number_non_empty_cells": 469,
      "number_empty_cells": 0,
      "number_distinct_values": 435,
      "frequent_values": [
        "148",
        "133",
        "76",
        "110",
        "1782"
      ],
      "data_types": [
        {
          "type": "INTEGER (LONG)",
          "count": 469,
          "max_value": 42826,
          "min_value": 2,
          "mean": 4643.773987206823
        }
      ]
    },
    {
      "column_name": "Average Class Size",
      "number_non_empty_cells": 469,
      "number_empty_cells": 0,
      "number_distinct_values": 151,
      "frequent_values": [
        "27.3",
        "27.5",
        "26.7",
        "11.4",
        "27.2"
      ],
      "data_types": [
        {
          "type": "REAL",
          "count": 404,
          "max_value": 32.8,
          "min_value": 6.3,
          "mean": 22.50297029702971
        },
        {
          "type": "INTEGER (LONG)",
          "count": 65,
          "max_value": 33,
          "min_value": 2,
          "mean": 19.661538461538463
        }
      ]
    },
    {
      "column_name": "Department",
      "number_non_empty_cells": 469,
      "number_empty_cells": 0,
      "number_distinct_values": 4,
      "frequent_values": [
        "Math",
        "Science",
        "English",
        "Social Studies"
      ],
      "data_types": [
        {
          "type": "TEXT",
          "count": 469,
          "shortest_values": "Math",
          "longest_values": "Social Studies",
          "average_length": 7.53091684434968
        }
      ]
    },
    {
      "column_name": "Number of Classes",
      "number_non_empty_cells": 469,
      "number_empty_cells": 0,
      "number_distinct_values": 251,
      "frequent_values": [
        "1",
        "3",
        "5",
        "2",
        "4"
      ],
      "data_types": [
        {
          "type": "INTEGER (LONG)",
          "count": 469,
          "max_value": 1487,
          "min_value": 1,
          "mean": 183.01918976545844
        }
      ]
    },
    {
      "column_name": "Grade Level",
      "number_non_empty_cells": 469,
      "number_empty_cells": 0,
      "number_distinct_values": 2,
      "frequent_values": [
        "HS Core",
        "MS Core"
      ],
      "data_types": [
        {
          "type": "TEXT",
          "count": 469,
          "shortest_values": "HS Core",
          "longest_values": "HS Core",
          "average_length": 7.0
        }
      ]
    }
  ]
}