{
  "dataset_name": "d9fi-geci.tsv.gz",
  "key_column_candidates": [
    "DBN",
    "School Name",
    "Admissions Methods",
    "Fully Screened?"
  ],
  "columns": [
    {
      "column_name": "Admissions Methods",
      "number_non_empty_cells": 1533,
      "number_empty_cells": 0,
      "number_distinct_values": 124,
      "frequent_values": [
        "K: Zoned School",
        "HS: Limited Unscreened",
        "MS: Unscreened",
        "Transfer School: School-managed Admissions",
        "MS: Screened"
      ],
      "data_types": [
        {
          "type": "TEXT",
          "count": 1533,
          "shortest_values": "HS: Test",
          "longest_values": "MS: Screened: Language, Unscreened, HS: Limited Unscreened, Screened: Language",
          "average_length": 21.811480756686237
        }
      ]
    },
    {
      "column_name": "Fully Screened?",
      "number_non_empty_cells": 1533,
      "number_empty_cells": 0,
      "number_distinct_values": 18,
      "frequent_values": [
        "K: No",
        "HS: No",
        "MS: No",
        "K: No, MS: No",
        "HS: Yes"
      ],
      "data_types": [
        {
          "type": "TEXT",
          "count": 1533,
          "shortest_values": "No",
          "longest_values": "K: Yes, MS: Yes, HS: Yes",
          "average_length": 6.802348336594912
        }
      ]
    },
    {
      "column_name": "DBN",
      "number_non_empty_cells": 1533,
      "number_empty_cells": 0,
      "number_distinct_values": 1533,
      "frequent_values": [
        "01M015",
        "01M019",
        "01M020",
        "01M034",
        "01M063"
      ],
      "data_types": [
        {
          "type": "DATE/TIME",
          "count": 34,
          "max_value": "06M052",
          "min_value": "01M015"
        },
        {
          "type": "TEXT",
          "count": 1499,
          "shortest_values": "01M063",
          "longest_values": "01M063",
          "average_length": 6.0
        }
      ]
    },
    {
      "column_name": "School Name",
      "number_non_empty_cells": 1533,
      "number_empty_cells": 0,
      "number_distinct_values": 1529,
      "frequent_values": [
        "P.S. 360",
        "P.S. 212",
        "P.S. 253",
        "P.S. 376",
        "P.S. 015 Roberto Clemente"
      ],
      "data_types": [
        {
          "type": "TEXT",
          "count": 1533,
          "shortest_values": "Kappa",
          "longest_values": "English Language Learners and International Support Preparatory Academy (ELLIS)",
          "average_length": 28.96020874103066
        }
      ]
    }
  ]
}