{
  "dataset_name": "datasets.tsv",
  "key_column_candidates": [
    "sm48-t3s6",
    "12 Month Rolling Cash Assistance Recipient Caseload"
  ],
  "columns": [
    {
      "column_name": "sm48-t3s6",
      "number_non_empty_cells": 1899,
      "number_empty_cells": 0,
      "number_distinct_values": 1899,
      "frequent_values": [
        "kyad-zm4j",
        "9d6u-jzxb",
        "268n-a7em",
        "4mfq-ds6b",
        "hpku-qnwm"
      ],
      "data_types": [
        {
          "type": "TEXT",
          "count": 1899,
          "shortest_values": "kyad-zm4j",
          "longest_values": "kyad-zm4j",
          "average_length": 9.0
        }
      ]
    },
    {
      "column_name": "12 Month Rolling Cash Assistance Recipient Caseload",
      "number_non_empty_cells": 1899,
      "number_empty_cells": 0,
      "number_distinct_values": 1895,
      "frequent_values": [
        "2015 NYC Open Data Plan: Removed Datasets",
        "2016 NYC Open Data Plan: Future Releases",
        "Inspections",
        "LinkNYC Kiosk Status (Historical)",
        "1995 Street Tree Census"
      ],
      "data_types": [
        {
          "type": "TEXT",
          "count": 1899,
          "shortest_values": "Alerts",
          "longest_values": "DOHMH and DEP Waterborne Disease Risk Assessment Program Annual Report Data: Percentage of interviewed cryptosporidiosis case-patients reporting selected potential risk exposures before disease onset, by Immune Status",
          "average_length": 45.241179568193786
        }
      ]
    }
  ]
}