{
  "dataset_name": "dxnu-p2qd.tsv.gz",
  "key_column_candidates": [
    "YEAR",
    "NEIGHBORHOOD",
    "RACE/ETHNICITY",
    "AGE",
    "TOTAL NUMBER OF HIV DIAGNOSES",
    "HIV DIAGNOSES PER 100,000 POPULATION",
    "TOTAL NUMBER OF CONCURRENT HIV/AIDS DIAGNOSES",
    "PROPORTION OF CONCURRENT HIV/AIDS DIAGNOSES AMONG ALL HIV DIAGNOSES",
    "TOTAL NUMBER OF AIDS DIAGNOSES",
    "AIDS DIAGNOSES PER 100,000 POPULATION"
  ],
  "columns": [
    {
      "column_name": "TOTAL NUMBER OF AIDS DIAGNOSES",
      "number_non_empty_cells": 8604,
      "number_empty_cells": 0,
      "number_distinct_values": 115,
      "frequent_values": [
        "0",
        "1",
        "2",
        "3",
        "4"
      ],
      "data_types": [
        {
          "type": "TEXT",
          "count": 75,
          "shortest_values": "*",
          "longest_values": "*",
          "average_length": 1.0
        },
        {
          "type": "INTEGER (LONG)",
          "count": 8529,
          "max_value": 2611,
          "min_value": 0,
          "mean": 4.079376245749795
        }
      ]
    },
    {
      "column_name": "AGE",
      "number_non_empty_cells": 8604,
      "number_empty_cells": 0,
      "number_distinct_values": 7,
      "frequent_values": [
        "All",
        "30 - 39",
        "40 - 49",
        "50 - 59",
        "20 - 29"
      ],
      "data_types": [
        {
          "type": "TEXT",
          "count": 8604,
          "shortest_values": "All",
          "longest_values": "30 - 39",
          "average_length": 5.658763365876337
        }
      ]
    },
    {
      "column_name": "TOTAL NUMBER OF HIV DIAGNOSES",
      "number_non_empty_cells": 8604,
      "number_empty_cells": 0,
      "number_distinct_values": 143,
      "frequent_values": [
        "0",
        "1",
        "2",
        "3",
        "4"
      ],
      "data_types": [
        {
          "type": "TEXT",
          "count": 113,
          "shortest_values": "*",
          "longest_values": "*",
          "average_length": 1.0
        },
        {
          "type": "INTEGER (LONG)",
          "count": 8491,
          "max_value": 3353,
          "min_value": 0,
          "mean": 5.824284536568131
        }
      ]
    },
    {
      "column_name": "TOTAL NUMBER OF CONCURRENT HIV/AIDS DIAGNOSES",
      "number_non_empty_cells": 8604,
      "number_empty_cells": 0,
      "number_distinct_values": 52,
      "frequent_values": [
        "0",
        "1",
        "2",
        "3",
        "4"
      ],
      "data_types": [
        {
          "type": "INTEGER (LONG)",
          "count": 8570,
          "max_value": 680,
          "min_value": 0,
          "mean": 1.12975495915986
        },
        {
          "type": "TEXT",
          "count": 34,
          "shortest_values": "*",
          "longest_values": "*",
          "average_length": 1.0
        }
      ]
    },
    {
      "column_name": "PROPORTION OF CONCURRENT HIV/AIDS DIAGNOSES AMONG ALL HIV DIAGNOSES",
      "number_non_empty_cells": 8604,
      "number_empty_cells": 0,
      "number_distinct_values": 224,
      "frequent_values": [
        "0",
        "NA",
        "100",
        "50",
        "33.3"
      ],
      "data_types": [
        {
          "type": "TEXT",
          "count": 1410,
          "shortest_values": "*",
          "longest_values": "NA",
          "average_length": 1.9758865248226951
        },
        {
          "type": "REAL",
          "count": 971,
          "max_value": 66.7,
          "min_value": 3.1,
          "mean": 24.831513903192473
        },
        {
          "type": "INTEGER (LONG)",
          "count": 6223,
          "max_value": 100,
          "min_value": 0,
          "mean": 6.631367507632975
        }
      ]
    },
    {
      "column_name": "HIV DIAGNOSES PER 100,000 POPULATION",
      "number_non_empty_cells": 8604,
      "number_empty_cells": 0,
      "number_distinct_values": 1357,
      "frequent_values": [
        "0",
        "NA",
        "*",
        "5.2",
        "12.7"
      ],
      "data_types": [
        {
          "type": "TEXT",
          "count": 1489,
          "shortest_values": "*",
          "longest_values": "NA",
          "average_length": 1.9241101410342512
        },
        {
          "type": "INTEGER (LONG)",
          "count": 4419,
          "max_value": 799,
          "min_value": 0,
          "mean": 5.228105906313646
        },
        {
          "type": "REAL",
          "count": 2696,
          "max_value": 1185.9,
          "min_value": 1.1,
          "mean": 66.11476261127586
        }
      ]
    },
    {
      "column_name": "YEAR",
      "number_non_empty_cells": 8604,
      "number_empty_cells": 0,
      "number_distinct_values": 4,
      "frequent_values": [
        "2013",
        "2010",
        "2011",
        "2012"
      ],
      "data_types": [
        {
          "type": "INTEGER (LONG)",
          "count": 8604,
          "max_value": 2013,
          "min_value": 2010,
          "mean": 2011.5
        }
      ]
    },
    {
      "column_name": "NEIGHBORHOOD",
      "number_non_empty_cells": 8604,
      "number_empty_cells": 0,
      "number_distinct_values": 44,
      "frequent_values": [
        "High Bridge - Morrisania",
        "East Harlem",
        "Greenwich Village - SoHo",
        "Long Island City - Astoria",
        "Upper Eastside"
      ],
      "data_types": [
        {
          "type": "TEXT",
          "count": 8604,
          "shortest_values": "All",
          "longest_values": "Central Harlem - Morningside Heights",
          "average_length": 19.225011622501164
        }
      ]
    },
    {
      "column_name": "AIDS DIAGNOSES PER 100,000 POPULATION",
      "number_non_empty_cells": 8604,
      "number_empty_cells": 0,
      "number_distinct_values": 1131,
      "frequent_values": [
        "0",
        "NA",
        "*",
        "4.6",
        "9.2"
      ],
      "data_types": [
        {
          "type": "TEXT",
          "count": 1451,
          "shortest_values": "*",
          "longest_values": "NA",
          "average_length": 1.9483115093039283
        },
        {
          "type": "REAL",
          "count": 2316,
          "max_value": 1331.5,
          "min_value": 0.8,
          "mean": 56.91908462867012
        },
        {
          "type": "INTEGER (LONG)",
          "count": 4837,
          "max_value": 537,
          "min_value": 0,
          "mean": 2.9675418647922265
        }
      ]
    },
    {
      "column_name": "RACE/ETHNICITY",
      "number_non_empty_cells": 8604,
      "number_empty_cells": 0,
      "number_distinct_values": 8,
      "frequent_values": [
        "Native American",
        "Unknown",
        "Multiracial",
        "Hispanic",
        "Asian/Pacific Islander"
      ],
      "data_types": [
        {
          "type": "TEXT",
          "count": 8604,
          "shortest_values": "All",
          "longest_values": "Asian/Pacific Islander",
          "average_length": 10.276615527661553
        }
      ]
    }
  ]
}