{
  "dataset_name": "e34y-fjmv.tsv.gz",
  "key_column_candidates": [
    "ProviderType",
    "DFTA ID",
    "ProgramName",
    "SponsorName",
    "ProgramAddress",
    "ProgramCity",
    "ProgramState",
    "Postcode",
    "Borough",
    "ProgramPhone",
    "DFTA Funded",
    "MonHourOpen",
    "MonHourClose",
    "TueHourOpen",
    "TueHourClose",
    "WedHourOpen",
    "WedHourClose",
    "ThuHourOpen",
    "ThuHourClose",
    "FriHourOpen",
    "FriHourClose",
    "SatHourOpen",
    "SatHourClose",
    "SunHourOpen",
    "SunHourClose",
    "Latitude",
    "Longitude",
    "Community Board",
    "Council District",
    "Census Tract",
    "BIN",
    "BBL",
    "NTA",
    "Location"
  ],
  "columns": [
    {
      "column_name": "ProgramName",
      "number_non_empty_cells": 23,
      "number_empty_cells": 1,
      "number_distinct_values": 19,
      "frequent_values": [
        "JASA HOME DELIVERED MEALS",
        "RAIN HOME DELIVERED MEALS",
        "RIDGEWOOD BUSHWICK HOME DELIVERED MEALS",
        "CCNS HOME DELIVERED MEALS",
        "MID BRONX HOME DELIVERED MEALS"
      ],
      "data_types": [
        {
          "type": "TEXT",
          "count": 23,
          "shortest_values": "MEALS ON WHEELS OF S.I.",
          "longest_values": "RIDGEWOOD BUSHWICK HOME DELIVERED MEALS",
          "average_length": 30.0
        }
      ]
    },
    {
      "column_name": "SponsorName",
      "number_non_empty_cells": 23,
      "number_empty_cells": 1,
      "number_distinct_values": 18,
      "frequent_values": [
        "THE JEWISH ASSOCIATION FOR SERVICES FOR THE AGED",
        "CATHOLIC CHARITIES NEIGHBORHOOD SERVICES INC",
        "REGIONAL AID FOR INTERIM NEEDS INC",
        "RISEBORO COMMUNITY PARTNERSHIP INC",
        "MID BRONX SENIOR CITIZENS COUNCIL INC"
      ],
      "data_types": [
        {
          "type": "TEXT",
          "count": 23,
          "shortest_values": "HENRY STREET SETTLEMENT",
          "longest_values": "JEWISH COMMUNITY COUNCIL OF GREATER CONEY ISLAND INC",
          "average_length": 38.17391304347826
        }
      ]
    },
    {
      "column_name": "Council District",
      "number_non_empty_cells": 23,
      "number_empty_cells": 1,
      "number_distinct_values": 21,
      "frequent_values": [
        "42",
        "12",
        "16",
        "47",
        "43"
      ],
      "data_types": [
        {
          "type": "INTEGER (LONG)",
          "count": 23,
          "max_value": 49,
          "min_value": 1,
          "mean": 26.17391304347826
        }
      ]
    },
    {
      "column_name": "BBL",
      "number_non_empty_cells": 23,
      "number_empty_cells": 1,
      "number_distinct_values": 22,
      "frequent_values": [
        "2047370105",
        "3044350001",
        "2024600001",
        "3066820045",
        "3037970001"
      ],
      "data_types": [
        {
          "type": "INTEGER (LONG)",
          "count": 23,
          "max_value": 5010890036,
          "min_value": 1002880078,
          "mean": 3000485264.9130435
        }
      ]
    },
    {
      "column_name": "ProviderType",
      "number_non_empty_cells": 24,
      "number_empty_cells": 0,
      "number_distinct_values": 2,
      "frequent_values": [
        "HOME DELIVERED MEAL SERVICE CONTRACTS",
        "\u001a"
      ],
      "data_types": [
        {
          "type": "TEXT",
          "count": 24,
          "shortest_values": "\u001a",
          "longest_values": "HOME DELIVERED MEAL SERVICE CONTRACTS",
          "average_length": 35.5
        }
      ]
    },
    {
      "column_name": "Borough",
      "number_non_empty_cells": 23,
      "number_empty_cells": 1,
      "number_distinct_values": 6,
      "frequent_values": [
        "QUEENS",
        "BROOKLYN",
        "MANHATTAN",
        "BRONX",
        "STATEN ISLAND"
      ],
      "data_types": [
        {
          "type": "TEXT",
          "count": 23,
          "shortest_values": "BRONX",
          "longest_values": "STATEN ISLAND",
          "average_length": 7.304347826086956
        }
      ]
    },
    {
      "column_name": "SunHourClose",
      "number_non_empty_cells": 23,
      "number_empty_cells": 1,
      "number_distinct_values": 2,
      "frequent_values": [
        "00:00",
        ""
      ],
      "data_types": [
        {
          "type": "DATE/TIME",
          "count": 23,
          "max_value": "00:00",
          "min_value": "00:00"
        }
      ]
    },
    {
      "column_name": "Latitude",
      "number_non_empty_cells": 23,
      "number_empty_cells": 1,
      "number_distinct_values": 22,
      "frequent_values": [
        "40.876304",
        "40.651173",
        "40.827412",
        "40.603084",
        "40.66514"
      ],
      "data_types": [
        {
          "type": "REAL",
          "count": 23,
          "max_value": 40.876304,
          "min_value": 40.593761,
          "mean": 40.7207304347826
        }
      ]
    },
    {
      "column_name": "BIN",
      "number_non_empty_cells": 23,
      "number_empty_cells": 1,
      "number_distinct_values": 22,
      "frequent_values": [
        "2060739",
        "3336175",
        "2002802",
        "3178703",
        "3328133"
      ],
      "data_types": [
        {
          "type": "INTEGER (LONG)",
          "count": 23,
          "max_value": 5025678,
          "min_value": 1024781,
          "mean": 3118655.9565217393
        }
      ]
    },
    {
      "column_name": "ThuHourOpen",
      "number_non_empty_cells": 23,
      "number_empty_cells": 1,
      "number_distinct_values": 6,
      "frequent_values": [
        "09:00",
        "08:00",
        "9 :00",
        "8 :00",
        "08:30"
      ],
      "data_types": [
        {
          "type": "DATE/TIME",
          "count": 17,
          "max_value": "09:00",
          "min_value": "08:00"
        },
        {
          "type": "TEXT",
          "count": 6,
          "shortest_values": "9 :00",
          "longest_values": "9 :00",
          "average_length": 5.0
        }
      ]
    },
    {
      "column_name": "DFTA Funded",
      "number_non_empty_cells": 23,
      "number_empty_cells": 1,
      "number_distinct_values": 2,
      "frequent_values": [
        "Y",
        ""
      ],
      "data_types": [
        {
          "type": "TEXT",
          "count": 23,
          "shortest_values": "Y",
          "longest_values": "Y",
          "average_length": 1.0
        }
      ]
    },
    {
      "column_name": "Longitude",
      "number_non_empty_cells": 23,
      "number_empty_cells": 1,
      "number_distinct_values": 22,
      "frequent_values": [
        "-73.848594",
        "-73.885082",
        "-73.922277",
        "-73.965083",
        "-73.902222"
      ],
      "data_types": [
        {
          "type": "REAL",
          "count": 23,
          "max_value": -73.734021,
          "min_value": -74.13606,
          "mean": -73.90233886956521
        }
      ]
    },
    {
      "column_name": "WedHourClose",
      "number_non_empty_cells": 23,
      "number_empty_cells": 1,
      "number_distinct_values": 7,
      "frequent_values": [
        "05:00",
        "04:00",
        "5 :00",
        "4 :00",
        "03:00"
      ],
      "data_types": [
        {
          "type": "DATE/TIME",
          "count": 17,
          "max_value": "05:00",
          "min_value": "03:00"
        },
        {
          "type": "TEXT",
          "count": 6,
          "shortest_values": "5 :00",
          "longest_values": "5 :00",
          "average_length": 5.0
        }
      ]
    },
    {
      "column_name": "ThuHourClose",
      "number_non_empty_cells": 23,
      "number_empty_cells": 1,
      "number_distinct_values": 7,
      "frequent_values": [
        "05:00",
        "04:00",
        "5 :00",
        "4 :00",
        "03:00"
      ],
      "data_types": [
        {
          "type": "DATE/TIME",
          "count": 17,
          "max_value": "05:00",
          "min_value": "03:00"
        },
        {
          "type": "TEXT",
          "count": 6,
          "shortest_values": "5 :00",
          "longest_values": "5 :00",
          "average_length": 5.0
        }
      ]
    },
    {
      "column_name": "ProgramCity",
      "number_non_empty_cells": 23,
      "number_empty_cells": 1,
      "number_distinct_values": 8,
      "frequent_values": [
        "BROOKLYN",
        "NEW YORK",
        "FLUSHING",
        "BRONX",
        "JAMAICA"
      ],
      "data_types": [
        {
          "type": "TEXT",
          "count": 23,
          "shortest_values": "BRONX",
          "longest_values": "STATEN ISLAND",
          "average_length": 7.869565217391305
        }
      ]
    },
    {
      "column_name": "ProgramState",
      "number_non_empty_cells": 23,
      "number_empty_cells": 1,
      "number_distinct_values": 2,
      "frequent_values": [
        "NY",
        ""
      ],
      "data_types": [
        {
          "type": "TEXT",
          "count": 23,
          "shortest_values": "NY",
          "longest_values": "NY",
          "average_length": 2.0
        }
      ]
    },
    {
      "column_name": "Postcode",
      "number_non_empty_cells": 23,
      "number_empty_cells": 1,
      "number_distinct_values": 22,
      "frequent_values": [
        "10469",
        "11239",
        "10451",
        "11223",
        "11212"
      ],
      "data_types": [
        {
          "type": "INTEGER (LONG)",
          "count": 23,
          "max_value": 11691,
          "min_value": 10002,
          "mean": 10951.95652173913
        }
      ]
    },
    {
      "column_name": "Census Tract",
      "number_non_empty_cells": 23,
      "number_empty_cells": 1,
      "number_distinct_values": 22,
      "frequent_values": [
        "364",
        "105801",
        "18301",
        "418",
        "910"
      ],
      "data_types": [
        {
          "type": "INTEGER (LONG)",
          "count": 23,
          "max_value": 105801,
          "min_value": 112,
          "mean": 14691.652173913044
        }
      ]
    },
    {
      "column_name": "NTA",
      "number_non_empty_cells": 23,
      "number_empty_cells": 1,
      "number_distinct_values": 22,
      "frequent_values": [
        "Eastchester-Edenwald-Baychester",
        "Starrett City",
        "East Concourse-Concourse Village",
        "Homecrest",
        "Brownsville"
      ],
      "data_types": [
        {
          "type": "TEXT",
          "count": 23,
          "shortest_values": "Homecrest",
          "longest_values": "East Concourse-Concourse Village",
          "average_length": 16.217391304347824
        }
      ]
    },
    {
      "column_name": "TueHourClose",
      "number_non_empty_cells": 23,
      "number_empty_cells": 1,
      "number_distinct_values": 7,
      "frequent_values": [
        "05:00",
        "04:00",
        "5 :00",
        "4 :00",
        "03:00"
      ],
      "data_types": [
        {
          "type": "DATE/TIME",
          "count": 17,
          "max_value": "05:00",
          "min_value": "03:00"
        },
        {
          "type": "TEXT",
          "count": 6,
          "shortest_values": "5 :00",
          "longest_values": "5 :00",
          "average_length": 5.0
        }
      ]
    },
    {
      "column_name": "SatHourOpen",
      "number_non_empty_cells": 23,
      "number_empty_cells": 1,
      "number_distinct_values": 2,
      "frequent_values": [
        "00:00",
        ""
      ],
      "data_types": [
        {
          "type": "DATE/TIME",
          "count": 23,
          "max_value": "00:00",
          "min_value": "00:00"
        }
      ]
    },
    {
      "column_name": "DFTA ID",
      "number_non_empty_cells": 23,
      "number_empty_cells": 1,
      "number_distinct_values": 24,
      "frequent_values": [
        "15X01",
        "15Y01",
        "15Z01",
        "27Y01",
        "29D01"
      ],
      "data_types": [
        {
          "type": "DATE/TIME",
          "count": 1,
          "max_value": "46S01",
          "min_value": "46S01"
        },
        {
          "type": "INTEGER (LONG)",
          "count": 1,
          "max_value": 55601,
          "min_value": 55601,
          "mean": 55601.0
        },
        {
          "type": "TEXT",
          "count": 21,
          "shortest_values": "15X01",
          "longest_values": "15X01",
          "average_length": 5.0
        }
      ]
    },
    {
      "column_name": "SatHourClose",
      "number_non_empty_cells": 23,
      "number_empty_cells": 1,
      "number_distinct_values": 2,
      "frequent_values": [
        "00:00",
        ""
      ],
      "data_types": [
        {
          "type": "DATE/TIME",
          "count": 23,
          "max_value": "00:00",
          "min_value": "00:00"
        }
      ]
    },
    {
      "column_name": "ProgramAddress",
      "number_non_empty_cells": 23,
      "number_empty_cells": 1,
      "number_distinct_values": 22,
      "frequent_values": [
        "3450 BOSTON ROAD",
        "1201 PENNSYLVANIA AVENUE",
        "900 GRAND CONCOURSE",
        "1960 EAST 7TH STREET",
        "460 DUMONT AVENUE"
      ],
      "data_types": [
        {
          "type": "TEXT",
          "count": 23,
          "shortest_values": "3450 BOSTON ROAD",
          "longest_values": "80-45 WINCHESTER BOULEVARD",
          "average_length": 19.956521739130434
        }
      ]
    },
    {
      "column_name": "ProgramPhone",
      "number_non_empty_cells": 23,
      "number_empty_cells": 1,
      "number_distinct_values": 21,
      "frequent_values": [
        "718 231-7246",
        "718-782-6334",
        "718-806-1080",
        "718-992-2057",
        "718 627 2500"
      ],
      "data_types": [
        {
          "type": "TEXT",
          "count": 23,
          "shortest_values": "718-992-2057",
          "longest_values": "718-992-2057",
          "average_length": 12.0
        }
      ]
    },
    {
      "column_name": "MonHourClose",
      "number_non_empty_cells": 23,
      "number_empty_cells": 1,
      "number_distinct_values": 7,
      "frequent_values": [
        "05:00",
        "04:00",
        "5 :00",
        "4 :00",
        "03:00"
      ],
      "data_types": [
        {
          "type": "DATE/TIME",
          "count": 17,
          "max_value": "05:00",
          "min_value": "03:00"
        },
        {
          "type": "TEXT",
          "count": 6,
          "shortest_values": "5 :00",
          "longest_values": "5 :00",
          "average_length": 5.0
        }
      ]
    },
    {
      "column_name": "WedHourOpen",
      "number_non_empty_cells": 23,
      "number_empty_cells": 1,
      "number_distinct_values": 6,
      "frequent_values": [
        "09:00",
        "08:00",
        "9 :00",
        "8 :00",
        "08:30"
      ],
      "data_types": [
        {
          "type": "DATE/TIME",
          "count": 17,
          "max_value": "09:00",
          "min_value": "08:00"
        },
        {
          "type": "TEXT",
          "count": 6,
          "shortest_values": "9 :00",
          "longest_values": "9 :00",
          "average_length": 5.0
        }
      ]
    },
    {
      "column_name": "MonHourOpen",
      "number_non_empty_cells": 23,
      "number_empty_cells": 1,
      "number_distinct_values": 6,
      "frequent_values": [
        "09:00",
        "08:00",
        "9 :00",
        "8 :00",
        "08:30"
      ],
      "data_types": [
        {
          "type": "DATE/TIME",
          "count": 17,
          "max_value": "09:00",
          "min_value": "08:00"
        },
        {
          "type": "TEXT",
          "count": 6,
          "shortest_values": "9 :00",
          "longest_values": "9 :00",
          "average_length": 5.0
        }
      ]
    },
    {
      "column_name": "TueHourOpen",
      "number_non_empty_cells": 23,
      "number_empty_cells": 1,
      "number_distinct_values": 6,
      "frequent_values": [
        "09:00",
        "08:00",
        "9 :00",
        "8 :00",
        "08:30"
      ],
      "data_types": [
        {
          "type": "DATE/TIME",
          "count": 17,
          "max_value": "09:00",
          "min_value": "08:00"
        },
        {
          "type": "TEXT",
          "count": 6,
          "shortest_values": "9 :00",
          "longest_values": "9 :00",
          "average_length": 5.0
        }
      ]
    },
    {
      "column_name": "FriHourOpen",
      "number_non_empty_cells": 23,
      "number_empty_cells": 1,
      "number_distinct_values": 6,
      "frequent_values": [
        "09:00",
        "08:00",
        "9 :00",
        "8 :00",
        "08:30"
      ],
      "data_types": [
        {
          "type": "DATE/TIME",
          "count": 17,
          "max_value": "09:00",
          "min_value": "08:00"
        },
        {
          "type": "TEXT",
          "count": 6,
          "shortest_values": "9 :00",
          "longest_values": "9 :00",
          "average_length": 5.0
        }
      ]
    },
    {
      "column_name": "Location",
      "number_non_empty_cells": 23,
      "number_empty_cells": 1,
      "number_distinct_values": 22,
      "frequent_values": [
        "(40.876304, -73.848594)",
        "(40.651173, -73.885082)",
        "(40.827412, -73.922277)",
        "(40.603084, -73.965083)",
        "(40.66514, -73.902222)"
      ],
      "data_types": [
        {
          "type": "TEXT",
          "count": 23,
          "shortest_values": "(40.66514, -73.902222)",
          "longest_values": "(40.827412, -73.922277)",
          "average_length": 22.782608695652176
        }
      ]
    },
    {
      "column_name": "FriHourClose",
      "number_non_empty_cells": 23,
      "number_empty_cells": 1,
      "number_distinct_values": 7,
      "frequent_values": [
        "05:00",
        "04:00",
        "5 :00",
        "4 :00",
        "03:00"
      ],
      "data_types": [
        {
          "type": "DATE/TIME",
          "count": 17,
          "max_value": "05:00",
          "min_value": "03:00"
        },
        {
          "type": "TEXT",
          "count": 6,
          "shortest_values": "5 :00",
          "longest_values": "5 :00",
          "average_length": 5.0
        }
      ]
    },
    {
      "column_name": "SunHourOpen",
      "number_non_empty_cells": 23,
      "number_empty_cells": 1,
      "number_distinct_values": 2,
      "frequent_values": [
        "00:00",
        ""
      ],
      "data_types": [
        {
          "type": "DATE/TIME",
          "count": 23,
          "max_value": "00:00",
          "min_value": "00:00"
        }
      ]
    },
    {
      "column_name": "Community Board",
      "number_non_empty_cells": 23,
      "number_empty_cells": 1,
      "number_distinct_values": 21,
      "frequent_values": [
        "212",
        "305",
        "403",
        "204",
        "315"
      ],
      "data_types": [
        {
          "type": "INTEGER (LONG)",
          "count": 23,
          "max_value": 501,
          "min_value": 103,
          "mean": 303.1304347826087
        }
      ]
    }
  ]
}