{
  "dataset_name": "e4p3-6ecr.tsv.gz",
  "key_column_candidates": [
    "Publication Date",
    "Agency Number",
    "Report Sort",
    "Agency Name",
    "Line Number",
    "Line Number Description",
    "Fiscal Year 1",
    "Year 1 Forecast",
    "Year 2 Estimate",
    "Year 3 Estimate",
    "Year 4 Estimate",
    "Year 5 Estimate"
  ],
  "columns": [
    {
      "column_name": "Year 3 Estimate",
      "number_non_empty_cells": 18612,
      "number_empty_cells": 0,
      "number_distinct_values": 3566,
      "frequent_values": [
        "0",
        "1000000",
        "3",
        "55519",
        "314"
      ],
      "data_types": [
        {
          "type": "INTEGER (LONG)",
          "count": 18612,
          "max_value": 28079110,
          "min_value": -85894,
          "mean": 214663.085106383
        }
      ]
    },
    {
      "column_name": "Year 5 Estimate",
      "number_non_empty_cells": 18612,
      "number_empty_cells": 0,
      "number_distinct_values": 3306,
      "frequent_values": [
        "0",
        "1000000",
        "3",
        "166557",
        "314"
      ],
      "data_types": [
        {
          "type": "INTEGER (LONG)",
          "count": 18612,
          "max_value": 29815712,
          "min_value": -115495,
          "mean": 224640.89813023855
        }
      ]
    },
    {
      "column_name": "Year 2 Estimate",
      "number_non_empty_cells": 18612,
      "number_empty_cells": 0,
      "number_distinct_values": 3938,
      "frequent_values": [
        "0",
        "3",
        "8",
        "1000000",
        "176"
      ],
      "data_types": [
        {
          "type": "INTEGER (LONG)",
          "count": 18612,
          "max_value": 27232440,
          "min_value": -55843,
          "mean": 202253.5754352031
        }
      ]
    },
    {
      "column_name": "Year 1 Forecast",
      "number_non_empty_cells": 18612,
      "number_empty_cells": 0,
      "number_distinct_values": 4966,
      "frequent_values": [
        "0",
        "3",
        "-400000",
        "20000",
        "16"
      ],
      "data_types": [
        {
          "type": "INTEGER (LONG)",
          "count": 18612,
          "max_value": 27013401,
          "min_value": -500000,
          "mean": 203061.13475177306
        }
      ]
    },
    {
      "column_name": "Report Sort",
      "number_non_empty_cells": 18612,
      "number_empty_cells": 0,
      "number_distinct_values": 2835,
      "frequent_values": [
        "2706",
        "2705",
        "2704",
        "998734",
        "998732"
      ],
      "data_types": [
        {
          "type": "INTEGER (LONG)",
          "count": 18612,
          "max_value": 998736,
          "min_value": 2704,
          "mean": 416496.75322372664
        }
      ]
    },
    {
      "column_name": "Agency Number",
      "number_non_empty_cells": 18612,
      "number_empty_cells": 0,
      "number_distinct_values": 86,
      "frequent_values": [
        "002",
        "998",
        "996",
        "995",
        "991"
      ],
      "data_types": [
        {
          "type": "INTEGER (LONG)",
          "count": 18612,
          "max_value": 998,
          "min_value": 2,
          "mean": 415.77691811734366
        }
      ]
    },
    {
      "column_name": "Line Number",
      "number_non_empty_cells": 18612,
      "number_empty_cells": 0,
      "number_distinct_values": 33,
      "frequent_values": [
        "706",
        "705",
        "704",
        "734",
        "732"
      ],
      "data_types": [
        {
          "type": "INTEGER (LONG)",
          "count": 18612,
          "max_value": 736,
          "min_value": 704,
          "mean": 719.8351063829788
        }
      ]
    },
    {
      "column_name": "Line Number Description",
      "number_non_empty_cells": 18612,
      "number_empty_cells": 0,
      "number_distinct_values": 50,
      "frequent_values": [
        "Federal - C.D.",
        "State",
        "Capital Funds-I.F.A.",
        "Other Categorical",
        "City Funds"
      ],
      "data_types": [
        {
          "type": "TEXT",
          "count": 18612,
          "shortest_values": "State",
          "longest_values": "     710      Capital Funds-I.F.A.",
          "average_length": 16.908016333548247
        }
      ]
    },
    {
      "column_name": "Year 4 Estimate",
      "number_non_empty_cells": 18612,
      "number_empty_cells": 0,
      "number_distinct_values": 3405,
      "frequent_values": [
        "0",
        "1000000",
        "3",
        "111038",
        "314"
      ],
      "data_types": [
        {
          "type": "INTEGER (LONG)",
          "count": 18612,
          "max_value": 28997825,
          "min_value": -113669,
          "mean": 219948.5996131528
        }
      ]
    },
    {
      "column_name": "Publication Date",
      "number_non_empty_cells": 18612,
      "number_empty_cells": 0,
      "number_distinct_values": 7,
      "frequent_values": [
        "20180201",
        "20170124",
        "20160614",
        "20190619",
        "20190207"
      ],
      "data_types": [
        {
          "type": "INTEGER (LONG)",
          "count": 18612,
          "max_value": 20190619,
          "min_value": 20160614,
          "mean": 20177322.13104449
        }
      ]
    },
    {
      "column_name": "Agency Name",
      "number_non_empty_cells": 18612,
      "number_empty_cells": 0,
      "number_distinct_values": 86,
      "frequent_values": [
        "Mayoralty",
        "OTPS Inflation Adjustment",
        "Lease Adjustment",
        "Energy Adjustment",
        "General Reserve"
      ],
      "data_types": [
        {
          "type": "TEXT",
          "count": 18612,
          "shortest_values": "Mayoralty",
          "longest_values": "Public Administrator -Richmond",
          "average_length": 24.397807865892972
        }
      ]
    },
    {
      "column_name": "Fiscal Year 1",
      "number_non_empty_cells": 18612,
      "number_empty_cells": 0,
      "number_distinct_values": 4,
      "frequent_values": [
        "2018",
        "2017",
        "2019",
        "2016"
      ],
      "data_types": [
        {
          "type": "INTEGER (LONG)",
          "count": 18612,
          "max_value": 2019,
          "min_value": 2016,
          "mean": 2017.6900386847196
        }
      ]
    }
  ]
}