{
  "dataset_name": "e649-r223.tsv.gz",
  "key_column_candidates": [
    "Borough or District",
    "Data Type",
    "Year",
    "PK",
    "K",
    "Grade 1",
    "Grade 2",
    "Grade 3",
    "Grade 4",
    "Grade 5",
    "Grade 6",
    "Grade 7",
    "Grade 8",
    "Grade 9",
    "Grade 10",
    "Grade 11",
    "Grade 12",
    "GED",
    "Total"
  ],
  "columns": [
    {
      "column_name": "Grade 6",
      "number_non_empty_cells": 924,
      "number_empty_cells": 0,
      "number_distinct_values": 747,
      "frequent_values": [
        "n/a",
        "861",
        "761",
        "1861",
        "1118"
      ],
      "data_types": [
        {
          "type": "DATE/TIME",
          "count": 292,
          "max_value": "2,068",
          "min_value": "2,101"
        },
        {
          "type": "INTEGER (LONG)",
          "count": 488,
          "max_value": 21949,
          "min_value": 233,
          "mean": 2996.0512295081967
        },
        {
          "type": "TEXT",
          "count": 144,
          "shortest_values": "n/a",
          "longest_values": "21,138",
          "average_length": 3.701388888888889
        }
      ]
    },
    {
      "column_name": "Grade 10",
      "number_non_empty_cells": 220,
      "number_empty_cells": 704,
      "number_distinct_values": 111,
      "frequent_values": [
        "",
        "15,596",
        "16,288",
        "4,748",
        "4,933"
      ],
      "data_types": [
        {
          "type": "DATE/TIME",
          "count": 22,
          "max_value": "5,066",
          "min_value": "4,644"
        },
        {
          "type": "INTEGER (LONG)",
          "count": 110,
          "max_value": 22786,
          "min_value": 4730,
          "mean": 15447.818181818182
        },
        {
          "type": "TEXT",
          "count": 88,
          "shortest_values": "15,596",
          "longest_values": "15,596",
          "average_length": 6.0
        }
      ]
    },
    {
      "column_name": "Grade 4",
      "number_non_empty_cells": 924,
      "number_empty_cells": 0,
      "number_distinct_values": 743,
      "frequent_values": [
        "n/a",
        "984",
        "610",
        "2593",
        "4,495"
      ],
      "data_types": [
        {
          "type": "DATE/TIME",
          "count": 299,
          "max_value": "2,066",
          "min_value": "3,103"
        },
        {
          "type": "INTEGER (LONG)",
          "count": 482,
          "max_value": 21530,
          "min_value": 389,
          "mean": 3124.719917012448
        },
        {
          "type": "TEXT",
          "count": 143,
          "shortest_values": "n/a",
          "longest_values": "21,784",
          "average_length": 3.6923076923076925
        }
      ]
    },
    {
      "column_name": "Grade 9",
      "number_non_empty_cells": 220,
      "number_empty_cells": 704,
      "number_distinct_values": 111,
      "frequent_values": [
        "",
        "16,195",
        "16,285",
        "4,920",
        "5,203"
      ],
      "data_types": [
        {
          "type": "DATE/TIME",
          "count": 22,
          "max_value": "5,035",
          "min_value": "5,119"
        },
        {
          "type": "INTEGER (LONG)",
          "count": 110,
          "max_value": 24087,
          "min_value": 4909,
          "mean": 16200.327272727272
        },
        {
          "type": "TEXT",
          "count": 88,
          "shortest_values": "16,195",
          "longest_values": "16,195",
          "average_length": 6.0
        }
      ]
    },
    {
      "column_name": "Grade 11",
      "number_non_empty_cells": 220,
      "number_empty_cells": 704,
      "number_distinct_values": 111,
      "frequent_values": [
        "",
        "13,465",
        "13,928",
        "4,304",
        "4,348"
      ],
      "data_types": [
        {
          "type": "DATE/TIME",
          "count": 22,
          "max_value": "4,037",
          "min_value": "4,104"
        },
        {
          "type": "INTEGER (LONG)",
          "count": 110,
          "max_value": 19383,
          "min_value": 4218,
          "mean": 13183.981818181817
        },
        {
          "type": "TEXT",
          "count": 88,
          "shortest_values": "13,465",
          "longest_values": "13,465",
          "average_length": 6.0
        }
      ]
    },
    {
      "column_name": "Total",
      "number_non_empty_cells": 407,
      "number_empty_cells": 517,
      "number_distinct_values": 406,
      "frequent_values": [
        "",
        "24049",
        "29978",
        "8292",
        "8070"
      ],
      "data_types": [
        {
          "type": "INTEGER (LONG)",
          "count": 407,
          "max_value": 290665,
          "min_value": 3740,
          "mean": 43878.402948402945
        }
      ]
    },
    {
      "column_name": "Borough or District",
      "number_non_empty_cells": 924,
      "number_empty_cells": 0,
      "number_distinct_values": 47,
      "frequent_values": [
        "31",
        "1",
        "28",
        "14",
        "13"
      ],
      "data_types": [
        {
          "type": "INTEGER (LONG)",
          "count": 704,
          "max_value": 32,
          "min_value": 1,
          "mean": 16.5
        },
        {
          "type": "TEXT",
          "count": 220,
          "shortest_values": "Bronx",
          "longest_values": "Staten Island HS",
          "average_length": 9.95
        }
      ]
    },
    {
      "column_name": "Grade 12",
      "number_non_empty_cells": 220,
      "number_empty_cells": 704,
      "number_distinct_values": 111,
      "frequent_values": [
        "",
        "13,409",
        "13,526",
        "3,690",
        "3,779"
      ],
      "data_types": [
        {
          "type": "DATE/TIME",
          "count": 22,
          "max_value": "3,846",
          "min_value": "3,571"
        },
        {
          "type": "INTEGER (LONG)",
          "count": 110,
          "max_value": 18724,
          "min_value": 3776,
          "mean": 12799.89090909091
        },
        {
          "type": "TEXT",
          "count": 88,
          "shortest_values": "13,409",
          "longest_values": "13,409",
          "average_length": 6.0
        }
      ]
    },
    {
      "column_name": "Data Type",
      "number_non_empty_cells": 924,
      "number_empty_cells": 0,
      "number_distinct_values": 2,
      "frequent_values": [
        "Projected",
        "Historical"
      ],
      "data_types": [
        {
          "type": "TEXT",
          "count": 924,
          "shortest_values": "Projected",
          "longest_values": "Historical",
          "average_length": 9.090909090909092
        }
      ]
    },
    {
      "column_name": "K",
      "number_non_empty_cells": 924,
      "number_empty_cells": 0,
      "number_distinct_values": 740,
      "frequent_values": [
        "n/a",
        "771",
        "2233",
        "4,476",
        "4,260"
      ],
      "data_types": [
        {
          "type": "DATE/TIME",
          "count": 295,
          "max_value": "1,067",
          "min_value": "1,101"
        },
        {
          "type": "INTEGER (LONG)",
          "count": 485,
          "max_value": 21514,
          "min_value": 436,
          "mean": 3204.8082474226803
        },
        {
          "type": "TEXT",
          "count": 144,
          "shortest_values": "n/a",
          "longest_values": "21,978",
          "average_length": 3.701388888888889
        }
      ]
    },
    {
      "column_name": "PK",
      "number_non_empty_cells": 924,
      "number_empty_cells": 0,
      "number_distinct_values": 750,
      "frequent_values": [
        "n/a",
        "2,213",
        "2,823",
        "3269",
        "4,040"
      ],
      "data_types": [
        {
          "type": "DATE/TIME",
          "count": 322,
          "max_value": "2,065",
          "min_value": "2,100"
        },
        {
          "type": "INTEGER (LONG)",
          "count": 458,
          "max_value": 23367,
          "min_value": 602,
          "mean": 3450.3100436681225
        },
        {
          "type": "TEXT",
          "count": 144,
          "shortest_values": "n/a",
          "longest_values": "20,601",
          "average_length": 3.701388888888889
        }
      ]
    },
    {
      "column_name": "Grade 7",
      "number_non_empty_cells": 924,
      "number_empty_cells": 0,
      "number_distinct_values": 740,
      "frequent_values": [
        "n/a",
        "768",
        "772",
        "1,213",
        "988"
      ],
      "data_types": [
        {
          "type": "DATE/TIME",
          "count": 295,
          "max_value": "2,068",
          "min_value": "1,100"
        },
        {
          "type": "INTEGER (LONG)",
          "count": 486,
          "max_value": 21917,
          "min_value": 219,
          "mean": 3031.0761316872427
        },
        {
          "type": "TEXT",
          "count": 143,
          "shortest_values": "n/a",
          "longest_values": "21,176",
          "average_length": 3.6923076923076925
        }
      ]
    },
    {
      "column_name": "Grade 1",
      "number_non_empty_cells": 924,
      "number_empty_cells": 0,
      "number_distinct_values": 758,
      "frequent_values": [
        "n/a",
        "865",
        "2253",
        "4595",
        "4,374"
      ],
      "data_types": [
        {
          "type": "DATE/TIME",
          "count": 308,
          "max_value": "2,066",
          "min_value": "1,102"
        },
        {
          "type": "INTEGER (LONG)",
          "count": 472,
          "max_value": 21439,
          "min_value": 425,
          "mean": 3287.5656779661017
        },
        {
          "type": "TEXT",
          "count": 144,
          "shortest_values": "n/a",
          "longest_values": "22,340",
          "average_length": 3.701388888888889
        }
      ]
    },
    {
      "column_name": "Grade 3",
      "number_non_empty_cells": 924,
      "number_empty_cells": 0,
      "number_distinct_values": 745,
      "frequent_values": [
        "n/a",
        "760",
        "433",
        "4,306",
        "4,698"
      ],
      "data_types": [
        {
          "type": "DATE/TIME",
          "count": 300,
          "max_value": "2,064",
          "min_value": "3,101"
        },
        {
          "type": "INTEGER (LONG)",
          "count": 480,
          "max_value": 21298,
          "min_value": 415,
          "mean": 3144.4708333333333
        },
        {
          "type": "TEXT",
          "count": 144,
          "shortest_values": "n/a",
          "longest_values": "21,448",
          "average_length": 3.701388888888889
        }
      ]
    },
    {
      "column_name": "GED",
      "number_non_empty_cells": 220,
      "number_empty_cells": 704,
      "number_distinct_values": 21,
      "frequent_values": [
        "",
        "2,118",
        "425",
        "1,181",
        "3,052"
      ],
      "data_types": [
        {
          "type": "DATE/TIME",
          "count": 88,
          "max_value": "3,052",
          "min_value": "2,118"
        },
        {
          "type": "INTEGER (LONG)",
          "count": 132,
          "max_value": 2606,
          "min_value": 340,
          "mean": 1412.6060606060605
        }
      ]
    },
    {
      "column_name": "Year",
      "number_non_empty_cells": 924,
      "number_empty_cells": 0,
      "number_distinct_values": 17,
      "frequent_values": [
        "2020-21",
        "2021-22",
        "2019-20",
        "2017-18",
        "2018-19"
      ],
      "data_types": [
        {
          "type": "DATE/TIME",
          "count": 5,
          "max_value": "2011-12",
          "min_value": "2011-12"
        },
        {
          "type": "TEXT",
          "count": 919,
          "shortest_values": "2020-21",
          "longest_values": "2020-21",
          "average_length": 7.0
        }
      ]
    },
    {
      "column_name": "Grade 8",
      "number_non_empty_cells": 924,
      "number_empty_cells": 0,
      "number_distinct_values": 749,
      "frequent_values": [
        "n/a",
        "779",
        "752",
        "4,375",
        "4,311"
      ],
      "data_types": [
        {
          "type": "DATE/TIME",
          "count": 297,
          "max_value": "2,068",
          "min_value": "3,101"
        },
        {
          "type": "INTEGER (LONG)",
          "count": 483,
          "max_value": 22139,
          "min_value": 208,
          "mean": 3096.585921325052
        },
        {
          "type": "TEXT",
          "count": 144,
          "shortest_values": "n/a",
          "longest_values": "21,829",
          "average_length": 3.701388888888889
        }
      ]
    },
    {
      "column_name": "Grade 2",
      "number_non_empty_cells": 924,
      "number_empty_cells": 0,
      "number_distinct_values": 744,
      "frequent_values": [
        "n/a",
        "1,005",
        "1074",
        "2251",
        "2820"
      ],
      "data_types": [
        {
          "type": "DATE/TIME",
          "count": 306,
          "max_value": "5,068",
          "min_value": "4,102"
        },
        {
          "type": "INTEGER (LONG)",
          "count": 475,
          "max_value": 21191,
          "min_value": 420,
          "mean": 3213.357894736842
        },
        {
          "type": "TEXT",
          "count": 143,
          "shortest_values": "n/a",
          "longest_values": "22,040",
          "average_length": 3.6923076923076925
        }
      ]
    },
    {
      "column_name": "Grade 5",
      "number_non_empty_cells": 924,
      "number_empty_cells": 0,
      "number_distinct_values": 748,
      "frequent_values": [
        "n/a",
        "607",
        "1048",
        "4,551",
        "727"
      ],
      "data_types": [
        {
          "type": "DATE/TIME",
          "count": 292,
          "max_value": "8,065",
          "min_value": "1,100"
        },
        {
          "type": "INTEGER (LONG)",
          "count": 489,
          "max_value": 22002,
          "min_value": 349,
          "mean": 3057.288343558282
        },
        {
          "type": "TEXT",
          "count": 143,
          "shortest_values": "n/a",
          "longest_values": "21,238",
          "average_length": 3.6923076923076925
        }
      ]
    }
  ]
}