{
  "dataset_name": "e7rh-dmb4.tsv.gz",
  "key_column_candidates": [
    "Grade",
    "Year",
    "Category",
    "Number Tested",
    "Mean Scale Score",
    "Level1_N",
    "Level1_%",
    "Level2_N",
    "Level2_%",
    "Level3_N",
    "Level3_%",
    "Level4_N",
    "Level4_%",
    "Level3+4_N",
    "Level3+4_%"
  ],
  "columns": [
    {
      "column_name": "Level1_N",
      "number_non_empty_cells": 140,
      "number_empty_cells": 0,
      "number_distinct_values": 139,
      "frequent_values": [
        "1762",
        "1373",
        "1241",
        "1319",
        "1214"
      ],
      "data_types": [
        {
          "type": "INTEGER (LONG)",
          "count": 140,
          "max_value": 76748,
          "min_value": 1067,
          "mean": 9704.271428571428
        }
      ]
    },
    {
      "column_name": "Level3+4_N",
      "number_non_empty_cells": 140,
      "number_empty_cells": 0,
      "number_distinct_values": 139,
      "frequent_values": [
        "8162",
        "7491",
        "7956",
        "8196",
        "8980"
      ],
      "data_types": [
        {
          "type": "INTEGER (LONG)",
          "count": 140,
          "max_value": 48347,
          "min_value": 1493,
          "mean": 9794.028571428571
        }
      ]
    },
    {
      "column_name": "Level1_%",
      "number_non_empty_cells": 140,
      "number_empty_cells": 0,
      "number_distinct_values": 111,
      "frequent_values": [
        "47.5",
        "9.2",
        "10.2",
        "15.6",
        "10.7"
      ],
      "data_types": [
        {
          "type": "REAL",
          "count": 140,
          "max_value": 60.0,
          "min_value": 8.7,
          "mean": 29.505000000000006
        }
      ]
    },
    {
      "column_name": "Level3_N",
      "number_non_empty_cells": 140,
      "number_empty_cells": 0,
      "number_distinct_values": 135,
      "frequent_values": [
        "3626",
        "3490",
        "5865",
        "3651",
        "3702"
      ],
      "data_types": [
        {
          "type": "INTEGER (LONG)",
          "count": 140,
          "max_value": 28198,
          "min_value": 1217,
          "mean": 5518.185714285714
        }
      ]
    },
    {
      "column_name": "Level3+4_%",
      "number_non_empty_cells": 140,
      "number_empty_cells": 0,
      "number_distinct_values": 118,
      "frequent_values": [
        "18.6",
        "21.8",
        "61.5",
        "71.0",
        "68.5"
      ],
      "data_types": [
        {
          "type": "REAL",
          "count": 140,
          "max_value": 72.7,
          "min_value": 11.0,
          "mean": 40.48142857142857
        }
      ]
    },
    {
      "column_name": "Level2_N",
      "number_non_empty_cells": 140,
      "number_empty_cells": 0,
      "number_distinct_values": 140,
      "frequent_values": [
        "3317",
        "2779",
        "2961",
        "3025",
        "2414"
      ],
      "data_types": [
        {
          "type": "INTEGER (LONG)",
          "count": 140,
          "max_value": 62585,
          "min_value": 2051,
          "mean": 8928.242857142857
        }
      ]
    },
    {
      "column_name": "Level4_N",
      "number_non_empty_cells": 140,
      "number_empty_cells": 0,
      "number_distinct_values": 138,
      "frequent_values": [
        "1222",
        "898",
        "3789",
        "3976",
        "4551"
      ],
      "data_types": [
        {
          "type": "INTEGER (LONG)",
          "count": 140,
          "max_value": 29321,
          "min_value": 276,
          "mean": 4275.842857142857
        }
      ]
    },
    {
      "column_name": "Category",
      "number_non_empty_cells": 140,
      "number_empty_cells": 0,
      "number_distinct_values": 4,
      "frequent_values": [
        "Asian",
        "Black",
        "Hispanic",
        "White"
      ],
      "data_types": [
        {
          "type": "TEXT",
          "count": 140,
          "shortest_values": "Asian",
          "longest_values": "Hispanic",
          "average_length": 5.75
        }
      ]
    },
    {
      "column_name": "Grade",
      "number_non_empty_cells": 140,
      "number_empty_cells": 0,
      "number_distinct_values": 7,
      "frequent_values": [
        "3",
        "4",
        "5",
        "6",
        "7"
      ],
      "data_types": [
        {
          "type": "INTEGER (LONG)",
          "count": 120,
          "max_value": 8,
          "min_value": 3,
          "mean": 5.5
        },
        {
          "type": "TEXT",
          "count": 20,
          "shortest_values": "All Grades",
          "longest_values": "All Grades",
          "average_length": 10.0
        }
      ]
    },
    {
      "column_name": "Level2_%",
      "number_non_empty_cells": 140,
      "number_empty_cells": 0,
      "number_distinct_values": 100,
      "frequent_values": [
        "23.2",
        "22.9",
        "28.2",
        "35.4",
        "32.1"
      ],
      "data_types": [
        {
          "type": "REAL",
          "count": 140,
          "max_value": 42.0,
          "min_value": 16.8,
          "mean": 30.01428571428572
        }
      ]
    },
    {
      "column_name": "Level4_%",
      "number_non_empty_cells": 140,
      "number_empty_cells": 0,
      "number_distinct_values": 113,
      "frequent_values": [
        "4.4",
        "7.3",
        "6.3",
        "31.1",
        "36.5"
      ],
      "data_types": [
        {
          "type": "REAL",
          "count": 140,
          "max_value": 48.4,
          "min_value": 1.7,
          "mean": 19.10214285714286
        }
      ]
    },
    {
      "column_name": "Year",
      "number_non_empty_cells": 140,
      "number_empty_cells": 0,
      "number_distinct_values": 5,
      "frequent_values": [
        "2013",
        "2014",
        "2015",
        "2016",
        "2017"
      ],
      "data_types": [
        {
          "type": "INTEGER (LONG)",
          "count": 140,
          "max_value": 2017,
          "min_value": 2013,
          "mean": 2015.0
        }
      ]
    },
    {
      "column_name": "Number Tested",
      "number_non_empty_cells": 140,
      "number_empty_cells": 0,
      "number_distinct_values": 139,
      "frequent_values": [
        "11012",
        "12181",
        "11976",
        "12476",
        "13219"
      ],
      "data_types": [
        {
          "type": "INTEGER (LONG)",
          "count": 140,
          "max_value": 171091,
          "min_value": 7240,
          "mean": 28426.542857142857
        }
      ]
    },
    {
      "column_name": "Mean Scale Score",
      "number_non_empty_cells": 140,
      "number_empty_cells": 0,
      "number_distinct_values": 39,
      "frequent_values": [
        "287",
        "292",
        "322",
        "331",
        "324"
      ],
      "data_types": [
        {
          "type": "INTEGER (LONG)",
          "count": 140,
          "max_value": 336,
          "min_value": 278,
          "mean": 306.49285714285713
        }
      ]
    },
    {
      "column_name": "Level3_%",
      "number_non_empty_cells": 140,
      "number_empty_cells": 0,
      "number_distinct_values": 107,
      "frequent_values": [
        "14.8",
        "16.1",
        "27.4",
        "29.5",
        "11.9"
      ],
      "data_types": [
        {
          "type": "REAL",
          "count": 140,
          "max_value": 34.2,
          "min_value": 9.1,
          "mean": 21.38428571428571
        }
      ]
    }
  ]
}