{
  "dataset_name": "edai-t99u.tsv.gz",
  "key_column_candidates": [
    "GRADE LEVEL",
    "PROGRAM TYPE",
    "CORE SUBJECT (MS CORE and 9-12 ONLY)",
    "SERVICE CATEGORY(K-9* ONLY)",
    "CLASS SIZE",
    "NUMBER OF CLASSES",
    "NUMBER OF STUDENTS",
    "PERCENT OF STUDENTS IN PROGRAM / GRADE / SUBJECT"
  ],
  "columns": [
    {
      "column_name": "CORE SUBJECT (MS CORE and 9-12 ONLY)",
      "number_non_empty_cells": 511,
      "number_empty_cells": 0,
      "number_distinct_values": 5,
      "frequent_values": [
        "-",
        "English/ESL",
        "Mathematics",
        "Science",
        "Social Studies"
      ],
      "data_types": [
        {
          "type": "TEXT",
          "count": 511,
          "shortest_values": "-",
          "longest_values": "Social Studies",
          "average_length": 6.1898238747553815
        }
      ]
    },
    {
      "column_name": "NUMBER OF STUDENTS",
      "number_non_empty_cells": 511,
      "number_empty_cells": 0,
      "number_distinct_values": 468,
      "frequent_values": [
        "300",
        "34",
        "4800",
        "288",
        "60"
      ],
      "data_types": [
        {
          "type": "INTEGER (LONG)",
          "count": 511,
          "max_value": 62832,
          "min_value": 5,
          "mean": 5416.933463796478
        }
      ]
    },
    {
      "column_name": "PROGRAM TYPE",
      "number_non_empty_cells": 511,
      "number_empty_cells": 0,
      "number_distinct_values": 3,
      "frequent_values": [
        "GEN ED / CTT / G&T",
        "GEN ED / CTT",
        "SPEC ED"
      ],
      "data_types": [
        {
          "type": "TEXT",
          "count": 511,
          "shortest_values": "SPEC ED",
          "longest_values": "GEN ED / CTT / G&T",
          "average_length": 12.91976516634051
        }
      ]
    },
    {
      "column_name": "CLASS SIZE",
      "number_non_empty_cells": 511,
      "number_empty_cells": 0,
      "number_distinct_values": 33,
      "frequent_values": [
        "15",
        "<15",
        "16",
        "17",
        "18"
      ],
      "data_types": [
        {
          "type": "INTEGER (LONG)",
          "count": 455,
          "max_value": 34,
          "min_value": 6,
          "mean": 20.865934065934066
        },
        {
          "type": "TEXT",
          "count": 56,
          "shortest_values": "<6",
          "longest_values": "<15",
          "average_length": 2.767857142857143
        }
      ]
    },
    {
      "column_name": "PERCENT OF STUDENTS IN PROGRAM / GRADE / SUBJECT",
      "number_non_empty_cells": 511,
      "number_empty_cells": 0,
      "number_distinct_values": 29,
      "frequent_values": [
        "0.01",
        "0.02",
        "0.04",
        "0.03",
        "0.07"
      ],
      "data_types": [
        {
          "type": "REAL",
          "count": 478,
          "max_value": 0.67,
          "min_value": 0.01,
          "mean": 0.06267782426778239
        },
        {
          "type": "INTEGER (LONG)",
          "count": 33,
          "max_value": 0,
          "min_value": 0,
          "mean": 0.0
        }
      ]
    },
    {
      "column_name": "SERVICE CATEGORY(K-9* ONLY)",
      "number_non_empty_cells": 511,
      "number_empty_cells": 0,
      "number_distinct_values": 6,
      "frequent_values": [
        "-",
        "12:1",
        "12:1:1",
        "15:1",
        "8:1:1"
      ],
      "data_types": [
        {
          "type": "TEXT",
          "count": 467,
          "shortest_values": "-",
          "longest_values": "-",
          "average_length": 1.0
        },
        {
          "type": "DATE/TIME",
          "count": 44,
          "max_value": "15:1",
          "min_value": "6:1:1"
        }
      ]
    },
    {
      "column_name": "NUMBER OF CLASSES",
      "number_non_empty_cells": 511,
      "number_empty_cells": 0,
      "number_distinct_values": 313,
      "frequent_values": [
        "1",
        "6",
        "45",
        "71",
        "48"
      ],
      "data_types": [
        {
          "type": "INTEGER (LONG)",
          "count": 511,
          "max_value": 1848,
          "min_value": 1,
          "mean": 218.80234833659492
        }
      ]
    },
    {
      "column_name": "GRADE LEVEL",
      "number_non_empty_cells": 511,
      "number_empty_cells": 0,
      "number_distinct_values": 12,
      "frequent_values": [
        "MS Core",
        "09-12",
        "0K-09",
        "02",
        "03"
      ],
      "data_types": [
        {
          "type": "DATE/TIME",
          "count": 136,
          "max_value": "09-12",
          "min_value": "09-12"
        },
        {
          "type": "INTEGER (LONG)",
          "count": 175,
          "max_value": 8,
          "min_value": 1,
          "mean": 4.52
        },
        {
          "type": "TEXT",
          "count": 200,
          "shortest_values": "0K",
          "longest_values": "MS Core",
          "average_length": 6.06
        }
      ]
    }
  ]
}