{
  "dataset_name": "er9e-qz8i.tsv.gz",
  "key_column_candidates": [
    "Year",
    "Geographic Unit",
    "Category",
    "Code",
    "Code Type",
    "Description of Code",
    "Count of Students",
    "Total Enrolled Students"
  ],
  "columns": [
    {
      "column_name": "Total Enrolled Students",
      "number_non_empty_cells": 3957,
      "number_empty_cells": 0,
      "number_distinct_values": 312,
      "frequent_values": [
        "s",
        "4,961",
        "331,921",
        "72,978",
        "93,911"
      ],
      "data_types": [
        {
          "type": "TEXT",
          "count": 938,
          "shortest_values": "s",
          "longest_values": "14,642",
          "average_length": 5.605543710021322
        },
        {
          "type": "DATE/TIME",
          "count": 1843,
          "max_value": "1,064",
          "min_value": "1,100"
        },
        {
          "type": "INTEGER (LONG)",
          "count": 1176,
          "max_value": 985,
          "min_value": 10,
          "mean": 363.40561224489795
        }
      ]
    },
    {
      "column_name": "Description of Code",
      "number_non_empty_cells": 3957,
      "number_empty_cells": 0,
      "number_distinct_values": 25,
      "frequent_values": [
        "Voluntary Withdrawal or Discharge after 20 Consecutive Days of Non-attendance",
        "Transferred to another DOE school or program",
        "Transferred to a school or program for a limited time period, including YABC",
        "Discharged to a School outside of New York City",
        "Received Local High School Diploma"
      ],
      "data_types": [
        {
          "type": "TEXT",
          "count": 3957,
          "shortest_values": "Deceased Student",
          "longest_values": "Previously Discharged from DOE School with an IEP Diploma, GED or Dropout Code",
          "average_length": 50.640636846095525
        }
      ]
    },
    {
      "column_name": "Count of Students",
      "number_non_empty_cells": 3957,
      "number_empty_cells": 0,
      "number_distinct_values": 490,
      "frequent_values": [
        "s",
        "10",
        "11",
        "13",
        "16"
      ],
      "data_types": [
        {
          "type": "DATE/TIME",
          "count": 92,
          "max_value": "1,056",
          "min_value": "1,100"
        },
        {
          "type": "INTEGER (LONG)",
          "count": 1703,
          "max_value": 993,
          "min_value": 10,
          "mean": 113.86905460951263
        },
        {
          "type": "TEXT",
          "count": 2162,
          "shortest_values": "s",
          "longest_values": "29,113",
          "average_length": 1.0087881591119334
        }
      ]
    },
    {
      "column_name": "Category",
      "number_non_empty_cells": 3957,
      "number_empty_cells": 0,
      "number_distinct_values": 10,
      "frequent_values": [
        "All Students",
        "2007 Cohort",
        "2008 Cohort",
        "2006 Cohort",
        "2009 Cohort"
      ],
      "data_types": [
        {
          "type": "TEXT",
          "count": 3957,
          "shortest_values": "2002 Cohort",
          "longest_values": "All Students",
          "average_length": 11.202678797068486
        }
      ]
    },
    {
      "column_name": "Geographic Unit",
      "number_non_empty_cells": 3957,
      "number_empty_cells": 0,
      "number_distinct_values": 40,
      "frequent_values": [
        "Citywide",
        "Manhattan",
        "Queens",
        "Brooklyn",
        "Bronx"
      ],
      "data_types": [
        {
          "type": "TEXT",
          "count": 3957,
          "shortest_values": "Bronx",
          "longest_values": "Staten Island",
          "average_length": 10.275208491281274
        }
      ]
    },
    {
      "column_name": "Code",
      "number_non_empty_cells": 3957,
      "number_empty_cells": 0,
      "number_distinct_values": 25,
      "frequent_values": [
        "39",
        "0",
        "51",
        "11",
        "26"
      ],
      "data_types": [
        {
          "type": "INTEGER (LONG)",
          "count": 3957,
          "max_value": 62,
          "min_value": 0,
          "mean": 24.896891584533737
        }
      ]
    },
    {
      "column_name": "Year",
      "number_non_empty_cells": 3957,
      "number_empty_cells": 0,
      "number_distinct_values": 1,
      "frequent_values": [
        "2010-11"
      ],
      "data_types": [
        {
          "type": "DATE/TIME",
          "count": 3957,
          "max_value": "2010-11",
          "min_value": "2010-11"
        }
      ]
    },
    {
      "column_name": "Code Type",
      "number_non_empty_cells": 3957,
      "number_empty_cells": 0,
      "number_distinct_values": 4,
      "frequent_values": [
        "Graduation",
        "Discharge out of NYC School",
        "Transfer",
        "Drop Out"
      ],
      "data_types": [
        {
          "type": "TEXT",
          "count": 3957,
          "shortest_values": "Transfer",
          "longest_values": "Discharge out of NYC School",
          "average_length": 13.549153399039676
        }
      ]
    }
  ]
}