{
  "dataset_name": "exe6-f2vx.tsv.gz",
  "key_column_candidates": [
    "Community School District",
    "# of Graduates",
    "# of Graduates that Completed 2+ Credits in Arts",
    "% of Graduates that Completed 2+ Credits in Arts",
    "# of 8th Grade Students",
    "# of 8th Grade Students that Received 2 Half-units of Instruction in Arts",
    "% of 8th Grade Students that Received 2 Half-units of Instruction in Arts",
    "# of 8th Grade Students that Received 2 Half-units of Instruction in Arts in Two Different Disciplines",
    "% of 8th Grade Students that Received 2 Half-units of Instruction in Arts in Two Different Disciplines",
    "# of Schools Serving Grades 1-5",
    "# of Schools Serving Grades 1-5 that Provided Arts Instruction in All Four Disciplines (Music, Dance, Theater, Visual Arts)",
    "% of Schools Serving Grades 1-5 that Provided Arts Instruction in All Four Disciplines (Music, Dance, Theater, Visual Arts)",
    "# of Schools Serving Grade 6",
    "# of Schools Serving Grade 6 that Provided Arts Instruction in All Four Disciplines (Dance, Music, Theater, Visual Arts)",
    "% of Schools Serving Grade 6 that Provided Arts Instruction in All Four Disciplines (Dance, Music, Theater, Visual Arts)",
    "Number of Full-Time Teachers Certified in Dance",
    "Number of Full-Time Teachers Certified in Music",
    "Number of Full-Time Teachers Certified in Theater",
    "Number of Full-Time Teachers Certified in Visual Arts",
    "Number of Part-Time Teachers Certified in Dance",
    "Number of Part-Time Teachers Certified in Music",
    "Number of Part-Time Teachers Certified in Theater",
    "Number of Part-Time Teachers Certified in Visual Arts"
  ],
  "columns": [
    {
      "column_name": "# of 8th Grade Students",
      "number_non_empty_cells": 34,
      "number_empty_cells": 0,
      "number_distinct_values": 34,
      "frequent_values": [
        "826",
        "2,233",
        "1,293",
        "1,000",
        "877"
      ],
      "data_types": [
        {
          "type": "INTEGER (LONG)",
          "count": 5,
          "max_value": 986,
          "min_value": 478,
          "mean": 807.4
        },
        {
          "type": "DATE/TIME",
          "count": 26,
          "max_value": "2,048",
          "min_value": "3,123"
        },
        {
          "type": "TEXT",
          "count": 3,
          "shortest_values": "na",
          "longest_values": "65,504",
          "average_length": 4.333333333333333
        }
      ]
    },
    {
      "column_name": "Number of Full-Time Teachers Certified in Dance",
      "number_non_empty_cells": 34,
      "number_empty_cells": 0,
      "number_distinct_values": 12,
      "frequent_values": [
        "3",
        "1",
        "2",
        "4",
        "6"
      ],
      "data_types": [
        {
          "type": "INTEGER (LONG)",
          "count": 33,
          "max_value": 138,
          "min_value": 1,
          "mean": 8.363636363636363
        },
        {
          "type": "TEXT",
          "count": 1,
          "shortest_values": "na",
          "longest_values": "na",
          "average_length": 2.0
        }
      ]
    },
    {
      "column_name": "Number of Full-Time Teachers Certified in Music",
      "number_non_empty_cells": 34,
      "number_empty_cells": 0,
      "number_distinct_values": 24,
      "frequent_values": [
        "9",
        "11",
        "15",
        "34",
        "21"
      ],
      "data_types": [
        {
          "type": "TEXT",
          "count": 1,
          "shortest_values": "na",
          "longest_values": "na",
          "average_length": 2.0
        },
        {
          "type": "INTEGER (LONG)",
          "count": 33,
          "max_value": 606,
          "min_value": 2,
          "mean": 36.72727272727273
        }
      ]
    },
    {
      "column_name": "% of 8th Grade Students that Received 2 Half-units of Instruction in Arts in Two Different Disciplines",
      "number_non_empty_cells": 34,
      "number_empty_cells": 0,
      "number_distinct_values": 31,
      "frequent_values": [
        "45.3%",
        "20.6%",
        "48.2%",
        "51.6%",
        "23.6%"
      ],
      "data_types": [
        {
          "type": "TEXT",
          "count": 34,
          "shortest_values": "na",
          "longest_values": "45.3%",
          "average_length": 4.911764705882353
        }
      ]
    },
    {
      "column_name": "# of 8th Grade Students that Received 2 Half-units of Instruction in Arts",
      "number_non_empty_cells": 34,
      "number_empty_cells": 0,
      "number_distinct_values": 34,
      "frequent_values": [
        "656",
        "2,110",
        "1,124",
        "901",
        "733"
      ],
      "data_types": [
        {
          "type": "DATE/TIME",
          "count": 23,
          "max_value": "4,020",
          "min_value": "2,110"
        },
        {
          "type": "TEXT",
          "count": 2,
          "shortest_values": "na",
          "longest_values": "56,917",
          "average_length": 4.0
        },
        {
          "type": "INTEGER (LONG)",
          "count": 9,
          "max_value": 983,
          "min_value": 353,
          "mean": 778.8888888888889
        }
      ]
    },
    {
      "column_name": "# of Schools Serving Grade 6",
      "number_non_empty_cells": 34,
      "number_empty_cells": 0,
      "number_distinct_values": 19,
      "frequent_values": [
        "12",
        "18",
        "15",
        "22",
        "19"
      ],
      "data_types": [
        {
          "type": "TEXT",
          "count": 1,
          "shortest_values": "na",
          "longest_values": "na",
          "average_length": 2.0
        },
        {
          "type": "INTEGER (LONG)",
          "count": 33,
          "max_value": 509,
          "min_value": 7,
          "mean": 30.848484848484848
        }
      ]
    },
    {
      "column_name": "# of Schools Serving Grade 6 that Provided Arts Instruction in All Four Disciplines (Dance, Music, Theater, Visual Arts)",
      "number_non_empty_cells": 34,
      "number_empty_cells": 0,
      "number_distinct_values": 7,
      "frequent_values": [
        "1",
        "0",
        "3",
        "2",
        "6"
      ],
      "data_types": [
        {
          "type": "INTEGER (LONG)",
          "count": 33,
          "max_value": 40,
          "min_value": 0,
          "mean": 2.4242424242424243
        },
        {
          "type": "TEXT",
          "count": 1,
          "shortest_values": "na",
          "longest_values": "na",
          "average_length": 2.0
        }
      ]
    },
    {
      "column_name": "# of Schools Serving Grades 1-5",
      "number_non_empty_cells": 34,
      "number_empty_cells": 0,
      "number_distinct_values": 24,
      "frequent_values": [
        "22",
        "21",
        "18",
        "26",
        "29"
      ],
      "data_types": [
        {
          "type": "INTEGER (LONG)",
          "count": 33,
          "max_value": 798,
          "min_value": 13,
          "mean": 48.36363636363637
        },
        {
          "type": "TEXT",
          "count": 1,
          "shortest_values": "na",
          "longest_values": "na",
          "average_length": 2.0
        }
      ]
    },
    {
      "column_name": "# of Schools Serving Grades 1-5 that Provided Arts Instruction in All Four Disciplines (Music, Dance, Theater, Visual Arts)",
      "number_non_empty_cells": 34,
      "number_empty_cells": 0,
      "number_distinct_values": 18,
      "frequent_values": [
        "10",
        "8",
        "4",
        "7",
        "6"
      ],
      "data_types": [
        {
          "type": "INTEGER (LONG)",
          "count": 33,
          "max_value": 345,
          "min_value": 4,
          "mean": 20.90909090909091
        },
        {
          "type": "TEXT",
          "count": 1,
          "shortest_values": "na",
          "longest_values": "na",
          "average_length": 2.0
        }
      ]
    },
    {
      "column_name": "Number of Part-Time Teachers Certified in Dance",
      "number_non_empty_cells": 34,
      "number_empty_cells": 0,
      "number_distinct_values": 9,
      "frequent_values": [
        "2",
        "3",
        "4",
        "5",
        "0"
      ],
      "data_types": [
        {
          "type": "TEXT",
          "count": 1,
          "shortest_values": "na",
          "longest_values": "na",
          "average_length": 2.0
        },
        {
          "type": "INTEGER (LONG)",
          "count": 33,
          "max_value": 95,
          "min_value": 0,
          "mean": 5.757575757575758
        }
      ]
    },
    {
      "column_name": "# of Graduates",
      "number_non_empty_cells": 34,
      "number_empty_cells": 0,
      "number_distinct_values": 34,
      "frequent_values": [
        "813",
        "7483",
        "2050",
        "724",
        "754"
      ],
      "data_types": [
        {
          "type": "INTEGER (LONG)",
          "count": 34,
          "max_value": 59869,
          "min_value": 147,
          "mean": 3521.705882352941
        }
      ]
    },
    {
      "column_name": "% of 8th Grade Students that Received 2 Half-units of Instruction in Arts",
      "number_non_empty_cells": 34,
      "number_empty_cells": 0,
      "number_distinct_values": 33,
      "frequent_values": [
        "86.9%",
        "79.4%",
        "94.5%",
        "90.1%",
        "83.6%"
      ],
      "data_types": [
        {
          "type": "TEXT",
          "count": 34,
          "shortest_values": "na",
          "longest_values": "79.4%",
          "average_length": 4.911764705882353
        }
      ]
    },
    {
      "column_name": "% of Schools Serving Grade 6 that Provided Arts Instruction in All Four Disciplines (Dance, Music, Theater, Visual Arts)",
      "number_non_empty_cells": 34,
      "number_empty_cells": 0,
      "number_distinct_values": 7,
      "frequent_values": [
        "8.3%",
        "0.0%",
        "25.0%",
        "16.7%",
        "50.0%"
      ],
      "data_types": [
        {
          "type": "TEXT",
          "count": 34,
          "shortest_values": "na",
          "longest_values": "16.7%",
          "average_length": 4.205882352941177
        }
      ]
    },
    {
      "column_name": "Number of Part-Time Teachers Certified in Theater",
      "number_non_empty_cells": 34,
      "number_empty_cells": 0,
      "number_distinct_values": 9,
      "frequent_values": [
        "4",
        "2",
        "1",
        "3",
        "0"
      ],
      "data_types": [
        {
          "type": "INTEGER (LONG)",
          "count": 33,
          "max_value": 98,
          "min_value": 0,
          "mean": 5.9393939393939394
        },
        {
          "type": "TEXT",
          "count": 1,
          "shortest_values": "na",
          "longest_values": "na",
          "average_length": 2.0
        }
      ]
    },
    {
      "column_name": "Number of Part-Time Teachers Certified in Visual Arts",
      "number_non_empty_cells": 34,
      "number_empty_cells": 0,
      "number_distinct_values": 17,
      "frequent_values": [
        "10",
        "7",
        "4",
        "2",
        "12"
      ],
      "data_types": [
        {
          "type": "TEXT",
          "count": 1,
          "shortest_values": "na",
          "longest_values": "na",
          "average_length": 2.0
        },
        {
          "type": "INTEGER (LONG)",
          "count": 33,
          "max_value": 305,
          "min_value": 2,
          "mean": 18.484848484848484
        }
      ]
    },
    {
      "column_name": "% of Schools Serving Grades 1-5 that Provided Arts Instruction in All Four Disciplines (Music, Dance, Theater, Visual Arts)",
      "number_non_empty_cells": 34,
      "number_empty_cells": 0,
      "number_distinct_values": 31,
      "frequent_values": [
        "55.6%",
        "40.0%",
        "42.9%",
        "66.7%",
        "45.5%"
      ],
      "data_types": [
        {
          "type": "TEXT",
          "count": 34,
          "shortest_values": "na",
          "longest_values": "55.6%",
          "average_length": 4.911764705882353
        }
      ]
    },
    {
      "column_name": "# of Graduates that Completed 2+ Credits in Arts",
      "number_non_empty_cells": 34,
      "number_empty_cells": 0,
      "number_distinct_values": 34,
      "frequent_values": [
        "813",
        "7467",
        "2050",
        "724",
        "753"
      ],
      "data_types": [
        {
          "type": "INTEGER (LONG)",
          "count": 34,
          "max_value": 59803,
          "min_value": 146,
          "mean": 3517.823529411765
        }
      ]
    },
    {
      "column_name": "% of Graduates that Completed 2+ Credits in Arts",
      "number_non_empty_cells": 34,
      "number_empty_cells": 0,
      "number_distinct_values": 5,
      "frequent_values": [
        "1",
        "0.999",
        "0.998",
        "0.996",
        "0.994"
      ],
      "data_types": [
        {
          "type": "INTEGER (LONG)",
          "count": 13,
          "max_value": 1,
          "min_value": 1,
          "mean": 1.0
        },
        {
          "type": "REAL",
          "count": 21,
          "max_value": 0.999,
          "min_value": 0.994,
          "mean": 0.998190476190476
        }
      ]
    },
    {
      "column_name": "Number of Part-Time Teachers Certified in Music",
      "number_non_empty_cells": 34,
      "number_empty_cells": 0,
      "number_distinct_values": 15,
      "frequent_values": [
        "5",
        "2",
        "6",
        "8",
        "3"
      ],
      "data_types": [
        {
          "type": "TEXT",
          "count": 1,
          "shortest_values": "na",
          "longest_values": "na",
          "average_length": 2.0
        },
        {
          "type": "INTEGER (LONG)",
          "count": 33,
          "max_value": 218,
          "min_value": 2,
          "mean": 13.212121212121213
        }
      ]
    },
    {
      "column_name": "Number of Full-Time Teachers Certified in Visual Arts",
      "number_non_empty_cells": 34,
      "number_empty_cells": 0,
      "number_distinct_values": 27,
      "frequent_values": [
        "11",
        "20",
        "27",
        "22",
        "10"
      ],
      "data_types": [
        {
          "type": "INTEGER (LONG)",
          "count": 33,
          "max_value": 839,
          "min_value": 5,
          "mean": 50.84848484848485
        },
        {
          "type": "TEXT",
          "count": 1,
          "shortest_values": "na",
          "longest_values": "na",
          "average_length": 2.0
        }
      ]
    },
    {
      "column_name": "Community School District",
      "number_non_empty_cells": 34,
      "number_empty_cells": 0,
      "number_distinct_values": 34,
      "frequent_values": [
        "01",
        "02",
        "03",
        "04",
        "05"
      ],
      "data_types": [
        {
          "type": "INTEGER (LONG)",
          "count": 33,
          "max_value": 75,
          "min_value": 1,
          "mean": 18.272727272727273
        },
        {
          "type": "TEXT",
          "count": 1,
          "shortest_values": "Citywide",
          "longest_values": "Citywide",
          "average_length": 8.0
        }
      ]
    },
    {
      "column_name": "Number of Full-Time Teachers Certified in Theater",
      "number_non_empty_cells": 34,
      "number_empty_cells": 0,
      "number_distinct_values": 14,
      "frequent_values": [
        "2",
        "1",
        "3",
        "5",
        "8"
      ],
      "data_types": [
        {
          "type": "INTEGER (LONG)",
          "count": 33,
          "max_value": 131,
          "min_value": 0,
          "mean": 7.9393939393939394
        },
        {
          "type": "TEXT",
          "count": 1,
          "shortest_values": "na",
          "longest_values": "na",
          "average_length": 2.0
        }
      ]
    },
    {
      "column_name": "# of 8th Grade Students that Received 2 Half-units of Instruction in Arts in Two Different Disciplines",
      "number_non_empty_cells": 34,
      "number_empty_cells": 0,
      "number_distinct_values": 34,
      "frequent_values": [
        "374",
        "1,152",
        "305",
        "318",
        "302"
      ],
      "data_types": [
        {
          "type": "DATE/TIME",
          "count": 11,
          "max_value": "1,052",
          "min_value": "2,123"
        },
        {
          "type": "TEXT",
          "count": 2,
          "shortest_values": "na",
          "longest_values": "29,672",
          "average_length": 4.0
        },
        {
          "type": "INTEGER (LONG)",
          "count": 21,
          "max_value": 947,
          "min_value": 125,
          "mean": 545.4761904761905
        }
      ]
    }
  ]
}