{
  "dataset_name": "exsg-kpya.tsv.gz",
  "key_column_candidates": [
    "BIC NUMBER",
    "ACCOUNT NAME",
    "TRADE NAME",
    "APPLICATION TYPE",
    "APPLICATION INDUSTRY",
    "APPLICATION STATUS",
    "APPLICATION STATUS DATE",
    "STREET",
    "CITY",
    "STATE",
    "POSTCODE",
    "RENEWAL APPLICATION",
    "EXPORT DATE",
    "Borough",
    "Latitude",
    "Longitude",
    "Community Board",
    "Council District",
    "Census Tract",
    "BIN",
    "BBL",
    "NTA"
  ],
  "columns": [
    {
      "column_name": "Borough",
      "number_non_empty_cells": 149,
      "number_empty_cells": 108,
      "number_distinct_values": 6,
      "frequent_values": [
        "",
        "BROOKLYN",
        "QUEENS",
        "STATEN IS",
        "BRONX"
      ],
      "data_types": [
        {
          "type": "TEXT",
          "count": 149,
          "shortest_values": "BRONX",
          "longest_values": "STATEN IS",
          "average_length": 7.382550335570469
        }
      ]
    },
    {
      "column_name": "Latitude",
      "number_non_empty_cells": 149,
      "number_empty_cells": 108,
      "number_distinct_values": 128,
      "frequent_values": [
        "",
        "40.718862",
        "40.632273",
        "40.633425",
        "40.60404"
      ],
      "data_types": [
        {
          "type": "REAL",
          "count": 149,
          "max_value": 40.892282,
          "min_value": 40.513044,
          "mean": 40.687411624161044
        }
      ]
    },
    {
      "column_name": "Council District",
      "number_non_empty_cells": 149,
      "number_empty_cells": 108,
      "number_distinct_values": 38,
      "frequent_values": [
        "",
        "50",
        "46",
        "30",
        "33"
      ],
      "data_types": [
        {
          "type": "INTEGER (LONG)",
          "count": 149,
          "max_value": 51,
          "min_value": 1,
          "mean": 33.49664429530201
        }
      ]
    },
    {
      "column_name": "BIN",
      "number_non_empty_cells": 142,
      "number_empty_cells": 115,
      "number_distinct_values": 121,
      "frequent_values": [
        "",
        "3000000",
        "4440820",
        "3226781",
        "3213364"
      ],
      "data_types": [
        {
          "type": "INTEGER (LONG)",
          "count": 142,
          "max_value": 5155586,
          "min_value": 1000000,
          "mean": 3534214.6619718308
        }
      ]
    },
    {
      "column_name": "BBL",
      "number_non_empty_cells": 142,
      "number_empty_cells": 115,
      "number_distinct_values": 121,
      "frequent_values": [
        "",
        "4026300201",
        "3080640019",
        "3077270017",
        "3085920084"
      ],
      "data_types": [
        {
          "type": "INTEGER (LONG)",
          "count": 142,
          "max_value": 5080370045,
          "min_value": 1000730014,
          "mean": 3406937455.5070424
        }
      ]
    },
    {
      "column_name": "APPLICATION STATUS",
      "number_non_empty_cells": 257,
      "number_empty_cells": 0,
      "number_distinct_values": 2,
      "frequent_values": [
        "Denied",
        "Revocation"
      ],
      "data_types": [
        {
          "type": "TEXT",
          "count": 257,
          "shortest_values": "Denied",
          "longest_values": "Revocation",
          "average_length": 6.062256809338521
        }
      ]
    },
    {
      "column_name": "STREET",
      "number_non_empty_cells": 257,
      "number_empty_cells": 0,
      "number_distinct_values": 234,
      "frequent_values": [
        "1239 E.85TH STREET",
        "1590 TROY AVENUE",
        "2400 NATIONAL DRIVE",
        "1237 72ND STREET",
        "380 SALEM ROAD"
      ],
      "data_types": [
        {
          "type": "TEXT",
          "count": 257,
          "shortest_values": "PO BOX 66",
          "longest_values": "C/O COMPOSTO & FELICIA LLC 1682-86TH ST.",
          "average_length": 17.813229571984436
        }
      ]
    },
    {
      "column_name": "APPLICATION TYPE",
      "number_non_empty_cells": 257,
      "number_empty_cells": 0,
      "number_distinct_values": 6,
      "frequent_values": [
        "CL2 - Exempt",
        "License",
        "Public Wholesale Market",
        "CL1",
        "CL2 - Broker"
      ],
      "data_types": [
        {
          "type": "TEXT",
          "count": 257,
          "shortest_values": "CL1",
          "longest_values": "Wholesale Seafood Delivery",
          "average_length": 10.45136186770428
        }
      ]
    },
    {
      "column_name": "Longitude",
      "number_non_empty_cells": 149,
      "number_empty_cells": 108,
      "number_distinct_values": 127,
      "frequent_values": [
        "",
        "-73.914045",
        "-73.903377",
        "-73.934252",
        "-73.910501"
      ],
      "data_types": [
        {
          "type": "REAL",
          "count": 149,
          "max_value": -73.754641,
          "min_value": -74.244143,
          "mean": -73.95878332214767
        }
      ]
    },
    {
      "column_name": "APPLICATION INDUSTRY",
      "number_non_empty_cells": 257,
      "number_empty_cells": 0,
      "number_distinct_values": 2,
      "frequent_values": [
        "Trade Waste",
        "Markets"
      ],
      "data_types": [
        {
          "type": "TEXT",
          "count": 257,
          "shortest_values": "Markets",
          "longest_values": "Trade Waste",
          "average_length": 10.782101167315176
        }
      ]
    },
    {
      "column_name": "RENEWAL APPLICATION",
      "number_non_empty_cells": 257,
      "number_empty_cells": 0,
      "number_distinct_values": 2,
      "frequent_values": [
        "FALSE",
        "TRUE"
      ],
      "data_types": [
        {
          "type": "TEXT",
          "count": 257,
          "shortest_values": "TRUE",
          "longest_values": "FALSE",
          "average_length": 4.692607003891051
        }
      ]
    },
    {
      "column_name": "POSTCODE",
      "number_non_empty_cells": 257,
      "number_empty_cells": 0,
      "number_distinct_values": 169,
      "frequent_values": [
        "10474",
        "11234",
        "11378-",
        "11236-",
        "10314-"
      ],
      "data_types": [
        {
          "type": "DATE/TIME",
          "count": 27,
          "max_value": "08879-",
          "min_value": "07002-"
        },
        {
          "type": "INTEGER (LONG)",
          "count": 83,
          "max_value": 11801,
          "min_value": 7863,
          "mean": 10959.325301204819
        },
        {
          "type": "TEXT",
          "count": 147,
          "shortest_values": "11779-",
          "longest_values": "11217-1911",
          "average_length": 6.299319727891157
        }
      ]
    },
    {
      "column_name": "Census Tract",
      "number_non_empty_cells": 149,
      "number_empty_cells": 108,
      "number_distinct_values": 106,
      "frequent_values": [
        "",
        "29102",
        "535",
        "119",
        "93"
      ],
      "data_types": [
        {
          "type": "INTEGER (LONG)",
          "count": 149,
          "max_value": 118201,
          "min_value": 1,
          "mean": 5347.89932885906
        }
      ]
    },
    {
      "column_name": "NTA",
      "number_non_empty_cells": 149,
      "number_empty_cells": 108,
      "number_distinct_values": 73,
      "frequent_values": [
        "",
        "Canarsie",
        "Hunts Point",
        "Flatlands",
        "New Springville-Bloomfield-Travis"
      ],
      "data_types": [
        {
          "type": "TEXT",
          "count": 149,
          "shortest_values": "Hollis",
          "longest_values": "Todt Hill-Emerson Hill-Heartland Village-Lighthouse Hill",
          "average_length": 21.248322147651006
        }
      ]
    },
    {
      "column_name": "TRADE NAME",
      "number_non_empty_cells": 206,
      "number_empty_cells": 51,
      "number_distinct_values": 199,
      "frequent_values": [
        "",
        "ANCAR TRUCKING CORP.",
        "C & A ENVIRONMENTAL CORP.",
        "DECOSTOLE CARTING, INC.",
        "FRANK LIQUORI PLUMBING & HEATING, INC."
      ],
      "data_types": [
        {
          "type": "TEXT",
          "count": 206,
          "shortest_values": "SAME",
          "longest_values": "FOUR SEASONS LANDSCAPING & GUTTER CLEANING MAINTENANCE CORP.",
          "average_length": 24.111650485436893
        }
      ]
    },
    {
      "column_name": "APPLICATION STATUS DATE",
      "number_non_empty_cells": 257,
      "number_empty_cells": 0,
      "number_distinct_values": 75,
      "frequent_values": [
        "01/14/2013",
        "11/09/2015",
        "03/06/2015",
        "08/02/2011",
        "04/14/2009"
      ],
      "data_types": [
        {
          "type": "DATE/TIME",
          "count": 257,
          "max_value": "10/10/2018",
          "min_value": "09/06/1996"
        }
      ]
    },
    {
      "column_name": "BIC NUMBER",
      "number_non_empty_cells": 257,
      "number_empty_cells": 0,
      "number_distinct_values": 257,
      "frequent_values": [
        "HPA-34",
        "BIC-4610",
        "BIC-3708",
        "BIC-153",
        "BIC-3658"
      ],
      "data_types": [
        {
          "type": "TEXT",
          "count": 257,
          "shortest_values": "BIC-5",
          "longest_values": "BIC-488481",
          "average_length": 7.708171206225681
        }
      ]
    },
    {
      "column_name": "CITY",
      "number_non_empty_cells": 257,
      "number_empty_cells": 0,
      "number_distinct_values": 88,
      "frequent_values": [
        "BROOKLYN",
        "STATEN ISLAND",
        "BRONX",
        "NEW YORK",
        "MASPETH"
      ],
      "data_types": [
        {
          "type": "TEXT",
          "count": 257,
          "shortest_values": "BRONX",
          "longest_values": "HUNTINGTON STATION",
          "average_length": 8.996108949416342
        }
      ]
    },
    {
      "column_name": "STATE",
      "number_non_empty_cells": 257,
      "number_empty_cells": 0,
      "number_distinct_values": 3,
      "frequent_values": [
        "NY",
        "NJ",
        "PA"
      ],
      "data_types": [
        {
          "type": "TEXT",
          "count": 257,
          "shortest_values": "NY",
          "longest_values": "NY",
          "average_length": 2.0
        }
      ]
    },
    {
      "column_name": "EXPORT DATE",
      "number_non_empty_cells": 257,
      "number_empty_cells": 0,
      "number_distinct_values": 1,
      "frequent_values": [
        "12/21/2018"
      ],
      "data_types": [
        {
          "type": "DATE/TIME",
          "count": 257,
          "max_value": "12/21/2018",
          "min_value": "12/21/2018"
        }
      ]
    },
    {
      "column_name": "ACCOUNT NAME",
      "number_non_empty_cells": 257,
      "number_empty_cells": 0,
      "number_distinct_values": 248,
      "frequent_values": [
        "ANCAR TRUCKING CORP.",
        "C & A ENVIRONMENTAL CORP.",
        "CARA SEAFOOD EXPRESS INC.",
        "DECOSTOLE CARTING, INC.",
        "FRANK LIQUORI PLUMBING & HEATING, INC."
      ],
      "data_types": [
        {
          "type": "TEXT",
          "count": 257,
          "shortest_values": "KARTA CORP.",
          "longest_values": "FOUR SEASONS LANDSCAPING & GUTTER CLEANING MAINTENANCE CORP.",
          "average_length": 24.653696498054476
        }
      ]
    },
    {
      "column_name": "Community Board",
      "number_non_empty_cells": 149,
      "number_empty_cells": 108,
      "number_distinct_values": 18,
      "frequent_values": [
        "",
        "2",
        "1",
        "10",
        "7"
      ],
      "data_types": [
        {
          "type": "INTEGER (LONG)",
          "count": 149,
          "max_value": 18,
          "min_value": 1,
          "mean": 6.818791946308725
        }
      ]
    }
  ]
}