{
  "dataset_name": "ezaf-3uhs.tsv.gz",
  "key_column_candidates": [
    "DBN",
    "School Name",
    "Grade Level",
    "Program Type",
    "Department",
    "Subject",
    "Number of Students",
    "Number of Classes",
    "Average Class Size"
  ],
  "columns": [
    {
      "column_name": "Program Type",
      "number_non_empty_cells": 18794,
      "number_empty_cells": 0,
      "number_distinct_values": 5,
      "frequent_values": [
        "Gen Ed",
        "ICT",
        "SC",
        "Accelerated",
        "ICT & Acc"
      ],
      "data_types": [
        {
          "type": "TEXT",
          "count": 18794,
          "shortest_values": "SC",
          "longest_values": "Accelerated",
          "average_length": 4.620357560923699
        }
      ]
    },
    {
      "column_name": "Subject",
      "number_non_empty_cells": 18794,
      "number_empty_cells": 0,
      "number_distinct_values": 29,
      "frequent_values": [
        "MS Math Core",
        "MS English Core",
        "MS Science Core",
        "MS Social Studies Core",
        "HS Global History"
      ],
      "data_types": [
        {
          "type": "TEXT",
          "count": 18794,
          "shortest_values": "HS Physics",
          "longest_values": "HS Social Studies Other",
          "average_length": 15.06161540917314
        }
      ]
    },
    {
      "column_name": "Number of Students",
      "number_non_empty_cells": 18794,
      "number_empty_cells": 0,
      "number_distinct_values": 849,
      "frequent_values": [
        "32",
        "24",
        "30",
        "31",
        "34"
      ],
      "data_types": [
        {
          "type": "INTEGER (LONG)",
          "count": 18794,
          "max_value": 4469,
          "min_value": 5,
          "mean": 109.50915185697563
        }
      ]
    },
    {
      "column_name": "Average Class Size",
      "number_non_empty_cells": 18794,
      "number_empty_cells": 0,
      "number_distinct_values": 1379,
      "frequent_values": [
        "26",
        "28",
        "27",
        "30",
        "29"
      ],
      "data_types": [
        {
          "type": "REAL",
          "count": 9758,
          "max_value": 55.25,
          "min_value": 5.333333,
          "mean": 24.387211906536983
        },
        {
          "type": "INTEGER (LONG)",
          "count": 9036,
          "max_value": 96,
          "min_value": 5,
          "mean": 22.663899955732624
        }
      ]
    },
    {
      "column_name": "Department",
      "number_non_empty_cells": 18794,
      "number_empty_cells": 0,
      "number_distinct_values": 4,
      "frequent_values": [
        "English",
        "Science",
        "Math",
        "Social Studies"
      ],
      "data_types": [
        {
          "type": "TEXT",
          "count": 18794,
          "shortest_values": "Math",
          "longest_values": "Social Studies",
          "average_length": 7.867244865382569
        }
      ]
    },
    {
      "column_name": "Number of Classes",
      "number_non_empty_cells": 18794,
      "number_empty_cells": 0,
      "number_distinct_values": 60,
      "frequent_values": [
        "1",
        "2",
        "3",
        "4",
        "5"
      ],
      "data_types": [
        {
          "type": "INTEGER (LONG)",
          "count": 18794,
          "max_value": 137,
          "min_value": 1,
          "mean": 4.312493348941151
        }
      ]
    },
    {
      "column_name": "Grade Level",
      "number_non_empty_cells": 18794,
      "number_empty_cells": 0,
      "number_distinct_values": 2,
      "frequent_values": [
        "HS Core",
        "MS Core"
      ],
      "data_types": [
        {
          "type": "TEXT",
          "count": 18794,
          "shortest_values": "MS Core",
          "longest_values": "MS Core",
          "average_length": 7.0
        }
      ]
    },
    {
      "column_name": "DBN",
      "number_non_empty_cells": 18794,
      "number_empty_cells": 0,
      "number_distinct_values": 903,
      "frequent_values": [
        "12X242",
        "08X367",
        "12X271",
        "10X141",
        "07X551"
      ],
      "data_types": [
        {
          "type": "TEXT",
          "count": 18672,
          "shortest_values": "01M140",
          "longest_values": "01M140",
          "average_length": 6.0
        },
        {
          "type": "DATE/TIME",
          "count": 122,
          "max_value": "06M052",
          "min_value": "01M034"
        }
      ]
    },
    {
      "column_name": "School Name",
      "number_non_empty_cells": 18794,
      "number_empty_cells": 0,
      "number_distinct_values": 903,
      "frequent_values": [
        "MOTT HALL V",
        "ARCHIMEDES ACADEMY FOR MATH, SCIENCE AND TECHNOLOGY APPLICATIONS",
        "EAST BRONX ACADEMY FOR THE FUTURE",
        "RIVERDALE / KINGSBRIDGE ACADEMY (MIDDLE SCHOOL / HIGH SCHOOL 141)",
        "THE URBAN ASSEMBLY BRONX ACADEMY OF LETTERS"
      ],
      "data_types": [
        {
          "type": "TEXT",
          "count": 18794,
          "shortest_values": "KAPPA",
          "longest_values": "ENGLISH LANGUAGE LEARNERS AND INTERNATIONAL SUPPORT PREPARATORY ACADEMY (ELLIS)",
          "average_length": 34.160849207193785
        }
      ]
    }
  ]
}