{
  "dataset_name": "fb26-34vu.tsv.gz",
  "key_column_candidates": [
    "BORO",
    "GRADE ",
    "PROGRAM TYPE",
    "CORE SUBJECT (MS CORE and 9-12 ONLY)",
    "CORE COURSE (MS CORE and 9-12 ONLY)",
    "SERVICE CATEGORY(K-9* ONLY)",
    "NUMBER OF STUDENTS / SEATS FILLED",
    "NUMBER OF SECTIONS",
    "AVERAGE CLASS SIZE"
  ],
  "columns": [
    {
      "column_name": "CORE SUBJECT (MS CORE and 9-12 ONLY)",
      "number_non_empty_cells": 667,
      "number_empty_cells": 0,
      "number_distinct_values": 5,
      "frequent_values": [
        "-",
        "SCIENCE",
        "MATH",
        "SOCIAL STUDIES",
        "ENGLISH"
      ],
      "data_types": [
        {
          "type": "TEXT",
          "count": 667,
          "shortest_values": "-",
          "longest_values": "SOCIAL STUDIES",
          "average_length": 6.359820089955022
        }
      ]
    },
    {
      "column_name": "NUMBER OF STUDENTS / SEATS FILLED",
      "number_non_empty_cells": 667,
      "number_empty_cells": 0,
      "number_distinct_values": 586,
      "frequent_values": [
        "11",
        "57",
        "46",
        "21",
        "31"
      ],
      "data_types": [
        {
          "type": "INTEGER (LONG)",
          "count": 667,
          "max_value": 51310,
          "min_value": 5,
          "mean": 4136.152923538231
        }
      ]
    },
    {
      "column_name": "PROGRAM TYPE",
      "number_non_empty_cells": 667,
      "number_empty_cells": 0,
      "number_distinct_values": 4,
      "frequent_values": [
        "GEN ED",
        "CTT",
        "SPEC ED",
        "G&T"
      ],
      "data_types": [
        {
          "type": "TEXT",
          "count": 667,
          "shortest_values": "CTT",
          "longest_values": "SPEC ED",
          "average_length": 5.091454272863568
        }
      ]
    },
    {
      "column_name": "BORO",
      "number_non_empty_cells": 667,
      "number_empty_cells": 0,
      "number_distinct_values": 5,
      "frequent_values": [
        "K",
        "X",
        "Q",
        "M",
        "R"
      ],
      "data_types": [
        {
          "type": "TEXT",
          "count": 667,
          "shortest_values": "K",
          "longest_values": "K",
          "average_length": 1.0
        }
      ]
    },
    {
      "column_name": "GRADE ",
      "number_non_empty_cells": 667,
      "number_empty_cells": 0,
      "number_distinct_values": 13,
      "frequent_values": [
        "09-12",
        "MS Core",
        "0K-09",
        "0K",
        "01"
      ],
      "data_types": [
        {
          "type": "DATE/TIME",
          "count": 320,
          "max_value": "09-12",
          "min_value": "09-12"
        },
        {
          "type": "INTEGER (LONG)",
          "count": 123,
          "max_value": 9,
          "min_value": 1,
          "mean": 4.658536585365853
        },
        {
          "type": "TEXT",
          "count": 224,
          "shortest_values": "0K",
          "longest_values": "MS Core",
          "average_length": 6.486607142857143
        }
      ]
    },
    {
      "column_name": "SERVICE CATEGORY(K-9* ONLY)",
      "number_non_empty_cells": 667,
      "number_empty_cells": 0,
      "number_distinct_values": 6,
      "frequent_values": [
        "-",
        "12:1",
        "12:1:1",
        "15:1",
        "6:1:1"
      ],
      "data_types": [
        {
          "type": "DATE/TIME",
          "count": 20,
          "max_value": "15:1",
          "min_value": "6:1:1"
        },
        {
          "type": "TEXT",
          "count": 647,
          "shortest_values": "-",
          "longest_values": "-",
          "average_length": 1.0
        }
      ]
    },
    {
      "column_name": "CORE COURSE (MS CORE and 9-12 ONLY)",
      "number_non_empty_cells": 667,
      "number_empty_cells": 0,
      "number_distinct_values": 26,
      "frequent_values": [
        "-",
        "MS English Core",
        "Other Science",
        "Living Environment",
        "Other Social Studies"
      ],
      "data_types": [
        {
          "type": "TEXT",
          "count": 667,
          "shortest_values": "-",
          "longest_values": "Participation in Government",
          "average_length": 11.146926536731634
        }
      ]
    },
    {
      "column_name": "NUMBER OF SECTIONS",
      "number_non_empty_cells": 667,
      "number_empty_cells": 0,
      "number_distinct_values": 296,
      "frequent_values": [
        "1",
        "2",
        "4",
        "3",
        "11"
      ],
      "data_types": [
        {
          "type": "INTEGER (LONG)",
          "count": 667,
          "max_value": 1958,
          "min_value": 1,
          "mean": 167.6191904047976
        }
      ]
    },
    {
      "column_name": "AVERAGE CLASS SIZE",
      "number_non_empty_cells": 667,
      "number_empty_cells": 0,
      "number_distinct_values": 165,
      "frequent_values": [
        "25.4",
        "25.5",
        "25.8",
        "25.6",
        "26.4"
      ],
      "data_types": [
        {
          "type": "REAL",
          "count": 559,
          "max_value": 33.5,
          "min_value": 5.5,
          "mean": 22.453667262969585
        },
        {
          "type": "INTEGER (LONG)",
          "count": 108,
          "max_value": 32,
          "min_value": 5,
          "mean": 20.35185185185185
        }
      ]
    }
  ]
}