{
  "dataset_name": "fijd-wye8.tsv.gz",
  "key_column_candidates": [
    "PROGRAM TYPE",
    "PROGRAM",
    "SITE NAME",
    "BOROUGH / COMMUNITY",
    "AGENCY",
    "Contact Number",
    "Grade Level / Age Group ",
    "Location 1",
    "Address",
    "Postcode",
    "Latitude",
    "Longitude",
    "Community Board",
    "Council District ",
    "Census Tract",
    "BIN",
    "BBL",
    "NTA"
  ],
  "columns": [
    {
      "column_name": "Latitude",
      "number_non_empty_cells": 57,
      "number_empty_cells": 2,
      "number_distinct_values": 57,
      "frequent_values": [
        "40.815938",
        "",
        "40.808109",
        "40.673769",
        "40.642121"
      ],
      "data_types": [
        {
          "type": "REAL",
          "count": 57,
          "max_value": 40.888338,
          "min_value": 40.622596,
          "mean": 40.74198163157895
        }
      ]
    },
    {
      "column_name": "BIN",
      "number_non_empty_cells": 56,
      "number_empty_cells": 3,
      "number_distinct_values": 56,
      "frequent_values": [
        "",
        "2001027",
        "4270059",
        "3016258",
        "2002458"
      ],
      "data_types": [
        {
          "type": "INTEGER (LONG)",
          "count": 56,
          "max_value": 5107210,
          "min_value": 1004323,
          "mean": 2781958.0535714286
        }
      ]
    },
    {
      "column_name": "BBL",
      "number_non_empty_cells": 56,
      "number_empty_cells": 3,
      "number_distinct_values": 56,
      "frequent_values": [
        "",
        "2023440096",
        "4124950270",
        "3008620012",
        "2024430190"
      ],
      "data_types": [
        {
          "type": "INTEGER (LONG)",
          "count": 56,
          "max_value": 5014780500,
          "min_value": 1003540080,
          "mean": 2743716485.089286
        }
      ]
    },
    {
      "column_name": "PROGRAM TYPE",
      "number_non_empty_cells": 59,
      "number_empty_cells": 0,
      "number_distinct_values": 1,
      "frequent_values": [
        "After-School Programs"
      ],
      "data_types": [
        {
          "type": "TEXT",
          "count": 59,
          "shortest_values": "After-School Programs",
          "longest_values": "After-School Programs",
          "average_length": 21.0
        }
      ]
    },
    {
      "column_name": "Contact Number",
      "number_non_empty_cells": 59,
      "number_empty_cells": 0,
      "number_distinct_values": 52,
      "frequent_values": [
        "347.417.8161",
        "212.362.4020",
        "718.665.5250 ext.111",
        "212.949.4921",
        "646.452.3624"
      ],
      "data_types": [
        {
          "type": "TEXT",
          "count": 59,
          "shortest_values": "718.322.4953",
          "longest_values": "718.451.2200 ext.107 or 973.896.1246",
          "average_length": 15.186440677966102
        }
      ]
    },
    {
      "column_name": "Longitude",
      "number_non_empty_cells": 57,
      "number_empty_cells": 2,
      "number_distinct_values": 57,
      "frequent_values": [
        "-73.930386",
        "",
        "-73.923629",
        "-73.775951",
        "-74.018997"
      ],
      "data_types": [
        {
          "type": "REAL",
          "count": 57,
          "max_value": -73.753579,
          "min_value": -74.14497,
          "mean": -73.929653
        }
      ]
    },
    {
      "column_name": "Location 1",
      "number_non_empty_cells": 59,
      "number_empty_cells": 0,
      "number_distinct_values": 58,
      "frequent_values": [
        "350 Gerard AvenueBronx, NEW YORK 10451(40.815929079791, -73.930388700335)",
        "205 Willis AvenueBronx, NEW YORK 10454(40.808120011712, -73.923664456479)",
        "133 25 Guy R Brewer BoulevardQueens, NEW YORK 11434(40.676945262114, -73.775306901692)",
        "330 59th StreetBrooklyn, NEW YORK 11220(40.642201614799, -74.019175801725)",
        "250 156 STREETBronx, NEW YORK 10451(40.822983598861, -73.921130965005)"
      ],
      "data_types": [
        {
          "type": "TEXT",
          "count": 59,
          "shortest_values": "114 02Queens, NEW YORK 11434(40.676945262114, -73.775306901692)",
          "longest_values": "145 Stanton Street 111 Norfolk StreetNew York, NEW YORK 10002(40.721076261987, -73.987369289644)",
          "average_length": 76.08474576271186
        }
      ]
    },
    {
      "column_name": "Grade Level / Age Group ",
      "number_non_empty_cells": 59,
      "number_empty_cells": 0,
      "number_distinct_values": 1,
      "frequent_values": [
        "13 to 21"
      ],
      "data_types": [
        {
          "type": "TEXT",
          "count": 59,
          "shortest_values": "13 to 21",
          "longest_values": "13 to 21",
          "average_length": 8.0
        }
      ]
    },
    {
      "column_name": "Postcode",
      "number_non_empty_cells": 59,
      "number_empty_cells": 0,
      "number_distinct_values": 42,
      "frequent_values": [
        "10451",
        "10455",
        "10454",
        "11434",
        "11220"
      ],
      "data_types": [
        {
          "type": "INTEGER (LONG)",
          "count": 59,
          "max_value": 11434,
          "min_value": 10002,
          "mean": 10774.661016949152
        }
      ]
    },
    {
      "column_name": "Council District ",
      "number_non_empty_cells": 57,
      "number_empty_cells": 2,
      "number_distinct_values": 31,
      "frequent_values": [
        "8",
        "17",
        "38",
        "49",
        "36"
      ],
      "data_types": [
        {
          "type": "INTEGER (LONG)",
          "count": 57,
          "max_value": 50,
          "min_value": 1,
          "mean": 25.140350877192983
        }
      ]
    },
    {
      "column_name": "Census Tract",
      "number_non_empty_cells": 57,
      "number_empty_cells": 2,
      "number_distinct_values": 56,
      "frequent_values": [
        "71",
        "63",
        "",
        "23",
        "33402"
      ],
      "data_types": [
        {
          "type": "INTEGER (LONG)",
          "count": 57,
          "max_value": 105804,
          "min_value": 4,
          "mean": 4480.2807017543855
        }
      ]
    },
    {
      "column_name": "PROGRAM",
      "number_non_empty_cells": 59,
      "number_empty_cells": 0,
      "number_distinct_values": 1,
      "frequent_values": [
        "Teen Action Program"
      ],
      "data_types": [
        {
          "type": "TEXT",
          "count": 59,
          "shortest_values": "Teen Action Program",
          "longest_values": "Teen Action Program",
          "average_length": 19.0
        }
      ]
    },
    {
      "column_name": "NTA",
      "number_non_empty_cells": 57,
      "number_empty_cells": 2,
      "number_distinct_values": 47,
      "frequent_values": [
        "West Concourse                                                             ",
        "Melrose South-Mott Haven North                                             ",
        "Mott Haven-Port Morris                                                     ",
        "Sunset Park West                                                           ",
        "Washington Heights North                                                   "
      ],
      "data_types": [
        {
          "type": "TEXT",
          "count": 57,
          "shortest_values": "Mott Haven-Port Morris                                                     ",
          "longest_values": "Mott Haven-Port Morris                                                     ",
          "average_length": 75.0
        }
      ]
    },
    {
      "column_name": "Address",
      "number_non_empty_cells": 59,
      "number_empty_cells": 0,
      "number_distinct_values": 58,
      "frequent_values": [
        "350 Gerard Avenue",
        "205 Willis Avenue",
        "133-25 Guy R Brewer Boulevard",
        "330 59th Street",
        "250 EAST 156 STREET"
      ],
      "data_types": [
        {
          "type": "TEXT",
          "count": 59,
          "shortest_values": "221 Broadway",
          "longest_values": "145 Stanton Street / 111 Norfolk Street",
          "average_length": 18.89830508474576
        }
      ]
    },
    {
      "column_name": "BOROUGH / COMMUNITY",
      "number_non_empty_cells": 59,
      "number_empty_cells": 0,
      "number_distinct_values": 5,
      "frequent_values": [
        "Brooklyn",
        "Bronx",
        "Queens",
        "New York",
        "Staten Island"
      ],
      "data_types": [
        {
          "type": "TEXT",
          "count": 59,
          "shortest_values": "Bronx",
          "longest_values": "Staten Island",
          "average_length": 7.186440677966102
        }
      ]
    },
    {
      "column_name": "SITE NAME",
      "number_non_empty_cells": 59,
      "number_empty_cells": 0,
      "number_distinct_values": 59,
      "frequent_values": [
        "Michell Community Center",
        "JHS 072 Catherine and Count Basie",
        "New School @ PS 314",
        "JHS 151 LOU GEHRIG (X151)",
        "Albert Shanker School for Visual and Performing Arts "
      ],
      "data_types": [
        {
          "type": "TEXT",
          "count": 59,
          "shortest_values": "SOBRO",
          "longest_values": "Pathways College Preparatory School: A College Board School",
          "average_length": 29.661016949152543
        }
      ]
    },
    {
      "column_name": "AGENCY",
      "number_non_empty_cells": 59,
      "number_empty_cells": 0,
      "number_distinct_values": 40,
      "frequent_values": [
        "Sports and Arts In Schools Foundation, Inc.",
        "The Children's Aid Society",
        "East Side House, Inc.",
        "SCO Family of Services",
        "Directions For Our Youth, Inc."
      ],
      "data_types": [
        {
          "type": "TEXT",
          "count": 59,
          "shortest_values": "Inwood House",
          "longest_values": "Women's Housing and Economic Development Corporation (WHEDCO",
          "average_length": 31.06779661016949
        }
      ]
    },
    {
      "column_name": "Community Board",
      "number_non_empty_cells": 57,
      "number_empty_cells": 2,
      "number_distinct_values": 15,
      "frequent_values": [
        "1",
        "4",
        "12",
        "3",
        "6"
      ],
      "data_types": [
        {
          "type": "INTEGER (LONG)",
          "count": 57,
          "max_value": 18,
          "min_value": 1,
          "mean": 5.473684210526316
        }
      ]
    }
  ]
}