{
  "dataset_name": "fu34-wamz.tsv.gz",
  "key_column_candidates": [
    "State and Federal Categorical Aid",
    "source_of_categorical_aid",
    "FY 2018",
    "FY 2017",
    "FY 2016",
    "FY 2015",
    "FY 2014",
    "FY 2013",
    "FY 2012",
    "FY 2011",
    "FY 2010",
    "FY 2009",
    "FY 2008",
    "FY 2007",
    "FY 2006",
    "FY 2005",
    "FY  2004",
    "FY 2003",
    "FY 2002",
    "FY 2001",
    "FY 2000",
    "FY 1999",
    "FY 1998",
    "FY 1997",
    "FY 1996",
    "FY 1995",
    "FY 1994",
    "FY 1993",
    "FY 1992",
    "FY 1991",
    "FY 1990",
    "FY 1989",
    "FY 1988",
    "FY 1987",
    "FY 1986",
    "FY 1985",
    "FY 1984",
    "FY 1983",
    "FY 1982",
    "FY 1981",
    "FY 1980"
  ],
  "columns": [
    {
      "column_name": "FY 2007",
      "number_non_empty_cells": 30,
      "number_empty_cells": 0,
      "number_distinct_values": 24,
      "frequent_values": [
        "0",
        "212062025",
        "175944581",
        "7144757388",
        "163425348"
      ],
      "data_types": [
        {
          "type": "INTEGER (LONG)",
          "count": 30,
          "max_value": 10184877606,
          "min_value": 0,
          "mean": 1043738875.9333333
        }
      ]
    },
    {
      "column_name": "FY 2001",
      "number_non_empty_cells": 30,
      "number_empty_cells": 0,
      "number_distinct_values": 24,
      "frequent_values": [
        "0",
        "35085842",
        "146155080",
        "5387624499",
        "128001463"
      ],
      "data_types": [
        {
          "type": "INTEGER (LONG)",
          "count": 30,
          "max_value": 7767765804,
          "min_value": -323488,
          "mean": 821168690.8
        }
      ]
    },
    {
      "column_name": "FY 1987",
      "number_non_empty_cells": 30,
      "number_empty_cells": 0,
      "number_distinct_values": 24,
      "frequent_values": [
        "0",
        "61444399",
        "93169854",
        "2227354836",
        "9491203"
      ],
      "data_types": [
        {
          "type": "INTEGER (LONG)",
          "count": 30,
          "max_value": 3972416758,
          "min_value": 0,
          "mean": 424731862.2
        }
      ]
    },
    {
      "column_name": "FY 1988",
      "number_non_empty_cells": 30,
      "number_empty_cells": 0,
      "number_distinct_values": 24,
      "frequent_values": [
        "0",
        "61459337",
        "108413311",
        "2471762856",
        "10111922"
      ],
      "data_types": [
        {
          "type": "INTEGER (LONG)",
          "count": 30,
          "max_value": 4291623089,
          "min_value": 0,
          "mean": 450375980.8
        }
      ]
    },
    {
      "column_name": "FY 2014",
      "number_non_empty_cells": 30,
      "number_empty_cells": 0,
      "number_distinct_values": 23,
      "frequent_values": [
        "0",
        "642319289",
        "79451929",
        "7907175322",
        "221003556"
      ],
      "data_types": [
        {
          "type": "INTEGER (LONG)",
          "count": 30,
          "max_value": 10916091566,
          "min_value": -1940858,
          "mean": 1178876896.6
        }
      ]
    },
    {
      "column_name": "FY 2003",
      "number_non_empty_cells": 30,
      "number_empty_cells": 0,
      "number_distinct_values": 24,
      "frequent_values": [
        "0",
        "82122117",
        "141599332",
        "5834491221",
        "131594000"
      ],
      "data_types": [
        {
          "type": "INTEGER (LONG)",
          "count": 30,
          "max_value": 8317388092,
          "min_value": 0,
          "mean": 929018511.8666667
        }
      ]
    },
    {
      "column_name": "FY 2000",
      "number_non_empty_cells": 30,
      "number_empty_cells": 0,
      "number_distinct_values": 24,
      "frequent_values": [
        "0",
        "56460630",
        "156090543",
        "4829135603",
        "122499700"
      ],
      "data_types": [
        {
          "type": "INTEGER (LONG)",
          "count": 30,
          "max_value": 7061720686,
          "min_value": 0,
          "mean": 765262956.4666667
        }
      ]
    },
    {
      "column_name": "FY 1998",
      "number_non_empty_cells": 30,
      "number_empty_cells": 0,
      "number_distinct_values": 25,
      "frequent_values": [
        "0",
        "40752939",
        "138011930",
        "4142235311",
        "10000000"
      ],
      "data_types": [
        {
          "type": "INTEGER (LONG)",
          "count": 30,
          "max_value": 6372222110,
          "min_value": 0,
          "mean": 710976710.8
        }
      ]
    },
    {
      "column_name": "FY 1986",
      "number_non_empty_cells": 30,
      "number_empty_cells": 0,
      "number_distinct_values": 25,
      "frequent_values": [
        "0",
        "56192982",
        "84509489",
        "1948453476",
        "10669014"
      ],
      "data_types": [
        {
          "type": "INTEGER (LONG)",
          "count": 30,
          "max_value": 3735815387,
          "min_value": 0,
          "mean": 422727940.1333333
        }
      ]
    },
    {
      "column_name": "FY 1980",
      "number_non_empty_cells": 30,
      "number_empty_cells": 0,
      "number_distinct_values": 23,
      "frequent_values": [
        "0",
        "19650690",
        "40372725",
        "1030685200",
        "259819264"
      ],
      "data_types": [
        {
          "type": "INTEGER (LONG)",
          "count": 30,
          "max_value": 2234301080,
          "min_value": -562095,
          "mean": 294635121.46666664
        }
      ]
    },
    {
      "column_name": "FY 2017",
      "number_non_empty_cells": 30,
      "number_empty_cells": 0,
      "number_distinct_values": 23,
      "frequent_values": [
        "0",
        "705575674",
        "125738559",
        "10250072190",
        "248266500"
      ],
      "data_types": [
        {
          "type": "INTEGER (LONG)",
          "count": 30,
          "max_value": 13990045252,
          "min_value": -5831922,
          "mean": 1447874354.0
        }
      ]
    },
    {
      "column_name": "FY 2012",
      "number_non_empty_cells": 30,
      "number_empty_cells": 0,
      "number_distinct_values": 23,
      "frequent_values": [
        "0",
        "351597638",
        "70658317",
        "8011639184",
        "178589740"
      ],
      "data_types": [
        {
          "type": "INTEGER (LONG)",
          "count": 30,
          "max_value": 11113775794,
          "min_value": 0,
          "mean": 1207440264.4
        }
      ]
    },
    {
      "column_name": "FY 1984",
      "number_non_empty_cells": 30,
      "number_empty_cells": 0,
      "number_distinct_values": 25,
      "frequent_values": [
        "0",
        "51418603",
        "63829997",
        "1504355702",
        "10505781"
      ],
      "data_types": [
        {
          "type": "INTEGER (LONG)",
          "count": 30,
          "max_value": 2915055916,
          "min_value": 0,
          "mean": 355678299.8
        }
      ]
    },
    {
      "column_name": "State and Federal Categorical Aid",
      "number_non_empty_cells": 30,
      "number_empty_cells": 0,
      "number_distinct_values": 18,
      "frequent_values": [
        "General Government",
        "Public Safety and Judicial",
        "Education",
        "Community College",
        "City University"
      ],
      "data_types": [
        {
          "type": "TEXT",
          "count": 30,
          "shortest_values": "Health",
          "longest_values": "Parks, Recreation and Cultural Activities",
          "average_length": 19.133333333333333
        }
      ]
    },
    {
      "column_name": "FY 1990",
      "number_non_empty_cells": 30,
      "number_empty_cells": 0,
      "number_distinct_values": 25,
      "frequent_values": [
        "0",
        "64964485",
        "127516167",
        "3071897684",
        "8599122"
      ],
      "data_types": [
        {
          "type": "INTEGER (LONG)",
          "count": 30,
          "max_value": 5172038308,
          "min_value": 0,
          "mean": 536368243.6
        }
      ]
    },
    {
      "column_name": "FY 2013",
      "number_non_empty_cells": 30,
      "number_empty_cells": 0,
      "number_distinct_values": 25,
      "frequent_values": [
        "0",
        "480177974",
        "71951768",
        "7933479603",
        "200461490"
      ],
      "data_types": [
        {
          "type": "INTEGER (LONG)",
          "count": 30,
          "max_value": 11026961255,
          "min_value": 0,
          "mean": 1296532718.2
        }
      ]
    },
    {
      "column_name": "FY 2005",
      "number_non_empty_cells": 30,
      "number_empty_cells": 0,
      "number_distinct_values": 25,
      "frequent_values": [
        "0",
        "76805716",
        "158754876",
        "6176875460",
        "139131665"
      ],
      "data_types": [
        {
          "type": "INTEGER (LONG)",
          "count": 30,
          "max_value": 8822776344,
          "min_value": 0,
          "mean": 1031782020.5333333
        }
      ]
    },
    {
      "column_name": "FY  2004",
      "number_non_empty_cells": 30,
      "number_empty_cells": 0,
      "number_distinct_values": 24,
      "frequent_values": [
        "0",
        "65804031",
        "137425838",
        "5873367068",
        "137564050"
      ],
      "data_types": [
        {
          "type": "INTEGER (LONG)",
          "count": 30,
          "max_value": 8454395566,
          "min_value": 0,
          "mean": 924615206.1333333
        }
      ]
    },
    {
      "column_name": "FY 2011",
      "number_non_empty_cells": 30,
      "number_empty_cells": 0,
      "number_distinct_values": 23,
      "frequent_values": [
        "0",
        "518005153",
        "130013231",
        "8110197963",
        "153802162"
      ],
      "data_types": [
        {
          "type": "INTEGER (LONG)",
          "count": 30,
          "max_value": 11255365047,
          "min_value": 0,
          "mean": 1266801732.6666667
        }
      ]
    },
    {
      "column_name": "FY 2008",
      "number_non_empty_cells": 30,
      "number_empty_cells": 0,
      "number_distinct_values": 23,
      "frequent_values": [
        "0",
        "324545728",
        "161600191",
        "8010807427",
        "173164765"
      ],
      "data_types": [
        {
          "type": "INTEGER (LONG)",
          "count": 30,
          "max_value": 11421131856,
          "min_value": 0,
          "mean": 1140853993.8
        }
      ]
    },
    {
      "column_name": "FY 2006",
      "number_non_empty_cells": 30,
      "number_empty_cells": 0,
      "number_distinct_values": 24,
      "frequent_values": [
        "0",
        "91507454",
        "147591745",
        "6702434427",
        "152130785"
      ],
      "data_types": [
        {
          "type": "INTEGER (LONG)",
          "count": 30,
          "max_value": 9585566489,
          "min_value": 0,
          "mean": 988599080.4
        }
      ]
    },
    {
      "column_name": "FY 1996",
      "number_non_empty_cells": 30,
      "number_empty_cells": 0,
      "number_distinct_values": 24,
      "frequent_values": [
        "0",
        "20353682",
        "124375777",
        "3745871101",
        "7518950"
      ],
      "data_types": [
        {
          "type": "INTEGER (LONG)",
          "count": 30,
          "max_value": 6078600523,
          "min_value": -10898501,
          "mean": 684830856.0666667
        }
      ]
    },
    {
      "column_name": "FY 1985",
      "number_non_empty_cells": 30,
      "number_empty_cells": 0,
      "number_distinct_values": 25,
      "frequent_values": [
        "0",
        "51151114",
        "73570228",
        "1803286714",
        "13512071"
      ],
      "data_types": [
        {
          "type": "INTEGER (LONG)",
          "count": 30,
          "max_value": 3413000775,
          "min_value": 0,
          "mean": 393455824.8666667
        }
      ]
    },
    {
      "column_name": "source_of_categorical_aid",
      "number_non_empty_cells": 30,
      "number_empty_cells": 0,
      "number_distinct_values": 2,
      "frequent_values": [
        "State",
        "Federal"
      ],
      "data_types": [
        {
          "type": "TEXT",
          "count": 30,
          "shortest_values": "State",
          "longest_values": "Federal",
          "average_length": 5.933333333333334
        }
      ]
    },
    {
      "column_name": "FY 1999",
      "number_non_empty_cells": 30,
      "number_empty_cells": 0,
      "number_distinct_values": 23,
      "frequent_values": [
        "0",
        "30382683",
        "160225842",
        "4412581514",
        "10000000"
      ],
      "data_types": [
        {
          "type": "INTEGER (LONG)",
          "count": 30,
          "max_value": 6638919795,
          "min_value": 0,
          "mean": 726736222.6666666
        }
      ]
    },
    {
      "column_name": "FY 1981",
      "number_non_empty_cells": 30,
      "number_empty_cells": 0,
      "number_distinct_values": 23,
      "frequent_values": [
        "0",
        "24891398",
        "41994876",
        "1174931862",
        "307602963"
      ],
      "data_types": [
        {
          "type": "INTEGER (LONG)",
          "count": 30,
          "max_value": 2411792265,
          "min_value": 0,
          "mean": 306270994.53333336
        }
      ]
    },
    {
      "column_name": "FY 2002",
      "number_non_empty_cells": 30,
      "number_empty_cells": 0,
      "number_distinct_values": 24,
      "frequent_values": [
        "0",
        "33344770",
        "125576424",
        "5592120305",
        "129299587"
      ],
      "data_types": [
        {
          "type": "INTEGER (LONG)",
          "count": 30,
          "max_value": 8030500446,
          "min_value": 0,
          "mean": 941816021.4666667
        }
      ]
    },
    {
      "column_name": "FY 1994",
      "number_non_empty_cells": 30,
      "number_empty_cells": 0,
      "number_distinct_values": 24,
      "frequent_values": [
        "0",
        "26492715",
        "126997210",
        "3380006818",
        "16712597"
      ],
      "data_types": [
        {
          "type": "INTEGER (LONG)",
          "count": 30,
          "max_value": 5902934041,
          "min_value": 0,
          "mean": 657504683.6666666
        }
      ]
    },
    {
      "column_name": "FY 1992",
      "number_non_empty_cells": 30,
      "number_empty_cells": 0,
      "number_distinct_values": 23,
      "frequent_values": [
        "0",
        "21978403",
        "151025897",
        "3071526926",
        "10345903"
      ],
      "data_types": [
        {
          "type": "INTEGER (LONG)",
          "count": 30,
          "max_value": 5435197872,
          "min_value": 0,
          "mean": 590455522.1333333
        }
      ]
    },
    {
      "column_name": "FY 2018",
      "number_non_empty_cells": 30,
      "number_empty_cells": 0,
      "number_distinct_values": 22,
      "frequent_values": [
        "0",
        "944485557",
        "124955131",
        "10709714108",
        "254513100"
      ],
      "data_types": [
        {
          "type": "INTEGER (LONG)",
          "count": 30,
          "max_value": 14453132422,
          "min_value": 0,
          "mean": 1481384208.8
        }
      ]
    },
    {
      "column_name": "FY 2015",
      "number_non_empty_cells": 30,
      "number_empty_cells": 0,
      "number_distinct_values": 23,
      "frequent_values": [
        "0",
        "671196355",
        "84678957",
        "9131457718",
        "226761088"
      ],
      "data_types": [
        {
          "type": "INTEGER (LONG)",
          "count": 30,
          "max_value": 12097019887,
          "min_value": 0,
          "mean": 1258737087.9333334
        }
      ]
    },
    {
      "column_name": "FY 2010",
      "number_non_empty_cells": 30,
      "number_empty_cells": 0,
      "number_distinct_values": 23,
      "frequent_values": [
        "0",
        "509370147",
        "138918956",
        "8077849578",
        "173226734"
      ],
      "data_types": [
        {
          "type": "INTEGER (LONG)",
          "count": 30,
          "max_value": 11645570324,
          "min_value": 0,
          "mean": 1289705314.1333334
        }
      ]
    },
    {
      "column_name": "FY 1995",
      "number_non_empty_cells": 30,
      "number_empty_cells": 0,
      "number_distinct_values": 24,
      "frequent_values": [
        "0",
        "39201786",
        "132421064",
        "3769025237",
        "10541950"
      ],
      "data_types": [
        {
          "type": "INTEGER (LONG)",
          "count": 30,
          "max_value": 6429939505,
          "min_value": 0,
          "mean": 695722412.6
        }
      ]
    },
    {
      "column_name": "FY 1997",
      "number_non_empty_cells": 30,
      "number_empty_cells": 0,
      "number_distinct_values": 24,
      "frequent_values": [
        "0",
        "35624811",
        "133728348",
        "3907569284",
        "8867900"
      ],
      "data_types": [
        {
          "type": "INTEGER (LONG)",
          "count": 30,
          "max_value": 6264305346,
          "min_value": 0,
          "mean": 693153502.8666667
        }
      ]
    },
    {
      "column_name": "FY 1993",
      "number_non_empty_cells": 30,
      "number_empty_cells": 0,
      "number_distinct_values": 25,
      "frequent_values": [
        "0",
        "22337604",
        "114397580",
        "3309177783",
        "7512801"
      ],
      "data_types": [
        {
          "type": "INTEGER (LONG)",
          "count": 30,
          "max_value": 5661192681,
          "min_value": 0,
          "mean": 618061201.0666667
        }
      ]
    },
    {
      "column_name": "FY 1991",
      "number_non_empty_cells": 30,
      "number_empty_cells": 0,
      "number_distinct_values": 25,
      "frequent_values": [
        "0",
        "26977987",
        "121911436",
        "3284770830",
        "7963838"
      ],
      "data_types": [
        {
          "type": "INTEGER (LONG)",
          "count": 30,
          "max_value": 5511307686,
          "min_value": 0,
          "mean": 577256666.0666667
        }
      ]
    },
    {
      "column_name": "FY 1989",
      "number_non_empty_cells": 30,
      "number_empty_cells": 0,
      "number_distinct_values": 24,
      "frequent_values": [
        "0",
        "64306393",
        "122197701",
        "2790784623",
        "8494681"
      ],
      "data_types": [
        {
          "type": "INTEGER (LONG)",
          "count": 30,
          "max_value": 4716494695,
          "min_value": -1171143,
          "mean": 488478379.8666667
        }
      ]
    },
    {
      "column_name": "FY 2016",
      "number_non_empty_cells": 30,
      "number_empty_cells": 0,
      "number_distinct_values": 23,
      "frequent_values": [
        "0",
        "798438450",
        "118435404",
        "9612191300",
        "239244797"
      ],
      "data_types": [
        {
          "type": "INTEGER (LONG)",
          "count": 30,
          "max_value": 13001756924,
          "min_value": -6992558,
          "mean": 1346457005.8
        }
      ]
    },
    {
      "column_name": "FY 2009",
      "number_non_empty_cells": 30,
      "number_empty_cells": 0,
      "number_distinct_values": 24,
      "frequent_values": [
        "0",
        "452631779",
        "152265131",
        "8638845758",
        "176671319"
      ],
      "data_types": [
        {
          "type": "INTEGER (LONG)",
          "count": 30,
          "max_value": 12124101085,
          "min_value": 0,
          "mean": 1204319894.7333333
        }
      ]
    },
    {
      "column_name": "FY 1983",
      "number_non_empty_cells": 30,
      "number_empty_cells": 0,
      "number_distinct_values": 25,
      "frequent_values": [
        "0",
        "52101492",
        "60016694",
        "1413045910",
        "10505782"
      ],
      "data_types": [
        {
          "type": "INTEGER (LONG)",
          "count": 30,
          "max_value": 2685380068,
          "min_value": 0,
          "mean": 325760898.53333336
        }
      ]
    },
    {
      "column_name": "FY 1982",
      "number_non_empty_cells": 30,
      "number_empty_cells": 0,
      "number_distinct_values": 23,
      "frequent_values": [
        "0",
        "30042346",
        "54794314",
        "1287218831",
        "357629718"
      ],
      "data_types": [
        {
          "type": "INTEGER (LONG)",
          "count": 30,
          "max_value": 2700392866,
          "min_value": 0,
          "mean": 332006845.8
        }
      ]
    }
  ]
}