{
  "dataset_name": "fve3-eee8.tsv.gz",
  "key_column_candidates": [
    "Borough",
    "Fiscal Year (ending in June)",
    "Violation Type",
    "Filed Violation Count"
  ],
  "columns": [
    {
      "column_name": "Borough",
      "number_non_empty_cells": 195,
      "number_empty_cells": 0,
      "number_distinct_values": 5,
      "frequent_values": [
        "Bronx",
        "Brooklyn",
        "Manhattan",
        "Queens",
        "Staten Island"
      ],
      "data_types": [
        {
          "type": "TEXT",
          "count": 195,
          "shortest_values": "Bronx",
          "longest_values": "Staten Island",
          "average_length": 8.2
        }
      ]
    },
    {
      "column_name": "Filed Violation Count",
      "number_non_empty_cells": 195,
      "number_empty_cells": 0,
      "number_distinct_values": 164,
      "frequent_values": [
        "116",
        "114",
        "107",
        "83",
        "113"
      ],
      "data_types": [
        {
          "type": "INTEGER (LONG)",
          "count": 195,
          "max_value": 1291,
          "min_value": 4,
          "mean": 260.8820512820513
        }
      ]
    },
    {
      "column_name": "Violation Type",
      "number_non_empty_cells": 195,
      "number_empty_cells": 0,
      "number_distinct_values": 3,
      "frequent_values": [
        "Absconder",
        "Rearrests",
        "Technical"
      ],
      "data_types": [
        {
          "type": "TEXT",
          "count": 195,
          "shortest_values": "Absconder",
          "longest_values": "Absconder",
          "average_length": 9.0
        }
      ]
    },
    {
      "column_name": "Fiscal Year (ending in June)",
      "number_non_empty_cells": 195,
      "number_empty_cells": 0,
      "number_distinct_values": 13,
      "frequent_values": [
        "2006",
        "2007",
        "2008",
        "2009",
        "2010"
      ],
      "data_types": [
        {
          "type": "INTEGER (LONG)",
          "count": 195,
          "max_value": 2019,
          "min_value": 2006,
          "mean": 2012.076923076923
        }
      ]
    }
  ]
}