{
  "dataset_name": "fxwm-3t4n.tsv.gz",
  "key_column_candidates": [
    "Grade",
    "Year",
    "Demographic",
    "Number Tested",
    "Mean Scale Score",
    "Num Level 1",
    "Pct Level 1",
    "Num Level 2",
    "Pct Level 2",
    "Num Level 3",
    "Pct Level 3",
    "Num Level 4",
    "Pct Level 4",
    "Num Level 3 and 4",
    "Pct Level 3 and 4"
  ],
  "columns": [
    {
      "column_name": "Num Level 3 and 4",
      "number_non_empty_cells": 49,
      "number_empty_cells": 0,
      "number_distinct_values": 49,
      "frequent_values": [
        "55268",
        "59371",
        "61065",
        "65258",
        "38710"
      ],
      "data_types": [
        {
          "type": "INTEGER (LONG)",
          "count": 49,
          "max_value": 346283,
          "min_value": 29648,
          "mean": 78715.0612244898
        }
      ]
    },
    {
      "column_name": "Num Level 3",
      "number_non_empty_cells": 49,
      "number_empty_cells": 0,
      "number_distinct_values": 49,
      "frequent_values": [
        "37330",
        "38117",
        "44370",
        "47401",
        "22957"
      ],
      "data_types": [
        {
          "type": "INTEGER (LONG)",
          "count": 49,
          "max_value": 236509,
          "min_value": 20660,
          "mean": 52793.836734693876
        }
      ]
    },
    {
      "column_name": "Num Level 1",
      "number_non_empty_cells": 49,
      "number_empty_cells": 0,
      "number_distinct_values": 49,
      "frequent_values": [
        "6714",
        "3907",
        "2143",
        "922",
        "8555"
      ],
      "data_types": [
        {
          "type": "INTEGER (LONG)",
          "count": 49,
          "max_value": 70090,
          "min_value": 922,
          "mean": 11539.387755102041
        }
      ]
    },
    {
      "column_name": "Demographic",
      "number_non_empty_cells": 49,
      "number_empty_cells": 0,
      "number_distinct_values": 1,
      "frequent_values": [
        "All Students"
      ],
      "data_types": [
        {
          "type": "TEXT",
          "count": 49,
          "shortest_values": "All Students",
          "longest_values": "All Students",
          "average_length": 12.0
        }
      ]
    },
    {
      "column_name": "Pct Level 3",
      "number_non_empty_cells": 49,
      "number_empty_cells": 0,
      "number_distinct_values": 46,
      "frequent_values": [
        "50.2",
        "36.6",
        "30.4",
        "50.8",
        "52.8"
      ],
      "data_types": [
        {
          "type": "INTEGER (LONG)",
          "count": 6,
          "max_value": 56,
          "min_value": 36,
          "mean": 46.5
        },
        {
          "type": "REAL",
          "count": 43,
          "max_value": 66.4,
          "min_value": 29.2,
          "mean": 42.553488372093035
        }
      ]
    },
    {
      "column_name": "Pct Level 4",
      "number_non_empty_cells": 49,
      "number_empty_cells": 0,
      "number_distinct_values": 45,
      "frequent_values": [
        "25.2",
        "22.1",
        "23.2",
        "24.4",
        "29.4"
      ],
      "data_types": [
        {
          "type": "REAL",
          "count": 46,
          "max_value": 34.7,
          "min_value": 7.3,
          "mean": 21.376086956521736
        },
        {
          "type": "INTEGER (LONG)",
          "count": 3,
          "max_value": 25,
          "min_value": 9,
          "mean": 19.0
        }
      ]
    },
    {
      "column_name": "Num Level 4",
      "number_non_empty_cells": 49,
      "number_empty_cells": 0,
      "number_distinct_values": 49,
      "frequent_values": [
        "17938",
        "21254",
        "16695",
        "17857",
        "15753"
      ],
      "data_types": [
        {
          "type": "INTEGER (LONG)",
          "count": 49,
          "max_value": 109774,
          "min_value": 5605,
          "mean": 25921.224489795917
        }
      ]
    },
    {
      "column_name": "Grade",
      "number_non_empty_cells": 49,
      "number_empty_cells": 0,
      "number_distinct_values": 7,
      "frequent_values": [
        "3",
        "4",
        "5",
        "6",
        "7"
      ],
      "data_types": [
        {
          "type": "INTEGER (LONG)",
          "count": 42,
          "max_value": 8,
          "min_value": 3,
          "mean": 5.5
        },
        {
          "type": "TEXT",
          "count": 7,
          "shortest_values": "All Grades",
          "longest_values": "All Grades",
          "average_length": 10.0
        }
      ]
    },
    {
      "column_name": "Pct Level 3 and 4",
      "number_non_empty_cells": 49,
      "number_empty_cells": 0,
      "number_distinct_values": 46,
      "frequent_values": [
        "57",
        "55.5",
        "57.3",
        "75.3",
        "82.2"
      ],
      "data_types": [
        {
          "type": "REAL",
          "count": 41,
          "max_value": 91.4,
          "min_value": 38.9,
          "mean": 65.03170731707318
        },
        {
          "type": "INTEGER (LONG)",
          "count": 8,
          "max_value": 77,
          "min_value": 53,
          "mean": 60.375
        }
      ]
    },
    {
      "column_name": "Year",
      "number_non_empty_cells": 49,
      "number_empty_cells": 0,
      "number_distinct_values": 7,
      "frequent_values": [
        "2006",
        "2007",
        "2008",
        "2009",
        "2010"
      ],
      "data_types": [
        {
          "type": "INTEGER (LONG)",
          "count": 49,
          "max_value": 2012,
          "min_value": 2006,
          "mean": 2009.0
        }
      ]
    },
    {
      "column_name": "Mean Scale Score",
      "number_non_empty_cells": 49,
      "number_empty_cells": 0,
      "number_distinct_values": 31,
      "frequent_values": [
        "675",
        "674",
        "685",
        "680",
        "683"
      ],
      "data_types": [
        {
          "type": "INTEGER (LONG)",
          "count": 49,
          "max_value": 690,
          "min_value": 640,
          "mean": 673.4489795918367
        }
      ]
    },
    {
      "column_name": "Pct Level 1",
      "number_non_empty_cells": 49,
      "number_empty_cells": 0,
      "number_distinct_values": 40,
      "frequent_values": [
        "11",
        "10.3",
        "6.3",
        "13.3",
        "7.7"
      ],
      "data_types": [
        {
          "type": "REAL",
          "count": 42,
          "max_value": 24.2,
          "min_value": 1.3,
          "mean": 9.102380952380953
        },
        {
          "type": "INTEGER (LONG)",
          "count": 7,
          "max_value": 18,
          "min_value": 5,
          "mean": 10.714285714285714
        }
      ]
    },
    {
      "column_name": "Number Tested",
      "number_non_empty_cells": 49,
      "number_empty_cells": 0,
      "number_distinct_values": 49,
      "frequent_values": [
        "73413",
        "72196",
        "70062",
        "71376",
        "71351"
      ],
      "data_types": [
        {
          "type": "INTEGER (LONG)",
          "count": 49,
          "max_value": 446197,
          "min_value": 69098,
          "mean": 122718.48979591837
        }
      ]
    },
    {
      "column_name": "Num Level 2",
      "number_non_empty_cells": 49,
      "number_empty_cells": 0,
      "number_distinct_values": 49,
      "frequent_values": [
        "11431",
        "8918",
        "6854",
        "5196",
        "24086"
      ],
      "data_types": [
        {
          "type": "INTEGER (LONG)",
          "count": 49,
          "max_value": 150751,
          "min_value": 5196,
          "mean": 32464.04081632653
        }
      ]
    },
    {
      "column_name": "Pct Level 2",
      "number_non_empty_cells": 49,
      "number_empty_cells": 0,
      "number_distinct_values": 46,
      "frequent_values": [
        "35.4",
        "33",
        "15.6",
        "12.4",
        "9.8"
      ],
      "data_types": [
        {
          "type": "REAL",
          "count": 43,
          "max_value": 40.4,
          "min_value": 7.3,
          "mean": 25.555813953488375
        },
        {
          "type": "INTEGER (LONG)",
          "count": 6,
          "max_value": 36,
          "min_value": 27,
          "mean": 32.5
        }
      ]
    }
  ]
}