{
  "dataset_name": "fzk8-3ynb.tsv.gz",
  "key_column_candidates": [
    "Borough",
    "Name of Medicaid Offices",
    "Address",
    "Postcode",
    "Telephone Number",
    "Latitude",
    "Longitude",
    "Community Board",
    "Council District ",
    "Census Tract",
    "BIN",
    "BBL",
    "NTA"
  ],
  "columns": [
    {
      "column_name": "Borough",
      "number_non_empty_cells": 12,
      "number_empty_cells": 0,
      "number_distinct_values": 5,
      "frequent_values": [
        "BROOKLYN",
        "MANHATTAN",
        "BRONX",
        "QUEENS",
        "STATEN ISLAND"
      ],
      "data_types": [
        {
          "type": "TEXT",
          "count": 12,
          "shortest_values": "BRONX",
          "longest_values": "STATEN ISLAND",
          "average_length": 7.75
        }
      ]
    },
    {
      "column_name": "Latitude",
      "number_non_empty_cells": 12,
      "number_empty_cells": 0,
      "number_distinct_values": 12,
      "frequent_values": [
        "40.784557",
        "40.681962",
        "40.744327",
        "40.718647",
        "40.671977"
      ],
      "data_types": [
        {
          "type": "REAL",
          "count": 12,
          "max_value": 40.880462,
          "min_value": 40.57353,
          "mean": 40.735072666666674
        }
      ]
    },
    {
      "column_name": "BIN",
      "number_non_empty_cells": 12,
      "number_empty_cells": 0,
      "number_distinct_values": 12,
      "frequent_values": [
        "1083929",
        "3335092",
        "4003444",
        "1005645",
        "3083929"
      ],
      "data_types": [
        {
          "type": "INTEGER (LONG)",
          "count": 12,
          "max_value": 5013236,
          "min_value": 1005645,
          "mean": 2601689.1666666665
        }
      ]
    },
    {
      "column_name": "BBL",
      "number_non_empty_cells": 12,
      "number_empty_cells": 0,
      "number_distinct_values": 12,
      "frequent_values": [
        "1016690001",
        "3020090001",
        "4002497501",
        "1004230022",
        "3037380015"
      ],
      "data_types": [
        {
          "type": "INTEGER (LONG)",
          "count": 12,
          "max_value": 5004970001,
          "min_value": 1004230022,
          "mean": 2525520666.1666665
        }
      ]
    },
    {
      "column_name": "Longitude",
      "number_non_empty_cells": 12,
      "number_empty_cells": 0,
      "number_distinct_values": 12,
      "frequent_values": [
        "-73.94378",
        "-73.968434",
        "-73.932702",
        "-73.993586",
        "-73.895248"
      ],
      "data_types": [
        {
          "type": "REAL",
          "count": 12,
          "max_value": -73.88164,
          "min_value": -74.076247,
          "mean": -73.95175224999998
        }
      ]
    },
    {
      "column_name": "Name of Medicaid Offices",
      "number_non_empty_cells": 12,
      "number_empty_cells": 0,
      "number_distinct_values": 12,
      "frequent_values": [
        "Metropolitan Hospital",
        "Brooklyn South",
        "Queens Community Medicaid Office",
        "Chinatown Medicaid Office",
        "East New York"
      ],
      "data_types": [
        {
          "type": "TEXT",
          "count": 12,
          "shortest_values": "Morrisania",
          "longest_values": "Lincoln Medical and Mental Health Center",
          "average_length": 22.916666666666668
        }
      ]
    },
    {
      "column_name": "Postcode",
      "number_non_empty_cells": 12,
      "number_empty_cells": 0,
      "number_distinct_values": 12,
      "frequent_values": [
        "10029",
        "11238",
        "11101",
        "10002",
        "11207"
      ],
      "data_types": [
        {
          "type": "INTEGER (LONG)",
          "count": 12,
          "max_value": 11238,
          "min_value": 10002,
          "mean": 10642.166666666666
        }
      ]
    },
    {
      "column_name": "Council District ",
      "number_non_empty_cells": 12,
      "number_empty_cells": 0,
      "number_distinct_values": 12,
      "frequent_values": [
        "8",
        "35",
        "26",
        "1",
        "42"
      ],
      "data_types": [
        {
          "type": "INTEGER (LONG)",
          "count": 12,
          "max_value": 49,
          "min_value": 1,
          "mean": 24.916666666666668
        }
      ]
    },
    {
      "column_name": "Census Tract",
      "number_non_empty_cells": 12,
      "number_empty_cells": 0,
      "number_distinct_values": 12,
      "frequent_values": [
        "15602",
        "199",
        "179",
        "18",
        "1144"
      ],
      "data_types": [
        {
          "type": "INTEGER (LONG)",
          "count": 12,
          "max_value": 22301,
          "min_value": 18,
          "mean": 3442.25
        }
      ]
    },
    {
      "column_name": "Telephone Number",
      "number_non_empty_cells": 12,
      "number_empty_cells": 0,
      "number_distinct_values": 12,
      "frequent_values": [
        "(212) 423-7006",
        "(929) 221-3502",
        "(718) 752-4540",
        "(212) 334-6114",
        "(718) 922-8292/8293"
      ],
      "data_types": [
        {
          "type": "TEXT",
          "count": 12,
          "shortest_values": "(212) 423-7006",
          "longest_values": "(718) 718-221-2300/2301",
          "average_length": 17.25
        }
      ]
    },
    {
      "column_name": "NTA",
      "number_non_empty_cells": 12,
      "number_empty_cells": 0,
      "number_distinct_values": 12,
      "frequent_values": [
        "East Harlem South",
        "Clinton Hill",
        "Hunters Point-Sunnyside-West Maspeth",
        "Chinatown",
        "East New York (Pennsylvania Ave)"
      ],
      "data_types": [
        {
          "type": "TEXT",
          "count": 12,
          "shortest_values": "Norwood",
          "longest_values": "Hunters Point-Sunnyside-West Maspeth",
          "average_length": 20.166666666666668
        }
      ]
    },
    {
      "column_name": "Address",
      "number_non_empty_cells": 12,
      "number_empty_cells": 0,
      "number_distinct_values": 12,
      "frequent_values": [
        "1901 First Avenue. 1st Floor, Room 1D-27New York, New York 10029",
        "785 Atlantic Avenue",
        "45-12 32nd Place, 1st FloorLIC, New York 11101",
        "115 Chrystie Street (5th floor)New York, New York 10002",
        "2094 Pitkin Avenue, BasementBrooklyn, New York 11207"
      ],
      "data_types": [
        {
          "type": "TEXT",
          "count": 12,
          "shortest_values": "785 Atlantic Avenue",
          "longest_values": "441 Clarkson Avenue\"T\" Building Nurses' Residence, 1st FloorBrooklyn, New York 11203",
          "average_length": 54.0
        }
      ]
    },
    {
      "column_name": "Community Board",
      "number_non_empty_cells": 12,
      "number_empty_cells": 0,
      "number_distinct_values": 9,
      "frequent_values": [
        "2",
        "9",
        "1",
        "11",
        "3"
      ],
      "data_types": [
        {
          "type": "INTEGER (LONG)",
          "count": 12,
          "max_value": 13,
          "min_value": 1,
          "mean": 5.583333333333333
        }
      ]
    }
  ]
}