{
  "dataset_name": "g6f6-qpfi.tsv.gz",
  "key_column_candidates": [
    "Grade",
    "Year",
    "Category",
    "Number Tested",
    "Mean Scale Score",
    "Level1_N",
    "Level1_%",
    "Level2_N",
    "Level2_%",
    "Level3_N",
    "Level3_%",
    "Level4_N",
    "Level4_%",
    "Level3+4_N",
    "Level3+4_%"
  ],
  "columns": [
    {
      "column_name": "Level1_N",
      "number_non_empty_cells": 70,
      "number_empty_cells": 0,
      "number_distinct_values": 70,
      "frequent_values": [
        "11179",
        "10116",
        "10288",
        "9272",
        "8665"
      ],
      "data_types": [
        {
          "type": "INTEGER (LONG)",
          "count": 70,
          "max_value": 82906,
          "min_value": 8245,
          "mean": 19634.8
        }
      ]
    },
    {
      "column_name": "Level3+4_N",
      "number_non_empty_cells": 70,
      "number_empty_cells": 0,
      "number_distinct_values": 69,
      "frequent_values": [
        "6868",
        "11635",
        "13646",
        "13363",
        "14643"
      ],
      "data_types": [
        {
          "type": "INTEGER (LONG)",
          "count": 70,
          "max_value": 74906,
          "min_value": 6252,
          "mean": 19958.285714285714
        }
      ]
    },
    {
      "column_name": "Level1_%",
      "number_non_empty_cells": 70,
      "number_empty_cells": 0,
      "number_distinct_values": 58,
      "frequent_values": [
        "29.8",
        "35.3",
        "26.0",
        "29.6",
        "30.9"
      ],
      "data_types": [
        {
          "type": "REAL",
          "count": 70,
          "max_value": 46.0,
          "min_value": 25.3,
          "mean": 34.14714285714287
        }
      ]
    },
    {
      "column_name": "Level3_N",
      "number_non_empty_cells": 70,
      "number_empty_cells": 0,
      "number_distinct_values": 70,
      "frequent_values": [
        "7266",
        "8524",
        "7715",
        "7565",
        "8028"
      ],
      "data_types": [
        {
          "type": "INTEGER (LONG)",
          "count": 70,
          "max_value": 41148,
          "min_value": 4049,
          "mean": 11218.228571428572
        }
      ]
    },
    {
      "column_name": "Level3+4_%",
      "number_non_empty_cells": 70,
      "number_empty_cells": 0,
      "number_distinct_values": 62,
      "frequent_values": [
        "38.8",
        "39.7",
        "40.8",
        "38.5",
        "34.2"
      ],
      "data_types": [
        {
          "type": "REAL",
          "count": 70,
          "max_value": 46.0,
          "min_value": 21.4,
          "mean": 34.37571428571429
        }
      ]
    },
    {
      "column_name": "Level4_N",
      "number_non_empty_cells": 70,
      "number_empty_cells": 0,
      "number_distinct_values": 69,
      "frequent_values": [
        "6891",
        "4369",
        "5122",
        "5648",
        "7078"
      ],
      "data_types": [
        {
          "type": "INTEGER (LONG)",
          "count": 70,
          "max_value": 35584,
          "min_value": 1994,
          "mean": 8740.057142857142
        }
      ]
    },
    {
      "column_name": "Level2_N",
      "number_non_empty_cells": 70,
      "number_empty_cells": 0,
      "number_distinct_values": 70,
      "frequent_values": [
        "12601",
        "11397",
        "11335",
        "11681",
        "9862"
      ],
      "data_types": [
        {
          "type": "INTEGER (LONG)",
          "count": 70,
          "max_value": 71436,
          "min_value": 8146,
          "mean": 18093.514285714286
        }
      ]
    },
    {
      "column_name": "Category",
      "number_non_empty_cells": 70,
      "number_empty_cells": 0,
      "number_distinct_values": 2,
      "frequent_values": [
        "Female",
        "Male"
      ],
      "data_types": [
        {
          "type": "TEXT",
          "count": 70,
          "shortest_values": "Male",
          "longest_values": "Female",
          "average_length": 5.0
        }
      ]
    },
    {
      "column_name": "Level2_%",
      "number_non_empty_cells": 70,
      "number_empty_cells": 0,
      "number_distinct_values": 53,
      "frequent_values": [
        "32.8",
        "31.3",
        "29.9",
        "32.4",
        "29.6"
      ],
      "data_types": [
        {
          "type": "REAL",
          "count": 70,
          "max_value": 38.7,
          "min_value": 23.4,
          "mean": 31.472857142857155
        }
      ]
    },
    {
      "column_name": "Grade",
      "number_non_empty_cells": 70,
      "number_empty_cells": 0,
      "number_distinct_values": 7,
      "frequent_values": [
        "3",
        "4",
        "5",
        "6",
        "7"
      ],
      "data_types": [
        {
          "type": "INTEGER (LONG)",
          "count": 60,
          "max_value": 8,
          "min_value": 3,
          "mean": 5.5
        },
        {
          "type": "TEXT",
          "count": 10,
          "shortest_values": "All Grades",
          "longest_values": "All Grades",
          "average_length": 10.0
        }
      ]
    },
    {
      "column_name": "Level4_%",
      "number_non_empty_cells": 70,
      "number_empty_cells": 0,
      "number_distinct_values": 58,
      "frequent_values": [
        "12.3",
        "16.1",
        "9.7",
        "16.2",
        "18.1"
      ],
      "data_types": [
        {
          "type": "REAL",
          "count": 70,
          "max_value": 23.0,
          "min_value": 6.5,
          "mean": 15.024285714285716
        }
      ]
    },
    {
      "column_name": "Year",
      "number_non_empty_cells": 70,
      "number_empty_cells": 0,
      "number_distinct_values": 5,
      "frequent_values": [
        "2013",
        "2014",
        "2015",
        "2016",
        "2017"
      ],
      "data_types": [
        {
          "type": "INTEGER (LONG)",
          "count": 70,
          "max_value": 2017,
          "min_value": 2013,
          "mean": 2015.0
        }
      ]
    },
    {
      "column_name": "Mean Scale Score",
      "number_non_empty_cells": 70,
      "number_empty_cells": 0,
      "number_distinct_values": 18,
      "frequent_values": [
        "303",
        "299",
        "300",
        "302",
        "305"
      ],
      "data_types": [
        {
          "type": "INTEGER (LONG)",
          "count": 70,
          "max_value": 309,
          "min_value": 289,
          "mean": 301.07142857142856
        }
      ]
    },
    {
      "column_name": "Number Tested",
      "number_non_empty_cells": 70,
      "number_empty_cells": 0,
      "number_distinct_values": 70,
      "frequent_values": [
        "35415",
        "35159",
        "34986",
        "35596",
        "34249"
      ],
      "data_types": [
        {
          "type": "INTEGER (LONG)",
          "count": 70,
          "max_value": 216698,
          "min_value": 24947,
          "mean": 57686.6
        }
      ]
    },
    {
      "column_name": "Level3_%",
      "number_non_empty_cells": 70,
      "number_empty_cells": 0,
      "number_distinct_values": 57,
      "frequent_values": [
        "20.5",
        "20.7",
        "24.2",
        "21.5",
        "20.1"
      ],
      "data_types": [
        {
          "type": "REAL",
          "count": 70,
          "max_value": 25.4,
          "min_value": 13.8,
          "mean": 19.354285714285716
        }
      ]
    }
  ]
}