{
  "dataset_name": "g993-cbry.tsv.gz",
  "key_column_candidates": [
    "School Name",
    " 12-13 Initative",
    "Location Category Description",
    "Borough"
  ],
  "columns": [
    {
      "column_name": "Borough",
      "number_non_empty_cells": 35,
      "number_empty_cells": 0,
      "number_distinct_values": 5,
      "frequent_values": [
        "Brooklyn",
        "Manhattan",
        "Bronx",
        "Queens",
        "Staten Island"
      ],
      "data_types": [
        {
          "type": "TEXT",
          "count": 35,
          "shortest_values": "Bronx",
          "longest_values": "Staten Island",
          "average_length": 7.8
        }
      ]
    },
    {
      "column_name": " 12-13 Initative",
      "number_non_empty_cells": 35,
      "number_empty_cells": 0,
      "number_distinct_values": 1,
      "frequent_values": [
        "InnovateNYC"
      ],
      "data_types": [
        {
          "type": "TEXT",
          "count": 35,
          "shortest_values": "InnovateNYC",
          "longest_values": "InnovateNYC",
          "average_length": 11.0
        }
      ]
    },
    {
      "column_name": "Location Category Description",
      "number_non_empty_cells": 35,
      "number_empty_cells": 0,
      "number_distinct_values": 3,
      "frequent_values": [
        "Elementary",
        "K-8",
        "Junior High-Intermediate-Middle"
      ],
      "data_types": [
        {
          "type": "TEXT",
          "count": 35,
          "shortest_values": "K-8",
          "longest_values": "Junior High-Intermediate-Middle",
          "average_length": 9.4
        }
      ]
    },
    {
      "column_name": "School Name",
      "number_non_empty_cells": 35,
      "number_empty_cells": 0,
      "number_distinct_values": 35,
      "frequent_values": [
        "Bronx Middle School of Academic and Career Technology",
        "P.S. 005 Port Morris",
        "P.S. 016 John J. Driscoll",
        "P.S. 020 Clinton Hill",
        "P.S. 025 Eubie Blake School"
      ],
      "data_types": [
        {
          "type": "TEXT",
          "count": 35,
          "shortest_values": "P.S. 087 Bronx",
          "longest_values": "Bronx Middle School of Academic and Career Technology",
          "average_length": 25.685714285714287
        }
      ]
    }
  ]
}