{
  "dataset_name": "ghpb-fpea.tsv.gz",
  "key_column_candidates": [
    "pickup_datetime",
    "dropoff_datetime",
    "Store_and_fwd_flag",
    "rate_code",
    "Dropoff_latitude",
    "Passenger_count",
    "Trip_distance",
    "Fare_amount",
    "Extra",
    "MTA_tax",
    "Tip_amount",
    "Tolls_amount",
    "Ehail_fee",
    "Total_amount",
    "Payment_type",
    "Trip_type",
    "Pickup_longitude",
    "Pickup_latitude",
    "Dropoff_longitude",
    "vendor_id"
  ],
  "columns": [
    {
      "column_name": "rate_code",
      "number_non_empty_cells": 1210811,
      "number_empty_cells": 0,
      "number_distinct_values": 7,
      "frequent_values": [
        "1",
        "5",
        "2",
        "3",
        "4"
      ],
      "data_types": [
        {
          "type": "INTEGER (LONG)",
          "count": 1210811,
          "max_value": 99,
          "min_value": 1,
          "mean": 1.1281942433625065
        }
      ]
    },
    {
      "column_name": "MTA_tax",
      "number_non_empty_cells": 1210811,
      "number_empty_cells": 0,
      "number_distinct_values": 10,
      "frequent_values": [
        "0.5",
        "0",
        "0.25",
        "0.4",
        "3"
      ],
      "data_types": [
        {
          "type": "REAL",
          "count": 1179475,
          "max_value": 2.5,
          "min_value": 0.25,
          "mean": 0.4999971004048412
        },
        {
          "type": "INTEGER (LONG)",
          "count": 31336,
          "max_value": 3,
          "min_value": 0,
          "mean": 0.0025848863926474343
        }
      ]
    },
    {
      "column_name": "Trip_type",
      "number_non_empty_cells": 15211,
      "number_empty_cells": 1195600,
      "number_distinct_values": 2,
      "frequent_values": [
        "",
        "1"
      ],
      "data_types": [
        {
          "type": "INTEGER (LONG)",
          "count": 15211,
          "max_value": 1,
          "min_value": 1,
          "mean": 1.0
        }
      ]
    },
    {
      "column_name": "Pickup_latitude",
      "number_non_empty_cells": 1210811,
      "number_empty_cells": 0,
      "number_distinct_values": 63574,
      "frequent_values": [
        "0",
        "40.721336364746094",
        "40.721328735351562",
        "40.721351623535156",
        "40.721321105957031"
      ],
      "data_types": [
        {
          "type": "INTEGER (LONG)",
          "count": 3636,
          "max_value": 0,
          "min_value": 0,
          "mean": 0.0
        },
        {
          "type": "REAL",
          "count": 1207175,
          "max_value": 42.69934844970703,
          "min_value": 25.68492889404297,
          "mean": 40.774086450391174
        }
      ]
    },
    {
      "column_name": "Extra",
      "number_non_empty_cells": 1210811,
      "number_empty_cells": 0,
      "number_distinct_values": 98,
      "frequent_values": [
        "0",
        "0.5",
        "1",
        "8",
        "10"
      ],
      "data_types": [
        {
          "type": "REAL",
          "count": 417151,
          "max_value": 679.53,
          "min_value": 0.01,
          "mean": 0.5042319208152444
        },
        {
          "type": "INTEGER (LONG)",
          "count": 793660,
          "max_value": 120,
          "min_value": 0,
          "mean": 0.27575032129627297
        }
      ]
    },
    {
      "column_name": "Payment_type",
      "number_non_empty_cells": 1210811,
      "number_empty_cells": 0,
      "number_distinct_values": 4,
      "frequent_values": [
        "2",
        "1",
        "3",
        "4"
      ],
      "data_types": [
        {
          "type": "INTEGER (LONG)",
          "count": 1210811,
          "max_value": 4,
          "min_value": 1,
          "mean": 1.6830487995236252
        }
      ]
    },
    {
      "column_name": "Store_and_fwd_flag",
      "number_non_empty_cells": 1210811,
      "number_empty_cells": 0,
      "number_distinct_values": 2,
      "frequent_values": [
        "N",
        "Y"
      ],
      "data_types": [
        {
          "type": "TEXT",
          "count": 1210811,
          "shortest_values": "N",
          "longest_values": "N",
          "average_length": 1.0
        }
      ]
    },
    {
      "column_name": "pickup_datetime",
      "number_non_empty_cells": 1210811,
      "number_empty_cells": 0,
      "number_distinct_values": 1083757,
      "frequent_values": [
        "10/22/2013 12:40:36 PM",
        "10/02/2013 11:08:00 PM",
        "10/02/2013 11:17:00 PM",
        "10/02/2013 11:25:36 PM",
        "10/02/2013 11:25:59 PM"
      ],
      "data_types": [
        {
          "type": "DATE/TIME",
          "count": 1210811,
          "max_value": "12/31/2013 11:59:59 PM",
          "min_value": "08/01/2013 08:14:37 AM"
        }
      ]
    },
    {
      "column_name": "Trip_distance",
      "number_non_empty_cells": 1210811,
      "number_empty_cells": 0,
      "number_distinct_values": 2978,
      "frequent_values": [
        "0",
        "1",
        "0.9",
        "1.1",
        "1.2"
      ],
      "data_types": [
        {
          "type": "REAL",
          "count": 1140882,
          "max_value": 143.63,
          "min_value": 0.01,
          "mean": 3.058228528454479
        },
        {
          "type": "INTEGER (LONG)",
          "count": 69929,
          "max_value": 155,
          "min_value": 0,
          "mean": 1.4843198100930943
        }
      ]
    },
    {
      "column_name": "Tolls_amount",
      "number_non_empty_cells": 1210811,
      "number_empty_cells": 0,
      "number_distinct_values": 191,
      "frequent_values": [
        "0",
        "5.33",
        "2.44",
        "7.5",
        "10.66"
      ],
      "data_types": [
        {
          "type": "REAL",
          "count": 28556,
          "max_value": 505.5,
          "min_value": 0.01,
          "mean": 5.485892281831609
        },
        {
          "type": "INTEGER (LONG)",
          "count": 1182255,
          "max_value": 950,
          "min_value": 0,
          "mean": 0.007578737243657248
        }
      ]
    },
    {
      "column_name": "Total_amount",
      "number_non_empty_cells": 1210811,
      "number_empty_cells": 0,
      "number_distinct_values": 4191,
      "frequent_values": [
        "7",
        "8",
        "6.5",
        "7.5",
        "6"
      ],
      "data_types": [
        {
          "type": "REAL",
          "count": 684541,
          "max_value": 10000.99,
          "min_value": 0.01,
          "mean": 15.571646665430325
        },
        {
          "type": "INTEGER (LONG)",
          "count": 526270,
          "max_value": 5049,
          "min_value": 0,
          "mean": 12.570005890512475
        }
      ]
    },
    {
      "column_name": "Dropoff_longitude",
      "number_non_empty_cells": 1210811,
      "number_empty_cells": 0,
      "number_distinct_values": 38032,
      "frequent_values": [
        "0",
        "-73.937301635742188",
        "-73.939071655273437",
        "-73.939155578613281",
        "-73.939109802246094"
      ],
      "data_types": [
        {
          "type": "REAL",
          "count": 1206783,
          "max_value": -69.34746551513672,
          "min_value": -121.92768096923828,
          "mean": -73.92701091505239
        },
        {
          "type": "INTEGER (LONG)",
          "count": 4028,
          "max_value": 0,
          "min_value": -74,
          "mean": -0.36742800397219466
        }
      ]
    },
    {
      "column_name": "Dropoff_latitude",
      "number_non_empty_cells": 1210811,
      "number_empty_cells": 0,
      "number_distinct_values": 76513,
      "frequent_values": [
        "0",
        "40.758075714111328",
        "40.758186340332031",
        "40.758163452148438",
        "40.805023193359375"
      ],
      "data_types": [
        {
          "type": "INTEGER (LONG)",
          "count": 4008,
          "max_value": 0,
          "min_value": 0,
          "mean": 0.0
        },
        {
          "type": "REAL",
          "count": 1206803,
          "max_value": 42.77396774291992,
          "min_value": 25.685083389282227,
          "mean": 40.768455227461224
        }
      ]
    },
    {
      "column_name": "Fare_amount",
      "number_non_empty_cells": 1210811,
      "number_empty_cells": 0,
      "number_distinct_values": 688,
      "frequent_values": [
        "6",
        "6.5",
        "5.5",
        "7",
        "5"
      ],
      "data_types": [
        {
          "type": "REAL",
          "count": 596892,
          "max_value": 9999.99,
          "min_value": -0.5,
          "mean": 11.991421597206788
        },
        {
          "type": "INTEGER (LONG)",
          "count": 613919,
          "max_value": 3569,
          "min_value": 0,
          "mean": 12.805648627913454
        }
      ]
    },
    {
      "column_name": "Pickup_longitude",
      "number_non_empty_cells": 1210811,
      "number_empty_cells": 0,
      "number_distinct_values": 28845,
      "frequent_values": [
        "0",
        "-73.844268798828125",
        "-73.844276428222656",
        "-73.844253540039062",
        "-73.844291687011719"
      ],
      "data_types": [
        {
          "type": "INTEGER (LONG)",
          "count": 3638,
          "max_value": 0,
          "min_value": -74,
          "mean": -0.04068169323804288
        },
        {
          "type": "REAL",
          "count": 1207173,
          "max_value": -71.15713500976562,
          "min_value": -121.92669677734375,
          "mean": -73.92549598786418
        }
      ]
    },
    {
      "column_name": "Passenger_count",
      "number_non_empty_cells": 1210811,
      "number_empty_cells": 0,
      "number_distinct_values": 10,
      "frequent_values": [
        "1",
        "5",
        "2",
        "3",
        "6"
      ],
      "data_types": [
        {
          "type": "INTEGER (LONG)",
          "count": 1210811,
          "max_value": 9,
          "min_value": 0,
          "mean": 1.5563073014698412
        }
      ]
    },
    {
      "column_name": "Tip_amount",
      "number_non_empty_cells": 1210811,
      "number_empty_cells": 0,
      "number_distinct_values": 1415,
      "frequent_values": [
        "0",
        "1",
        "2",
        "1.5",
        "3"
      ],
      "data_types": [
        {
          "type": "REAL",
          "count": 232231,
          "max_value": 226.84,
          "min_value": 0.01,
          "mean": 3.2855030551473217
        },
        {
          "type": "INTEGER (LONG)",
          "count": 978580,
          "max_value": 1170,
          "min_value": 0,
          "mean": 0.31311900917656194
        }
      ]
    },
    {
      "column_name": "vendor_id",
      "number_non_empty_cells": 1210811,
      "number_empty_cells": 0,
      "number_distinct_values": 2,
      "frequent_values": [
        "2",
        "1"
      ],
      "data_types": [
        {
          "type": "INTEGER (LONG)",
          "count": 1210811,
          "max_value": 2,
          "min_value": 1,
          "mean": 1.7896732025064193
        }
      ]
    },
    {
      "column_name": "dropoff_datetime",
      "number_non_empty_cells": 1210811,
      "number_empty_cells": 0,
      "number_distinct_values": 1091562,
      "frequent_values": [
        "10/22/2013 12:43:33 PM",
        "10/02/2013 11:08:09 PM",
        "10/02/2013 11:22:54 PM",
        "10/02/2013 11:25:48 PM",
        "10/02/2013 11:26:45 PM"
      ],
      "data_types": [
        {
          "type": "DATE/TIME",
          "count": 1210811,
          "max_value": "01/01/2014 10:45:32 PM",
          "min_value": "08/01/2013 09:09:06 AM"
        }
      ]
    }
  ]
}