{
  "dataset_name": "gi42-6x8d.tsv.gz",
  "key_column_candidates": [
    "SERIALNO",
    "SPORDER",
    "PWGTP",
    "WGTP",
    "AGEP",
    "CIT",
    "REL",
    "SCH",
    "SCHG",
    "SCHL",
    "SEX",
    "ESR",
    "LANX",
    "ENG",
    "MSP",
    "MAR",
    "WKW",
    "WKHP",
    "DIS",
    "JWTR",
    "NP",
    "TEN",
    "HHT",
    "Boro",
    "Povunit_ID",
    "Povunit_Rel",
    "HIUnit_ID",
    "HIUnit_Head",
    "SNAPUnit_ID",
    "SNAPUnit_Rel",
    "TaxUnit_ID",
    "TaxUnit_Rel",
    "TaxUnit_FILER",
    "TaxUnit_FILESTAT",
    "TaxUnit_FILETYPE",
    "NYCgov_REL",
    "NYCgov_SFN",
    "NYCgov_SFR",
    "FamType_PU",
    "HousingStatus",
    "Ethnicity",
    "TotalWorkHrs_PU",
    "EducAttain",
    "CitizenStatus",
    "AgeCateg",
    "FTPTWork",
    "PreTaxIncome_PU",
    "WAGP_adj",
    "INTP_adj",
    "SEMP_adj",
    "SSP_adj",
    "SSIP_adj",
    "PA_adj",
    "RETP_adj",
    "OI_adj",
    "MRGP_adj",
    "RNTP_adj",
    "NYCgov_Housing",
    "NYCgov_Childcare",
    "NYCgov_Commuting",
    "NYCgov_MOOP",
    "NYCgov_MedSpending",
    "NYCgov_MedPremiums",
    "NYCgov_HEAP",
    "NYCgov_WIC",
    "NYCgov_SNAP",
    "NYCgov_SchoolLunch",
    "NYCgov_SchoolBreakfast",
    "NYCgov_Nutrition",
    "NYCgov_FICAtax",
    "NYCgov_IncomeTax",
    "NYCgov_Income",
    "NYCgov_EITC",
    "Off_Threshold",
    "Off_Pov_Stat",
    "NYCgov_Threshold",
    "NYCgov_Pov_Stat",
    "NYCgov_PovGapIndex",
    "NYCgov_PovGap"
  ],
  "columns": [
    {
      "column_name": "NYCgov_HEAP",
      "number_non_empty_cells": 67778,
      "number_empty_cells": 0,
      "number_distinct_values": 4,
      "frequent_values": [
        "0",
        "25",
        "20",
        "1"
      ],
      "data_types": [
        {
          "type": "INTEGER (LONG)",
          "count": 67778,
          "max_value": 25,
          "min_value": 0,
          "mean": 4.179556788338399
        }
      ]
    },
    {
      "column_name": "NYCgov_Housing",
      "number_non_empty_cells": 67778,
      "number_empty_cells": 0,
      "number_distinct_values": 4794,
      "frequent_values": [
        "0",
        "316.8457742806",
        "2047.999825071",
        "5855.35161296497",
        "5735.35161296497"
      ],
      "data_types": [
        {
          "type": "REAL",
          "count": 22691,
          "max_value": 34715.7502115223,
          "min_value": 4.84577428060038,
          "mean": 7937.266064904114
        },
        {
          "type": "INTEGER (LONG)",
          "count": 45087,
          "max_value": 0,
          "min_value": 0,
          "mean": 0.0
        }
      ]
    },
    {
      "column_name": "LANX",
      "number_non_empty_cells": 64082,
      "number_empty_cells": 3696,
      "number_distinct_values": 3,
      "frequent_values": [
        "2",
        "1",
        ""
      ],
      "data_types": [
        {
          "type": "INTEGER (LONG)",
          "count": 64082,
          "max_value": 2,
          "min_value": 1,
          "mean": 1.5235323491776163
        }
      ]
    },
    {
      "column_name": "NYCgov_SNAP",
      "number_non_empty_cells": 67778,
      "number_empty_cells": 0,
      "number_distinct_values": 3543,
      "frequent_values": [
        "0",
        "2323",
        "4264",
        "2512",
        "2123"
      ],
      "data_types": [
        {
          "type": "REAL",
          "count": 256,
          "max_value": 12977.23,
          "min_value": 10.87,
          "mean": 5552.057851562494
        },
        {
          "type": "INTEGER (LONG)",
          "count": 67522,
          "max_value": 19646,
          "min_value": 0,
          "mean": 1223.6927223719676
        }
      ]
    },
    {
      "column_name": "JWTR",
      "number_non_empty_cells": 31250,
      "number_empty_cells": 36528,
      "number_distinct_values": 13,
      "frequent_values": [
        "",
        "4",
        "1",
        "2",
        "10"
      ],
      "data_types": [
        {
          "type": "INTEGER (LONG)",
          "count": 31250,
          "max_value": 12,
          "min_value": 1,
          "mean": 3.834432
        }
      ]
    },
    {
      "column_name": "WAGP_adj",
      "number_non_empty_cells": 67778,
      "number_empty_cells": 0,
      "number_distinct_values": 794,
      "frequent_values": [
        "0",
        "40337",
        "50421.25",
        "30252.75",
        "60505.5"
      ],
      "data_types": [
        {
          "type": "INTEGER (LONG)",
          "count": 37229,
          "max_value": 322696,
          "min_value": 0,
          "mean": 4978.605791184292
        },
        {
          "type": "REAL",
          "count": 30549,
          "max_value": 591945.475,
          "min_value": 10.08425,
          "mean": 52915.92919183079
        }
      ]
    },
    {
      "column_name": "NYCgov_Pov_Stat",
      "number_non_empty_cells": 67778,
      "number_empty_cells": 0,
      "number_distinct_values": 2,
      "frequent_values": [
        "2",
        "1"
      ],
      "data_types": [
        {
          "type": "INTEGER (LONG)",
          "count": 67778,
          "max_value": 2,
          "min_value": 1,
          "mean": 1.8034908082268584
        }
      ]
    },
    {
      "column_name": "RNTP_adj",
      "number_non_empty_cells": 67778,
      "number_empty_cells": 0,
      "number_distinct_values": 128,
      "frequent_values": [
        "0",
        "1210.11",
        "1310.9525",
        "1109.2675",
        "1411.795"
      ],
      "data_types": [
        {
          "type": "INTEGER (LONG)",
          "count": 29986,
          "max_value": 0,
          "min_value": 0,
          "mean": 0.0
        },
        {
          "type": "REAL",
          "count": 37792,
          "max_value": 3731.1725,
          "min_value": 4.0337,
          "mean": 1311.2997598155437
        }
      ]
    },
    {
      "column_name": "SCHL",
      "number_non_empty_cells": 65594,
      "number_empty_cells": 2184,
      "number_distinct_values": 25,
      "frequent_values": [
        "21",
        "16",
        "19",
        "22",
        "20"
      ],
      "data_types": [
        {
          "type": "INTEGER (LONG)",
          "count": 65594,
          "max_value": 24,
          "min_value": 1,
          "mean": 15.777022288623959
        }
      ]
    },
    {
      "column_name": "SNAPUnit_Rel",
      "number_non_empty_cells": 67778,
      "number_empty_cells": 0,
      "number_distinct_values": 4,
      "frequent_values": [
        "1",
        "3",
        "2",
        "4"
      ],
      "data_types": [
        {
          "type": "INTEGER (LONG)",
          "count": 67778,
          "max_value": 4,
          "min_value": 1,
          "mean": 1.68432234648411
        }
      ]
    },
    {
      "column_name": "TotalWorkHrs_PU",
      "number_non_empty_cells": 67778,
      "number_empty_cells": 0,
      "number_distinct_values": 5,
      "frequent_values": [
        "1",
        "3",
        "2",
        "5",
        "4"
      ],
      "data_types": [
        {
          "type": "INTEGER (LONG)",
          "count": 67778,
          "max_value": 5,
          "min_value": 1,
          "mean": 2.5680751866387324
        }
      ]
    },
    {
      "column_name": "PreTaxIncome_PU",
      "number_non_empty_cells": 67778,
      "number_empty_cells": 0,
      "number_distinct_values": 4271,
      "frequent_values": [
        "0",
        "40337",
        "50421.25",
        "60505.5",
        "30252.75"
      ],
      "data_types": [
        {
          "type": "INTEGER (LONG)",
          "count": 3167,
          "max_value": 645392,
          "min_value": 0,
          "mean": 70064.36280391538
        },
        {
          "type": "REAL",
          "count": 64611,
          "max_value": 1817181.85,
          "min_value": -11496.045,
          "mean": 92002.50808830388
        }
      ]
    },
    {
      "column_name": "Off_Pov_Stat",
      "number_non_empty_cells": 67778,
      "number_empty_cells": 0,
      "number_distinct_values": 2,
      "frequent_values": [
        "2",
        "1"
      ],
      "data_types": [
        {
          "type": "INTEGER (LONG)",
          "count": 67778,
          "max_value": 2,
          "min_value": 1,
          "mean": 1.824161232258255
        }
      ]
    },
    {
      "column_name": "NYCgov_SFN",
      "number_non_empty_cells": 67778,
      "number_empty_cells": 0,
      "number_distinct_values": 4,
      "frequent_values": [
        "0",
        "1",
        "2",
        "3"
      ],
      "data_types": [
        {
          "type": "INTEGER (LONG)",
          "count": 67778,
          "max_value": 3,
          "min_value": 0,
          "mean": 0.05792440024786804
        }
      ]
    },
    {
      "column_name": "NYCgov_IncomeTax",
      "number_non_empty_cells": 67778,
      "number_empty_cells": 0,
      "number_distinct_values": 18319,
      "frequent_values": [
        "0",
        "-62.5",
        "-125",
        "9721.5872125",
        "6859.26517"
      ],
      "data_types": [
        {
          "type": "REAL",
          "count": 62135,
          "max_value": 848534.0198654,
          "min_value": -21649.7346600125,
          "mean": 19015.20469329952
        },
        {
          "type": "INTEGER (LONG)",
          "count": 5643,
          "max_value": 65,
          "min_value": -9496,
          "mean": -89.45844409002304
        }
      ]
    },
    {
      "column_name": "NYCgov_EITC",
      "number_non_empty_cells": 67778,
      "number_empty_cells": 0,
      "number_distinct_values": 1225,
      "frequent_values": [
        "0",
        "3305",
        "5460",
        "6143",
        "190.68085"
      ],
      "data_types": [
        {
          "type": "INTEGER (LONG)",
          "count": 63699,
          "max_value": 6143,
          "min_value": 0,
          "mean": 73.63953908224619
        },
        {
          "type": "REAL",
          "count": 4079,
          "max_value": 6126.181875,
          "min_value": 3.857225625,
          "mean": 2175.1567877753496
        }
      ]
    },
    {
      "column_name": "NYCgov_Threshold",
      "number_non_empty_cells": 67778,
      "number_empty_cells": 0,
      "number_distinct_values": 29,
      "frequent_values": [
        "20637.6435907022",
        "31580.9997068956",
        "14636.6266600725",
        "38626.2893299903",
        "35179.4160599746"
      ],
      "data_types": [
        {
          "type": "REAL",
          "count": 67778,
          "max_value": 80896.4536872907,
          "min_value": 14636.6266600725,
          "mean": 29373.245980348354
        }
      ]
    },
    {
      "column_name": "ENG",
      "number_non_empty_cells": 30533,
      "number_empty_cells": 37245,
      "number_distinct_values": 5,
      "frequent_values": [
        "",
        "1",
        "2",
        "3",
        "4"
      ],
      "data_types": [
        {
          "type": "INTEGER (LONG)",
          "count": 30533,
          "max_value": 4,
          "min_value": 1,
          "mean": 1.7989388530442472
        }
      ]
    },
    {
      "column_name": "Povunit_ID",
      "number_non_empty_cells": 67778,
      "number_empty_cells": 0,
      "number_distinct_values": 10,
      "frequent_values": [
        "1",
        "2",
        "3",
        "4",
        "5"
      ],
      "data_types": [
        {
          "type": "INTEGER (LONG)",
          "count": 67778,
          "max_value": 10,
          "min_value": 1,
          "mean": 1.0561686682994482
        }
      ]
    },
    {
      "column_name": "TaxUnit_FILER",
      "number_non_empty_cells": 67778,
      "number_empty_cells": 0,
      "number_distinct_values": 2,
      "frequent_values": [
        "0",
        "1"
      ],
      "data_types": [
        {
          "type": "INTEGER (LONG)",
          "count": 67778,
          "max_value": 1,
          "min_value": 0,
          "mean": 0.4794623624184839
        }
      ]
    },
    {
      "column_name": "TaxUnit_FILETYPE",
      "number_non_empty_cells": 67778,
      "number_empty_cells": 0,
      "number_distinct_values": 5,
      "frequent_values": [
        "1",
        "0",
        "3",
        "2",
        "4"
      ],
      "data_types": [
        {
          "type": "INTEGER (LONG)",
          "count": 67778,
          "max_value": 4,
          "min_value": 0,
          "mean": 0.8029596624273363
        }
      ]
    },
    {
      "column_name": "NYCgov_SFR",
      "number_non_empty_cells": 67778,
      "number_empty_cells": 0,
      "number_distinct_values": 7,
      "frequent_values": [
        "0",
        "5",
        "3",
        "1",
        "2"
      ],
      "data_types": [
        {
          "type": "INTEGER (LONG)",
          "count": 67778,
          "max_value": 6,
          "min_value": 0,
          "mean": 0.18560594883295464
        }
      ]
    },
    {
      "column_name": "HousingStatus",
      "number_non_empty_cells": 67778,
      "number_empty_cells": 0,
      "number_distinct_values": 10,
      "frequent_values": [
        "9",
        "4",
        "6",
        "8",
        "3"
      ],
      "data_types": [
        {
          "type": "INTEGER (LONG)",
          "count": 67778,
          "max_value": 10,
          "min_value": 1,
          "mean": 6.296305585883325
        }
      ]
    },
    {
      "column_name": "NYCgov_Commuting",
      "number_non_empty_cells": 67778,
      "number_empty_cells": 0,
      "number_distinct_values": 3543,
      "frequent_values": [
        "0",
        "1160",
        "1392",
        "928",
        "2320"
      ],
      "data_types": [
        {
          "type": "REAL",
          "count": 30077,
          "max_value": 26335.736,
          "min_value": 9.184,
          "mean": 3135.0494681069376
        },
        {
          "type": "INTEGER (LONG)",
          "count": 37701,
          "max_value": 19193,
          "min_value": 0,
          "mean": 1259.7204052942893
        }
      ]
    },
    {
      "column_name": "NYCgov_SchoolBreakfast",
      "number_non_empty_cells": 67778,
      "number_empty_cells": 0,
      "number_distinct_values": 8,
      "frequent_values": [
        "0",
        "276.5",
        "553",
        "829.5",
        "1106"
      ],
      "data_types": [
        {
          "type": "INTEGER (LONG)",
          "count": 65550,
          "max_value": 1659,
          "min_value": 0,
          "mean": 13.278749046529366
        },
        {
          "type": "REAL",
          "count": 2228,
          "max_value": 1935.5,
          "min_value": 276.5,
          "mean": 438.3294434470377
        }
      ]
    },
    {
      "column_name": "WGTP",
      "number_non_empty_cells": 67778,
      "number_empty_cells": 0,
      "number_distinct_values": 589,
      "frequent_values": [
        "68",
        "72",
        "73",
        "70",
        "67"
      ],
      "data_types": [
        {
          "type": "INTEGER (LONG)",
          "count": 67778,
          "max_value": 2085,
          "min_value": 12,
          "mean": 115.67464368969281
        }
      ]
    },
    {
      "column_name": "Povunit_Rel",
      "number_non_empty_cells": 67778,
      "number_empty_cells": 0,
      "number_distinct_values": 4,
      "frequent_values": [
        "1",
        "3",
        "4",
        "2"
      ],
      "data_types": [
        {
          "type": "INTEGER (LONG)",
          "count": 67778,
          "max_value": 4,
          "min_value": 1,
          "mean": 2.1551683437103484
        }
      ]
    },
    {
      "column_name": "NYCgov_SchoolLunch",
      "number_non_empty_cells": 67778,
      "number_empty_cells": 0,
      "number_distinct_values": 8,
      "frequent_values": [
        "0",
        "558.425",
        "1116.85",
        "1675.275",
        "2233.7"
      ],
      "data_types": [
        {
          "type": "INTEGER (LONG)",
          "count": 56676,
          "max_value": 0,
          "min_value": 0,
          "mean": 0.0
        },
        {
          "type": "REAL",
          "count": 11102,
          "max_value": 3908.975,
          "min_value": 558.425,
          "mean": 1020.6773644388479
        }
      ]
    },
    {
      "column_name": "PA_adj",
      "number_non_empty_cells": 67778,
      "number_empty_cells": 0,
      "number_distinct_values": 192,
      "frequent_values": [
        "0",
        "2420.22",
        "2218.535",
        "2319.3775",
        "3025.275"
      ],
      "data_types": [
        {
          "type": "REAL",
          "count": 1233,
          "max_value": 30252.75,
          "min_value": 20.1685,
          "mean": 3209.0324444444514
        },
        {
          "type": "INTEGER (LONG)",
          "count": 66545,
          "max_value": 0,
          "min_value": 0,
          "mean": 0.0
        }
      ]
    },
    {
      "column_name": "NP",
      "number_non_empty_cells": 67778,
      "number_empty_cells": 0,
      "number_distinct_values": 15,
      "frequent_values": [
        "2",
        "3",
        "4",
        "5",
        "1"
      ],
      "data_types": [
        {
          "type": "INTEGER (LONG)",
          "count": 67778,
          "max_value": 15,
          "min_value": 1,
          "mean": 3.5584407919974033
        }
      ]
    },
    {
      "column_name": "MRGP_adj",
      "number_non_empty_cells": 67778,
      "number_empty_cells": 0,
      "number_distinct_values": 143,
      "frequent_values": [
        "0",
        "2016.85",
        "2521.0625",
        "1512.6375",
        "1714.3225"
      ],
      "data_types": [
        {
          "type": "INTEGER (LONG)",
          "count": 48675,
          "max_value": 0,
          "min_value": 0,
          "mean": 0.0
        },
        {
          "type": "REAL",
          "count": 19103,
          "max_value": 6453.92,
          "min_value": 4.0337,
          "mean": 2094.113419337325
        }
      ]
    },
    {
      "column_name": "NYCgov_MedSpending",
      "number_non_empty_cells": 67778,
      "number_empty_cells": 0,
      "number_distinct_values": 4979,
      "frequent_values": [
        "0",
        "20",
        "5",
        "10",
        "30"
      ],
      "data_types": [
        {
          "type": "INTEGER (LONG)",
          "count": 67778,
          "max_value": 40515,
          "min_value": 0,
          "mean": 1455.6805010475375
        }
      ]
    },
    {
      "column_name": "SCHG",
      "number_non_empty_cells": 67778,
      "number_empty_cells": 0,
      "number_distinct_values": 17,
      "frequent_values": [
        "0",
        "15",
        "16",
        "14",
        "1"
      ],
      "data_types": [
        {
          "type": "INTEGER (LONG)",
          "count": 67778,
          "max_value": 16,
          "min_value": 0,
          "mean": 2.4280592522647466
        }
      ]
    },
    {
      "column_name": "NYCgov_PovGap",
      "number_non_empty_cells": 67778,
      "number_empty_cells": 0,
      "number_distinct_values": 5800,
      "frequent_values": [
        "0",
        "14636.627",
        "20637.645",
        "31581",
        "22086.746"
      ],
      "data_types": [
        {
          "type": "INTEGER (LONG)",
          "count": 54517,
          "max_value": 31581,
          "min_value": 0,
          "mean": 26.990131518608873
        },
        {
          "type": "REAL",
          "count": 13261,
          "max_value": 52366.066,
          "min_value": 1.6856027,
          "mean": 8772.602674078391
        }
      ]
    },
    {
      "column_name": "TEN",
      "number_non_empty_cells": 67778,
      "number_empty_cells": 0,
      "number_distinct_values": 4,
      "frequent_values": [
        "3",
        "1",
        "2",
        "4"
      ],
      "data_types": [
        {
          "type": "INTEGER (LONG)",
          "count": 67778,
          "max_value": 4,
          "min_value": 1,
          "mean": 2.3102039009708166
        }
      ]
    },
    {
      "column_name": "EducAttain",
      "number_non_empty_cells": 65594,
      "number_empty_cells": 2184,
      "number_distinct_values": 5,
      "frequent_values": [
        "1",
        "4",
        "2",
        "3",
        ""
      ],
      "data_types": [
        {
          "type": "INTEGER (LONG)",
          "count": 65594,
          "max_value": 4,
          "min_value": 1,
          "mean": 2.4497515016617375
        }
      ]
    },
    {
      "column_name": "NYCgov_Childcare",
      "number_non_empty_cells": 67778,
      "number_empty_cells": 0,
      "number_distinct_values": 456,
      "frequent_values": [
        "0",
        "10347.99",
        "3449.3295",
        "17246.645",
        "5401.47"
      ],
      "data_types": [
        {
          "type": "INTEGER (LONG)",
          "count": 64250,
          "max_value": 7346,
          "min_value": 0,
          "mean": 0.34300389105058365
        },
        {
          "type": "REAL",
          "count": 3528,
          "max_value": 61846.8,
          "min_value": 54.0147,
          "mean": 10655.251302190769
        }
      ]
    },
    {
      "column_name": "FTPTWork",
      "number_non_empty_cells": 67778,
      "number_empty_cells": 0,
      "number_distinct_values": 3,
      "frequent_values": [
        "3",
        "1",
        "2"
      ],
      "data_types": [
        {
          "type": "INTEGER (LONG)",
          "count": 67778,
          "max_value": 3,
          "min_value": 1,
          "mean": 2.1493552480155804
        }
      ]
    },
    {
      "column_name": "SNAPUnit_ID",
      "number_non_empty_cells": 67778,
      "number_empty_cells": 0,
      "number_distinct_values": 21,
      "frequent_values": [
        "1",
        "52",
        "53",
        "2",
        "54"
      ],
      "data_types": [
        {
          "type": "INTEGER (LONG)",
          "count": 67778,
          "max_value": 102,
          "min_value": 1,
          "mean": 10.973250907374075
        }
      ]
    },
    {
      "column_name": "CIT",
      "number_non_empty_cells": 67778,
      "number_empty_cells": 0,
      "number_distinct_values": 5,
      "frequent_values": [
        "1",
        "4",
        "5",
        "2",
        "3"
      ],
      "data_types": [
        {
          "type": "INTEGER (LONG)",
          "count": 67778,
          "max_value": 5,
          "min_value": 1,
          "mean": 2.3481660715866504
        }
      ]
    },
    {
      "column_name": "MSP",
      "number_non_empty_cells": 56258,
      "number_empty_cells": 11520,
      "number_distinct_values": 7,
      "frequent_values": [
        "6",
        "1",
        "",
        "4",
        "3"
      ],
      "data_types": [
        {
          "type": "INTEGER (LONG)",
          "count": 56258,
          "max_value": 6,
          "min_value": 1,
          "mean": 3.5175263962458674
        }
      ]
    },
    {
      "column_name": "HIUnit_ID",
      "number_non_empty_cells": 67778,
      "number_empty_cells": 0,
      "number_distinct_values": 11,
      "frequent_values": [
        "1",
        "2",
        "3",
        "4",
        "5"
      ],
      "data_types": [
        {
          "type": "INTEGER (LONG)",
          "count": 67778,
          "max_value": 11,
          "min_value": 1,
          "mean": 1.3333382513499956
        }
      ]
    },
    {
      "column_name": "TaxUnit_ID",
      "number_non_empty_cells": 67778,
      "number_empty_cells": 0,
      "number_distinct_values": 11,
      "frequent_values": [
        "1",
        "2",
        "3",
        "4",
        "5"
      ],
      "data_types": [
        {
          "type": "INTEGER (LONG)",
          "count": 67778,
          "max_value": 11,
          "min_value": 1,
          "mean": 1.2939449378854495
        }
      ]
    },
    {
      "column_name": "SEMP_adj",
      "number_non_empty_cells": 67778,
      "number_empty_cells": 0,
      "number_distinct_values": 390,
      "frequent_values": [
        "0",
        "10084.25",
        "20168.5",
        "5042.125",
        "30252.75"
      ],
      "data_types": [
        {
          "type": "REAL",
          "count": 3011,
          "max_value": 369083.55,
          "min_value": -6453.92,
          "mean": 33133.71070823637
        },
        {
          "type": "INTEGER (LONG)",
          "count": 64767,
          "max_value": 161348,
          "min_value": 0,
          "mean": 127.6743557675977
        }
      ]
    },
    {
      "column_name": "NYCgov_MedPremiums",
      "number_non_empty_cells": 67778,
      "number_empty_cells": 0,
      "number_distinct_values": 4344,
      "frequent_values": [
        "0",
        "1258.8",
        "2400",
        "3600",
        "1200"
      ],
      "data_types": [
        {
          "type": "REAL",
          "count": 25230,
          "max_value": 36713.33,
          "min_value": 23.5,
          "mean": 3799.504360554702
        },
        {
          "type": "INTEGER (LONG)",
          "count": 42548,
          "max_value": 32400,
          "min_value": 0,
          "mean": 1663.8346808310614
        }
      ]
    },
    {
      "column_name": "NYCgov_PovGapIndex",
      "number_non_empty_cells": 67778,
      "number_empty_cells": 0,
      "number_distinct_values": 5792,
      "frequent_values": [
        "0",
        "1",
        "0.79986316",
        "0.55337566",
        "0.24108265"
      ],
      "data_types": [
        {
          "type": "REAL",
          "count": 12669,
          "max_value": 0.99988616,
          "min_value": 7.7319804e-05,
          "mean": 0.3116517223033007
        },
        {
          "type": "INTEGER (LONG)",
          "count": 55109,
          "max_value": 1,
          "min_value": 0,
          "mean": 0.011794806655900126
        }
      ]
    },
    {
      "column_name": "ESR",
      "number_non_empty_cells": 55513,
      "number_empty_cells": 12265,
      "number_distinct_values": 6,
      "frequent_values": [
        "1",
        "6",
        "",
        "3",
        "2"
      ],
      "data_types": [
        {
          "type": "INTEGER (LONG)",
          "count": 55513,
          "max_value": 6,
          "min_value": 1,
          "mean": 2.9804009871561616
        }
      ]
    },
    {
      "column_name": "MAR",
      "number_non_empty_cells": 67778,
      "number_empty_cells": 0,
      "number_distinct_values": 5,
      "frequent_values": [
        "5",
        "1",
        "3",
        "2",
        "4"
      ],
      "data_types": [
        {
          "type": "INTEGER (LONG)",
          "count": 67778,
          "max_value": 5,
          "min_value": 1,
          "mean": 3.2628729086134145
        }
      ]
    },
    {
      "column_name": "Ethnicity",
      "number_non_empty_cells": 67778,
      "number_empty_cells": 0,
      "number_distinct_values": 5,
      "frequent_values": [
        "1",
        "4",
        "2",
        "3",
        "5"
      ],
      "data_types": [
        {
          "type": "INTEGER (LONG)",
          "count": 67778,
          "max_value": 5,
          "min_value": 1,
          "mean": 2.371226651715896
        }
      ]
    },
    {
      "column_name": "CitizenStatus",
      "number_non_empty_cells": 67778,
      "number_empty_cells": 0,
      "number_distinct_values": 3,
      "frequent_values": [
        "1",
        "2",
        "3"
      ],
      "data_types": [
        {
          "type": "INTEGER (LONG)",
          "count": 67778,
          "max_value": 3,
          "min_value": 1,
          "mean": 1.5354982442680516
        }
      ]
    },
    {
      "column_name": "SSP_adj",
      "number_non_empty_cells": 67778,
      "number_empty_cells": 0,
      "number_distinct_values": 410,
      "frequent_values": [
        "0",
        "12101.1",
        "18151.65",
        "9680.88",
        "24202.2"
      ],
      "data_types": [
        {
          "type": "INTEGER (LONG)",
          "count": 58149,
          "max_value": 40337,
          "min_value": 0,
          "mean": 2.7747338733254225
        },
        {
          "type": "REAL",
          "count": 9629,
          "max_value": 50421.25,
          "min_value": 50.42125,
          "mean": 13134.959219077698
        }
      ]
    },
    {
      "column_name": "NYCgov_MOOP",
      "number_non_empty_cells": 67778,
      "number_empty_cells": 0,
      "number_distinct_values": 16202,
      "frequent_values": [
        "0",
        "5",
        "3",
        "1",
        "10"
      ],
      "data_types": [
        {
          "type": "INTEGER (LONG)",
          "count": 42548,
          "max_value": 45827,
          "min_value": 0,
          "mean": 2829.938845539156
        },
        {
          "type": "REAL",
          "count": 25230,
          "max_value": 43809.96,
          "min_value": 51.97,
          "mean": 5743.527863812801
        }
      ]
    },
    {
      "column_name": "NYCgov_WIC",
      "number_non_empty_cells": 67778,
      "number_empty_cells": 0,
      "number_distinct_values": 6,
      "frequent_values": [
        "0",
        "663.6",
        "1327.2",
        "1990.8",
        "2654.4"
      ],
      "data_types": [
        {
          "type": "REAL",
          "count": 5497,
          "max_value": 2654.4,
          "min_value": 663.6,
          "mean": 1110.1447334909788
        },
        {
          "type": "INTEGER (LONG)",
          "count": 62281,
          "max_value": 3318,
          "min_value": 0,
          "mean": 1.5449655593198568
        }
      ]
    },
    {
      "column_name": "NYCgov_Nutrition",
      "number_non_empty_cells": 67778,
      "number_empty_cells": 0,
      "number_distinct_values": 4016,
      "frequent_values": [
        "0",
        "558.425",
        "1116.85",
        "2323",
        "1675.275"
      ],
      "data_types": [
        {
          "type": "INTEGER (LONG)",
          "count": 56553,
          "max_value": 19600,
          "min_value": 0,
          "mean": 611.2923982812583
        },
        {
          "type": "REAL",
          "count": 11225,
          "max_value": 21321.275,
          "min_value": 10.87,
          "mean": 5581.796695768048
        }
      ]
    },
    {
      "column_name": "SERIALNO",
      "number_non_empty_cells": 67778,
      "number_empty_cells": 0,
      "number_distinct_values": 26602,
      "frequent_values": [
        "1271725",
        "68106",
        "794304",
        "1154776",
        "118699"
      ],
      "data_types": [
        {
          "type": "INTEGER (LONG)",
          "count": 67778,
          "max_value": 1500977,
          "min_value": 6,
          "mean": 745112.044276904
        }
      ]
    },
    {
      "column_name": "DIS",
      "number_non_empty_cells": 67778,
      "number_empty_cells": 0,
      "number_distinct_values": 2,
      "frequent_values": [
        "2",
        "1"
      ],
      "data_types": [
        {
          "type": "INTEGER (LONG)",
          "count": 67778,
          "max_value": 2,
          "min_value": 1,
          "mean": 1.8853020154032283
        }
      ]
    },
    {
      "column_name": "HHT",
      "number_non_empty_cells": 67778,
      "number_empty_cells": 0,
      "number_distinct_values": 7,
      "frequent_values": [
        "1",
        "3",
        "6",
        "2",
        "4"
      ],
      "data_types": [
        {
          "type": "INTEGER (LONG)",
          "count": 67778,
          "max_value": 7,
          "min_value": 1,
          "mean": 2.340213638643808
        }
      ]
    },
    {
      "column_name": "TaxUnit_Rel",
      "number_non_empty_cells": 67778,
      "number_empty_cells": 0,
      "number_distinct_values": 6,
      "frequent_values": [
        "1",
        "2",
        "3",
        "5",
        "6"
      ],
      "data_types": [
        {
          "type": "INTEGER (LONG)",
          "count": 67778,
          "max_value": 6,
          "min_value": 1,
          "mean": 2.023193366579126
        }
      ]
    },
    {
      "column_name": "AgeCateg",
      "number_non_empty_cells": 67778,
      "number_empty_cells": 0,
      "number_distinct_values": 3,
      "frequent_values": [
        "2",
        "1",
        "3"
      ],
      "data_types": [
        {
          "type": "INTEGER (LONG)",
          "count": 67778,
          "max_value": 3,
          "min_value": 1,
          "mean": 1.9475641063471922
        }
      ]
    },
    {
      "column_name": "OI_adj",
      "number_non_empty_cells": 67778,
      "number_empty_cells": 0,
      "number_distinct_values": 321,
      "frequent_values": [
        "0",
        "69581.325",
        "5042.125",
        "2016.85",
        "10084.25"
      ],
      "data_types": [
        {
          "type": "INTEGER (LONG)",
          "count": 65628,
          "max_value": 40337,
          "min_value": 0,
          "mean": 7.990202352654355
        },
        {
          "type": "REAL",
          "count": 2150,
          "max_value": 69581.325,
          "min_value": 4.0337,
          "mean": 11143.753836906968
        }
      ]
    },
    {
      "column_name": "SCH",
      "number_non_empty_cells": 67778,
      "number_empty_cells": 0,
      "number_distinct_values": 4,
      "frequent_values": [
        "1",
        "2",
        "3",
        "0"
      ],
      "data_types": [
        {
          "type": "INTEGER (LONG)",
          "count": 67778,
          "max_value": 3,
          "min_value": 0,
          "mean": 1.2815072737466435
        }
      ]
    },
    {
      "column_name": "RETP_adj",
      "number_non_empty_cells": 67778,
      "number_empty_cells": 0,
      "number_distinct_values": 469,
      "frequent_values": [
        "0",
        "124036.275",
        "12101.1",
        "18151.65",
        "6050.55"
      ],
      "data_types": [
        {
          "type": "INTEGER (LONG)",
          "count": 63519,
          "max_value": 40337,
          "min_value": 0,
          "mean": 26.03657173444166
        },
        {
          "type": "REAL",
          "count": 4259,
          "max_value": 124036.275,
          "min_value": 10.08425,
          "mean": 21971.224838107493
        }
      ]
    },
    {
      "column_name": "AGEP",
      "number_non_empty_cells": 67778,
      "number_empty_cells": 0,
      "number_distinct_values": 93,
      "frequent_values": [
        "30",
        "27",
        "29",
        "24",
        "26"
      ],
      "data_types": [
        {
          "type": "INTEGER (LONG)",
          "count": 67778,
          "max_value": 95,
          "min_value": 0,
          "mean": 38.96748207382927
        }
      ]
    },
    {
      "column_name": "NYCgov_FICAtax",
      "number_non_empty_cells": 67778,
      "number_empty_cells": 0,
      "number_distinct_values": 3517,
      "frequent_values": [
        "0",
        "3085.7805",
        "3857.225625",
        "4628.67075",
        "7714.45125"
      ],
      "data_types": [
        {
          "type": "REAL",
          "count": 57153,
          "max_value": 114960.268769325,
          "min_value": 2.314335375,
          "mean": 7284.71855274505
        },
        {
          "type": "INTEGER (LONG)",
          "count": 10625,
          "max_value": 0,
          "min_value": 0,
          "mean": 0.0
        }
      ]
    },
    {
      "column_name": "INTP_adj",
      "number_non_empty_cells": 67778,
      "number_empty_cells": 0,
      "number_distinct_values": 433,
      "frequent_values": [
        "0",
        "1008.425",
        "100.8425",
        "250089.4",
        "5042.125"
      ],
      "data_types": [
        {
          "type": "REAL",
          "count": 6380,
          "max_value": 250089.4,
          "min_value": -5042.125,
          "mean": 17127.596151164016
        },
        {
          "type": "INTEGER (LONG)",
          "count": 61398,
          "max_value": 80674,
          "min_value": 0,
          "mean": 49.93016059155021
        }
      ]
    },
    {
      "column_name": "Boro",
      "number_non_empty_cells": 67778,
      "number_empty_cells": 0,
      "number_distinct_values": 5,
      "frequent_values": [
        "2",
        "4",
        "1",
        "3",
        "5"
      ],
      "data_types": [
        {
          "type": "INTEGER (LONG)",
          "count": 67778,
          "max_value": 5,
          "min_value": 1,
          "mean": 2.762563073563693
        }
      ]
    },
    {
      "column_name": "PWGTP",
      "number_non_empty_cells": 67778,
      "number_empty_cells": 0,
      "number_distinct_values": 722,
      "frequent_values": [
        "68",
        "67",
        "70",
        "73",
        "61"
      ],
      "data_types": [
        {
          "type": "INTEGER (LONG)",
          "count": 67778,
          "max_value": 2086,
          "min_value": 13,
          "mean": 122.6576617781581
        }
      ]
    },
    {
      "column_name": "NYCgov_REL",
      "number_non_empty_cells": 67778,
      "number_empty_cells": 0,
      "number_distinct_values": 13,
      "frequent_values": [
        "0",
        "2",
        "1",
        "7",
        "5"
      ],
      "data_types": [
        {
          "type": "INTEGER (LONG)",
          "count": 67778,
          "max_value": 12,
          "min_value": 0,
          "mean": 1.8456578830889079
        }
      ]
    },
    {
      "column_name": "SSIP_adj",
      "number_non_empty_cells": 67778,
      "number_empty_cells": 0,
      "number_distinct_values": 172,
      "frequent_values": [
        "0",
        "9680.88",
        "8974.9825",
        "9781.7225",
        "8470.77"
      ],
      "data_types": [
        {
          "type": "INTEGER (LONG)",
          "count": 65312,
          "max_value": 0,
          "min_value": 0,
          "mean": 0.0
        },
        {
          "type": "REAL",
          "count": 2466,
          "max_value": 30252.75,
          "min_value": 1310.9525,
          "mean": 8069.076619018669
        }
      ]
    },
    {
      "column_name": "REL",
      "number_non_empty_cells": 67778,
      "number_empty_cells": 0,
      "number_distinct_values": 16,
      "frequent_values": [
        "0",
        "2",
        "1",
        "10",
        "7"
      ],
      "data_types": [
        {
          "type": "INTEGER (LONG)",
          "count": 67778,
          "max_value": 15,
          "min_value": 0,
          "mean": 2.288412169140429
        }
      ]
    },
    {
      "column_name": "FamType_PU",
      "number_non_empty_cells": 67778,
      "number_empty_cells": 0,
      "number_distinct_values": 8,
      "frequent_values": [
        "1",
        "2",
        "8",
        "4",
        "6"
      ],
      "data_types": [
        {
          "type": "INTEGER (LONG)",
          "count": 67778,
          "max_value": 8,
          "min_value": 1,
          "mean": 3.30924488772168
        }
      ]
    },
    {
      "column_name": "WKW",
      "number_non_empty_cells": 34936,
      "number_empty_cells": 32842,
      "number_distinct_values": 7,
      "frequent_values": [
        "",
        "1",
        "6",
        "3",
        "4"
      ],
      "data_types": [
        {
          "type": "INTEGER (LONG)",
          "count": 34936,
          "max_value": 6,
          "min_value": 1,
          "mean": 1.7886134646210212
        }
      ]
    },
    {
      "column_name": "WKHP",
      "number_non_empty_cells": 67778,
      "number_empty_cells": 0,
      "number_distinct_values": 90,
      "frequent_values": [
        "0",
        "40",
        "35",
        "50",
        "45"
      ],
      "data_types": [
        {
          "type": "INTEGER (LONG)",
          "count": 67778,
          "max_value": 99,
          "min_value": 0,
          "mean": 19.787040042491665
        }
      ]
    },
    {
      "column_name": "Off_Threshold",
      "number_non_empty_cells": 67778,
      "number_empty_cells": 0,
      "number_distinct_values": 47,
      "frequent_values": [
        "15853",
        "12316",
        "24008",
        "18518",
        "19055"
      ],
      "data_types": [
        {
          "type": "INTEGER (LONG)",
          "count": 67778,
          "max_value": 52685,
          "min_value": 11354,
          "mean": 21429.56509486854
        }
      ]
    },
    {
      "column_name": "SPORDER",
      "number_non_empty_cells": 67778,
      "number_empty_cells": 0,
      "number_distinct_values": 15,
      "frequent_values": [
        "1",
        "2",
        "3",
        "4",
        "5"
      ],
      "data_types": [
        {
          "type": "INTEGER (LONG)",
          "count": 67778,
          "max_value": 15,
          "min_value": 1,
          "mean": 2.279220395998702
        }
      ]
    },
    {
      "column_name": "SEX",
      "number_non_empty_cells": 67778,
      "number_empty_cells": 0,
      "number_distinct_values": 2,
      "frequent_values": [
        "2",
        "1"
      ],
      "data_types": [
        {
          "type": "INTEGER (LONG)",
          "count": 67778,
          "max_value": 2,
          "min_value": 1,
          "mean": 1.5355720145179852
        }
      ]
    },
    {
      "column_name": "HIUnit_Head",
      "number_non_empty_cells": 67778,
      "number_empty_cells": 0,
      "number_distinct_values": 2,
      "frequent_values": [
        "1",
        "0"
      ],
      "data_types": [
        {
          "type": "INTEGER (LONG)",
          "count": 67778,
          "max_value": 1,
          "min_value": 0,
          "mean": 0.5956209979639411
        }
      ]
    },
    {
      "column_name": "TaxUnit_FILESTAT",
      "number_non_empty_cells": 67778,
      "number_empty_cells": 0,
      "number_distinct_values": 5,
      "frequent_values": [
        "0",
        "4",
        "1",
        "2",
        "3"
      ],
      "data_types": [
        {
          "type": "INTEGER (LONG)",
          "count": 67778,
          "max_value": 4,
          "min_value": 0,
          "mean": 1.6363716840272655
        }
      ]
    },
    {
      "column_name": "NYCgov_Income",
      "number_non_empty_cells": 67778,
      "number_empty_cells": 0,
      "number_distinct_values": 28888,
      "frequent_values": [
        "0",
        "13102.715",
        "29239.9505951",
        "84973.1617288139",
        "53708.3736874"
      ],
      "data_types": [
        {
          "type": "REAL",
          "count": 67299,
          "max_value": 849593.494698608,
          "min_value": -27250.5548548597,
          "mean": 65495.97585950004
        },
        {
          "type": "INTEGER (LONG)",
          "count": 479,
          "max_value": 33699,
          "min_value": -5854,
          "mean": 420.6826722338205
        }
      ]
    }
  ]
}