{
  "dataset_name": "gkd7-3vk7.tsv.gz",
  "key_column_candidates": [
    "Geo Dist",
    "Bldg ID",
    "Bldg Name",
    "Bldg Enroll",
    "Target Bldg Cap",
    "Target Bldg Util",
    "Org ID",
    "Incl. Class",
    "Organization Name",
    "Org Enroll",
    "Org Target Cap",
    "Org Target Util",
    "PreK Cap +",
    "No. of Cluster / Spec Rms Reported +",
    "No. of Cluster Rms Needed +",
    "Data As Of"
  ],
  "columns": [
    {
      "column_name": "PreK Cap +",
      "number_non_empty_cells": 6141,
      "number_empty_cells": 5266,
      "number_distinct_values": 91,
      "frequent_values": [
        "",
        "0",
        "36",
        "18",
        "54"
      ],
      "data_types": [
        {
          "type": "INTEGER (LONG)",
          "count": 6141,
          "max_value": 144,
          "min_value": 0,
          "mean": 16.99283504315258
        }
      ]
    },
    {
      "column_name": "No. of Cluster / Spec Rms Reported +",
      "number_non_empty_cells": 6796,
      "number_empty_cells": 4611,
      "number_distinct_values": 53,
      "frequent_values": [
        "",
        "2",
        "3",
        "4",
        "1"
      ],
      "data_types": [
        {
          "type": "INTEGER (LONG)",
          "count": 6796,
          "max_value": 59,
          "min_value": 0,
          "mean": 4.60285462036492
        }
      ]
    },
    {
      "column_name": "Bldg Name",
      "number_non_empty_cells": 11407,
      "number_empty_cells": 0,
      "number_distinct_values": 1772,
      "frequent_values": [
        "WASHINGTON IRVING HS - M",
        "LOUIS D. BRANDEIS HS - M",
        "FRANKLIN K. LANE HS - K",
        "WILLIAM H. TAFT HS - X",
        "JULIA RICHMAN ED. COMPLEX - M"
      ],
      "data_types": [
        {
          "type": "TEXT",
          "count": 11407,
          "shortest_values": "P.S. 6 - M",
          "longest_values": "THE KATHLEEN GRIMM SCHOOL FOR LEADERSHIP AND SUSTAINABILITY AT SANDY GROUND - S.I.",
          "average_length": 18.46015604453406
        }
      ]
    },
    {
      "column_name": "Target Bldg Util",
      "number_non_empty_cells": 9743,
      "number_empty_cells": 1664,
      "number_distinct_values": 218,
      "frequent_values": [
        "",
        "0",
        "86",
        "87",
        "84"
      ],
      "data_types": [
        {
          "type": "INTEGER (LONG)",
          "count": 9743,
          "max_value": 303,
          "min_value": 0,
          "mean": 92.00102637791235
        }
      ]
    },
    {
      "column_name": "Target Bldg Cap",
      "number_non_empty_cells": 9743,
      "number_empty_cells": 1664,
      "number_distinct_values": 1710,
      "frequent_values": [
        "",
        "0",
        "638",
        "596",
        "773"
      ],
      "data_types": [
        {
          "type": "INTEGER (LONG)",
          "count": 9743,
          "max_value": 4502,
          "min_value": 0,
          "mean": 1042.2126655034383
        }
      ]
    },
    {
      "column_name": "Org Enroll",
      "number_non_empty_cells": 8963,
      "number_empty_cells": 2444,
      "number_distinct_values": 1509,
      "frequent_values": [
        "",
        "0",
        "8",
        "6",
        "100"
      ],
      "data_types": [
        {
          "type": "INTEGER (LONG)",
          "count": 8963,
          "max_value": 5838,
          "min_value": 0,
          "mean": 460.36416378444716
        }
      ]
    },
    {
      "column_name": "Bldg Enroll",
      "number_non_empty_cells": 9855,
      "number_empty_cells": 1552,
      "number_distinct_values": 1734,
      "frequent_values": [
        "",
        "0",
        "681",
        "907",
        "704"
      ],
      "data_types": [
        {
          "type": "INTEGER (LONG)",
          "count": 9855,
          "max_value": 5838,
          "min_value": 0,
          "mean": 906.5371892440386
        }
      ]
    },
    {
      "column_name": "Organization Name",
      "number_non_empty_cells": 11407,
      "number_empty_cells": 0,
      "number_distinct_values": 2357,
      "frequent_values": [
        "COMMUNITY BASED ORGANIZATION - K",
        "COMMUNITY BASED ORGANIZATION - M",
        "SCHOOL SAFETY - Q",
        "LYFE PROGRAM",
        "LYFE"
      ],
      "data_types": [
        {
          "type": "INTEGER (LONG)",
          "count": 1,
          "max_value": 333,
          "min_value": 333,
          "mean": 333.0
        },
        {
          "type": "TEXT",
          "count": 11406,
          "shortest_values": "LYFE",
          "longest_values": "CITY POLYTECHNIC HIGH SCHOOL OF ENGINEERING, ARCHITECTURE, AND TECHNOLOGY - K",
          "average_length": 19.266000350692618
        }
      ]
    },
    {
      "column_name": "No. of Cluster Rms Needed +",
      "number_non_empty_cells": 6967,
      "number_empty_cells": 4440,
      "number_distinct_values": 11,
      "frequent_values": [
        "",
        "0",
        "3",
        "4",
        "2"
      ],
      "data_types": [
        {
          "type": "INTEGER (LONG)",
          "count": 6967,
          "max_value": 10,
          "min_value": 0,
          "mean": 1.682933830917181
        }
      ]
    },
    {
      "column_name": "Data As Of",
      "number_non_empty_cells": 11407,
      "number_empty_cells": 0,
      "number_distinct_values": 4,
      "frequent_values": [
        "01/31/2019",
        "01/08/2018",
        "09/12/2017",
        "04/27/2015"
      ],
      "data_types": [
        {
          "type": "DATE/TIME",
          "count": 11407,
          "max_value": "01/31/2019",
          "min_value": "04/27/2015"
        }
      ]
    },
    {
      "column_name": "Geo Dist",
      "number_non_empty_cells": 11407,
      "number_empty_cells": 0,
      "number_distinct_values": 32,
      "frequent_values": [
        "2",
        "31",
        "10",
        "9",
        "27"
      ],
      "data_types": [
        {
          "type": "INTEGER (LONG)",
          "count": 11407,
          "max_value": 32,
          "min_value": 1,
          "mean": 16.061716489874637
        }
      ]
    },
    {
      "column_name": "Org ID",
      "number_non_empty_cells": 11407,
      "number_empty_cells": 0,
      "number_distinct_values": 1927,
      "frequent_values": [
        "KCBO",
        "MCBO",
        "QCBO",
        "MSBH",
        "XSBH"
      ],
      "data_types": [
        {
          "type": "TEXT",
          "count": 11249,
          "shortest_values": "K262",
          "longest_values": "K262",
          "average_length": 4.0
        },
        {
          "type": "DATE/TIME",
          "count": 158,
          "max_value": "M059",
          "min_value": "M001"
        }
      ]
    },
    {
      "column_name": "Org Target Cap",
      "number_non_empty_cells": 8653,
      "number_empty_cells": 2754,
      "number_distinct_values": 1416,
      "frequent_values": [
        "",
        "0",
        "77",
        "98",
        "538"
      ],
      "data_types": [
        {
          "type": "INTEGER (LONG)",
          "count": 8653,
          "max_value": 4502,
          "min_value": 0,
          "mean": 505.3185022535537
        }
      ]
    },
    {
      "column_name": "Org Target Util",
      "number_non_empty_cells": 8742,
      "number_empty_cells": 2665,
      "number_distinct_values": 247,
      "frequent_values": [
        "",
        "0",
        "86",
        "91",
        "100"
      ],
      "data_types": [
        {
          "type": "INTEGER (LONG)",
          "count": 8742,
          "max_value": 1233,
          "min_value": 0,
          "mean": 91.70315717227179
        }
      ]
    },
    {
      "column_name": "Bldg ID",
      "number_non_empty_cells": 11407,
      "number_empty_cells": 0,
      "number_distinct_values": 1505,
      "frequent_values": [
        "K515",
        "M460",
        "X450",
        "X435",
        "M470"
      ],
      "data_types": [
        {
          "type": "TEXT",
          "count": 11026,
          "shortest_values": "K262",
          "longest_values": "K262",
          "average_length": 4.0
        },
        {
          "type": "DATE/TIME",
          "count": 381,
          "max_value": "M058",
          "min_value": "M001"
        }
      ]
    },
    {
      "column_name": "Incl. Class",
      "number_non_empty_cells": 5741,
      "number_empty_cells": 5666,
      "number_distinct_values": 6,
      "frequent_values": [
        "",
        "  ",
        "* ",
        "*",
        "#"
      ],
      "data_types": [
        {
          "type": "TEXT",
          "count": 5741,
          "shortest_values": "*",
          "longest_values": "  ",
          "average_length": 1.9541891656505834
        }
      ]
    }
  ]
}