{
  "dataset_name": "gpny-cuvw.tsv.gz",
  "key_column_candidates": [
    "Month Name",
    "Agency",
    "Description",
    "Borough",
    "# of Incidents",
    "Response Times"
  ],
  "columns": [
    {
      "column_name": "Agency",
      "number_non_empty_cells": 2500,
      "number_empty_cells": 0,
      "number_distinct_values": 3,
      "frequent_values": [
        "FDNY",
        "EMS",
        "Aggregate"
      ],
      "data_types": [
        {
          "type": "TEXT",
          "count": 2500,
          "shortest_values": "EMS",
          "longest_values": "Aggregate",
          "average_length": 4.0856
        }
      ]
    },
    {
      "column_name": "Borough",
      "number_non_empty_cells": 2500,
      "number_empty_cells": 0,
      "number_distinct_values": 6,
      "frequent_values": [
        "Bronx",
        "Brooklyn",
        "Manhattan",
        "Queens",
        "Staten Island"
      ],
      "data_types": [
        {
          "type": "TEXT",
          "count": 2500,
          "shortest_values": "Bronx",
          "longest_values": "Staten Island",
          "average_length": 8.5492
        }
      ]
    },
    {
      "column_name": "Description",
      "number_non_empty_cells": 2500,
      "number_empty_cells": 0,
      "number_distinct_values": 13,
      "frequent_values": [
        "Average response time to non-fire emergencies",
        "Average response time to life threatening medical emergencies by ambulance units",
        "Average response time to life threatening and non-life threatening medical emergencies by ambulance units combined",
        "Average response time to life threatening medical emergencies by fire units",
        "Combined average response time to life threatening medical emergencies by ambulance and fire units"
      ],
      "data_types": [
        {
          "type": "TEXT",
          "count": 2500,
          "shortest_values": "Average response time to structural fires",
          "longest_values": "Average response time to segment 1 medical emergencies, as defined by the department, including cardiac arrest and choking incidents by ambulance units",
          "average_length": 92.1328
        }
      ]
    },
    {
      "column_name": "Response Times",
      "number_non_empty_cells": 2500,
      "number_empty_cells": 0,
      "number_distinct_values": 2200,
      "frequent_values": [
        "0.00",
        "100.00",
        "50.00",
        "0.32",
        "0.46"
      ],
      "data_types": [
        {
          "type": "REAL",
          "count": 2500,
          "max_value": 3211.9,
          "min_value": 0.0,
          "mean": 336.3743479999999
        }
      ]
    },
    {
      "column_name": "# of Incidents",
      "number_non_empty_cells": 2500,
      "number_empty_cells": 0,
      "number_distinct_values": 1422,
      "frequent_values": [
        "1",
        "2",
        "76",
        "4",
        "3"
      ],
      "data_types": [
        {
          "type": "INTEGER (LONG)",
          "count": 2500,
          "max_value": 31637,
          "min_value": 1,
          "mean": 3667.4768
        }
      ]
    },
    {
      "column_name": "Month Name",
      "number_non_empty_cells": 2500,
      "number_empty_cells": 0,
      "number_distinct_values": 34,
      "frequent_values": [
        "2019 / 03",
        "2018 / 03",
        "2019 / 04",
        "2019 / 02",
        "2019 / 01"
      ],
      "data_types": [
        {
          "type": "DATE/TIME",
          "count": 2500,
          "max_value": "2019 / 06",
          "min_value": "2016 / 09"
        }
      ]
    }
  ]
}