{
  "dataset_name": "gyaz-82xj.tsv.gz",
  "key_column_candidates": [
    "District",
    "Grade",
    "Year",
    "Category",
    "Number Tested",
    "Mean Scale Score",
    "Level 1 #",
    "Level 1 %",
    "Level 2 #",
    "Level 2 %",
    "Level 3 #",
    "Level 3 %",
    "Level 4 #",
    "Level 4 %",
    "Level 3+4 #",
    "Level 3+4 %"
  ],
  "columns": [
    {
      "column_name": "Level 3+4 #",
      "number_non_empty_cells": 1344,
      "number_empty_cells": 0,
      "number_distinct_values": 1098,
      "frequent_values": [
        "761",
        "995",
        "965",
        "1973",
        "702"
      ],
      "data_types": [
        {
          "type": "INTEGER (LONG)",
          "count": 1344,
          "max_value": 22481,
          "min_value": 198,
          "mean": 2489.903273809524
        }
      ]
    },
    {
      "column_name": "Level 1 %",
      "number_non_empty_cells": 1344,
      "number_empty_cells": 0,
      "number_distinct_values": 265,
      "frequent_values": [
        "5.9",
        "3.8",
        "3.7",
        "5.5",
        "7.1"
      ],
      "data_types": [
        {
          "type": "REAL",
          "count": 1215,
          "max_value": 42.1,
          "min_value": 0.1,
          "mean": 9.848477366255137
        },
        {
          "type": "INTEGER (LONG)",
          "count": 129,
          "max_value": 29,
          "min_value": 1,
          "mean": 9.13953488372093
        }
      ]
    },
    {
      "column_name": "Level 3+4 %",
      "number_non_empty_cells": 1344,
      "number_empty_cells": 0,
      "number_distinct_values": 582,
      "frequent_values": [
        "63.7",
        "71.5",
        "70",
        "47.9",
        "61.6"
      ],
      "data_types": [
        {
          "type": "INTEGER (LONG)",
          "count": 128,
          "max_value": 98,
          "min_value": 19,
          "mean": 63.6015625
        },
        {
          "type": "REAL",
          "count": 1216,
          "max_value": 99.3,
          "min_value": 15.6,
          "mean": 63.668256578947386
        }
      ]
    },
    {
      "column_name": "Level 2 %",
      "number_non_empty_cells": 1344,
      "number_empty_cells": 0,
      "number_distinct_values": 442,
      "frequent_values": [
        "29.4",
        "14.7",
        "38.7",
        "40.3",
        "40.9"
      ],
      "data_types": [
        {
          "type": "REAL",
          "count": 1200,
          "max_value": 53.5,
          "min_value": 0.6,
          "mean": 26.50083333333331
        },
        {
          "type": "INTEGER (LONG)",
          "count": 144,
          "max_value": 49,
          "min_value": 2,
          "mean": 27.020833333333332
        }
      ]
    },
    {
      "column_name": "Level 3 #",
      "number_non_empty_cells": 1344,
      "number_empty_cells": 0,
      "number_distinct_values": 1012,
      "frequent_values": [
        "676",
        "969",
        "727",
        "565",
        "413"
      ],
      "data_types": [
        {
          "type": "INTEGER (LONG)",
          "count": 1344,
          "max_value": 14658,
          "min_value": 151,
          "mean": 1694.9479166666667
        }
      ]
    },
    {
      "column_name": "Category",
      "number_non_empty_cells": 1344,
      "number_empty_cells": 0,
      "number_distinct_values": 1,
      "frequent_values": [
        "All Students"
      ],
      "data_types": [
        {
          "type": "TEXT",
          "count": 1344,
          "shortest_values": "All Students",
          "longest_values": "All Students",
          "average_length": 12.0
        }
      ]
    },
    {
      "column_name": "Level 3 %",
      "number_non_empty_cells": 1344,
      "number_empty_cells": 0,
      "number_distinct_values": 413,
      "frequent_values": [
        "49.8",
        "53.5",
        "51.5",
        "47.8",
        "47"
      ],
      "data_types": [
        {
          "type": "REAL",
          "count": 1202,
          "max_value": 72.7,
          "min_value": 17.7,
          "mean": 43.735357737104835
        },
        {
          "type": "INTEGER (LONG)",
          "count": 142,
          "max_value": 72,
          "min_value": 15,
          "mean": 44.66197183098591
        }
      ]
    },
    {
      "column_name": "Level 4 #",
      "number_non_empty_cells": 1344,
      "number_empty_cells": 0,
      "number_distinct_values": 834,
      "frequent_values": [
        "75",
        "222",
        "135",
        "209",
        "251"
      ],
      "data_types": [
        {
          "type": "INTEGER (LONG)",
          "count": 1344,
          "max_value": 8117,
          "min_value": 9,
          "mean": 794.9553571428571
        }
      ]
    },
    {
      "column_name": "Level 4 %",
      "number_non_empty_cells": 1344,
      "number_empty_cells": 0,
      "number_distinct_values": 425,
      "frequent_values": [
        "13.3",
        "8.5",
        "12.6",
        "10.4",
        "13.7"
      ],
      "data_types": [
        {
          "type": "INTEGER (LONG)",
          "count": 126,
          "max_value": 72,
          "min_value": 3,
          "mean": 21.53968253968254
        },
        {
          "type": "REAL",
          "count": 1218,
          "max_value": 67.4,
          "min_value": 0.6,
          "mean": 19.651395730706074
        }
      ]
    },
    {
      "column_name": "Level 1 #",
      "number_non_empty_cells": 1344,
      "number_empty_cells": 0,
      "number_distinct_values": 603,
      "frequent_values": [
        "81",
        "177",
        "153",
        "142",
        "48"
      ],
      "data_types": [
        {
          "type": "INTEGER (LONG)",
          "count": 1344,
          "max_value": 5120,
          "min_value": 1,
          "mean": 357.39732142857144
        }
      ]
    },
    {
      "column_name": "Grade",
      "number_non_empty_cells": 1344,
      "number_empty_cells": 0,
      "number_distinct_values": 7,
      "frequent_values": [
        "3",
        "4",
        "5",
        "6",
        "7"
      ],
      "data_types": [
        {
          "type": "TEXT",
          "count": 192,
          "shortest_values": "All Grades",
          "longest_values": "All Grades",
          "average_length": 10.0
        },
        {
          "type": "INTEGER (LONG)",
          "count": 1152,
          "max_value": 8,
          "min_value": 3,
          "mean": 5.5
        }
      ]
    },
    {
      "column_name": "Year",
      "number_non_empty_cells": 1344,
      "number_empty_cells": 0,
      "number_distinct_values": 6,
      "frequent_values": [
        "2006",
        "2007",
        "2008",
        "2009",
        "2010"
      ],
      "data_types": [
        {
          "type": "INTEGER (LONG)",
          "count": 1344,
          "max_value": 2011,
          "min_value": 2006,
          "mean": 2008.5
        }
      ]
    },
    {
      "column_name": "Mean Scale Score",
      "number_non_empty_cells": 1344,
      "number_empty_cells": 0,
      "number_distinct_values": 97,
      "frequent_values": [
        "680",
        "667",
        "672",
        "666",
        "679"
      ],
      "data_types": [
        {
          "type": "INTEGER (LONG)",
          "count": 1344,
          "max_value": 723,
          "min_value": 615,
          "mean": 670.8497023809524
        }
      ]
    },
    {
      "column_name": "Level 2 #",
      "number_non_empty_cells": 1344,
      "number_empty_cells": 0,
      "number_distinct_values": 914,
      "frequent_values": [
        "304",
        "397",
        "257",
        "167",
        "245"
      ],
      "data_types": [
        {
          "type": "INTEGER (LONG)",
          "count": 1344,
          "max_value": 9825,
          "min_value": 11,
          "mean": 986.7946428571429
        }
      ]
    },
    {
      "column_name": "Number Tested",
      "number_non_empty_cells": 1344,
      "number_empty_cells": 0,
      "number_distinct_values": 1158,
      "frequent_values": [
        "1383",
        "848",
        "856",
        "2281",
        "2173"
      ],
      "data_types": [
        {
          "type": "INTEGER (LONG)",
          "count": 1344,
          "max_value": 26520,
          "min_value": 643,
          "mean": 3834.095238095238
        }
      ]
    },
    {
      "column_name": "District",
      "number_non_empty_cells": 1344,
      "number_empty_cells": 0,
      "number_distinct_values": 32,
      "frequent_values": [
        "1",
        "2",
        "3",
        "4",
        "5"
      ],
      "data_types": [
        {
          "type": "INTEGER (LONG)",
          "count": 1344,
          "max_value": 32,
          "min_value": 1,
          "mean": 16.5
        }
      ]
    }
  ]
}