{
  "dataset_name": "gysc-yn4h.tsv.gz",
  "key_column_candidates": [
    "Corporate Name#Subordinate Unit#Title#Remainder Of Title#Remainder OF Title Page#Date Of Publication#Geographic Name#General Subdivision"
  ],
  "columns": [
    {
      "column_name": "Corporate Name#Subordinate Unit#Title#Remainder Of Title#Remainder OF Title Page#Date Of Publication#Geographic Name#General Subdivision",
      "number_non_empty_cells": 30509,
      "number_empty_cells": 0,
      "number_distinct_values": 30163,
      "frequent_values": [
        "#######",
        "New York City.#Sanitation, Department of.#A comprehensive solid waste management plan for New York City and final generic environmental impact statement.###Aug. 1992.#NYC#Refuse and refuse disposal.",
        "New York City.#Sanitation, Department of.#A comprehensive solid waste management plan for New York City and draft generic environmental impact statement.###Mar. 1992.#NYC#Refuse and refuse disposal.",
        "New York City.#Sanitation, Department of.#A comprehensive solid waste management plan for New York City.#preliminary draft.##Feb. 1992.#NYC#Refuse and refuse disposal.",
        "New York City.#Sanitation, Department of.#A comprehensive solid waste management plan for New York City.###Feb. 1992.#NYC#Refuse and refuse disposal."
      ],
      "data_types": [
        {
          "type": "TEXT",
          "count": 30509,
          "shortest_values": "#######",
          "longest_values": "New York City.#Law Department.#In the matter of the fare increases ... proposed by the Long Island Railroad Company in its passenger tariff P.S.C.N.Y. no. 555, filed June 24, 1924, to become effective July 25, 1924, before state of New York Public Service Commission (hearing order in#in the matter of the new tariff schedules of the Long Island Railroad Company ... before state of New York Transit Commission (hearing order in case no. 2730) : brief on behalf of the City of New York in opposition to proposed increases in commutation fa#George P. Nicholson, Corporation Counsel, Vincent Victory, of Counsel.#Aug. 30, 1927.#NY State#Commuters.",
          "average_length": 161.97656429250384
        }
      ]
    }
  ]
}