{
  "dataset_name": "gzfs-3h4m.tsv.gz",
  "key_column_candidates": [
    "PUBLICATION DATE",
    "AGENCY CODE",
    "AGENCY NAME",
    "BUDGET FUNCTION",
    "BUDGET FUNCTION DESCRIPTION",
    "ROW ID",
    "SPENDING TYPE",
    "SPENDING TYPE DESCRIPTION",
    "FIRST ACTUAL FISCAL YEAR  ",
    "YEAR 1 ACTUAL",
    "YEAR 2 ACTUAL",
    "YEAR 3 ACTUAL",
    "FIRST PLAN FISCAL YEAR  ",
    "PLAN AMOUNT YEAR 1",
    "PLAN AMOUNT YEAR 2"
  ],
  "columns": [
    {
      "column_name": "ROW ID",
      "number_non_empty_cells": 20566,
      "number_empty_cells": 0,
      "number_distinct_values": 3,
      "frequent_values": [
        "SPENDING",
        "FUNDING",
        "HEADCOUNT"
      ],
      "data_types": [
        {
          "type": "TEXT",
          "count": 20566,
          "shortest_values": "FUNDING",
          "longest_values": "HEADCOUNT",
          "average_length": 7.666196635223184
        }
      ]
    },
    {
      "column_name": "YEAR 1 ACTUAL",
      "number_non_empty_cells": 10297,
      "number_empty_cells": 10269,
      "number_distinct_values": 2522,
      "frequent_values": [
        "",
        "0",
        "1",
        "3",
        "2"
      ],
      "data_types": [
        {
          "type": "INTEGER (LONG)",
          "count": 10297,
          "max_value": 6324236140,
          "min_value": -90822,
          "mean": 8096731.377488589
        }
      ]
    },
    {
      "column_name": "PLAN AMOUNT YEAR 1",
      "number_non_empty_cells": 20566,
      "number_empty_cells": 0,
      "number_distinct_values": 8731,
      "frequent_values": [
        "0",
        "1",
        "5",
        "2",
        "4"
      ],
      "data_types": [
        {
          "type": "INTEGER (LONG)",
          "count": 20566,
          "max_value": 5840349296,
          "min_value": -8076476,
          "mean": 9359195.22002334
        }
      ]
    },
    {
      "column_name": "PUBLICATION DATE",
      "number_non_empty_cells": 20566,
      "number_empty_cells": 0,
      "number_distinct_values": 6,
      "frequent_values": [
        "20180614",
        "20180426",
        "20180201",
        "20190619",
        "20190425"
      ],
      "data_types": [
        {
          "type": "INTEGER (LONG)",
          "count": 20566,
          "max_value": 20190619,
          "min_value": 20180201,
          "mean": 20185361.160993874
        }
      ]
    },
    {
      "column_name": "FIRST ACTUAL FISCAL YEAR  ",
      "number_non_empty_cells": 10297,
      "number_empty_cells": 10269,
      "number_distinct_values": 3,
      "frequent_values": [
        "",
        "2015",
        "2016"
      ],
      "data_types": [
        {
          "type": "INTEGER (LONG)",
          "count": 10297,
          "max_value": 2016,
          "min_value": 2015,
          "mean": 2015.496261046907
        }
      ]
    },
    {
      "column_name": "FIRST PLAN FISCAL YEAR  ",
      "number_non_empty_cells": 20566,
      "number_empty_cells": 0,
      "number_distinct_values": 2,
      "frequent_values": [
        "2018",
        "2019"
      ],
      "data_types": [
        {
          "type": "INTEGER (LONG)",
          "count": 20566,
          "max_value": 2019,
          "min_value": 2018,
          "mean": 2018.494456870563
        }
      ]
    },
    {
      "column_name": "BUDGET FUNCTION",
      "number_non_empty_cells": 20566,
      "number_empty_cells": 0,
      "number_distinct_values": 232,
      "frequent_values": [
        "General Administration",
        "Administration",
        "Administration - General",
        "Mental Hygiene- Mental Health Services",
        "DOT Management & Administration"
      ],
      "data_types": [
        {
          "type": "TEXT",
          "count": 20566,
          "shortest_values": "Audit",
          "longest_values": "Subsidized Employ & Job-Related Training",
          "average_length": 27.13138189244384
        }
      ]
    },
    {
      "column_name": "BUDGET FUNCTION DESCRIPTION",
      "number_non_empty_cells": 20566,
      "number_empty_cells": 0,
      "number_distinct_values": 230,
      "frequent_values": [
        "Funding for central administration that serves the agency across program areas.",
        "Funding for administration that serves the agency across all program areas.",
        "Funding for agency wide administrative services.  These programs provide administrative and policy oversight for all programs and administrative support essential to the effective delivery of public health services.",
        "Funding for the Bureau of Mental Health Services, which is responsible for administering contracting actions related to mental health services for adults, adolescents and children; collaborating with the staff of other City and State agencies, as well as other offices to monitor the operations of the Adult Single Point of Access (SPOA) for case management and Assertive Community Treatment (ACT) services; coordinating case management and ACT programs; overseeing the and administering the Assisted Outpatient Treatment (AOT) program. The Division also monitors the operations of the Children's Single Point of Access (CSPOA) for intensive services, which includes the Children's Home and Community Based Waiver Program, case management programs, family based treatment programs and community residences.",
        "Funding for executive management and administration that serves the agency across all program areas, including procurement, legal and information systems."
      ],
      "data_types": [
        {
          "type": "TEXT",
          "count": 20566,
          "shortest_values": "Funding for central administrative services.",
          "longest_values": "Funding for the Office of Emergency Preparedness and Response. The Office is working with other agencies to prepare for the detection and establish a response plan in case of a bioterrorist event (the intentional use of infectious biological agents, or germs, to cause illness) in New York City. The Office has established a comprehensive surveillance system to improve its ability to detect and respond to the release of a biological agent, and is continuously looking for any indication of bioterrorism in the City by regularly working with all healthcare providers to monitor any unusual disease clusters. Additionally, several surveillance systems are in place to quickly detect an increase in unusual illnesses, including monitoring of 911-ambulance calls and emergency department visits. The response plan includes coordinating with OEM and other City, State, and federal agencies; alerting hospitals and the medical care community; communicating with the public; and ensuring that appropriate medical care and prevention services are provided.",
          "average_length": 245.15146358066713
        }
      ]
    },
    {
      "column_name": "SPENDING TYPE",
      "number_non_empty_cells": 18864,
      "number_empty_cells": 1702,
      "number_distinct_values": 11,
      "frequent_values": [
        "OTHER THAN PERSONAL SERVICES",
        "PERSONAL SERVICES",
        "FEDERAL - OTHER",
        "STATE",
        ""
      ],
      "data_types": [
        {
          "type": "TEXT",
          "count": 18864,
          "shortest_values": "CITY",
          "longest_values": "OTHER THAN PERSONAL SERVICES",
          "average_length": 17.25397582697201
        }
      ]
    },
    {
      "column_name": "AGENCY CODE",
      "number_non_empty_cells": 20566,
      "number_empty_cells": 0,
      "number_distinct_values": 15,
      "frequent_values": [
        "816",
        "069",
        "846",
        "068",
        "056"
      ],
      "data_types": [
        {
          "type": "INTEGER (LONG)",
          "count": 20566,
          "max_value": 846,
          "min_value": 56,
          "mean": 515.2467665078285
        }
      ]
    },
    {
      "column_name": "SPENDING TYPE DESCRIPTION",
      "number_non_empty_cells": 20566,
      "number_empty_cells": 0,
      "number_distinct_values": 359,
      "frequent_values": [
        "CITY FUNDS",
        "CIVILIAN",
        "FULL TIME SALARIED",
        "ADDITIONAL GROSS PAY",
        "CONTRACTUAL SERVICES"
      ],
      "data_types": [
        {
          "type": "TEXT",
          "count": 20566,
          "shortest_values": "UNIFORM",
          "longest_values": "Coastal Zone Management Administration A",
          "average_length": 20.53568997374307
        }
      ]
    },
    {
      "column_name": "YEAR 2 ACTUAL",
      "number_non_empty_cells": 10297,
      "number_empty_cells": 10269,
      "number_distinct_values": 2530,
      "frequent_values": [
        "",
        "0",
        "1",
        "2",
        "6"
      ],
      "data_types": [
        {
          "type": "INTEGER (LONG)",
          "count": 10297,
          "max_value": 5910975359,
          "min_value": -63,
          "mean": 8246991.159658153
        }
      ]
    },
    {
      "column_name": "AGENCY NAME",
      "number_non_empty_cells": 20566,
      "number_empty_cells": 0,
      "number_distinct_values": 15,
      "frequent_values": [
        "DEPARTMENT OF HEALTH AND MENTAL HYGIENE",
        "DEPARTMENT OF SOCIAL SERVICES",
        "DEPARTMENT OF PARKS AND RECREATION",
        "ADMIN FOR CHILDREN'S SERVICES",
        "POLICE DEPARTMENT"
      ],
      "data_types": [
        {
          "type": "TEXT",
          "count": 20566,
          "shortest_values": "POLICE DEPARTMENT",
          "longest_values": "DEPARTMENT OF HEALTH AND MENTAL HYGIENE",
          "average_length": 30.577457940289797
        }
      ]
    },
    {
      "column_name": "YEAR 3 ACTUAL",
      "number_non_empty_cells": 10297,
      "number_empty_cells": 10269,
      "number_distinct_values": 2549,
      "frequent_values": [
        "",
        "0",
        "1",
        "2",
        "4"
      ],
      "data_types": [
        {
          "type": "INTEGER (LONG)",
          "count": 10297,
          "max_value": 5886453382,
          "min_value": -62591,
          "mean": 8769871.323880741
        }
      ]
    },
    {
      "column_name": "PLAN AMOUNT YEAR 2",
      "number_non_empty_cells": 20566,
      "number_empty_cells": 0,
      "number_distinct_values": 6022,
      "frequent_values": [
        "0",
        "1",
        "2",
        "5",
        "3"
      ],
      "data_types": [
        {
          "type": "INTEGER (LONG)",
          "count": 20566,
          "max_value": 5823849296,
          "min_value": -19597496,
          "mean": 8953763.573081786
        }
      ]
    }
  ]
}