{
  "dataset_name": "h6ku-kycw.tsv.gz",
  "key_column_candidates": [
    "ProviderType",
    "DFTA ID",
    "ContractYear",
    "SponsorName",
    "ProgramName",
    "ServiceID",
    "ServiceName",
    "BudgetedUnits"
  ],
  "columns": [
    {
      "column_name": "ProviderType",
      "number_non_empty_cells": 11,
      "number_empty_cells": 0,
      "number_distinct_values": 2,
      "frequent_values": [
        "HOMECARE SERVICES CONTRACTS",
        "\u001a"
      ],
      "data_types": [
        {
          "type": "TEXT",
          "count": 11,
          "shortest_values": "\u001a",
          "longest_values": "HOMECARE SERVICES CONTRACTS",
          "average_length": 24.636363636363637
        }
      ]
    },
    {
      "column_name": "SponsorName",
      "number_non_empty_cells": 10,
      "number_empty_cells": 1,
      "number_distinct_values": 5,
      "frequent_values": [
        "PERSONAL-TOUCH HOME CARE OF N.Y. INC.",
        "RICHMOND HOME NEED SERVICES INC",
        "NEW YORK FOUNDATION FOR SENIOR CITIZENS HOME ATTENDANT SERVI",
        "PEOPLE CARE INCORPORATED",
        ""
      ],
      "data_types": [
        {
          "type": "TEXT",
          "count": 10,
          "shortest_values": "PEOPLE CARE INCORPORATED",
          "longest_values": "NEW YORK FOUNDATION FOR SENIOR CITIZENS HOME ATTENDANT SERVI",
          "average_length": 37.8
        }
      ]
    },
    {
      "column_name": "ProgramName",
      "number_non_empty_cells": 10,
      "number_empty_cells": 1,
      "number_distinct_values": 6,
      "frequent_values": [
        "RICHMOND HOME NEEDS",
        "PERSONAL TOUCH -BRONX",
        "PERSONAL TOUCH-BROOKLYN",
        "NEW YORK FOUNDATION-MANHATTAN",
        "PEOPLE CARE-QUEENS"
      ],
      "data_types": [
        {
          "type": "TEXT",
          "count": 10,
          "shortest_values": "PEOPLE CARE-QUEENS",
          "longest_values": "NEW YORK FOUNDATION-MANHATTAN",
          "average_length": 22.0
        }
      ]
    },
    {
      "column_name": "ContractYear",
      "number_non_empty_cells": 10,
      "number_empty_cells": 1,
      "number_distinct_values": 2,
      "frequent_values": [
        "2020",
        ""
      ],
      "data_types": [
        {
          "type": "INTEGER (LONG)",
          "count": 10,
          "max_value": 2020,
          "min_value": 2020,
          "mean": 2020.0
        }
      ]
    },
    {
      "column_name": "ServiceName",
      "number_non_empty_cells": 10,
      "number_empty_cells": 1,
      "number_distinct_values": 3,
      "frequent_values": [
        "HOUSEKEEPER",
        "HOMEMAKER/PERSONAL CARE",
        ""
      ],
      "data_types": [
        {
          "type": "TEXT",
          "count": 10,
          "shortest_values": "HOUSEKEEPER",
          "longest_values": "HOMEMAKER/PERSONAL CARE",
          "average_length": 17.0
        }
      ]
    },
    {
      "column_name": "ServiceID",
      "number_non_empty_cells": 10,
      "number_empty_cells": 1,
      "number_distinct_values": 3,
      "frequent_values": [
        "HSCH",
        "HMPC",
        ""
      ],
      "data_types": [
        {
          "type": "TEXT",
          "count": 10,
          "shortest_values": "HSCH",
          "longest_values": "HSCH",
          "average_length": 4.0
        }
      ]
    },
    {
      "column_name": "BudgetedUnits",
      "number_non_empty_cells": 10,
      "number_empty_cells": 1,
      "number_distinct_values": 11,
      "frequent_values": [
        "",
        "9368",
        "272028",
        "373742",
        "48005"
      ],
      "data_types": [
        {
          "type": "INTEGER (LONG)",
          "count": 10,
          "max_value": 373742,
          "min_value": 9368,
          "mean": 145845.2
        }
      ]
    },
    {
      "column_name": "DFTA ID",
      "number_non_empty_cells": 10,
      "number_empty_cells": 1,
      "number_distinct_values": 6,
      "frequent_values": [
        "5H601",
        "1H501",
        "2HB01",
        "3HD01",
        "4H701"
      ],
      "data_types": [
        {
          "type": "TEXT",
          "count": 10,
          "shortest_values": "5H601",
          "longest_values": "5H601",
          "average_length": 5.0
        }
      ]
    }
  ]
}