{
  "dataset_name": "h922-d8e5.tsv.gz",
  "key_column_candidates": [
    "PSI Testing Center",
    "Address",
    "Borough",
    "Postcode",
    "Latitude",
    "Longitude",
    "Community Board",
    "Council District",
    "Census Tract",
    "BIN",
    "BBL",
    "NTA",
    "Location1"
  ],
  "columns": [
    {
      "column_name": "Borough",
      "number_non_empty_cells": 11,
      "number_empty_cells": 0,
      "number_distinct_values": 5,
      "frequent_values": [
        "Queens",
        "Manhattan",
        "Bronx",
        "Brooklyn",
        "Staten Island"
      ],
      "data_types": [
        {
          "type": "TEXT",
          "count": 11,
          "shortest_values": "Bronx",
          "longest_values": "Staten Island",
          "average_length": 7.454545454545454
        }
      ]
    },
    {
      "column_name": "Latitude",
      "number_non_empty_cells": 11,
      "number_empty_cells": 0,
      "number_distinct_values": 11,
      "frequent_values": [
        "40.761364",
        "40.707663",
        "40.680929",
        "40.726349",
        "40.754296"
      ],
      "data_types": [
        {
          "type": "REAL",
          "count": 11,
          "max_value": 40.852293,
          "min_value": 40.601198,
          "mean": 40.742714818181824
        }
      ]
    },
    {
      "column_name": "Council District",
      "number_non_empty_cells": 11,
      "number_empty_cells": 0,
      "number_distinct_values": 9,
      "frequent_values": [
        "3",
        "13",
        "20",
        "30",
        "36"
      ],
      "data_types": [
        {
          "type": "INTEGER (LONG)",
          "count": 11,
          "max_value": 50,
          "min_value": 3,
          "mean": 20.454545454545453
        }
      ]
    },
    {
      "column_name": "BIN",
      "number_non_empty_cells": 11,
      "number_empty_cells": 0,
      "number_distinct_values": 11,
      "frequent_values": [
        "4584155",
        "4439862",
        "3053461",
        "4051272",
        "1013622"
      ],
      "data_types": [
        {
          "type": "INTEGER (LONG)",
          "count": 11,
          "max_value": 5095323,
          "min_value": 1013622,
          "mean": 2947878.6363636362
        }
      ]
    },
    {
      "column_name": "BBL",
      "number_non_empty_cells": 11,
      "number_empty_cells": 0,
      "number_distinct_values": 11,
      "frequent_values": [
        "4049710059",
        "4038100350",
        "3018540025",
        "4021360021",
        "1007610033"
      ],
      "data_types": [
        {
          "type": "INTEGER (LONG)",
          "count": 11,
          "max_value": 5020300016,
          "min_value": 1007610033,
          "mean": 2848059152.0
        }
      ]
    },
    {
      "column_name": "Longitude",
      "number_non_empty_cells": 11,
      "number_empty_cells": 0,
      "number_distinct_values": 11,
      "frequent_values": [
        "-73.83164",
        "-73.869359",
        "-73.944383",
        "-73.85107",
        "-73.991944"
      ],
      "data_types": [
        {
          "type": "REAL",
          "count": 11,
          "max_value": -73.804997,
          "min_value": -74.163174,
          "mean": -73.91749727272727
        }
      ]
    },
    {
      "column_name": "Postcode",
      "number_non_empty_cells": 11,
      "number_empty_cells": 0,
      "number_distinct_values": 9,
      "frequent_values": [
        "10018",
        "10461",
        "11354",
        "11385",
        "11216"
      ],
      "data_types": [
        {
          "type": "INTEGER (LONG)",
          "count": 11,
          "max_value": 11385,
          "min_value": 10016,
          "mean": 10725.727272727272
        }
      ]
    },
    {
      "column_name": "Census Tract",
      "number_non_empty_cells": 11,
      "number_empty_cells": 0,
      "number_distinct_values": 11,
      "frequent_values": [
        "869",
        "637",
        "269",
        "71303",
        "111"
      ],
      "data_types": [
        {
          "type": "INTEGER (LONG)",
          "count": 11,
          "max_value": 122701,
          "min_value": 80,
          "mean": 20360.727272727272
        }
      ]
    },
    {
      "column_name": "PSI Testing Center",
      "number_non_empty_cells": 11,
      "number_empty_cells": 0,
      "number_distinct_values": 10,
      "frequent_values": [
        "PSI Exam Services",
        "ACS Professional Testing",
        "Kennedy Online Training Center",
        "Brainseed Testing Center - Queens",
        "Alliance Computing Solutions"
      ],
      "data_types": [
        {
          "type": "TEXT",
          "count": 11,
          "shortest_values": "PSI Exam Services",
          "longest_values": "Brainseed Testing Center - Staten Island",
          "average_length": 28.0
        }
      ]
    },
    {
      "column_name": "NTA",
      "number_non_empty_cells": 11,
      "number_empty_cells": 0,
      "number_distinct_values": 11,
      "frequent_values": [
        "Flushing",
        "Glendale",
        "Bedford",
        "Forest Hills",
        "Hudson Yards-Chelsea-Flatiron-Union Square"
      ],
      "data_types": [
        {
          "type": "TEXT",
          "count": 11,
          "shortest_values": "Bedford",
          "longest_values": "Hudson Yards-Chelsea-Flatiron-Union Square",
          "average_length": 23.545454545454547
        }
      ]
    },
    {
      "column_name": "Address",
      "number_non_empty_cells": 11,
      "number_empty_cells": 0,
      "number_distinct_values": 11,
      "frequent_values": [
        "135-41 37th Ave, 4th Floor, Flushing, NY 11354",
        "71-19 80th St, Suite 8307, Ridgewood, NY 11385",
        "54 Macdonough St, Brooklyn, NY 11216",
        "102-40 67th Dr, Forest Hills, NY 11375",
        "545 8th Ave, Suite 1210, New York, NY 10018"
      ],
      "data_types": [
        {
          "type": "TEXT",
          "count": 11,
          "shortest_values": "566 7th Ave, New York, NY 10018",
          "longest_values": "1911 Richmond Ave, Suite 130, Staten Island, NY 10314",
          "average_length": 43.0
        }
      ]
    },
    {
      "column_name": "Location1",
      "number_non_empty_cells": 11,
      "number_empty_cells": 0,
      "number_distinct_values": 11,
      "frequent_values": [
        "(40.761364, -73.83164)",
        "(40.707663, -73.869359)",
        "(40.680929, -73.944383)",
        "(40.726349, -73.85107)",
        "(40.754296, -73.991944)"
      ],
      "data_types": [
        {
          "type": "TEXT",
          "count": 11,
          "shortest_values": "(40.7327, -73.804997)",
          "longest_values": "(40.707663, -73.869359)",
          "average_length": 22.636363636363637
        }
      ]
    },
    {
      "column_name": "Community Board",
      "number_non_empty_cells": 11,
      "number_empty_cells": 0,
      "number_distinct_values": 9,
      "frequent_values": [
        "5",
        "6",
        "7",
        "3",
        "4"
      ],
      "data_types": [
        {
          "type": "INTEGER (LONG)",
          "count": 11,
          "max_value": 11,
          "min_value": 2,
          "mean": 6.090909090909091
        }
      ]
    }
  ]
}