{
  "dataset_name": "herb-qubg.tsv.gz",
  "key_column_candidates": [
    "DBN",
    "District",
    "School Name",
    "Is Org Split-Sited?",
    "Building ID(s)",
    "Transfer School",
    "2015-16",
    "2015-16 1",
    "2015-16 2",
    "2015-16 3",
    "2015-16 4",
    "2015-16 5",
    "2015-16 6",
    "2015-16 7",
    "2015-16 8",
    "2015-16 9",
    "2015-16 10",
    "2015-16 11",
    "2015-16 12",
    "2015-16 13",
    "2015-16 14",
    "2015-16 15",
    "2015-16 16",
    "2015-16 17",
    "2014-15",
    "2014-15 1",
    "2014-15 2"
  ],
  "columns": [
    {
      "column_name": "Is Org Split-Sited?",
      "number_non_empty_cells": 1193,
      "number_empty_cells": 1,
      "number_distinct_values": 3,
      "frequent_values": [
        "false",
        "true",
        ""
      ],
      "data_types": [
        {
          "type": "TEXT",
          "count": 1193,
          "shortest_values": "true",
          "longest_values": "false",
          "average_length": 4.880972338642079
        }
      ]
    },
    {
      "column_name": "2015-16",
      "number_non_empty_cells": 1194,
      "number_empty_cells": 0,
      "number_distinct_values": 658,
      "frequent_values": [
        "425",
        "374",
        "441",
        "293",
        "476"
      ],
      "data_types": [
        {
          "type": "INTEGER (LONG)",
          "count": 1193,
          "max_value": 4289,
          "min_value": 25,
          "mean": 495.7133277451802
        },
        {
          "type": "TEXT",
          "count": 1,
          "shortest_values": "Total Enrollment",
          "longest_values": "Total Enrollment",
          "average_length": 16.0
        }
      ]
    },
    {
      "column_name": "2015-16 1",
      "number_non_empty_cells": 1194,
      "number_empty_cells": 0,
      "number_distinct_values": 382,
      "frequent_values": [
        "0",
        "362",
        "261",
        "216",
        "425"
      ],
      "data_types": [
        {
          "type": "INTEGER (LONG)",
          "count": 1193,
          "max_value": 1996,
          "min_value": 0,
          "mean": 182.15926236378877
        },
        {
          "type": "TEXT",
          "count": 1,
          "shortest_values": "Grades PK-5 Enrollment",
          "longest_values": "Grades PK-5 Enrollment",
          "average_length": 22.0
        }
      ]
    },
    {
      "column_name": "2015-16 3",
      "number_non_empty_cells": 1194,
      "number_empty_cells": 0,
      "number_distinct_values": 358,
      "frequent_values": [
        "0",
        "333",
        "410",
        "353",
        "392"
      ],
      "data_types": [
        {
          "type": "INTEGER (LONG)",
          "count": 1193,
          "max_value": 4289,
          "min_value": 0,
          "mean": 198.76026823134953
        },
        {
          "type": "TEXT",
          "count": 1,
          "shortest_values": "Grades 9-12 Enrollment",
          "longest_values": "Grades 9-12 Enrollment",
          "average_length": 22.0
        }
      ]
    },
    {
      "column_name": "Building ID(s)",
      "number_non_empty_cells": 1193,
      "number_empty_cells": 1,
      "number_distinct_values": 690,
      "frequent_values": [
        "X410",
        "X450",
        "X475",
        "M440",
        "M460"
      ],
      "data_types": [
        {
          "type": "DATE/TIME",
          "count": 43,
          "max_value": "M056",
          "min_value": "M007"
        },
        {
          "type": "TEXT",
          "count": 1150,
          "shortest_values": "K002",
          "longest_values": "K371, K428, K455, K458, K515, K525, K779, K871, K880, K893, KAUS, KBJL, KBJM, KBJO, KBJQ, KBJR, KBJS, KBKE, KCQJ, M058, M510, M646, M827, M911, MADR, MANF",
          "average_length": 6.332173913043478
        }
      ]
    },
    {
      "column_name": "2015-16 4",
      "number_non_empty_cells": 1194,
      "number_empty_cells": 0,
      "number_distinct_values": 293,
      "frequent_values": [
        "0.0%",
        "1.0%",
        "0.8%",
        "0.6%",
        "0.5%"
      ],
      "data_types": [
        {
          "type": "TEXT",
          "count": 1194,
          "shortest_values": "3.2%",
          "longest_values": "% Asian",
          "average_length": 4.226130653266332
        }
      ]
    },
    {
      "column_name": "2015-16 11",
      "number_non_empty_cells": 1194,
      "number_empty_cells": 0,
      "number_distinct_values": 444,
      "frequent_values": [
        "100.0%",
        "90.0%",
        "89.1%",
        "90.6%",
        "85.7%"
      ],
      "data_types": [
        {
          "type": "TEXT",
          "count": 1194,
          "shortest_values": "9.6%",
          "longest_values": "% Poverty",
          "average_length": 5.201842546063651
        }
      ]
    },
    {
      "column_name": "2015-16 16",
      "number_non_empty_cells": 776,
      "number_empty_cells": 418,
      "number_distinct_values": 262,
      "frequent_values": [
        "",
        "10",
        "2",
        "16",
        "22"
      ],
      "data_types": [
        {
          "type": "INTEGER (LONG)",
          "count": 767,
          "max_value": 1298,
          "min_value": 0,
          "mean": 90.39504563233376
        },
        {
          "type": "TEXT",
          "count": 9,
          "shortest_values": "s",
          "longest_values": "Math # Proficient (L3&4)",
          "average_length": 3.5555555555555554
        }
      ]
    },
    {
      "column_name": "2015-16 12",
      "number_non_empty_cells": 776,
      "number_empty_cells": 418,
      "number_distinct_values": 417,
      "frequent_values": [
        "",
        "131",
        "s",
        "258",
        "123"
      ],
      "data_types": [
        {
          "type": "INTEGER (LONG)",
          "count": 767,
          "max_value": 1748,
          "min_value": 10,
          "mean": 269.94784876140807
        },
        {
          "type": "TEXT",
          "count": 9,
          "shortest_values": "s",
          "longest_values": "ELA # Tested",
          "average_length": 2.2222222222222223
        }
      ]
    },
    {
      "column_name": "Transfer School",
      "number_non_empty_cells": 1193,
      "number_empty_cells": 1,
      "number_distinct_values": 3,
      "frequent_values": [
        "false",
        "true",
        ""
      ],
      "data_types": [
        {
          "type": "TEXT",
          "count": 1193,
          "shortest_values": "true",
          "longest_values": "false",
          "average_length": 4.966471081307628
        }
      ]
    },
    {
      "column_name": "2015-16 7",
      "number_non_empty_cells": 1194,
      "number_empty_cells": 0,
      "number_distinct_values": 102,
      "frequent_values": [
        "0.0%",
        "0.6%",
        "1.0%",
        "0.4%",
        "1.1%"
      ],
      "data_types": [
        {
          "type": "TEXT",
          "count": 1194,
          "shortest_values": "1.1%",
          "longest_values": "% Other",
          "average_length": 4.018425460636516
        }
      ]
    },
    {
      "column_name": "2015-16 17",
      "number_non_empty_cells": 776,
      "number_empty_cells": 418,
      "number_distinct_values": 477,
      "frequent_values": [
        "",
        "s",
        "0.0%",
        "8.2%",
        "3.3%"
      ],
      "data_types": [
        {
          "type": "TEXT",
          "count": 776,
          "shortest_values": "s",
          "longest_values": "Math % Proficient (L3&4)",
          "average_length": 4.777061855670103
        }
      ]
    },
    {
      "column_name": "2015-16 9",
      "number_non_empty_cells": 1194,
      "number_empty_cells": 0,
      "number_distinct_values": 336,
      "frequent_values": [
        "100.0%",
        "18.2%",
        "16.0%",
        "18.5%",
        "23.6%"
      ],
      "data_types": [
        {
          "type": "TEXT",
          "count": 1194,
          "shortest_values": "8.8%",
          "longest_values": "100.0%",
          "average_length": 4.924623115577889
        }
      ]
    },
    {
      "column_name": "2015-16 14",
      "number_non_empty_cells": 776,
      "number_empty_cells": 418,
      "number_distinct_values": 452,
      "frequent_values": [
        "",
        "25.0%",
        "s",
        "17.6%",
        "19.6%"
      ],
      "data_types": [
        {
          "type": "TEXT",
          "count": 776,
          "shortest_values": "s",
          "longest_values": "ELA % Proficient (L3&4)",
          "average_length": 4.895618556701031
        }
      ]
    },
    {
      "column_name": "2015-16 6",
      "number_non_empty_cells": 1194,
      "number_empty_cells": 0,
      "number_distinct_values": 663,
      "frequent_values": [
        "65.2%",
        "11.5%",
        "27.8%",
        "56.4%",
        "24.5%"
      ],
      "data_types": [
        {
          "type": "TEXT",
          "count": 1194,
          "shortest_values": "8.8%",
          "longest_values": "% Hispanic",
          "average_length": 4.930485762144054
        }
      ]
    },
    {
      "column_name": "2015-16 8",
      "number_non_empty_cells": 1194,
      "number_empty_cells": 0,
      "number_distinct_values": 310,
      "frequent_values": [
        "0.0%",
        "1.7%",
        "0.6%",
        "1.0%",
        "1.3%"
      ],
      "data_types": [
        {
          "type": "TEXT",
          "count": 1194,
          "shortest_values": "2.3%",
          "longest_values": "% White",
          "average_length": 4.242043551088777
        }
      ]
    },
    {
      "column_name": "2015-16 5",
      "number_non_empty_cells": 1194,
      "number_empty_cells": 0,
      "number_distinct_values": 643,
      "frequent_values": [
        "33.5%",
        "30.5%",
        "32.4%",
        "0.7%",
        "86.3%"
      ],
      "data_types": [
        {
          "type": "TEXT",
          "count": 1194,
          "shortest_values": "9.5%",
          "longest_values": "% Black",
          "average_length": 4.836683417085427
        }
      ]
    },
    {
      "column_name": "2015-16 15",
      "number_non_empty_cells": 776,
      "number_empty_cells": 418,
      "number_distinct_values": 431,
      "frequent_values": [
        "",
        "s",
        "82",
        "125",
        "177"
      ],
      "data_types": [
        {
          "type": "INTEGER (LONG)",
          "count": 767,
          "max_value": 1693,
          "min_value": 10,
          "mean": 266.5645371577575
        },
        {
          "type": "TEXT",
          "count": 9,
          "shortest_values": "s",
          "longest_values": "Math # Tested",
          "average_length": 2.3333333333333335
        }
      ]
    },
    {
      "column_name": "2015-16 10",
      "number_non_empty_cells": 1194,
      "number_empty_cells": 0,
      "number_distinct_values": 347,
      "frequent_values": [
        "0.0%",
        "4.4%",
        "5.6%",
        "2.3%",
        "3.0%"
      ],
      "data_types": [
        {
          "type": "TEXT",
          "count": 1194,
          "shortest_values": "7.4%",
          "longest_values": "% ELL",
          "average_length": 4.437185929648241
        }
      ]
    },
    {
      "column_name": "DBN",
      "number_non_empty_cells": 1193,
      "number_empty_cells": 1,
      "number_distinct_values": 1194,
      "frequent_values": [
        "",
        "17K002",
        "84K704",
        "75K141",
        "16K005"
      ],
      "data_types": [
        {
          "type": "DATE/TIME",
          "count": 16,
          "max_value": "06M052",
          "min_value": "01M015"
        },
        {
          "type": "TEXT",
          "count": 1177,
          "shortest_values": "17K002",
          "longest_values": "17K002",
          "average_length": 6.0
        }
      ]
    },
    {
      "column_name": "2014-15 2",
      "number_non_empty_cells": 387,
      "number_empty_cells": 807,
      "number_distinct_values": 254,
      "frequent_values": [
        "",
        "s",
        "100.0%",
        "95.7%",
        "75.0%"
      ],
      "data_types": [
        {
          "type": "TEXT",
          "count": 387,
          "shortest_values": "s",
          "longest_values": "% 6-Year Graduates",
          "average_length": 4.808785529715762
        }
      ]
    },
    {
      "column_name": "School Name",
      "number_non_empty_cells": 1193,
      "number_empty_cells": 1,
      "number_distinct_values": 1194,
      "frequent_values": [
        "",
        "Parkside Preparatory Academy",
        "Explore Charter School",
        "P.S. K141",
        "P.S. 005 Dr. Ronald Mcnair"
      ],
      "data_types": [
        {
          "type": "TEXT",
          "count": 1193,
          "shortest_values": "v",
          "longest_values": "Science Skills Center High School for Science, Technology and the Creative Arts",
          "average_length": 30.93964794635373
        }
      ]
    },
    {
      "column_name": "2014-15",
      "number_non_empty_cells": 417,
      "number_empty_cells": 777,
      "number_distinct_values": 161,
      "frequent_values": [
        "",
        "s",
        "83",
        "89",
        "85"
      ],
      "data_types": [
        {
          "type": "INTEGER (LONG)",
          "count": 391,
          "max_value": 1046,
          "min_value": 23,
          "mean": 136.83631713554988
        },
        {
          "type": "TEXT",
          "count": 26,
          "shortest_values": "s",
          "longest_values": "Total Grad Cohort",
          "average_length": 1.6153846153846154
        }
      ]
    },
    {
      "column_name": "District",
      "number_non_empty_cells": 1193,
      "number_empty_cells": 1,
      "number_distinct_values": 36,
      "frequent_values": [
        "84",
        "2",
        "75",
        "9",
        "10"
      ],
      "data_types": [
        {
          "type": "INTEGER (LONG)",
          "count": 1193,
          "max_value": 84,
          "min_value": 1,
          "mean": 25.221290863369656
        }
      ]
    },
    {
      "column_name": "2015-16 2",
      "number_non_empty_cells": 1194,
      "number_empty_cells": 0,
      "number_distinct_values": 304,
      "frequent_values": [
        "0",
        "251",
        "202",
        "182",
        "254"
      ],
      "data_types": [
        {
          "type": "INTEGER (LONG)",
          "count": 1193,
          "max_value": 1824,
          "min_value": 0,
          "mean": 114.79379715004191
        },
        {
          "type": "TEXT",
          "count": 1,
          "shortest_values": "Grades 6-8 Enrollment",
          "longest_values": "Grades 6-8 Enrollment",
          "average_length": 21.0
        }
      ]
    },
    {
      "column_name": "2015-16 13",
      "number_non_empty_cells": 776,
      "number_empty_cells": 418,
      "number_distinct_values": 258,
      "frequent_values": [
        "",
        "1",
        "15",
        "27",
        "2"
      ],
      "data_types": [
        {
          "type": "INTEGER (LONG)",
          "count": 767,
          "max_value": 1245,
          "min_value": 0,
          "mean": 96.79661016949153
        },
        {
          "type": "TEXT",
          "count": 9,
          "shortest_values": "s",
          "longest_values": "ELA # Proficient (L3&4)",
          "average_length": 3.4444444444444446
        }
      ]
    },
    {
      "column_name": "2014-15 1",
      "number_non_empty_cells": 417,
      "number_empty_cells": 777,
      "number_distinct_values": 301,
      "frequent_values": [
        "",
        "s",
        "100.0%",
        "78.0%",
        "80.0%"
      ],
      "data_types": [
        {
          "type": "TEXT",
          "count": 417,
          "shortest_values": "s",
          "longest_values": "% 4-Year August Graduates",
          "average_length": 4.800959232613909
        }
      ]
    }
  ]
}