{
  "dataset_name": "hi3x-y76v.tsv.gz",
  "key_column_candidates": [
    "Hospital Name",
    "HCAHPS Question",
    "HCAHPS Answer Description",
    "HCAHPS Answer Percent"
  ],
  "columns": [
    {
      "column_name": "HCAHPS Question",
      "number_non_empty_cells": 110,
      "number_empty_cells": 0,
      "number_distinct_values": 10,
      "frequent_values": [
        "How often were the patients rooms and bathrooms kept clean?",
        "How often did nurses communicate well with patients?",
        "How often did doctors communicate well with patients?",
        "How often did patients receive help quickly from hospital staff?",
        "How often was patients pain well controlled?"
      ],
      "data_types": [
        {
          "type": "TEXT",
          "count": 110,
          "shortest_values": "How do patients rate the hospital overall?",
          "longest_values": "Were patients given information about what to do during their recovery at home?",
          "average_length": 59.3
        }
      ]
    },
    {
      "column_name": "Hospital Name",
      "number_non_empty_cells": 110,
      "number_empty_cells": 0,
      "number_distinct_values": 11,
      "frequent_values": [
        "BELLEVUE HOSPITAL CENTER",
        "CONEY ISLAND HOSPITAL",
        "ELMHURST HOSPITAL CENTER",
        "HARLEM HOSPITAL CENTER",
        "JACOBI MEDICAL CENTER"
      ],
      "data_types": [
        {
          "type": "TEXT",
          "count": 110,
          "shortest_values": "CONEY ISLAND HOSPITAL",
          "longest_values": "WOODHULL MEDICAL AND MENTAL HEALTH CENTER",
          "average_length": 27.0
        }
      ]
    },
    {
      "column_name": "HCAHPS Answer Description",
      "number_non_empty_cells": 110,
      "number_empty_cells": 0,
      "number_distinct_values": 10,
      "frequent_values": [
        "Room was \"always\" clean",
        "Nurses \"always\" communicated well",
        "Doctors \"always\" communicated well",
        "Patients \"always\" received help as soon as they wanted",
        "Pain was \"always\" well controlled"
      ],
      "data_types": [
        {
          "type": "TEXT",
          "count": 110,
          "shortest_values": "Always quiet at night",
          "longest_values": "\"YES\", patients would definitely recommend the hospital",
          "average_length": 37.2
        }
      ]
    },
    {
      "column_name": "HCAHPS Answer Percent",
      "number_non_empty_cells": 110,
      "number_empty_cells": 0,
      "number_distinct_values": 38,
      "frequent_values": [
        "56",
        "57",
        "63",
        "58",
        "79"
      ],
      "data_types": [
        {
          "type": "INTEGER (LONG)",
          "count": 110,
          "max_value": 82,
          "min_value": 35,
          "mean": 60.663636363636364
        }
      ]
    }
  ]
}