{
  "dataset_name": "him9-7gri.tsv.gz",
  "key_column_candidates": [
    "Agency",
    "PMMR Goal",
    "Critical",
    "Performance Indicator",
    "FY14",
    "FY15",
    "FY16",
    "TGT17",
    "TGT18",
    "FY16 4-Month Actual",
    "FY17 4-Month Actual"
  ],
  "columns": [
    {
      "column_name": "Agency",
      "number_non_empty_cells": 1697,
      "number_empty_cells": 0,
      "number_distinct_values": 45,
      "frequent_values": [
        "DOE",
        "ACS",
        "HRA",
        "DOT",
        "NYPD"
      ],
      "data_types": [
        {
          "type": "DATE/TIME",
          "count": 13,
          "max_value": "3-1-1",
          "min_value": "3-1-1"
        },
        {
          "type": "TEXT",
          "count": 1684,
          "shortest_values": "DHS",
          "longest_values": "DOHMH",
          "average_length": 3.4649643705463182
        }
      ]
    },
    {
      "column_name": "PMMR Goal",
      "number_non_empty_cells": 1697,
      "number_empty_cells": 0,
      "number_distinct_values": 24,
      "frequent_values": [
        "1a",
        "2a",
        "1b",
        "3a",
        "4a"
      ],
      "data_types": [
        {
          "type": "DATE/TIME",
          "count": 1133,
          "max_value": "8a",
          "min_value": "1a"
        },
        {
          "type": "TEXT",
          "count": 564,
          "shortest_values": "2b",
          "longest_values": "2b",
          "average_length": 2.0
        }
      ]
    },
    {
      "column_name": "FY14",
      "number_non_empty_cells": 1697,
      "number_empty_cells": 0,
      "number_distinct_values": 1212,
      "frequent_values": [
        "NA",
        "100%",
        "94%",
        "99%",
        "86%"
      ],
      "data_types": [
        {
          "type": "DATE/TIME",
          "count": 306,
          "max_value": "6,064",
          "min_value": "1,101"
        },
        {
          "type": "REAL",
          "count": 168,
          "max_value": 977.2,
          "min_value": 0.0,
          "mean": 59.244285714285716
        },
        {
          "type": "INTEGER (LONG)",
          "count": 295,
          "max_value": 995,
          "min_value": 0,
          "mean": 257.64406779661016
        },
        {
          "type": "TEXT",
          "count": 928,
          "shortest_values": "NA",
          "longest_values": "$11,360,685",
          "average_length": 4.330818965517241
        }
      ]
    },
    {
      "column_name": "TGT18",
      "number_non_empty_cells": 1697,
      "number_empty_cells": 0,
      "number_distinct_values": 329,
      "frequent_values": [
        "*",
        "DOWN",
        "UP",
        "85%",
        "90%"
      ],
      "data_types": [
        {
          "type": "DATE/TIME",
          "count": 70,
          "max_value": "1,054,831",
          "min_value": "2,100"
        },
        {
          "type": "INTEGER (LONG)",
          "count": 60,
          "max_value": 920,
          "min_value": 0,
          "mean": 163.78333333333333
        },
        {
          "type": "REAL",
          "count": 103,
          "max_value": 764.4,
          "min_value": 0.03,
          "mean": 25.586504854368926
        },
        {
          "type": "TEXT",
          "count": 1464,
          "shortest_values": "*",
          "longest_values": "$3,783.0",
          "average_length": 1.9781420765027322
        }
      ]
    },
    {
      "column_name": "FY15",
      "number_non_empty_cells": 1697,
      "number_empty_cells": 0,
      "number_distinct_values": 1257,
      "frequent_values": [
        "NA",
        "100%",
        "99%",
        "95%",
        "84%"
      ],
      "data_types": [
        {
          "type": "DATE/TIME",
          "count": 322,
          "max_value": "4,068",
          "min_value": "103,872"
        },
        {
          "type": "REAL",
          "count": 169,
          "max_value": 955.4,
          "min_value": 0.01,
          "mean": 56.895680473372764
        },
        {
          "type": "INTEGER (LONG)",
          "count": 302,
          "max_value": 976,
          "min_value": 0,
          "mean": 253.4437086092715
        },
        {
          "type": "TEXT",
          "count": 904,
          "shortest_values": "NA",
          "longest_values": "$11,234,213",
          "average_length": 4.493362831858407
        }
      ]
    },
    {
      "column_name": "FY17 4-Month Actual",
      "number_non_empty_cells": 1697,
      "number_empty_cells": 0,
      "number_distinct_values": 992,
      "frequent_values": [
        "NA",
        "100%",
        "0",
        "96%",
        "90%"
      ],
      "data_types": [
        {
          "type": "DATE/TIME",
          "count": 263,
          "max_value": "1,064",
          "min_value": "4,101"
        },
        {
          "type": "REAL",
          "count": 173,
          "max_value": 951.2,
          "min_value": 0.0,
          "mean": 54.64063583815032
        },
        {
          "type": "INTEGER (LONG)",
          "count": 307,
          "max_value": 966,
          "min_value": 0,
          "mean": 237.05863192182412
        },
        {
          "type": "TEXT",
          "count": 954,
          "shortest_values": "NA",
          "longest_values": "$4,142,088",
          "average_length": 3.5712788259958073
        }
      ]
    },
    {
      "column_name": "Performance Indicator",
      "number_non_empty_cells": 1697,
      "number_empty_cells": 0,
      "number_distinct_values": 1442,
      "frequent_values": [
        "E-mails responded to in 14 days (%)",
        "Letters responded to in 14 days (%)",
        "Completed requests for interpretation",
        "Completed customer requests for interpretation",
        "CORE customer experience rating (0-100)"
      ],
      "data_types": [
        {
          "type": "TEXT",
          "count": 1697,
          "shortest_values": "- Rape",
          "longest_values": "Youth who are out-of-school, attend a DYCD-funded training or employment program, and are placed in post-secondary education, employment, or advanced training in the 1st quarter after exiting the program (%)",
          "average_length": 49.217442545668824
        }
      ]
    },
    {
      "column_name": "FY16",
      "number_non_empty_cells": 1697,
      "number_empty_cells": 0,
      "number_distinct_values": 1271,
      "frequent_values": [
        "NA",
        "100%",
        "100",
        "95%",
        "99%"
      ],
      "data_types": [
        {
          "type": "DATE/TIME",
          "count": 343,
          "max_value": "6,060",
          "min_value": "100,330"
        },
        {
          "type": "INTEGER (LONG)",
          "count": 298,
          "max_value": 997,
          "min_value": 0,
          "mean": 246.96979865771812
        },
        {
          "type": "REAL",
          "count": 175,
          "max_value": 951.4,
          "min_value": 0.0,
          "mean": 53.82159999999998
        },
        {
          "type": "TEXT",
          "count": 881,
          "shortest_values": "NA",
          "longest_values": "$10,139,937",
          "average_length": 4.52894438138479
        }
      ]
    },
    {
      "column_name": "TGT17",
      "number_non_empty_cells": 1697,
      "number_empty_cells": 0,
      "number_distinct_values": 329,
      "frequent_values": [
        "*",
        "DOWN",
        "UP",
        "85%",
        "90%"
      ],
      "data_types": [
        {
          "type": "DATE/TIME",
          "count": 64,
          "max_value": "1,037",
          "min_value": "2,100"
        },
        {
          "type": "INTEGER (LONG)",
          "count": 64,
          "max_value": 920,
          "min_value": 0,
          "mean": 165.40625
        },
        {
          "type": "REAL",
          "count": 107,
          "max_value": 764.4,
          "min_value": 0.03,
          "mean": 25.505700934579437
        },
        {
          "type": "TEXT",
          "count": 1462,
          "shortest_values": "*",
          "longest_values": "1,000,000",
          "average_length": 1.9958960328317374
        }
      ]
    },
    {
      "column_name": "FY16 4-Month Actual",
      "number_non_empty_cells": 1697,
      "number_empty_cells": 0,
      "number_distinct_values": 997,
      "frequent_values": [
        "NA",
        "100%",
        "0",
        "99%",
        "100.0%"
      ],
      "data_types": [
        {
          "type": "DATE/TIME",
          "count": 260,
          "max_value": "5,064",
          "min_value": "100,430"
        },
        {
          "type": "INTEGER (LONG)",
          "count": 304,
          "max_value": 992,
          "min_value": 0,
          "mean": 238.0559210526316
        },
        {
          "type": "REAL",
          "count": 164,
          "max_value": 948.9,
          "min_value": 0.0,
          "mean": 52.902865853658554
        },
        {
          "type": "TEXT",
          "count": 969,
          "shortest_values": "NA",
          "longest_values": "$4,024,073",
          "average_length": 3.5356037151702786
        }
      ]
    },
    {
      "column_name": "Critical",
      "number_non_empty_cells": 1697,
      "number_empty_cells": 0,
      "number_distinct_values": 2,
      "frequent_values": [
        "FALSE",
        "TRUE"
      ],
      "data_types": [
        {
          "type": "TEXT",
          "count": 1697,
          "shortest_values": "TRUE",
          "longest_values": "FALSE",
          "average_length": 4.685327047731291
        }
      ]
    }
  ]
}