{
  "dataset_name": "hjnm-89hx.tsv.gz",
  "key_column_candidates": [
    "Month",
    "Family Assistance Recipients"
  ],
  "columns": [
    {
      "column_name": "Family Assistance Recipients",
      "number_non_empty_cells": 266,
      "number_empty_cells": 0,
      "number_distinct_values": 266,
      "frequent_values": [
        "823238",
        "817939",
        "815862",
        "814179",
        "804889"
      ],
      "data_types": [
        {
          "type": "INTEGER (LONG)",
          "count": 248,
          "max_value": 823238,
          "min_value": 138146,
          "mean": 288658.62903225806
        },
        {
          "type": "DATE/TIME",
          "count": 18,
          "max_value": "143,525",
          "min_value": "125,282"
        }
      ]
    },
    {
      "column_name": "Month",
      "number_non_empty_cells": 266,
      "number_empty_cells": 0,
      "number_distinct_values": 266,
      "frequent_values": [
        "01/01/1996 12:00:00 AM",
        "02/01/1996 12:00:00 AM",
        "03/01/1996 12:00:00 AM",
        "04/01/1996 12:00:00 AM",
        "05/01/1996 12:00:00 AM"
      ],
      "data_types": [
        {
          "type": "DATE/TIME",
          "count": 266,
          "max_value": "02/16/2018 12:00:00 AM",
          "min_value": "01/01/1996 12:00:00 AM"
        }
      ]
    }
  ]
}