{
  "dataset_name": "hpku-qnwm.tsv.gz",
  "key_column_candidates": [
    "Category",
    "Cohort Year",
    "Cohort",
    "CoHort #",
    "Total Grads #",
    "Total Grads % of cohort",
    "Total Regents  #",
    "Total Regents % of cohort",
    "Total Regents % of grads",
    "Advanced Regents #",
    "Advanced Regents % of cohort",
    "Advanced Regents % of grads",
    "Regents without Advanced #",
    "Regents without Advanced % of cohort",
    "Regents without Advanced % of grads",
    "Local #",
    "Local % of cohort",
    "Local % of grads",
    "Still Enrolled #",
    "Still Enrolled % of cohort",
    "Dropout  #",
    "Dropout % of cohort",
    "SACC (IEP Diploma) #",
    "SACC (IEP Diploma) % of cohort",
    "TASC (GED) #",
    "TASC (GED) % of cohort"
  ],
  "columns": [
    {
      "column_name": "Total Regents % of cohort",
      "number_non_empty_cells": 696,
      "number_empty_cells": 0,
      "number_distinct_values": 428,
      "frequent_values": [
        "83.3",
        "s",
        "84.2",
        "73.4",
        "73.3"
      ],
      "data_types": [
        {
          "type": "REAL",
          "count": 690,
          "max_value": 91.7,
          "min_value": 0.0,
          "mean": 60.06014492753633
        },
        {
          "type": "TEXT",
          "count": 6,
          "shortest_values": "s",
          "longest_values": "s",
          "average_length": 1.0
        }
      ]
    },
    {
      "column_name": "Total Regents % of grads",
      "number_non_empty_cells": 694,
      "number_empty_cells": 2,
      "number_distinct_values": 313,
      "frequent_values": [
        "100.0",
        "98.8",
        "97.9",
        "98.3",
        "91.7"
      ],
      "data_types": [
        {
          "type": "REAL",
          "count": 688,
          "max_value": 100.0,
          "min_value": 0.0,
          "mean": 84.59360465116286
        },
        {
          "type": "TEXT",
          "count": 6,
          "shortest_values": "s",
          "longest_values": "s",
          "average_length": 1.0
        }
      ]
    },
    {
      "column_name": "Still Enrolled #",
      "number_non_empty_cells": 696,
      "number_empty_cells": 0,
      "number_distinct_values": 491,
      "frequent_values": [
        "6",
        "2",
        "17",
        "10",
        "4"
      ],
      "data_types": [
        {
          "type": "INTEGER (LONG)",
          "count": 690,
          "max_value": 5021,
          "min_value": 0,
          "mean": 887.4014492753623
        },
        {
          "type": "TEXT",
          "count": 6,
          "shortest_values": "s",
          "longest_values": "s",
          "average_length": 1.0
        }
      ]
    },
    {
      "column_name": "Dropout % of cohort",
      "number_non_empty_cells": 696,
      "number_empty_cells": 0,
      "number_distinct_values": 239,
      "frequent_values": [
        "12.2",
        "14.3",
        "10.2",
        "16.3",
        "8.9"
      ],
      "data_types": [
        {
          "type": "REAL",
          "count": 690,
          "max_value": 50.0,
          "min_value": 0.0,
          "mean": 14.104927536231889
        },
        {
          "type": "TEXT",
          "count": 6,
          "shortest_values": "s",
          "longest_values": "s",
          "average_length": 1.0
        }
      ]
    },
    {
      "column_name": "Cohort",
      "number_non_empty_cells": 696,
      "number_empty_cells": 0,
      "number_distinct_values": 5,
      "frequent_values": [
        "4 year June",
        "5 year June",
        "6 year June",
        "4 year August",
        "5 year August"
      ],
      "data_types": [
        {
          "type": "TEXT",
          "count": 696,
          "shortest_values": "4 year June",
          "longest_values": "4 year August",
          "average_length": 11.655172413793103
        }
      ]
    },
    {
      "column_name": "SACC (IEP Diploma) #",
      "number_non_empty_cells": 684,
      "number_empty_cells": 12,
      "number_distinct_values": 260,
      "frequent_values": [
        "0",
        "1",
        "2",
        "8",
        "7"
      ],
      "data_types": [
        {
          "type": "INTEGER (LONG)",
          "count": 678,
          "max_value": 829,
          "min_value": 0,
          "mean": 120.53687315634218
        },
        {
          "type": "TEXT",
          "count": 6,
          "shortest_values": "s",
          "longest_values": "s",
          "average_length": 1.0
        }
      ]
    },
    {
      "column_name": "SACC (IEP Diploma) % of cohort",
      "number_non_empty_cells": 684,
      "number_empty_cells": 12,
      "number_distinct_values": 62,
      "frequent_values": [
        "0.0",
        "0.8",
        "0.4",
        "1.4",
        "1.5"
      ],
      "data_types": [
        {
          "type": "REAL",
          "count": 678,
          "max_value": 10.1,
          "min_value": 0.0,
          "mean": 1.6250737463126816
        },
        {
          "type": "TEXT",
          "count": 6,
          "shortest_values": "s",
          "longest_values": "s",
          "average_length": 1.0
        }
      ]
    },
    {
      "column_name": "Total Grads #",
      "number_non_empty_cells": 696,
      "number_empty_cells": 0,
      "number_distinct_values": 579,
      "frequent_values": [
        "s",
        "91",
        "24",
        "84",
        "94"
      ],
      "data_types": [
        {
          "type": "INTEGER (LONG)",
          "count": 690,
          "max_value": 11055,
          "min_value": 0,
          "mean": 4350.740579710145
        },
        {
          "type": "TEXT",
          "count": 6,
          "shortest_values": "s",
          "longest_values": "s",
          "average_length": 1.0
        }
      ]
    },
    {
      "column_name": "Advanced Regents #",
      "number_non_empty_cells": 684,
      "number_empty_cells": 12,
      "number_distinct_values": 369,
      "frequent_values": [
        "6",
        "16",
        "",
        "13",
        "24"
      ],
      "data_types": [
        {
          "type": "INTEGER (LONG)",
          "count": 678,
          "max_value": 3466,
          "min_value": 0,
          "mean": 1090.4985250737464
        },
        {
          "type": "TEXT",
          "count": 6,
          "shortest_values": "s",
          "longest_values": "s",
          "average_length": 1.0
        }
      ]
    },
    {
      "column_name": "Advanced Regents % of cohort",
      "number_non_empty_cells": 684,
      "number_empty_cells": 12,
      "number_distinct_values": 238,
      "frequent_values": [
        "9.7",
        "8.7",
        "8.6",
        "",
        "8.5"
      ],
      "data_types": [
        {
          "type": "REAL",
          "count": 678,
          "max_value": 55.8,
          "min_value": 0.0,
          "mean": 20.424188790560507
        },
        {
          "type": "TEXT",
          "count": 6,
          "shortest_values": "s",
          "longest_values": "s",
          "average_length": 1.0
        }
      ]
    },
    {
      "column_name": "Regents without Advanced % of cohort",
      "number_non_empty_cells": 684,
      "number_empty_cells": 12,
      "number_distinct_values": 342,
      "frequent_values": [
        "",
        "47.7",
        "s",
        "32.7",
        "32.5"
      ],
      "data_types": [
        {
          "type": "REAL",
          "count": 678,
          "max_value": 65.5,
          "min_value": 0.0,
          "mean": 39.85442477876111
        },
        {
          "type": "TEXT",
          "count": 6,
          "shortest_values": "s",
          "longest_values": "s",
          "average_length": 1.0
        }
      ]
    },
    {
      "column_name": "TASC (GED) #",
      "number_non_empty_cells": 684,
      "number_empty_cells": 12,
      "number_distinct_values": 197,
      "frequent_values": [
        "0",
        "1",
        "2",
        "22",
        "6"
      ],
      "data_types": [
        {
          "type": "INTEGER (LONG)",
          "count": 678,
          "max_value": 598,
          "min_value": 0,
          "mean": 79.047197640118
        },
        {
          "type": "TEXT",
          "count": 6,
          "shortest_values": "s",
          "longest_values": "s",
          "average_length": 1.0
        }
      ]
    },
    {
      "column_name": "Total Grads % of cohort",
      "number_non_empty_cells": 696,
      "number_empty_cells": 0,
      "number_distinct_values": 373,
      "frequent_values": [
        "77.9",
        "81.4",
        "79.1",
        "s",
        "83.9"
      ],
      "data_types": [
        {
          "type": "REAL",
          "count": 690,
          "max_value": 93.5,
          "min_value": 0.0,
          "mean": 69.59028985507244
        },
        {
          "type": "TEXT",
          "count": 6,
          "shortest_values": "s",
          "longest_values": "s",
          "average_length": 1.0
        }
      ]
    },
    {
      "column_name": "Dropout  #",
      "number_non_empty_cells": 696,
      "number_empty_cells": 0,
      "number_distinct_values": 421,
      "frequent_values": [
        "5",
        "16",
        "40",
        "22",
        "10"
      ],
      "data_types": [
        {
          "type": "INTEGER (LONG)",
          "count": 690,
          "max_value": 5560,
          "min_value": 0,
          "mean": 957.4434782608696
        },
        {
          "type": "TEXT",
          "count": 6,
          "shortest_values": "s",
          "longest_values": "s",
          "average_length": 1.0
        }
      ]
    },
    {
      "column_name": "Regents without Advanced #",
      "number_non_empty_cells": 684,
      "number_empty_cells": 12,
      "number_distinct_values": 547,
      "frequent_values": [
        "",
        "16",
        "54",
        "57",
        "s"
      ],
      "data_types": [
        {
          "type": "INTEGER (LONG)",
          "count": 678,
          "max_value": 8652,
          "min_value": 0,
          "mean": 2587.5250737463125
        },
        {
          "type": "TEXT",
          "count": 6,
          "shortest_values": "s",
          "longest_values": "s",
          "average_length": 1.0
        }
      ]
    },
    {
      "column_name": "Local #",
      "number_non_empty_cells": 696,
      "number_empty_cells": 0,
      "number_distinct_values": 451,
      "frequent_values": [
        "2",
        "7",
        "0",
        "18",
        "1"
      ],
      "data_types": [
        {
          "type": "INTEGER (LONG)",
          "count": 690,
          "max_value": 4308,
          "min_value": 0,
          "mean": 691.563768115942
        },
        {
          "type": "TEXT",
          "count": 6,
          "shortest_values": "s",
          "longest_values": "s",
          "average_length": 1.0
        }
      ]
    },
    {
      "column_name": "Local % of grads",
      "number_non_empty_cells": 694,
      "number_empty_cells": 2,
      "number_distinct_values": 312,
      "frequent_values": [
        "0.0",
        "1.2",
        "2.1",
        "1.7",
        "8.3"
      ],
      "data_types": [
        {
          "type": "REAL",
          "count": 688,
          "max_value": 100.0,
          "min_value": 0.0,
          "mean": 15.501017441860476
        },
        {
          "type": "TEXT",
          "count": 6,
          "shortest_values": "s",
          "longest_values": "s",
          "average_length": 1.0
        }
      ]
    },
    {
      "column_name": "Still Enrolled % of cohort",
      "number_non_empty_cells": 696,
      "number_empty_cells": 0,
      "number_distinct_values": 265,
      "frequent_values": [
        "7.8",
        "5.9",
        "4.7",
        "3.2",
        "9.7"
      ],
      "data_types": [
        {
          "type": "REAL",
          "count": 690,
          "max_value": 100.0,
          "min_value": 0.0,
          "mean": 13.403623188405788
        },
        {
          "type": "TEXT",
          "count": 6,
          "shortest_values": "s",
          "longest_values": "s",
          "average_length": 1.0
        }
      ]
    },
    {
      "column_name": "Category",
      "number_non_empty_cells": 696,
      "number_empty_cells": 0,
      "number_distinct_values": 12,
      "frequent_values": [
        "Female Asian",
        "Female Black",
        "Female Hispanic",
        "Female Multi-Racial",
        "Female Native American"
      ],
      "data_types": [
        {
          "type": "TEXT",
          "count": 696,
          "shortest_values": "Male Asian",
          "longest_values": "Female Native American",
          "average_length": 14.333333333333334
        }
      ]
    },
    {
      "column_name": "Regents without Advanced % of grads",
      "number_non_empty_cells": 682,
      "number_empty_cells": 14,
      "number_distinct_values": 346,
      "frequent_values": [
        "",
        "77.3",
        "66.7",
        "42.7",
        "42.6"
      ],
      "data_types": [
        {
          "type": "REAL",
          "count": 676,
          "max_value": 83.0,
          "min_value": 0.0,
          "mean": 57.673668639053204
        },
        {
          "type": "TEXT",
          "count": 6,
          "shortest_values": "s",
          "longest_values": "s",
          "average_length": 1.0
        }
      ]
    },
    {
      "column_name": "CoHort #",
      "number_non_empty_cells": 696,
      "number_empty_cells": 0,
      "number_distinct_values": 365,
      "frequent_values": [
        "131",
        "6003",
        "1",
        "136",
        "210"
      ],
      "data_types": [
        {
          "type": "INTEGER (LONG)",
          "count": 696,
          "max_value": 15830,
          "min_value": 1,
          "mean": 6349.739942528736
        }
      ]
    },
    {
      "column_name": "Local % of cohort",
      "number_non_empty_cells": 696,
      "number_empty_cells": 0,
      "number_distinct_values": 235,
      "frequent_values": [
        "0.0",
        "3.4",
        "3.5",
        "1.1",
        "1.0"
      ],
      "data_types": [
        {
          "type": "REAL",
          "count": 690,
          "max_value": 33.5,
          "min_value": 0.0,
          "mean": 9.573913043478273
        },
        {
          "type": "TEXT",
          "count": 6,
          "shortest_values": "s",
          "longest_values": "s",
          "average_length": 1.0
        }
      ]
    },
    {
      "column_name": "TASC (GED) % of cohort",
      "number_non_empty_cells": 684,
      "number_empty_cells": 12,
      "number_distinct_values": 50,
      "frequent_values": [
        "0.0",
        "0.5",
        "0.2",
        "0.9",
        "1.3"
      ],
      "data_types": [
        {
          "type": "REAL",
          "count": 678,
          "max_value": 7.6,
          "min_value": 0.0,
          "mean": 1.1461651917404128
        },
        {
          "type": "TEXT",
          "count": 6,
          "shortest_values": "s",
          "longest_values": "s",
          "average_length": 1.0
        }
      ]
    },
    {
      "column_name": "Cohort Year",
      "number_non_empty_cells": 696,
      "number_empty_cells": 0,
      "number_distinct_values": 14,
      "frequent_values": [
        "2012",
        "2011",
        "2010",
        "2009",
        "2008"
      ],
      "data_types": [
        {
          "type": "INTEGER (LONG)",
          "count": 696,
          "max_value": 2014,
          "min_value": 2001,
          "mean": 2007.7413793103449
        }
      ]
    },
    {
      "column_name": "Total Regents  #",
      "number_non_empty_cells": 696,
      "number_empty_cells": 0,
      "number_distinct_values": 574,
      "frequent_values": [
        "80",
        "s",
        "25",
        "19",
        "92"
      ],
      "data_types": [
        {
          "type": "INTEGER (LONG)",
          "count": 690,
          "max_value": 10112,
          "min_value": 0,
          "mean": 3660.4
        },
        {
          "type": "TEXT",
          "count": 6,
          "shortest_values": "s",
          "longest_values": "s",
          "average_length": 1.0
        }
      ]
    },
    {
      "column_name": "Advanced Regents % of grads",
      "number_non_empty_cells": 682,
      "number_empty_cells": 14,
      "number_distinct_values": 334,
      "frequent_values": [
        "",
        "13.6",
        "14.1",
        "14.0",
        "12.8"
      ],
      "data_types": [
        {
          "type": "REAL",
          "count": 676,
          "max_value": 61.8,
          "min_value": 0.0,
          "mean": 27.12529585798818
        },
        {
          "type": "TEXT",
          "count": 6,
          "shortest_values": "s",
          "longest_values": "s",
          "average_length": 1.0
        }
      ]
    }
  ]
}