{
  "dataset_name": "hrsu-3w2q.tsv.gz",
  "key_column_candidates": [
    "BORO",
    "YEAR",
    "PERIOD",
    "DISTRICT",
    "LEVEL",
    "SCHOOL",
    "GRADE_CODE",
    "INSTRUCTION_DAYS",
    "RELIGIOUS_HOLYDAYS",
    "CLASSES",
    "REGISTER_LAST_REPORT",
    "ADMISSIONS",
    "TRANSFERS_IN",
    "DISCHARGES",
    "TRANSFERS_OUT",
    "PRESENT_REGISTER",
    "AGGREGATE_REGISTER",
    "AGGREGATE_ATTENDANCE",
    "LTA",
    "LTB",
    "HOLYDAY_COUNTER",
    "REGISTER_01",
    "ATTENDANCE_01",
    "REGISTER_02",
    "ATTENDANCE_02",
    "REGISTER_03",
    "ATTENDANCE_03",
    "REGISTER_04",
    "ATTENDANCE_04",
    "REGISTER_05",
    "ATTENDANCE_05",
    "REGISTER_06",
    "ATTENDANCE_06",
    "REGISTER_07",
    "ATTENDANCE_07",
    "REGISTER_08",
    "ATTENDANCE_08",
    "REGISTER_09",
    "ATTENDANCE_09"
  ],
  "columns": [
    {
      "column_name": "REGISTER_08",
      "number_non_empty_cells": 24420,
      "number_empty_cells": 1,
      "number_distinct_values": 2,
      "frequent_values": [
        "0",
        ""
      ],
      "data_types": [
        {
          "type": "INTEGER (LONG)",
          "count": 24420,
          "max_value": 0,
          "min_value": 0,
          "mean": 0.0
        }
      ]
    },
    {
      "column_name": "ATTENDANCE_09",
      "number_non_empty_cells": 24420,
      "number_empty_cells": 1,
      "number_distinct_values": 2,
      "frequent_values": [
        "0",
        ""
      ],
      "data_types": [
        {
          "type": "INTEGER (LONG)",
          "count": 24420,
          "max_value": 0,
          "min_value": 0,
          "mean": 0.0
        }
      ]
    },
    {
      "column_name": "DISCHARGES",
      "number_non_empty_cells": 10454,
      "number_empty_cells": 13967,
      "number_distinct_values": 224,
      "frequent_values": [
        "",
        "0",
        "11",
        "12",
        "13"
      ],
      "data_types": [
        {
          "type": "INTEGER (LONG)",
          "count": 10454,
          "max_value": 1022,
          "min_value": 0,
          "mean": 33.71283719150564
        }
      ]
    },
    {
      "column_name": "REGISTER_01",
      "number_non_empty_cells": 24420,
      "number_empty_cells": 1,
      "number_distinct_values": 1933,
      "frequent_values": [
        "495",
        "442",
        "358",
        "200",
        "446"
      ],
      "data_types": [
        {
          "type": "INTEGER (LONG)",
          "count": 24420,
          "max_value": 5568,
          "min_value": 0,
          "mean": 596.5227272727273
        }
      ]
    },
    {
      "column_name": "AGGREGATE_REGISTER",
      "number_non_empty_cells": 24419,
      "number_empty_cells": 2,
      "number_distinct_values": 9797,
      "frequent_values": [
        "6438",
        "4471",
        "7594",
        "7089",
        "6004"
      ],
      "data_types": [
        {
          "type": "INTEGER (LONG)",
          "count": 24419,
          "max_value": 116378,
          "min_value": 0,
          "mean": 9788.47516278308
        }
      ]
    },
    {
      "column_name": "ATTENDANCE_02",
      "number_non_empty_cells": 24358,
      "number_empty_cells": 63,
      "number_distinct_values": 1703,
      "frequent_values": [
        "0",
        "369",
        "302",
        "",
        "362"
      ],
      "data_types": [
        {
          "type": "INTEGER (LONG)",
          "count": 24358,
          "max_value": 5411,
          "min_value": 0,
          "mean": 510.43193201412265
        }
      ]
    },
    {
      "column_name": "REGISTER_09",
      "number_non_empty_cells": 24420,
      "number_empty_cells": 1,
      "number_distinct_values": 2,
      "frequent_values": [
        "0",
        ""
      ],
      "data_types": [
        {
          "type": "INTEGER (LONG)",
          "count": 24420,
          "max_value": 0,
          "min_value": 0,
          "mean": 0.0
        }
      ]
    },
    {
      "column_name": "ATTENDANCE_04",
      "number_non_empty_cells": 24420,
      "number_empty_cells": 1,
      "number_distinct_values": 1491,
      "frequent_values": [
        "0",
        "379",
        "300",
        "436",
        "401"
      ],
      "data_types": [
        {
          "type": "INTEGER (LONG)",
          "count": 24420,
          "max_value": 5441,
          "min_value": 0,
          "mean": 336.3102375102375
        }
      ]
    },
    {
      "column_name": "RELIGIOUS_HOLYDAYS",
      "number_non_empty_cells": 24420,
      "number_empty_cells": 1,
      "number_distinct_values": 4,
      "frequent_values": [
        "4",
        "2",
        "1",
        ""
      ],
      "data_types": [
        {
          "type": "INTEGER (LONG)",
          "count": 24420,
          "max_value": 4,
          "min_value": 1,
          "mean": 3.1503685503685506
        }
      ]
    },
    {
      "column_name": "ATTENDANCE_08",
      "number_non_empty_cells": 24420,
      "number_empty_cells": 1,
      "number_distinct_values": 2,
      "frequent_values": [
        "0",
        ""
      ],
      "data_types": [
        {
          "type": "INTEGER (LONG)",
          "count": 24420,
          "max_value": 0,
          "min_value": 0,
          "mean": 0.0
        }
      ]
    },
    {
      "column_name": "BORO",
      "number_non_empty_cells": 24420,
      "number_empty_cells": 1,
      "number_distinct_values": 6,
      "frequent_values": [
        "K",
        "X",
        "Q",
        "M",
        "R"
      ],
      "data_types": [
        {
          "type": "TEXT",
          "count": 24420,
          "shortest_values": "X",
          "longest_values": "X",
          "average_length": 1.0
        }
      ]
    },
    {
      "column_name": "PERIOD",
      "number_non_empty_cells": 24420,
      "number_empty_cells": 1,
      "number_distinct_values": 7,
      "frequent_values": [
        "1",
        "2",
        "3",
        "4",
        "5"
      ],
      "data_types": [
        {
          "type": "INTEGER (LONG)",
          "count": 24420,
          "max_value": 6,
          "min_value": 1,
          "mean": 2.8325143325143327
        }
      ]
    },
    {
      "column_name": "ATTENDANCE_03",
      "number_non_empty_cells": 24420,
      "number_empty_cells": 1,
      "number_distinct_values": 1489,
      "frequent_values": [
        "0",
        "274",
        "382",
        "357",
        "409"
      ],
      "data_types": [
        {
          "type": "INTEGER (LONG)",
          "count": 24420,
          "max_value": 5420,
          "min_value": 0,
          "mean": 336.67338247338245
        }
      ]
    },
    {
      "column_name": "DISTRICT",
      "number_non_empty_cells": 24420,
      "number_empty_cells": 1,
      "number_distinct_values": 35,
      "frequent_values": [
        "2",
        "10",
        "31",
        "9",
        "11"
      ],
      "data_types": [
        {
          "type": "INTEGER (LONG)",
          "count": 24420,
          "max_value": 79,
          "min_value": 1,
          "mean": 18.16998361998362
        }
      ]
    },
    {
      "column_name": "REGISTER_07",
      "number_non_empty_cells": 24420,
      "number_empty_cells": 1,
      "number_distinct_values": 2,
      "frequent_values": [
        "0",
        ""
      ],
      "data_types": [
        {
          "type": "INTEGER (LONG)",
          "count": 24420,
          "max_value": 0,
          "min_value": 0,
          "mean": 0.0
        }
      ]
    },
    {
      "column_name": "AGGREGATE_ATTENDANCE",
      "number_non_empty_cells": 24419,
      "number_empty_cells": 2,
      "number_distinct_values": 10119,
      "frequent_values": [
        "6443",
        "4439",
        "2492",
        "3870",
        "3811"
      ],
      "data_types": [
        {
          "type": "INTEGER (LONG)",
          "count": 24419,
          "max_value": 113769,
          "min_value": 0,
          "mean": 9044.362176993325
        }
      ]
    },
    {
      "column_name": "GRADE_CODE",
      "number_non_empty_cells": 24420,
      "number_empty_cells": 1,
      "number_distinct_values": 2,
      "frequent_values": [
        "0",
        ""
      ],
      "data_types": [
        {
          "type": "INTEGER (LONG)",
          "count": 24420,
          "max_value": 0,
          "min_value": 0,
          "mean": 0.0
        }
      ]
    },
    {
      "column_name": "REGISTER_06",
      "number_non_empty_cells": 24420,
      "number_empty_cells": 1,
      "number_distinct_values": 2,
      "frequent_values": [
        "0",
        ""
      ],
      "data_types": [
        {
          "type": "INTEGER (LONG)",
          "count": 24420,
          "max_value": 0,
          "min_value": 0,
          "mean": 0.0
        }
      ]
    },
    {
      "column_name": "REGISTER_02",
      "number_non_empty_cells": 24359,
      "number_empty_cells": 62,
      "number_distinct_values": 1889,
      "frequent_values": [
        "0",
        "495",
        "441",
        "492",
        "443"
      ],
      "data_types": [
        {
          "type": "INTEGER (LONG)",
          "count": 24359,
          "max_value": 5567,
          "min_value": 0,
          "mean": 560.223285028121
        }
      ]
    },
    {
      "column_name": "HOLYDAY_COUNTER",
      "number_non_empty_cells": 24420,
      "number_empty_cells": 1,
      "number_distinct_values": 4,
      "frequent_values": [
        "4",
        "2",
        "1",
        ""
      ],
      "data_types": [
        {
          "type": "INTEGER (LONG)",
          "count": 24420,
          "max_value": 4,
          "min_value": 1,
          "mean": 3.1503685503685506
        }
      ]
    },
    {
      "column_name": "YEAR",
      "number_non_empty_cells": 24420,
      "number_empty_cells": 1,
      "number_distinct_values": 3,
      "frequent_values": [
        "2015-16",
        "2015-2016",
        ""
      ],
      "data_types": [
        {
          "type": "TEXT",
          "count": 24420,
          "shortest_values": "2015-16",
          "longest_values": "2015-2016",
          "average_length": 7.5301392301392305
        }
      ]
    },
    {
      "column_name": "REGISTER_LAST_REPORT",
      "number_non_empty_cells": 24372,
      "number_empty_cells": 49,
      "number_distinct_values": 1885,
      "frequent_values": [
        "441",
        "362",
        "421",
        "495",
        "494"
      ],
      "data_types": [
        {
          "type": "INTEGER (LONG)",
          "count": 24372,
          "max_value": 5689,
          "min_value": 0,
          "mean": 593.2468816674873
        }
      ]
    },
    {
      "column_name": "LTA",
      "number_non_empty_cells": 7781,
      "number_empty_cells": 16640,
      "number_distinct_values": 148,
      "frequent_values": [
        "",
        "0",
        "12",
        "11",
        "13"
      ],
      "data_types": [
        {
          "type": "INTEGER (LONG)",
          "count": 7781,
          "max_value": 555,
          "min_value": 0,
          "mean": 11.038683973782291
        }
      ]
    },
    {
      "column_name": "ATTENDANCE_07",
      "number_non_empty_cells": 24420,
      "number_empty_cells": 1,
      "number_distinct_values": 2,
      "frequent_values": [
        "0",
        ""
      ],
      "data_types": [
        {
          "type": "INTEGER (LONG)",
          "count": 24420,
          "max_value": 0,
          "min_value": 0,
          "mean": 0.0
        }
      ]
    },
    {
      "column_name": "ATTENDANCE_05",
      "number_non_empty_cells": 24420,
      "number_empty_cells": 1,
      "number_distinct_values": 2,
      "frequent_values": [
        "0",
        ""
      ],
      "data_types": [
        {
          "type": "INTEGER (LONG)",
          "count": 24420,
          "max_value": 0,
          "min_value": 0,
          "mean": 0.0
        }
      ]
    },
    {
      "column_name": "REGISTER_04",
      "number_non_empty_cells": 24420,
      "number_empty_cells": 1,
      "number_distinct_values": 1633,
      "frequent_values": [
        "0",
        "443",
        "200",
        "418",
        "492"
      ],
      "data_types": [
        {
          "type": "INTEGER (LONG)",
          "count": 24420,
          "max_value": 5565,
          "min_value": 0,
          "mean": 361.09168714168715
        }
      ]
    },
    {
      "column_name": "LTB",
      "number_non_empty_cells": 9380,
      "number_empty_cells": 15041,
      "number_distinct_values": 40,
      "frequent_values": [
        "",
        "0",
        "12",
        "11",
        "13"
      ],
      "data_types": [
        {
          "type": "INTEGER (LONG)",
          "count": 9380,
          "max_value": 104,
          "min_value": 0,
          "mean": 0.3917910447761194
        }
      ]
    },
    {
      "column_name": "TRANSFERS_OUT",
      "number_non_empty_cells": 7298,
      "number_empty_cells": 17123,
      "number_distinct_values": 128,
      "frequent_values": [
        "",
        "0",
        "11",
        "14",
        "12"
      ],
      "data_types": [
        {
          "type": "INTEGER (LONG)",
          "count": 7298,
          "max_value": 892,
          "min_value": 0,
          "mean": 13.30282269114826
        }
      ]
    },
    {
      "column_name": "ADMISSIONS",
      "number_non_empty_cells": 10448,
      "number_empty_cells": 13973,
      "number_distinct_values": 227,
      "frequent_values": [
        "",
        "0",
        "11",
        "12",
        "13"
      ],
      "data_types": [
        {
          "type": "INTEGER (LONG)",
          "count": 10448,
          "max_value": 1188,
          "min_value": 0,
          "mean": 46.43137442572741
        }
      ]
    },
    {
      "column_name": "LEVEL",
      "number_non_empty_cells": 24419,
      "number_empty_cells": 2,
      "number_distinct_values": 13,
      "frequent_values": [
        "110",
        "220",
        "340",
        "596",
        "360"
      ],
      "data_types": [
        {
          "type": "INTEGER (LONG)",
          "count": 24419,
          "max_value": 598,
          "min_value": 110,
          "mean": 207.49932429665424
        }
      ]
    },
    {
      "column_name": "INSTRUCTION_DAYS",
      "number_non_empty_cells": 24420,
      "number_empty_cells": 1,
      "number_distinct_values": 17,
      "frequent_values": [
        "17",
        "12",
        "21",
        "19",
        "15"
      ],
      "data_types": [
        {
          "type": "INTEGER (LONG)",
          "count": 24420,
          "max_value": 21,
          "min_value": 6,
          "mean": 16.42059787059787
        }
      ]
    },
    {
      "column_name": "TRANSFERS_IN",
      "number_non_empty_cells": 10578,
      "number_empty_cells": 13843,
      "number_distinct_values": 129,
      "frequent_values": [
        "",
        "0",
        "11",
        "14",
        "15"
      ],
      "data_types": [
        {
          "type": "INTEGER (LONG)",
          "count": 10578,
          "max_value": 892,
          "min_value": 0,
          "mean": 9.34108527131783
        }
      ]
    },
    {
      "column_name": "REGISTER_03",
      "number_non_empty_cells": 24420,
      "number_empty_cells": 1,
      "number_distinct_values": 1636,
      "frequent_values": [
        "0",
        "374",
        "494",
        "554",
        "451"
      ],
      "data_types": [
        {
          "type": "INTEGER (LONG)",
          "count": 24420,
          "max_value": 5565,
          "min_value": 0,
          "mean": 361.1307125307125
        }
      ]
    },
    {
      "column_name": "REGISTER_05",
      "number_non_empty_cells": 24420,
      "number_empty_cells": 1,
      "number_distinct_values": 2,
      "frequent_values": [
        "0",
        ""
      ],
      "data_types": [
        {
          "type": "INTEGER (LONG)",
          "count": 24420,
          "max_value": 0,
          "min_value": 0,
          "mean": 0.0
        }
      ]
    },
    {
      "column_name": "SCHOOL",
      "number_non_empty_cells": 24420,
      "number_empty_cells": 1,
      "number_distinct_values": 681,
      "frequent_values": [
        "11",
        "51",
        "600",
        "36",
        "4"
      ],
      "data_types": [
        {
          "type": "INTEGER (LONG)",
          "count": 24420,
          "max_value": 993,
          "min_value": 1,
          "mean": 287.873751023751
        }
      ]
    },
    {
      "column_name": "CLASSES",
      "number_non_empty_cells": 24420,
      "number_empty_cells": 1,
      "number_distinct_values": 995,
      "frequent_values": [
        "170",
        "280",
        "200",
        "250",
        "220"
      ],
      "data_types": [
        {
          "type": "INTEGER (LONG)",
          "count": 24420,
          "max_value": 7210,
          "min_value": 0,
          "mean": 363.70012285012285
        }
      ]
    },
    {
      "column_name": "ATTENDANCE_01",
      "number_non_empty_cells": 24420,
      "number_empty_cells": 1,
      "number_distinct_values": 1754,
      "frequent_values": [
        "293",
        "328",
        "463",
        "197",
        "287"
      ],
      "data_types": [
        {
          "type": "INTEGER (LONG)",
          "count": 24420,
          "max_value": 5458,
          "min_value": 0,
          "mean": 555.2269041769042
        }
      ]
    },
    {
      "column_name": "ATTENDANCE_06",
      "number_non_empty_cells": 24420,
      "number_empty_cells": 1,
      "number_distinct_values": 2,
      "frequent_values": [
        "0",
        ""
      ],
      "data_types": [
        {
          "type": "INTEGER (LONG)",
          "count": 24420,
          "max_value": 0,
          "min_value": 0,
          "mean": 0.0
        }
      ]
    },
    {
      "column_name": "PRESENT_REGISTER",
      "number_non_empty_cells": 24419,
      "number_empty_cells": 2,
      "number_distinct_values": 1943,
      "frequent_values": [
        "441",
        "495",
        "362",
        "199",
        "297"
      ],
      "data_types": [
        {
          "type": "INTEGER (LONG)",
          "count": 24419,
          "max_value": 5565,
          "min_value": 0,
          "mean": 597.5986322126213
        }
      ]
    }
  ]
}