{
  "dataset_name": "hxm3-23vy.tsv.gz",
  "key_column_candidates": [
    "ENumber",
    "E Effective Date",
    "BOROCODE",
    "TAXBLOCK",
    "TAXLOT",
    "HazMat Code",
    "Air Code",
    "Noise Code",
    "HazMat Date",
    "Air Date",
    "Noise Date",
    "CEQR_NUM",
    "ULURP_NUM"
  ],
  "columns": [
    {
      "column_name": "Noise Date",
      "number_non_empty_cells": 77,
      "number_empty_cells": 11470,
      "number_distinct_values": 52,
      "frequent_values": [
        "",
        "05/01/2018",
        "08/02/2018",
        "08/06/2012",
        "06/17/2008"
      ],
      "data_types": [
        {
          "type": "DATE/TIME",
          "count": 77,
          "max_value": "03/13/2019",
          "min_value": "06/17/2008"
        }
      ]
    },
    {
      "column_name": "ULURP_NUM",
      "number_non_empty_cells": 11547,
      "number_empty_cells": 0,
      "number_distinct_values": 664,
      "frequent_values": [
        "070314ZMQ",
        "050110 ZRK, 050111 ZMK, 050415 MMK, 040416 MMK, 040417 MMK, 040418 MMK, 050110 (A)ZRK, 050111 (A)ZMK",
        "080397ZMM",
        "160035ZMK 160050ZRK",
        "080429ZMQ"
      ],
      "data_types": [
        {
          "type": "TEXT",
          "count": 11547,
          "shortest_values": "78-11BZ",
          "longest_values": "050110 ZRK, 050111 ZMK, 050415 MMK, 040416 MMK, 040417 MMK, 040418 MMK, 050110 (A)ZRK, 050111 (A)ZMK",
          "average_length": 18.119165151121503
        }
      ]
    },
    {
      "column_name": "CEQR_NUM",
      "number_non_empty_cells": 11547,
      "number_empty_cells": 0,
      "number_distinct_values": 613,
      "frequent_values": [
        "05DCP081Q",
        "04DCP003K",
        "07DCP078M",
        "15DCP102K",
        "08DCP021Q"
      ],
      "data_types": [
        {
          "type": "TEXT",
          "count": 11547,
          "shortest_values": "NA",
          "longest_values": "020DCP045K",
          "average_length": 8.846107213994976
        }
      ]
    },
    {
      "column_name": "Noise Code",
      "number_non_empty_cells": 11547,
      "number_empty_cells": 0,
      "number_distinct_values": 2,
      "frequent_values": [
        "1",
        "0"
      ],
      "data_types": [
        {
          "type": "INTEGER (LONG)",
          "count": 11547,
          "max_value": 1,
          "min_value": 0,
          "mean": 0.6378280072746167
        }
      ]
    },
    {
      "column_name": "TAXBLOCK",
      "number_non_empty_cells": 11547,
      "number_empty_cells": 0,
      "number_distinct_values": 2258,
      "frequent_values": [
        "1116",
        "2380",
        "1468",
        "8470",
        "1997"
      ],
      "data_types": [
        {
          "type": "INTEGER (LONG)",
          "count": 11547,
          "max_value": 16229,
          "min_value": 1,
          "mean": 3429.3643370572445
        }
      ]
    },
    {
      "column_name": "E Effective Date",
      "number_non_empty_cells": 11547,
      "number_empty_cells": 0,
      "number_distinct_values": 498,
      "frequent_values": [
        "09/10/2007",
        "05/11/2005",
        "07/29/2009",
        "11/19/2008",
        "04/20/2016"
      ],
      "data_types": [
        {
          "type": "DATE/TIME",
          "count": 11547,
          "max_value": "07/23/2019",
          "min_value": "04/28/1983"
        }
      ]
    },
    {
      "column_name": "BOROCODE",
      "number_non_empty_cells": 11547,
      "number_empty_cells": 0,
      "number_distinct_values": 5,
      "frequent_values": [
        "3",
        "4",
        "1",
        "2",
        "5"
      ],
      "data_types": [
        {
          "type": "INTEGER (LONG)",
          "count": 11547,
          "max_value": 5,
          "min_value": 1,
          "mean": 2.6982766086429377
        }
      ]
    },
    {
      "column_name": "ENumber",
      "number_non_empty_cells": 11547,
      "number_empty_cells": 0,
      "number_distinct_values": 708,
      "frequent_values": [
        "E-175",
        "E-138",
        "E-216",
        "E-366",
        "E-218"
      ],
      "data_types": [
        {
          "type": "TEXT",
          "count": 11547,
          "shortest_values": "E-1",
          "longest_values": "E-101",
          "average_length": 4.840218238503508
        }
      ]
    },
    {
      "column_name": "HazMat Code",
      "number_non_empty_cells": 11547,
      "number_empty_cells": 0,
      "number_distinct_values": 2,
      "frequent_values": [
        "1",
        "0"
      ],
      "data_types": [
        {
          "type": "INTEGER (LONG)",
          "count": 11547,
          "max_value": 1,
          "min_value": 0,
          "mean": 0.7502381570970815
        }
      ]
    },
    {
      "column_name": "Air Code",
      "number_non_empty_cells": 11547,
      "number_empty_cells": 0,
      "number_distinct_values": 2,
      "frequent_values": [
        "0",
        "1"
      ],
      "data_types": [
        {
          "type": "INTEGER (LONG)",
          "count": 11547,
          "max_value": 1,
          "min_value": 0,
          "mean": 0.36520308305187493
        }
      ]
    },
    {
      "column_name": "TAXLOT",
      "number_non_empty_cells": 11547,
      "number_empty_cells": 0,
      "number_distinct_values": 358,
      "frequent_values": [
        "1",
        "5",
        "6",
        "7",
        "12"
      ],
      "data_types": [
        {
          "type": "INTEGER (LONG)",
          "count": 11547,
          "max_value": 9100,
          "min_value": 1,
          "mean": 190.93478825669004
        }
      ]
    }
  ]
}