{
  "dataset_name": "hypw-js3b.tsv.gz",
  "key_column_candidates": [
    "Record Number",
    "Order",
    "NYC Borough, Block and Lot (BBL)",
    "Co-reported BBL Status",
    "BBLs Co-reported",
    "Reported NYC Building Identification Numbers (BINs)",
    "Property Name",
    "Parent Property Id",
    "Parent Property Name",
    "Street Number",
    "Street Name",
    "Postcode",
    "Borough",
    "DOF Benchmarking Submission Status",
    "Primary Property Type - Self Selected",
    "List of All Property Use Types at Property",
    "Largest Property Use Type",
    "Largest Property Use Type - Gross Floor Area (ft\u00b2)",
    "2nd Largest Property Use Type",
    "2nd Largest Property Use - Gross Floor Area (ft\u00b2)",
    "3rd Largest Property Use Type",
    "3rd Largest Property Use Type - Gross Floor Area (ft\u00b2)",
    "Year Built",
    "Number of Buildings - Self-reported",
    "Occupancy",
    "Metered Areas (Energy)",
    "Metered Areas  (Water)",
    "ENERGY STAR Score",
    "Site EUI (kBtu/ft\u00b2)",
    "Weather Normalized Site EUI (kBtu/ft\u00b2)",
    "Weather Normalized Site Electricity Intensity (kWh/ft\u00b2)",
    "Weather Normalized Site Natural Gas Intensity (therms/ft\u00b2)",
    "Source EUI (kBtu/ft\u00b2)",
    "Weather Normalized Source EUI (kBtu/ft\u00b2)",
    "Fuel Oil #1 Use (kBtu)",
    "Fuel Oil #2 Use (kBtu)",
    "Fuel Oil #4 Use (kBtu)",
    "Fuel Oil #5 & 6 Use (kBtu)",
    "Diesel #2 Use (kBtu)",
    "District Steam Use (kBtu)",
    "District Hot Water Use (kBtu)",
    "District Chilled Water Use (kBtu)",
    "Natural Gas Use (kBtu)",
    "Weather Normalized Site Natural Gas Use (therms)",
    "Electricity Use - Grid Purchase (kBtu)",
    "Weather Normalized Site Electricity (kWh)",
    "Total GHG Emissions (Metric Tons CO2e)",
    "Direct GHG Emissions (Metric Tons CO2e)",
    "Indirect GHG Emissions (Metric Tons CO2e)",
    "DOF Property Floor Area (ft\u00b2)",
    "Property GFA - Self-reported (ft\u00b2)",
    "Water Use (All Water Sources) (kgal)",
    "Municipally Supplied Potable Water - Indoor Intensity (gal/ft\u00b2)",
    "Release Date",
    "DEP Provided Water Use (kgal)",
    "Automatic Water Benchmarking Eligible",
    "Reported Water Method",
    "Latitude",
    "Longitude",
    "Community Board",
    "Council District",
    "Census Tract",
    "NTA"
  ],
  "columns": [
    {
      "column_name": "2nd Largest Property Use Type",
      "number_non_empty_cells": 11978,
      "number_empty_cells": 1245,
      "number_distinct_values": 57,
      "frequent_values": [
        "Not Available",
        "",
        "Retail Store",
        "Parking",
        "See Primary BBL"
      ],
      "data_types": [
        {
          "type": "TEXT",
          "count": 11978,
          "shortest_values": "Other",
          "longest_values": "Outpatient Rehabilitation/Physical Therapy",
          "average_length": 12.482050425780598
        }
      ]
    },
    {
      "column_name": "District Steam Use (kBtu)",
      "number_non_empty_cells": 11978,
      "number_empty_cells": 1245,
      "number_distinct_values": 928,
      "frequent_values": [
        "Not Available",
        "",
        "See Primary BBL",
        "9926820.1",
        "0"
      ],
      "data_types": [
        {
          "type": "TEXT",
          "count": 11046,
          "shortest_values": "Not Available",
          "longest_values": "See Primary BBL",
          "average_length": 13.080934274850625
        },
        {
          "type": "INTEGER (LONG)",
          "count": 145,
          "max_value": 47765681400,
          "min_value": -381733912,
          "mean": 4115620168.4068966
        },
        {
          "type": "REAL",
          "count": 787,
          "max_value": 226000000000.0,
          "min_value": -457020883.5,
          "mean": 326521866.7932656
        }
      ]
    },
    {
      "column_name": "Council District",
      "number_non_empty_cells": 10336,
      "number_empty_cells": 2887,
      "number_distinct_values": 45,
      "frequent_values": [
        "",
        "4",
        "3",
        "6",
        "1"
      ],
      "data_types": [
        {
          "type": "INTEGER (LONG)",
          "count": 10336,
          "max_value": 51,
          "min_value": 1,
          "mean": 15.945820433436532
        }
      ]
    },
    {
      "column_name": "Order",
      "number_non_empty_cells": 13223,
      "number_empty_cells": 0,
      "number_distinct_values": 13223,
      "frequent_values": [
        "1",
        "2",
        "3",
        "4",
        "5"
      ],
      "data_types": [
        {
          "type": "INTEGER (LONG)",
          "count": 13223,
          "max_value": 13223,
          "min_value": 1,
          "mean": 6612.0
        }
      ]
    },
    {
      "column_name": "Largest Property Use Type - Gross Floor Area (ft\u00b2)",
      "number_non_empty_cells": 11527,
      "number_empty_cells": 1696,
      "number_distinct_values": 9356,
      "frequent_values": [
        "",
        "60000",
        "70000",
        "72000",
        "75000"
      ],
      "data_types": [
        {
          "type": "REAL",
          "count": 36,
          "max_value": 2935266.8,
          "min_value": 41431.5,
          "mean": 532734.0916666667
        },
        {
          "type": "INTEGER (LONG)",
          "count": 11491,
          "max_value": 6940450,
          "min_value": 58,
          "mean": 162955.5655730572
        }
      ]
    },
    {
      "column_name": "Total GHG Emissions (Metric Tons CO2e)",
      "number_non_empty_cells": 11478,
      "number_empty_cells": 1745,
      "number_distinct_values": 7883,
      "frequent_values": [
        "",
        "0",
        "538.4",
        "349.6",
        "349.3"
      ],
      "data_types": [
        {
          "type": "INTEGER (LONG)",
          "count": 1113,
          "max_value": 1873590,
          "min_value": 0,
          "mean": 6687.390835579515
        },
        {
          "type": "REAL",
          "count": 10365,
          "max_value": 15014684.7,
          "min_value": 0.2,
          "mean": 6981.05339122046
        }
      ]
    },
    {
      "column_name": "Site EUI (kBtu/ft\u00b2)",
      "number_non_empty_cells": 11439,
      "number_empty_cells": 1784,
      "number_distinct_values": 1986,
      "frequent_values": [
        "",
        "85.5",
        "79.5",
        "78.1",
        "70.8"
      ],
      "data_types": [
        {
          "type": "INTEGER (LONG)",
          "count": 1145,
          "max_value": 105668,
          "min_value": 0,
          "mean": 558.964192139738
        },
        {
          "type": "REAL",
          "count": 10294,
          "max_value": 801504.7,
          "min_value": 0.1,
          "mean": 522.0371187099286
        }
      ]
    },
    {
      "column_name": "Borough",
      "number_non_empty_cells": 13223,
      "number_empty_cells": 0,
      "number_distinct_values": 8,
      "frequent_values": [
        "Manhattan",
        "Brooklyn",
        "Queens",
        "Bronx",
        "Not Available"
      ],
      "data_types": [
        {
          "type": "TEXT",
          "count": 13223,
          "shortest_values": "Bronx",
          "longest_values": "Not Available",
          "average_length": 7.852454057324359
        }
      ]
    },
    {
      "column_name": "District Hot Water Use (kBtu)",
      "number_non_empty_cells": 11978,
      "number_empty_cells": 1245,
      "number_distinct_values": 3,
      "frequent_values": [
        "Not Available",
        "",
        "See Primary BBL"
      ],
      "data_types": [
        {
          "type": "TEXT",
          "count": 11978,
          "shortest_values": "Not Available",
          "longest_values": "See Primary BBL",
          "average_length": 13.074636834196026
        }
      ]
    },
    {
      "column_name": "Release Date",
      "number_non_empty_cells": 11531,
      "number_empty_cells": 1692,
      "number_distinct_values": 3295,
      "frequent_values": [
        "",
        "07/31/2016 05:10:33 PM",
        "05/31/2016 06:25:20 PM",
        "05/26/2016 12:15:18 PM",
        "07/31/2016 05:42:50 PM"
      ],
      "data_types": [
        {
          "type": "DATE/TIME",
          "count": 11531,
          "max_value": "08/01/2016 11:04:11 PM",
          "min_value": "02/19/2016 12:08:50 PM"
        }
      ]
    },
    {
      "column_name": "Latitude",
      "number_non_empty_cells": 10336,
      "number_empty_cells": 2887,
      "number_distinct_values": 10071,
      "frequent_values": [
        "",
        "40.766624",
        "40.742233",
        "40.765949",
        "40.84009"
      ],
      "data_types": [
        {
          "type": "REAL",
          "count": 10336,
          "max_value": 40.912869,
          "min_value": 40.51585,
          "mean": 40.75365787296796
        }
      ]
    },
    {
      "column_name": "Parent Property Name",
      "number_non_empty_cells": 11531,
      "number_empty_cells": 1692,
      "number_distinct_values": 108,
      "frequent_values": [
        "Not Applicable: Standalone Property",
        "",
        "New York University: Washington Square",
        "Columbia University (morningside)",
        "Columbia University Medical Center"
      ],
      "data_types": [
        {
          "type": "TEXT",
          "count": 11531,
          "shortest_values": "MHIR1",
          "longest_values": "UNITY PLAZA (ALL SITES)/LONG ISLAND BAPTIST HOUSES CAMPUS",
          "average_length": 34.90035556326424
        }
      ]
    },
    {
      "column_name": "Occupancy",
      "number_non_empty_cells": 11531,
      "number_empty_cells": 1692,
      "number_distinct_values": 20,
      "frequent_values": [
        "100",
        "",
        "95",
        "90",
        "80"
      ],
      "data_types": [
        {
          "type": "INTEGER (LONG)",
          "count": 11531,
          "max_value": 100,
          "min_value": 0,
          "mean": 98.98751192437777
        }
      ]
    },
    {
      "column_name": "Weather Normalized Site EUI (kBtu/ft\u00b2)",
      "number_non_empty_cells": 9848,
      "number_empty_cells": 3375,
      "number_distinct_values": 1882,
      "frequent_values": [
        "",
        "78.5",
        "77.5",
        "90.9",
        "86.2"
      ],
      "data_types": [
        {
          "type": "INTEGER (LONG)",
          "count": 977,
          "max_value": 105668,
          "min_value": 0,
          "mean": 644.6479017400204
        },
        {
          "type": "REAL",
          "count": 8871,
          "max_value": 798135.7,
          "min_value": 0.1,
          "mean": 514.7154210348341
        }
      ]
    },
    {
      "column_name": "District Chilled Water Use (kBtu)",
      "number_non_empty_cells": 11978,
      "number_empty_cells": 1245,
      "number_distinct_values": 13,
      "frequent_values": [
        "Not Available",
        "",
        "See Primary BBL",
        "7.43141392E7",
        "7092756.2"
      ],
      "data_types": [
        {
          "type": "TEXT",
          "count": 11968,
          "shortest_values": "Not Available",
          "longest_values": "See Primary BBL",
          "average_length": 13.074699197860962
        },
        {
          "type": "INTEGER (LONG)",
          "count": 3,
          "max_value": 738000,
          "min_value": -202877735,
          "mean": -67379911.66666667
        },
        {
          "type": "REAL",
          "count": 7,
          "max_value": 74314139.2,
          "min_value": 2216028.6,
          "mean": 19554714.314285718
        }
      ]
    },
    {
      "column_name": "Weather Normalized Site Electricity (kWh)",
      "number_non_empty_cells": 11097,
      "number_empty_cells": 2126,
      "number_distinct_values": 11043,
      "frequent_values": [
        "",
        "0",
        "744387.7",
        "589274.1",
        "599999.9"
      ],
      "data_types": [
        {
          "type": "INTEGER (LONG)",
          "count": 1538,
          "max_value": 38387774,
          "min_value": 0,
          "mean": 1093187.4544863459
        },
        {
          "type": "REAL",
          "count": 9559,
          "max_value": 3046183035.5,
          "min_value": 1991.3,
          "mean": 2587651.4995188005
        }
      ]
    },
    {
      "column_name": "Automatic Water Benchmarking Eligible",
      "number_non_empty_cells": 7265,
      "number_empty_cells": 5958,
      "number_distinct_values": 3,
      "frequent_values": [
        "Eligible",
        "",
        "Not Eligible"
      ],
      "data_types": [
        {
          "type": "TEXT",
          "count": 7265,
          "shortest_values": "Eligible",
          "longest_values": "Not Eligible",
          "average_length": 8.521954576737784
        }
      ]
    },
    {
      "column_name": "Co-reported BBL Status",
      "number_non_empty_cells": 615,
      "number_empty_cells": 12608,
      "number_distinct_values": 4,
      "frequent_values": [
        "",
        "Secondary ",
        "Primary",
        "Secondary"
      ],
      "data_types": [
        {
          "type": "TEXT",
          "count": 615,
          "shortest_values": "Primary",
          "longest_values": "Secondary ",
          "average_length": 9.120325203252033
        }
      ]
    },
    {
      "column_name": "Street Number",
      "number_non_empty_cells": 10380,
      "number_empty_cells": 2843,
      "number_distinct_values": 2634,
      "frequent_values": [
        "",
        "1",
        "100",
        "200",
        "2"
      ],
      "data_types": [
        {
          "type": "INTEGER (LONG)",
          "count": 10380,
          "max_value": 76179,
          "min_value": 0,
          "mean": 996.288246628131
        }
      ]
    },
    {
      "column_name": "Source EUI (kBtu/ft\u00b2)",
      "number_non_empty_cells": 11439,
      "number_empty_cells": 1784,
      "number_distinct_values": 2893,
      "frequent_values": [
        "",
        "128.4",
        "118.5",
        "118.7",
        "123.3"
      ],
      "data_types": [
        {
          "type": "REAL",
          "count": 10332,
          "max_value": 841652.4,
          "min_value": 0.1,
          "mean": 751.883807588076
        },
        {
          "type": "INTEGER (LONG)",
          "count": 1107,
          "max_value": 158829,
          "min_value": 0,
          "mean": 558.3577235772358
        }
      ]
    },
    {
      "column_name": "DEP Provided Water Use (kgal)",
      "number_non_empty_cells": 5247,
      "number_empty_cells": 7976,
      "number_distinct_values": 5010,
      "frequent_values": [
        "",
        "3097.7",
        "4082.9",
        "2690",
        "1851.4"
      ],
      "data_types": [
        {
          "type": "REAL",
          "count": 4690,
          "max_value": 129781.6,
          "min_value": 2.2,
          "mean": 6493.021407249473
        },
        {
          "type": "INTEGER (LONG)",
          "count": 557,
          "max_value": 72873,
          "min_value": 1,
          "mean": 6357.145421903052
        }
      ]
    },
    {
      "column_name": "Longitude",
      "number_non_empty_cells": 10336,
      "number_empty_cells": 2887,
      "number_distinct_values": 9883,
      "frequent_values": [
        "",
        "-73.96194",
        "-74.005955",
        "-73.986599",
        "-73.905268"
      ],
      "data_types": [
        {
          "type": "REAL",
          "count": 10336,
          "max_value": -73.715543,
          "min_value": -74.243582,
          "mean": -73.95739815334704
        }
      ]
    },
    {
      "column_name": "Parent Property Id",
      "number_non_empty_cells": 11531,
      "number_empty_cells": 1692,
      "number_distinct_values": 108,
      "frequent_values": [
        "Not Applicable: Standalone Property",
        "",
        "3616399",
        "3612678",
        "3614737"
      ],
      "data_types": [
        {
          "type": "TEXT",
          "count": 11330,
          "shortest_values": "Not Applicable: Standalone Property",
          "longest_values": "Not Applicable: Standalone Property",
          "average_length": 35.0
        },
        {
          "type": "INTEGER (LONG)",
          "count": 201,
          "max_value": 5049377,
          "min_value": 28400,
          "mean": 3879923.2935323385
        }
      ]
    },
    {
      "column_name": "Street Name",
      "number_non_empty_cells": 13223,
      "number_empty_cells": 0,
      "number_distinct_values": 2274,
      "frequent_values": [
        "Not Available",
        "BROADWAY            ",
        "   5 AVENUE         ",
        "PARK AVENUE         ",
        "   3 AVENUE         "
      ],
      "data_types": [
        {
          "type": "TEXT",
          "count": 13223,
          "shortest_values": "3 AVENUE",
          "longest_values": "HUTCHINSON RIVER PKWY SR",
          "average_length": 19.60863646676246
        }
      ]
    },
    {
      "column_name": "Largest Property Use Type",
      "number_non_empty_cells": 11978,
      "number_empty_cells": 1245,
      "number_distinct_values": 53,
      "frequent_values": [
        "Multifamily Housing",
        "Office",
        "",
        "See Primary BBL",
        "Hotel"
      ],
      "data_types": [
        {
          "type": "TEXT",
          "count": 11978,
          "shortest_values": "Hotel",
          "longest_values": "Personal Services (Health/Beauty, Dry Cleaning, etc.)",
          "average_length": 17.19811320754717
        }
      ]
    },
    {
      "column_name": "Fuel Oil #4 Use (kBtu)",
      "number_non_empty_cells": 11978,
      "number_empty_cells": 1245,
      "number_distinct_values": 1320,
      "frequent_values": [
        "Not Available",
        "",
        "See Primary BBL",
        "0",
        "3081476"
      ],
      "data_types": [
        {
          "type": "REAL",
          "count": 1092,
          "max_value": 54247045.2,
          "min_value": 546925.7,
          "mean": 6582237.049358972
        },
        {
          "type": "INTEGER (LONG)",
          "count": 331,
          "max_value": 36562530,
          "min_value": 0,
          "mean": 3946132.006042296
        },
        {
          "type": "TEXT",
          "count": 10555,
          "shortest_values": "Not Available",
          "longest_values": "See Primary BBL",
          "average_length": 13.084699194694458
        }
      ]
    },
    {
      "column_name": "Property GFA - Self-reported (ft\u00b2)",
      "number_non_empty_cells": 11531,
      "number_empty_cells": 1692,
      "number_distinct_values": 9334,
      "frequent_values": [
        "",
        "60000",
        "70000",
        "75000",
        "63000"
      ],
      "data_types": [
        {
          "type": "INTEGER (LONG)",
          "count": 11531,
          "max_value": 6940450,
          "min_value": 0,
          "mean": 170943.875726303
        }
      ]
    },
    {
      "column_name": "Reported NYC Building Identification Numbers (BINs)",
      "number_non_empty_cells": 11978,
      "number_empty_cells": 1245,
      "number_distinct_values": 11386,
      "frequent_values": [
        "",
        "See Primary BBL",
        "Not Available",
        "1087549",
        "1032045"
      ],
      "data_types": [
        {
          "type": "INTEGER (LONG)",
          "count": 10167,
          "max_value": 44373694053098,
          "min_value": 101170,
          "mean": 4366652845.891512
        },
        {
          "type": "TEXT",
          "count": 1811,
          "shortest_values": "4098466:",
          "longest_values": "1077504;1077538;1077539;1077540;1077541;1077543;1077544;1077545;1077546;1077547;1077548;1077549;1077550;1077507;1077551;1077552;1077553;1077554;1077555;1077896;1078045;1078046;1078047;1078048;1078049;1078050;1078051;1078052;1078053;1078054;1078055;1078056",
          "average_length": 37.23302043070127
        }
      ]
    },
    {
      "column_name": "List of All Property Use Types at Property",
      "number_non_empty_cells": 11978,
      "number_empty_cells": 1245,
      "number_distinct_values": 792,
      "frequent_values": [
        "Multifamily Housing",
        "",
        "Office",
        "See Primary BBL",
        "Multifamily Housing, Parking"
      ],
      "data_types": [
        {
          "type": "TEXT",
          "count": 11978,
          "shortest_values": "Hotel",
          "longest_values": "Financial Office, Medical Office, Multifamily Housing, Non-Refrigerated Warehouse, Office, Other, Other - Entertainment/Public Assembly, Other - Public Services, Other - Recreation, Other - Services, Parking, Restaurant, Retail Store, Social/Meeting Hall,",
          "average_length": 24.155869093337785
        }
      ]
    },
    {
      "column_name": "Metered Areas  (Water)",
      "number_non_empty_cells": 11978,
      "number_empty_cells": 1245,
      "number_distinct_values": 8,
      "frequent_values": [
        "Whole Building",
        "Not Available",
        "",
        "See Primary BBL",
        "Combination of common and tenant areas"
      ],
      "data_types": [
        {
          "type": "TEXT",
          "count": 11978,
          "shortest_values": "Not Available",
          "longest_values": "Combination of common and tenant areas",
          "average_length": 13.682668225079311
        }
      ]
    },
    {
      "column_name": "Weather Normalized Site Electricity Intensity (kWh/ft\u00b2)",
      "number_non_empty_cells": 11095,
      "number_empty_cells": 2128,
      "number_distinct_values": 433,
      "frequent_values": [
        "",
        "3.9",
        "4",
        "4.1",
        "4.4"
      ],
      "data_types": [
        {
          "type": "REAL",
          "count": 10003,
          "max_value": 24369.5,
          "min_value": 0.1,
          "mean": 19.875337398780356
        },
        {
          "type": "INTEGER (LONG)",
          "count": 1092,
          "max_value": 4922,
          "min_value": 0,
          "mean": 13.156593406593407
        }
      ]
    },
    {
      "column_name": "Natural Gas Use (kBtu)",
      "number_non_empty_cells": 10087,
      "number_empty_cells": 3136,
      "number_distinct_values": 9952,
      "frequent_values": [
        "",
        "0",
        "100",
        "5358345.8",
        "2000"
      ],
      "data_types": [
        {
          "type": "INTEGER (LONG)",
          "count": 2442,
          "max_value": 45603646740,
          "min_value": 0,
          "mean": 24393038.183456182
        },
        {
          "type": "REAL",
          "count": 7645,
          "max_value": 110167645738.7,
          "min_value": 83.9,
          "mean": 25463847.08780905
        }
      ]
    },
    {
      "column_name": "Water Use (All Water Sources) (kgal)",
      "number_non_empty_cells": 7265,
      "number_empty_cells": 5958,
      "number_distinct_values": 6811,
      "frequent_values": [
        "",
        "0",
        "3227.8",
        "2529.2",
        "1912"
      ],
      "data_types": [
        {
          "type": "INTEGER (LONG)",
          "count": 907,
          "max_value": 5971699,
          "min_value": 0,
          "mean": 17423.463065049615
        },
        {
          "type": "REAL",
          "count": 6358,
          "max_value": 43857395.7,
          "min_value": 0.1,
          "mean": 26992.104435357072
        }
      ]
    },
    {
      "column_name": "Census Tract",
      "number_non_empty_cells": 10336,
      "number_empty_cells": 2887,
      "number_distinct_values": 827,
      "frequent_values": [
        "",
        "21",
        "137",
        "84",
        "109"
      ],
      "data_types": [
        {
          "type": "INTEGER (LONG)",
          "count": 10336,
          "max_value": 155101,
          "min_value": 1,
          "mean": 4812.17879256966
        }
      ]
    },
    {
      "column_name": "Metered Areas (Energy)",
      "number_non_empty_cells": 11978,
      "number_empty_cells": 1245,
      "number_distinct_values": 11,
      "frequent_values": [
        "Whole Building",
        "",
        "See Primary BBL",
        "Common areas only",
        "Not Available"
      ],
      "data_types": [
        {
          "type": "TEXT",
          "count": 11978,
          "shortest_values": "Not Available",
          "longest_values": "Tenant Plug Load/Electricity, Tenant Heating, Common Area Heating, Common Area Hot Water, Common Area Plug Load/Electricity, Tenant Hot Water",
          "average_length": 14.09208549006512
        }
      ]
    },
    {
      "column_name": "DOF Property Floor Area (ft\u00b2)",
      "number_non_empty_cells": 12627,
      "number_empty_cells": 596,
      "number_distinct_values": 10104,
      "frequent_values": [
        "",
        "60000",
        "54000",
        "50400",
        "72000"
      ],
      "data_types": [
        {
          "type": "INTEGER (LONG)",
          "count": 12627,
          "max_value": 13435076,
          "min_value": 50008,
          "mean": 163677.2953987487
        }
      ]
    },
    {
      "column_name": "NTA",
      "number_non_empty_cells": 10336,
      "number_empty_cells": 2887,
      "number_distinct_values": 144,
      "frequent_values": [
        "",
        "Midtown-Midtown South                                                      ",
        "Upper East Side-Carnegie Hill                                              ",
        "Hudson Yards-Chelsea-Flatiron-Union Square                                 ",
        "Upper West Side                                                            "
      ],
      "data_types": [
        {
          "type": "TEXT",
          "count": 10336,
          "shortest_values": "Lower East Side                                                            ",
          "longest_values": "Lower East Side                                                            ",
          "average_length": 75.0
        }
      ]
    },
    {
      "column_name": "Postcode",
      "number_non_empty_cells": 12627,
      "number_empty_cells": 596,
      "number_distinct_values": 193,
      "frequent_values": [
        "",
        "10022",
        "10025",
        "10016",
        "10001"
      ],
      "data_types": [
        {
          "type": "INTEGER (LONG)",
          "count": 12627,
          "max_value": 11694,
          "min_value": 0,
          "mean": 10569.869010849767
        }
      ]
    },
    {
      "column_name": "ENERGY STAR Score",
      "number_non_empty_cells": 9535,
      "number_empty_cells": 3688,
      "number_distinct_values": 101,
      "frequent_values": [
        "",
        "100",
        "1",
        "79",
        "84"
      ],
      "data_types": [
        {
          "type": "INTEGER (LONG)",
          "count": 9535,
          "max_value": 100,
          "min_value": 1,
          "mean": 57.73571054011536
        }
      ]
    },
    {
      "column_name": "Weather Normalized Site Natural Gas Use (therms)",
      "number_non_empty_cells": 9465,
      "number_empty_cells": 3758,
      "number_distinct_values": 9323,
      "frequent_values": [
        "",
        "0",
        "54347.5",
        "1",
        "25.1"
      ],
      "data_types": [
        {
          "type": "INTEGER (LONG)",
          "count": 1651,
          "max_value": 125059704,
          "min_value": 0,
          "mean": 141561.52755905513
        },
        {
          "type": "REAL",
          "count": 7814,
          "max_value": 1101676457.4,
          "min_value": 0.8,
          "mean": 285176.81318146974
        }
      ]
    },
    {
      "column_name": "3rd Largest Property Use Type - Gross Floor Area (ft\u00b2)",
      "number_non_empty_cells": 11978,
      "number_empty_cells": 1245,
      "number_distinct_values": 978,
      "frequent_values": [
        "Not Available",
        "",
        "See Primary BBL",
        "0",
        "2000"
      ],
      "data_types": [
        {
          "type": "REAL",
          "count": 6,
          "max_value": 29625.6,
          "min_value": 3293.4,
          "mean": 13184.383333333333
        },
        {
          "type": "TEXT",
          "count": 10478,
          "shortest_values": "Not Available",
          "longest_values": "See Primary BBL",
          "average_length": 13.085321626264554
        },
        {
          "type": "INTEGER (LONG)",
          "count": 1494,
          "max_value": 591640,
          "min_value": 0,
          "mean": 11631.550200803213
        }
      ]
    },
    {
      "column_name": "Weather Normalized Source EUI (kBtu/ft\u00b2)",
      "number_non_empty_cells": 9848,
      "number_empty_cells": 3375,
      "number_distinct_values": 2751,
      "frequent_values": [
        "",
        "128.5",
        "116.5",
        "118.6",
        "118"
      ],
      "data_types": [
        {
          "type": "REAL",
          "count": 8884,
          "max_value": 838112.3,
          "min_value": 0.1,
          "mean": 733.5121454299849
        },
        {
          "type": "INTEGER (LONG)",
          "count": 964,
          "max_value": 158829,
          "min_value": 0,
          "mean": 751.6369294605809
        }
      ]
    },
    {
      "column_name": "Electricity Use - Grid Purchase (kBtu)",
      "number_non_empty_cells": 11425,
      "number_empty_cells": 1798,
      "number_distinct_values": 11353,
      "frequent_values": [
        "",
        "0",
        "2082713.2",
        "276034.2",
        "2590771"
      ],
      "data_types": [
        {
          "type": "INTEGER (LONG)",
          "count": 1230,
          "max_value": 10476204690,
          "min_value": 0,
          "mean": 19951410.394308943
        },
        {
          "type": "REAL",
          "count": 10195,
          "max_value": 4751239149.4,
          "min_value": 549.3,
          "mean": 6783899.413536008
        }
      ]
    },
    {
      "column_name": "Indirect GHG Emissions (Metric Tons CO2e)",
      "number_non_empty_cells": 11495,
      "number_empty_cells": 1728,
      "number_distinct_values": 5646,
      "frequent_values": [
        "",
        "0",
        "81.4",
        "68.7",
        "86.6"
      ],
      "data_types": [
        {
          "type": "REAL",
          "count": 10298,
          "max_value": 901441.6,
          "min_value": -23358.6,
          "mean": 2252.356525538936
        },
        {
          "type": "INTEGER (LONG)",
          "count": 1197,
          "max_value": 15014550,
          "min_value": 0,
          "mean": 34450.14786967418
        }
      ]
    },
    {
      "column_name": "Number of Buildings - Self-reported",
      "number_non_empty_cells": 11526,
      "number_empty_cells": 1697,
      "number_distinct_values": 56,
      "frequent_values": [
        "1",
        "",
        "2",
        "3",
        "4"
      ],
      "data_types": [
        {
          "type": "INTEGER (LONG)",
          "count": 11526,
          "max_value": 161,
          "min_value": 0,
          "mean": 1.3878188443519
        }
      ]
    },
    {
      "column_name": "Fuel Oil #2 Use (kBtu)",
      "number_non_empty_cells": 11978,
      "number_empty_cells": 1245,
      "number_distinct_values": 2292,
      "frequent_values": [
        "Not Available",
        "",
        "See Primary BBL",
        "0",
        "276000"
      ],
      "data_types": [
        {
          "type": "REAL",
          "count": 1892,
          "max_value": 452847137.9,
          "min_value": 6927.6,
          "mean": 5680758.961205052
        },
        {
          "type": "TEXT",
          "count": 9292,
          "shortest_values": "Not Available",
          "longest_values": "See Primary BBL",
          "average_length": 13.096211795092552
        },
        {
          "type": "INTEGER (LONG)",
          "count": 794,
          "max_value": 372484308,
          "min_value": 0,
          "mean": 2308141.1007556673
        }
      ]
    },
    {
      "column_name": "Fuel Oil #5 & 6 Use (kBtu)",
      "number_non_empty_cells": 11978,
      "number_empty_cells": 1245,
      "number_distinct_values": 465,
      "frequent_values": [
        "Not Available",
        "",
        "See Primary BBL",
        "0",
        "749998.4"
      ],
      "data_types": [
        {
          "type": "REAL",
          "count": 397,
          "max_value": 83696306.5,
          "min_value": 180001.5,
          "mean": 6793086.533501261
        },
        {
          "type": "TEXT",
          "count": 11179,
          "shortest_values": "Not Available",
          "longest_values": "See Primary BBL",
          "average_length": 13.079971374899365
        },
        {
          "type": "INTEGER (LONG)",
          "count": 402,
          "max_value": 38761350,
          "min_value": 0,
          "mean": 1047932.211442786
        }
      ]
    },
    {
      "column_name": "Direct GHG Emissions (Metric Tons CO2e)",
      "number_non_empty_cells": 11471,
      "number_empty_cells": 1752,
      "number_distinct_values": 6262,
      "frequent_values": [
        "",
        "0",
        "0.1",
        "322.8",
        "2"
      ],
      "data_types": [
        {
          "type": "REAL",
          "count": 9620,
          "max_value": 664252.1,
          "min_value": 0.1,
          "mean": 683.9923596673592
        },
        {
          "type": "INTEGER (LONG)",
          "count": 1851,
          "max_value": 5852949,
          "min_value": 0,
          "mean": 4752.569962182604
        }
      ]
    },
    {
      "column_name": "Primary Property Type - Self Selected",
      "number_non_empty_cells": 11978,
      "number_empty_cells": 1245,
      "number_distinct_values": 54,
      "frequent_values": [
        "Multifamily Housing",
        "",
        "Office",
        "See Primary BBL",
        "Hotel"
      ],
      "data_types": [
        {
          "type": "TEXT",
          "count": 11978,
          "shortest_values": "Hotel",
          "longest_values": "Personal Services (Health/Beauty, Dry Cleaning, etc.)",
          "average_length": 17.23701786608783
        }
      ]
    },
    {
      "column_name": "Diesel #2 Use (kBtu)",
      "number_non_empty_cells": 11978,
      "number_empty_cells": 1245,
      "number_distinct_values": 18,
      "frequent_values": [
        "Not Available",
        "",
        "See Primary BBL",
        "0",
        "7114604.5"
      ],
      "data_types": [
        {
          "type": "INTEGER (LONG)",
          "count": 12,
          "max_value": 5016576,
          "min_value": 0,
          "mean": 452036.25
        },
        {
          "type": "REAL",
          "count": 9,
          "max_value": 7114604.5,
          "min_value": 68917.2,
          "mean": 1192331.4777777777
        },
        {
          "type": "TEXT",
          "count": 11957,
          "shortest_values": "Not Available",
          "longest_values": "See Primary BBL",
          "average_length": 13.074767918374175
        }
      ]
    },
    {
      "column_name": "Property Name",
      "number_non_empty_cells": 11531,
      "number_empty_cells": 1692,
      "number_distinct_values": 11523,
      "frequent_values": [
        "",
        "Club Quarters",
        "Clinton West Condominium",
        "The Ashley",
        "Hamilton Heights"
      ],
      "data_types": [
        {
          "type": "REAL",
          "count": 3,
          "max_value": 3.45e+66,
          "min_value": 3.83e+19,
          "mean": 1.1499999999999998e+66
        },
        {
          "type": "TEXT",
          "count": 11491,
          "shortest_values": "KJ",
          "longest_values": "Parish - New York Province of the Society of Jesus - 39 and 53 East 83rd Street",
          "average_length": 22.731441998085458
        },
        {
          "type": "DATE/TIME",
          "count": 5,
          "max_value": "23-06 21st St",
          "min_value": "275 7th"
        },
        {
          "type": "INTEGER (LONG)",
          "count": 32,
          "max_value": 18501860,
          "min_value": 114,
          "mean": 580173.90625
        }
      ]
    },
    {
      "column_name": "3rd Largest Property Use Type",
      "number_non_empty_cells": 11978,
      "number_empty_cells": 1245,
      "number_distinct_values": 47,
      "frequent_values": [
        "Not Available",
        "",
        "See Primary BBL",
        "Retail Store",
        "Other"
      ],
      "data_types": [
        {
          "type": "TEXT",
          "count": 11978,
          "shortest_values": "Other",
          "longest_values": "Personal Services (Health/Beauty, Dry Cleaning, etc.)",
          "average_length": 12.917098013023876
        }
      ]
    },
    {
      "column_name": "Record Number",
      "number_non_empty_cells": 11531,
      "number_empty_cells": 1692,
      "number_distinct_values": 11532,
      "frequent_values": [
        "",
        "4113711",
        "4630135",
        "4626594",
        "4626608"
      ],
      "data_types": [
        {
          "type": "INTEGER (LONG)",
          "count": 11531,
          "max_value": 5053345,
          "min_value": 7365,
          "mean": 3440970.1724915444
        }
      ]
    },
    {
      "column_name": "NYC Borough, Block and Lot (BBL)",
      "number_non_empty_cells": 13222,
      "number_empty_cells": 1,
      "number_distinct_values": 13223,
      "frequent_values": [
        "1003360005",
        "1010617501",
        "1014270028",
        "1015180024",
        "1003920010"
      ],
      "data_types": [
        {
          "type": "INTEGER (LONG)",
          "count": 13222,
          "max_value": 5080080134,
          "min_value": 1000047501,
          "mean": 2198121493.996748
        }
      ]
    },
    {
      "column_name": "DOF Benchmarking Submission Status",
      "number_non_empty_cells": 13223,
      "number_empty_cells": 0,
      "number_distinct_values": 3,
      "frequent_values": [
        "In Compliance",
        "In Violation",
        "Not on CBL"
      ],
      "data_types": [
        {
          "type": "TEXT",
          "count": 13223,
          "shortest_values": "Not on CBL",
          "longest_values": "In Compliance",
          "average_length": 12.85684035392876
        }
      ]
    },
    {
      "column_name": "Weather Normalized Site Natural Gas Intensity (therms/ft\u00b2)",
      "number_non_empty_cells": 9463,
      "number_empty_cells": 3760,
      "number_distinct_values": 59,
      "frequent_values": [
        "",
        "0",
        "0.6",
        "0.7",
        "0.5"
      ],
      "data_types": [
        {
          "type": "REAL",
          "count": 7291,
          "max_value": 1449.6,
          "min_value": 0.1,
          "mean": 1.1014127005897802
        },
        {
          "type": "INTEGER (LONG)",
          "count": 2172,
          "max_value": 7981,
          "min_value": 0,
          "mean": 4.359116022099448
        }
      ]
    },
    {
      "column_name": "Municipally Supplied Potable Water - Indoor Intensity (gal/ft\u00b2)",
      "number_non_empty_cells": 6391,
      "number_empty_cells": 6832,
      "number_distinct_values": 4789,
      "frequent_values": [
        "",
        "0",
        "37.45",
        "37.73",
        "43.35"
      ],
      "data_types": [
        {
          "type": "INTEGER (LONG)",
          "count": 137,
          "max_value": 175,
          "min_value": 0,
          "mean": 26.525547445255473
        },
        {
          "type": "REAL",
          "count": 6254,
          "max_value": 73011.09,
          "min_value": 0.01,
          "mean": 128.48915414134981
        }
      ]
    },
    {
      "column_name": "Reported Water Method",
      "number_non_empty_cells": 5247,
      "number_empty_cells": 7976,
      "number_distinct_values": 3,
      "frequent_values": [
        "",
        "ABS",
        "Manual"
      ],
      "data_types": [
        {
          "type": "TEXT",
          "count": 5247,
          "shortest_values": "ABS",
          "longest_values": "Manual",
          "average_length": 3.109205260148656
        }
      ]
    },
    {
      "column_name": "BBLs Co-reported",
      "number_non_empty_cells": 615,
      "number_empty_cells": 12608,
      "number_distinct_values": 170,
      "frequent_values": [
        "",
        "3017940054;3017940119;3017940121;3017940139;3018020044;3018020051;3018030011;3018030027;3018030042;3018080161;3018080174;3017940011;3017940112;3017940113;3017940114;3017940115;3017940116;3017940117;3017940118;3017940120;3018020043;3018030112;3018030113;30",
        "1020070043;1020070045;1020090044;1020090063;1020090064;1020110001;1020110011;1020110013;1020110014;1020110015;1020110022;1020110031;1020110033;1020110061;1020110063;1020120001;1020120003;1020120006;1020120008;1020120011;1020120014;1020120015;1020120018;10",
        "3030800010;3030800020;3030800040;3030800050;3030800070;3030890134;3030960001;3030960030;3031050001;3031050109;3030960014",
        "3043550001;3043760001;3043770001;3043710001;3043750001;3043930001;3043970001;3043750050;3043760050"
      ],
      "data_types": [
        {
          "type": "TEXT",
          "count": 615,
          "shortest_values": "4067920001;4067920030",
          "longest_values": "1020070043;1020070045;1020090044;1020090063;1020090064;1020110001;1020110011;1020110013;1020110014;1020110015;1020110022;1020110031;1020110033;1020110061;1020110063;1020120001;1020120003;1020120006;1020120008;1020120011;1020120014;1020120015;1020120018;10",
          "average_length": 74.55772357723578
        }
      ]
    },
    {
      "column_name": "2nd Largest Property Use - Gross Floor Area (ft\u00b2)",
      "number_non_empty_cells": 11978,
      "number_empty_cells": 1245,
      "number_distinct_values": 2232,
      "frequent_values": [
        "Not Available",
        "",
        "See Primary BBL",
        "0",
        "5000"
      ],
      "data_types": [
        {
          "type": "REAL",
          "count": 14,
          "max_value": 523386.1,
          "min_value": 3953.7,
          "mean": 138472.65714285715
        },
        {
          "type": "TEXT",
          "count": 8228,
          "shortest_values": "Not Available",
          "longest_values": "See Primary BBL",
          "average_length": 13.108653378706855
        },
        {
          "type": "INTEGER (LONG)",
          "count": 3736,
          "max_value": 962428,
          "min_value": 0,
          "mean": 21934.536402569593
        }
      ]
    },
    {
      "column_name": "Year Built",
      "number_non_empty_cells": 11531,
      "number_empty_cells": 1692,
      "number_distinct_values": 155,
      "frequent_values": [
        "",
        "1928",
        "1927",
        "1929",
        "1930"
      ],
      "data_types": [
        {
          "type": "INTEGER (LONG)",
          "count": 11531,
          "max_value": 2019,
          "min_value": 1600,
          "mean": 1949.1428323649293
        }
      ]
    },
    {
      "column_name": "Fuel Oil #1 Use (kBtu)",
      "number_non_empty_cells": 11978,
      "number_empty_cells": 1245,
      "number_distinct_values": 9,
      "frequent_values": [
        "Not Available",
        "",
        "See Primary BBL",
        "9058768.5",
        "3446088"
      ],
      "data_types": [
        {
          "type": "INTEGER (LONG)",
          "count": 1,
          "max_value": 3446088,
          "min_value": 3446088,
          "mean": 3446088.0
        },
        {
          "type": "REAL",
          "count": 5,
          "max_value": 9058768.5,
          "min_value": 1154561.8,
          "mean": 5835396.88
        },
        {
          "type": "TEXT",
          "count": 11972,
          "shortest_values": "Not Available",
          "longest_values": "See Primary BBL",
          "average_length": 13.074674239893083
        }
      ]
    },
    {
      "column_name": "Community Board",
      "number_non_empty_cells": 10336,
      "number_empty_cells": 2887,
      "number_distinct_values": 20,
      "frequent_values": [
        "",
        "5",
        "8",
        "7",
        "4"
      ],
      "data_types": [
        {
          "type": "INTEGER (LONG)",
          "count": 10336,
          "max_value": 56,
          "min_value": 1,
          "mean": 7.0472136222910216
        }
      ]
    }
  ]
}