{
  "dataset_name": "i4ni-6qin.tsv.gz",
  "key_column_candidates": [
    "FISCAL_YEAR",
    "ATS SYSTEM CODE",
    "LOCATION_CODE",
    "LOCATION_NAME",
    "BEDS NUMBER",
    "MANAGED_BY_NAME",
    "LOCATION_TYPE_DESCRIPTION",
    "LOCATION_CATEGORY_DESCRIPTION",
    "GRADES_TEXT",
    "GRADES_FINAL_TEXT",
    "OPEN_DATE",
    "STATUS_DESCRIPTIONS",
    "PRIMARY_BUILDING_CODE",
    "PRIMARY_ADDRESS_LINE_1",
    "STATE_CODE",
    "X_COORDINATE",
    "Y_COORDINATE",
    "COMMUNITY_DISTRICT",
    "COUNCIL_DISTRICT",
    "CENSUS_TRACT",
    "BOROUGH_BLOCK_LOT",
    "NTA",
    "NTA_NAME",
    "PRINCIPAL_NAME",
    "PRINCIPAL_TITLE",
    "PRINCIPAL_PHONE_NUMBER",
    "FAX_NUMBER",
    "GEOGRAPHICAL_DISTRICT_CODE",
    "ADMIN_DISTRICT_LOCATION_CODE",
    "ADMINISTRATIVE_DISTRICT_NAME",
    "COMMUNITY_SCHOOL_SUP_NAME",
    "FIELD_SUPPORT_CENTER_NAME",
    "FIELD_SUPPORT_CENTER_LEADER_NAME",
    "SCHOOL_SUPPORT_TEAM_NAME",
    "SCHOOL_SUPPORT_TEAM_LEADER_NAME",
    "HIGHSCHOOL_NETWORK_LOCATION_CODE",
    "HIGHSCHOOL_NETWORK_NAME",
    "HIGHSCHOOL_NETWORK_SUPERINTENDENT",
    "Location 1"
  ],
  "columns": [
    {
      "column_name": "STATUS_DESCRIPTIONS",
      "number_non_empty_cells": 1836,
      "number_empty_cells": 0,
      "number_distinct_values": 1,
      "frequent_values": [
        "Open"
      ],
      "data_types": [
        {
          "type": "TEXT",
          "count": 1836,
          "shortest_values": "Open",
          "longest_values": "Open",
          "average_length": 4.0
        }
      ]
    },
    {
      "column_name": "PRIMARY_ADDRESS_LINE_1",
      "number_non_empty_cells": 1836,
      "number_empty_cells": 0,
      "number_distinct_values": 1279,
      "frequent_values": [
        "1980 LAFAYETTE AVENUE",
        "240 EAST 172 STREET",
        "99 TERRACE VIEW AVENUE",
        "351 WEST  18 STREET",
        "40 IRVING PLACE"
      ],
      "data_types": [
        {
          "type": "TEXT",
          "count": 1836,
          "shortest_values": "26 BROADWAY",
          "longest_values": "1780 DR. MARTIN LUTHER KING JR. BLVD",
          "average_length": 18.443899782135077
        }
      ]
    },
    {
      "column_name": "X_COORDINATE",
      "number_non_empty_cells": 1836,
      "number_empty_cells": 0,
      "number_distinct_values": 1234,
      "frequent_values": [
        "1024125",
        "1008775",
        "1008396",
        "1030803",
        "983546"
      ],
      "data_types": [
        {
          "type": "INTEGER (LONG)",
          "count": 1835,
          "max_value": 1065003,
          "min_value": 916413,
          "mean": 1006545.1542234332
        },
        {
          "type": "TEXT",
          "count": 1,
          "shortest_values": "NULL",
          "longest_values": "NULL",
          "average_length": 4.0
        }
      ]
    },
    {
      "column_name": "Y_COORDINATE",
      "number_non_empty_cells": 1836,
      "number_empty_cells": 0,
      "number_distinct_values": 1239,
      "frequent_values": [
        "238502",
        "245072",
        "258943",
        "257757",
        "210120"
      ],
      "data_types": [
        {
          "type": "INTEGER (LONG)",
          "count": 1835,
          "max_value": 268380,
          "min_value": 124552,
          "mean": 207700.22942779292
        },
        {
          "type": "TEXT",
          "count": 1,
          "shortest_values": "NULL",
          "longest_values": "NULL",
          "average_length": 4.0
        }
      ]
    },
    {
      "column_name": "COMMUNITY_DISTRICT",
      "number_non_empty_cells": 1836,
      "number_empty_cells": 0,
      "number_distinct_values": 60,
      "frequent_values": [
        "303",
        "305",
        "201",
        "203",
        "111"
      ],
      "data_types": [
        {
          "type": "INTEGER (LONG)",
          "count": 1836,
          "max_value": 503,
          "min_value": 0,
          "mean": 271.9738562091503
        }
      ]
    },
    {
      "column_name": "GEOGRAPHICAL_DISTRICT_CODE",
      "number_non_empty_cells": 1836,
      "number_empty_cells": 0,
      "number_distinct_values": 33,
      "frequent_values": [
        "2",
        "10",
        "9",
        "31",
        "11"
      ],
      "data_types": [
        {
          "type": "INTEGER (LONG)",
          "count": 1836,
          "max_value": 32,
          "min_value": 0,
          "mean": 15.543572984749455
        }
      ]
    },
    {
      "column_name": "FIELD_SUPPORT_CENTER_LEADER_NAME",
      "number_non_empty_cells": 1836,
      "number_empty_cells": 0,
      "number_distinct_values": 10,
      "frequent_values": [
        "RUIZ, JOSE",
        "CHU, YUET",
        "FITZGERALD, BERNADETTE",
        "NULL",
        "WATSON-HARRIS, CHERYL"
      ],
      "data_types": [
        {
          "type": "TEXT",
          "count": 1836,
          "shortest_values": "NULL",
          "longest_values": "FITZGERALD, BERNADETTE",
          "average_length": 14.369825708061002
        }
      ]
    },
    {
      "column_name": "BOROUGH_BLOCK_LOT",
      "number_non_empty_cells": 1836,
      "number_empty_cells": 0,
      "number_distinct_values": 1202,
      "frequent_values": [
        "0",
        "2036040039",
        "2028170002",
        "1022150080",
        "2051410150"
      ],
      "data_types": [
        {
          "type": "INTEGER (LONG)",
          "count": 1836,
          "max_value": 5078980001,
          "min_value": 0,
          "mean": 2614936412.0506535
        }
      ]
    },
    {
      "column_name": "ADMIN_DISTRICT_LOCATION_CODE",
      "number_non_empty_cells": 1836,
      "number_empty_cells": 0,
      "number_distinct_values": 45,
      "frequent_values": [
        "NULL",
        "R831",
        "DA75",
        "X810",
        "X809"
      ],
      "data_types": [
        {
          "type": "TEXT",
          "count": 1836,
          "shortest_values": "M801",
          "longest_values": "M801",
          "average_length": 4.0
        }
      ]
    },
    {
      "column_name": "SCHOOL_SUPPORT_TEAM_NAME",
      "number_non_empty_cells": 1836,
      "number_empty_cells": 0,
      "number_distinct_values": 51,
      "frequent_values": [
        "NULL",
        "School Support Team 5- Manhattan",
        "School Support Team 6- Manhattan",
        "School Support Team 2- Queens South",
        "School Support Team 7- Manhattan"
      ],
      "data_types": [
        {
          "type": "TEXT",
          "count": 1836,
          "shortest_values": "NULL",
          "longest_values": "School Support Team 4- Affinity Group",
          "average_length": 30.25
        }
      ]
    },
    {
      "column_name": "CENSUS_TRACT",
      "number_non_empty_cells": 1836,
      "number_empty_cells": 0,
      "number_distinct_values": 704,
      "frequent_values": [
        "3900",
        "1600",
        "40900",
        "13500",
        "30900"
      ],
      "data_types": [
        {
          "type": "INTEGER (LONG)",
          "count": 1835,
          "max_value": 162100,
          "min_value": 100,
          "mean": 37141.99891008175
        },
        {
          "type": "TEXT",
          "count": 1,
          "shortest_values": "      ",
          "longest_values": "      ",
          "average_length": 6.0
        }
      ]
    },
    {
      "column_name": "FISCAL_YEAR",
      "number_non_empty_cells": 1836,
      "number_empty_cells": 0,
      "number_distinct_values": 1,
      "frequent_values": [
        "2016"
      ],
      "data_types": [
        {
          "type": "INTEGER (LONG)",
          "count": 1836,
          "max_value": 2016,
          "min_value": 2016,
          "mean": 2016.0
        }
      ]
    },
    {
      "column_name": "PRINCIPAL_TITLE",
      "number_non_empty_cells": 1836,
      "number_empty_cells": 0,
      "number_distinct_values": 5,
      "frequent_values": [
        "PRINCIPAL",
        "I.A. PRINCIPAL",
        "Acting Principal",
        "NULL",
        "Executive Director"
      ],
      "data_types": [
        {
          "type": "TEXT",
          "count": 1836,
          "shortest_values": "NULL",
          "longest_values": "Executive Director",
          "average_length": 9.553376906318082
        }
      ]
    },
    {
      "column_name": "STATE_CODE",
      "number_non_empty_cells": 1836,
      "number_empty_cells": 0,
      "number_distinct_values": 1,
      "frequent_values": [
        "NY"
      ],
      "data_types": [
        {
          "type": "TEXT",
          "count": 1836,
          "shortest_values": "NY",
          "longest_values": "NY",
          "average_length": 2.0
        }
      ]
    },
    {
      "column_name": "ADMINISTRATIVE_DISTRICT_NAME",
      "number_non_empty_cells": 1836,
      "number_empty_cells": 0,
      "number_distinct_values": 36,
      "frequent_values": [
        "NULL",
        "OFFICE OF CHARTER SCHOOLS",
        "COMMUNITY SCHOOL DISTRICT 31",
        "CITYWIDE SPECIAL EDUCATION",
        "COMMUNITY SCHOOL DISTRICT 10"
      ],
      "data_types": [
        {
          "type": "TEXT",
          "count": 1836,
          "shortest_values": "NULL",
          "longest_values": "ALTERNATIVE HIGH SCHOOL DISTRICT",
          "average_length": 21.71949891067538
        }
      ]
    },
    {
      "column_name": "PRIMARY_BUILDING_CODE",
      "number_non_empty_cells": 1836,
      "number_empty_cells": 0,
      "number_distinct_values": 1275,
      "frequent_values": [
        "X450",
        "X410",
        "X475",
        "M440",
        "M460"
      ],
      "data_types": [
        {
          "type": "DATE/TIME",
          "count": 63,
          "max_value": "M058",
          "min_value": "M001"
        },
        {
          "type": "TEXT",
          "count": 1773,
          "shortest_values": "M063",
          "longest_values": "M063",
          "average_length": 4.0
        }
      ]
    },
    {
      "column_name": "LOCATION_CATEGORY_DESCRIPTION",
      "number_non_empty_cells": 1836,
      "number_empty_cells": 0,
      "number_distinct_values": 8,
      "frequent_values": [
        "Elementary",
        "High school",
        "Junior High-Intermediate-Middle",
        "K-8",
        "Secondary School"
      ],
      "data_types": [
        {
          "type": "TEXT",
          "count": 1836,
          "shortest_values": "K-8",
          "longest_values": "Junior High-Intermediate-Middle",
          "average_length": 13.371459694989106
        }
      ]
    },
    {
      "column_name": "PRINCIPAL_NAME",
      "number_non_empty_cells": 1836,
      "number_empty_cells": 0,
      "number_distinct_values": 1825,
      "frequent_values": [
        "NULL",
        "MICHAEL WILTSHIRE",
        "JOSEPH MILLER",
        "IRENE SANCHEZ",
        "JACQUELINE FLANAGAN"
      ],
      "data_types": [
        {
          "type": "TEXT",
          "count": 1836,
          "shortest_values": "NULL",
          "longest_values": "Sara M. Asmussen, Ph.D., Executive Director",
          "average_length": 14.481481481481481
        }
      ]
    },
    {
      "column_name": "Location 1",
      "number_non_empty_cells": 1835,
      "number_empty_cells": 1,
      "number_distinct_values": 1279,
      "frequent_values": [
        "1980 LAFAYETTE AVENUEBRONX, NY 10473(40.821218, -73.85593)",
        "240 EAST 172 STREETBRONX, NY 10457(40.839307, -73.911366)",
        "99 TERRACE VIEW AVENUEBRONX, NY 10463(40.877379, -73.912686)",
        "351 WEST 18 STREETMANHATTAN, NY 10011(40.743407, -74.00254)",
        "40 IRVING PLACEMANHATTAN, NY 10003(40.735361, -73.987064)"
      ],
      "data_types": [
        {
          "type": "TEXT",
          "count": 1835,
          "shortest_values": "350 AVENUE XBROOKLYN, NY 11223(40.59, -73.969647)",
          "longest_values": "1780 DR. MARTIN LUTHER KING JR. BLVDBRONX, NY 10453(40.849416, -73.915217)",
          "average_length": 58.42179836512262
        }
      ]
    },
    {
      "column_name": "FIELD_SUPPORT_CENTER_NAME",
      "number_non_empty_cells": 1836,
      "number_empty_cells": 0,
      "number_distinct_values": 10,
      "frequent_values": [
        "Field Support Center - Bronx",
        "Field Support Center - Manhattan",
        "Field Support Center - Brooklyn North",
        "NULL",
        "Field Support Center - Brooklyn South"
      ],
      "data_types": [
        {
          "type": "TEXT",
          "count": 1836,
          "shortest_values": "NULL",
          "longest_values": "Field Support Center - Brooklyn North",
          "average_length": 28.137799564270153
        }
      ]
    },
    {
      "column_name": "MANAGED_BY_NAME",
      "number_non_empty_cells": 1836,
      "number_empty_cells": 0,
      "number_distinct_values": 2,
      "frequent_values": [
        "DOE",
        "Charter"
      ],
      "data_types": [
        {
          "type": "TEXT",
          "count": 1836,
          "shortest_values": "DOE",
          "longest_values": "Charter",
          "average_length": 3.446623093681917
        }
      ]
    },
    {
      "column_name": "GRADES_TEXT",
      "number_non_empty_cells": 1836,
      "number_empty_cells": 0,
      "number_distinct_values": 97,
      "frequent_values": [
        "PK,0K,01,02,03,04,05,SE",
        "09,10,11,12,SE",
        "06,07,08,SE",
        "0K,01,02,03,04,05,SE",
        "PK,0K,01,02,03,04,05,06,07,08,SE"
      ],
      "data_types": [
        {
          "type": "DATE/TIME",
          "count": 179,
          "max_value": "11,12",
          "min_value": "04,05,06,07,08"
        },
        {
          "type": "INTEGER (LONG)",
          "count": 3,
          "max_value": 12,
          "min_value": 5,
          "mean": 8.666666666666666
        },
        {
          "type": "TEXT",
          "count": 1654,
          "shortest_values": "06,SE",
          "longest_values": "PK,0K,01,02,03,04,05,06,07,08,09,10,11,12,SE",
          "average_length": 19.571946795646916
        }
      ]
    },
    {
      "column_name": "COMMUNITY_SCHOOL_SUP_NAME",
      "number_non_empty_cells": 1836,
      "number_empty_cells": 0,
      "number_distinct_values": 35,
      "frequent_values": [
        "NULL",
        "LODICO, ANTHONY",
        "LOUISSAINT, KETLER",
        "MASHEL, MELODIE",
        "RODRIGUEZ-ROSARIO, LETICIA"
      ],
      "data_types": [
        {
          "type": "TEXT",
          "count": 1836,
          "shortest_values": "NULL",
          "longest_values": "RODRIGUEZ-ROSARIO, LETICIA",
          "average_length": 11.657407407407407
        }
      ]
    },
    {
      "column_name": "NTA",
      "number_non_empty_cells": 1836,
      "number_empty_cells": 0,
      "number_distinct_values": 190,
      "frequent_values": [
        "BX39",
        "BK35",
        "BX14",
        "BK81",
        "BK82"
      ],
      "data_types": [
        {
          "type": "TEXT",
          "count": 1836,
          "shortest_values": "MN28",
          "longest_values": "MN28",
          "average_length": 4.0
        }
      ]
    },
    {
      "column_name": "PRINCIPAL_PHONE_NUMBER",
      "number_non_empty_cells": 1836,
      "number_empty_cells": 0,
      "number_distinct_values": 1811,
      "frequent_values": [
        "NULL",
        "718-381-7100",
        "212-927-1841",
        "718-410-8100",
        "718-828-0034"
      ],
      "data_types": [
        {
          "type": "TEXT",
          "count": 1836,
          "shortest_values": "NULL",
          "longest_values": "212-228-8730",
          "average_length": 11.956427015250545
        }
      ]
    },
    {
      "column_name": "HIGHSCHOOL_NETWORK_LOCATION_CODE",
      "number_non_empty_cells": 1836,
      "number_empty_cells": 0,
      "number_distinct_values": 12,
      "frequent_values": [
        "NULL",
        "HS05",
        "HS12",
        "HS06",
        "HS03"
      ],
      "data_types": [
        {
          "type": "TEXT",
          "count": 1836,
          "shortest_values": "NULL",
          "longest_values": "NULL",
          "average_length": 4.0
        }
      ]
    },
    {
      "column_name": "ATS SYSTEM CODE",
      "number_non_empty_cells": 1836,
      "number_empty_cells": 0,
      "number_distinct_values": 1836,
      "frequent_values": [
        "01M015      ",
        "01M019      ",
        "01M020      ",
        "01M034      ",
        "01M063      "
      ],
      "data_types": [
        {
          "type": "DATE/TIME",
          "count": 34,
          "max_value": "06M052      ",
          "min_value": "01M015      "
        },
        {
          "type": "TEXT",
          "count": 1802,
          "shortest_values": "01M063      ",
          "longest_values": "01M063      ",
          "average_length": 12.0
        }
      ]
    },
    {
      "column_name": "GRADES_FINAL_TEXT",
      "number_non_empty_cells": 1836,
      "number_empty_cells": 0,
      "number_distinct_values": 66,
      "frequent_values": [
        "PK,0K,01,02,03,04,05",
        "09,10,11,12",
        "06,07,08",
        "0K,01,02,03,04,05",
        "0K,01,02,03,04,05,06,07,08"
      ],
      "data_types": [
        {
          "type": "DATE/TIME",
          "count": 812,
          "max_value": "04,05",
          "min_value": "04,05,06,07,08"
        },
        {
          "type": "INTEGER (LONG)",
          "count": 1,
          "max_value": 12,
          "min_value": 12,
          "mean": 12.0
        },
        {
          "type": "TEXT",
          "count": 1023,
          "shortest_values": "0K",
          "longest_values": "PK,0K,01,02,03,04,05,06,07,08,09,10,11,12,SE",
          "average_length": 21.44868035190616
        }
      ]
    },
    {
      "column_name": "LOCATION_CODE",
      "number_non_empty_cells": 1836,
      "number_empty_cells": 0,
      "number_distinct_values": 1836,
      "frequent_values": [
        "M015",
        "M019",
        "M020",
        "M034",
        "M063"
      ],
      "data_types": [
        {
          "type": "DATE/TIME",
          "count": 35,
          "max_value": "M059",
          "min_value": "M001"
        },
        {
          "type": "TEXT",
          "count": 1801,
          "shortest_values": "M063",
          "longest_values": "M063",
          "average_length": 4.0
        }
      ]
    },
    {
      "column_name": "OPEN_DATE",
      "number_non_empty_cells": 1836,
      "number_empty_cells": 0,
      "number_distinct_values": 204,
      "frequent_values": [
        "07/01/1999 12:00:00 AM",
        "09/08/2004 12:00:00 AM",
        "07/01/2013 12:00:00 AM",
        "07/01/2008 12:00:00 AM",
        "07/01/2005 12:00:00 AM"
      ],
      "data_types": [
        {
          "type": "DATE/TIME",
          "count": 1836,
          "max_value": "07/01/2015 12:00:00 AM",
          "min_value": "07/01/1867 12:00:00 AM"
        }
      ]
    },
    {
      "column_name": "HIGHSCHOOL_NETWORK_NAME",
      "number_non_empty_cells": 1836,
      "number_empty_cells": 0,
      "number_distinct_values": 12,
      "frequent_values": [
        "NULL",
        "H.S. Network 05 Superintendent Office",
        "H.S. Network 12 Superintendent Office",
        "HS Network 06 Superintendent Office",
        "H.S. Network 03 Superintendent Office"
      ],
      "data_types": [
        {
          "type": "TEXT",
          "count": 1836,
          "shortest_values": "NULL",
          "longest_values": "H.S. Network 12 Superintendent Office",
          "average_length": 11.953159041394336
        }
      ]
    },
    {
      "column_name": "BEDS NUMBER",
      "number_non_empty_cells": 1836,
      "number_empty_cells": 0,
      "number_distinct_values": 1836,
      "frequent_values": [
        "310100010015",
        "310100010019",
        "310100010020",
        "310100010034",
        "310100010063"
      ],
      "data_types": [
        {
          "type": "INTEGER (LONG)",
          "count": 1836,
          "max_value": 353100861083,
          "min_value": 300000010645,
          "mean": 327308820214.50653
        }
      ]
    },
    {
      "column_name": "COUNCIL_DISTRICT",
      "number_non_empty_cells": 1836,
      "number_empty_cells": 0,
      "number_distinct_values": 52,
      "frequent_values": [
        "8",
        "17",
        "16",
        "36",
        "9"
      ],
      "data_types": [
        {
          "type": "INTEGER (LONG)",
          "count": 1836,
          "max_value": 51,
          "min_value": 0,
          "mean": 24.374183006535947
        }
      ]
    },
    {
      "column_name": "LOCATION_NAME",
      "number_non_empty_cells": 1836,
      "number_empty_cells": 0,
      "number_distinct_values": 1828,
      "frequent_values": [
        "New Visions Charter High School for Advanced Math",
        "New Visions Charter High School for the Humanities",
        "P.S. 360",
        "P.S. 212",
        "P.S. 253"
      ],
      "data_types": [
        {
          "type": "TEXT",
          "count": 1836,
          "shortest_values": "Kappa",
          "longest_values": "Collaborative Academy of Science, Technology, & La",
          "average_length": 29.08115468409586
        }
      ]
    },
    {
      "column_name": "LOCATION_TYPE_DESCRIPTION",
      "number_non_empty_cells": 1836,
      "number_empty_cells": 0,
      "number_distinct_values": 6,
      "frequent_values": [
        "General Academic",
        "Special Education",
        "Transfer School",
        "Career Technical",
        "Home School"
      ],
      "data_types": [
        {
          "type": "TEXT",
          "count": 1836,
          "shortest_values": "Home School",
          "longest_values": "Special Education",
          "average_length": 15.99673202614379
        }
      ]
    },
    {
      "column_name": "SCHOOL_SUPPORT_TEAM_LEADER_NAME",
      "number_non_empty_cells": 1836,
      "number_empty_cells": 0,
      "number_distinct_values": 1,
      "frequent_values": [
        "NULL"
      ],
      "data_types": [
        {
          "type": "TEXT",
          "count": 1836,
          "shortest_values": "NULL",
          "longest_values": "NULL",
          "average_length": 4.0
        }
      ]
    },
    {
      "column_name": "NTA_NAME",
      "number_non_empty_cells": 1836,
      "number_empty_cells": 0,
      "number_distinct_values": 190,
      "frequent_values": [
        "Mott Haven-Port Morris                                                     ",
        "Stuyvesant Heights                                                         ",
        "East Concourse-Concourse Village                                           ",
        "Brownsville                                                                ",
        "East New York                                                              "
      ],
      "data_types": [
        {
          "type": "TEXT",
          "count": 1836,
          "shortest_values": "Lower East Side                                                            ",
          "longest_values": "Lower East Side                                                            ",
          "average_length": 75.0
        }
      ]
    },
    {
      "column_name": "HIGHSCHOOL_NETWORK_SUPERINTENDENT",
      "number_non_empty_cells": 1836,
      "number_empty_cells": 0,
      "number_distinct_values": 12,
      "frequent_values": [
        "NULL",
        "WATTS, KAREN",
        "PELLES, KATHY",
        "PRAYOR, MICHAEL",
        "WALSH, FRED"
      ],
      "data_types": [
        {
          "type": "TEXT",
          "count": 1836,
          "shortest_values": "NULL",
          "longest_values": "ROSALES, MARISOL",
          "average_length": 6.355664488017429
        }
      ]
    },
    {
      "column_name": "FAX_NUMBER",
      "number_non_empty_cells": 1836,
      "number_empty_cells": 0,
      "number_distinct_values": 1780,
      "frequent_values": [
        "NULL",
        "212-674-8021",
        "718-583-5556",
        "718-345-3327",
        "718-965-0603"
      ],
      "data_types": [
        {
          "type": "TEXT",
          "count": 1836,
          "shortest_values": "NULL",
          "longest_values": "212-477-0931",
          "average_length": 11.790849673202615
        }
      ]
    }
  ]
}