{
  "dataset_name": "i9pf-sj7c.tsv.gz",
  "key_column_candidates": [
    "DBN",
    "PROGRAM",
    "PRGDESC",
    "CODE",
    "INTEREST",
    "METHOD",
    "ENG",
    "MATH",
    "SOC",
    "SCI",
    "STM",
    "ELA",
    "AUD",
    "9SEATS",
    "10SEATS",
    "9APP",
    "10AP",
    "REQ1",
    "REQ2",
    "REQ3",
    "REQ4",
    "REQ5",
    "REQ6",
    "REQ7",
    "REQ8",
    "audgrp01",
    "audgrp02",
    "audgrp03",
    "audgrp04",
    "audgrp05",
    "audgrp06",
    "audgrp07",
    "audgrp08",
    "audgrp09",
    "audgrp10",
    "audgrp11",
    "audgrp12",
    "audgrp13",
    "audgrp14",
    "audgrp15",
    "audgrp16",
    "audgrp17",
    "audgrp18",
    "audgrp19",
    "date01",
    "date02",
    "date03",
    "date04",
    "date05",
    "date06",
    "date07",
    "date08",
    "date09",
    "date10",
    "date11",
    "date12",
    "date13",
    "date14",
    "date15",
    "date16",
    "date17",
    "date18",
    "date19",
    "start01",
    "start02",
    "start03",
    "start04",
    "start05",
    "start06",
    "start07",
    "start08",
    "start09",
    "start10",
    "start11",
    "start12",
    "start13",
    "start14",
    "start15",
    "start16",
    "start17",
    "start18",
    "start19",
    "end01",
    "end02",
    "end03",
    "end04",
    "end05",
    "end06",
    "end07",
    "end08",
    "end09",
    "end10",
    "end11",
    "end12",
    "end13",
    "end14",
    "end15",
    "end16",
    "end17",
    "end18",
    "end19",
    "CTE Program Detail"
  ],
  "columns": [
    {
      "column_name": "METHOD",
      "number_non_empty_cells": 719,
      "number_empty_cells": 0,
      "number_distinct_values": 10,
      "frequent_values": [
        "Limited Unscreened",
        "Screened",
        "Ed. Opt.",
        "Audition",
        "Screened: Language"
      ],
      "data_types": [
        {
          "type": "TEXT",
          "count": 719,
          "shortest_values": "Test",
          "longest_values": "Screened: Language & Academics",
          "average_length": 12.183588317107093
        }
      ]
    },
    {
      "column_name": "SCI",
      "number_non_empty_cells": 236,
      "number_empty_cells": 483,
      "number_distinct_values": 8,
      "frequent_values": [
        "",
        "80-100",
        "N/A",
        "75-100",
        "85-100"
      ],
      "data_types": [
        {
          "type": "TEXT",
          "count": 236,
          "shortest_values": "N/A",
          "longest_values": "80-100",
          "average_length": 5.25
        }
      ]
    },
    {
      "column_name": "ELA",
      "number_non_empty_cells": 236,
      "number_empty_cells": 483,
      "number_distinct_values": 5,
      "frequent_values": [
        "",
        "4-Mar",
        "4-Feb",
        "N/A",
        "4-Jan"
      ],
      "data_types": [
        {
          "type": "DATE/TIME",
          "count": 177,
          "max_value": "4-Mar",
          "min_value": "4-Jan"
        },
        {
          "type": "TEXT",
          "count": 59,
          "shortest_values": "N/A",
          "longest_values": "N/A",
          "average_length": 3.0
        }
      ]
    },
    {
      "column_name": "AUD",
      "number_non_empty_cells": 74,
      "number_empty_cells": 645,
      "number_distinct_values": 75,
      "frequent_values": [
        "",
        "Presentation of a portfolio containing 10 pieces of original art work; an art exam and writing sample will be required at the audition. A VCR for viewing a student-made video will be available.",
        "Instrumental Music: Two prepared pieces, sight reading and scales. Bring your own instrument (except for piano and drums). Vocal Music: Two prepared pieces, sight singing and melody repetition. Bring sheet music and/or a CD if accompaniment is needed. Drama: Two prepared monologues and an improvisation. Dance: Ballet-based modern dance class with warm-up, combination and improvisation; written survey of dance experience and goals; and interview. Form-fitting leotard/shirt and tights/pants required.",
        "Each applicant will be required to act, sing and dance at this audition. Please prepare the following: Acting: Present a one minute memorized monologue (comedic or serious) from a published play. Singing: Present a memorized Broadway and age appropriate song, of no longer than 32 bars. An accompanist will be provided, so please bring sheet music. Dancing: Be ready to learn a short theater dance combination. Please wear clothing that allows for freedom of movement, as well as jazz shoes or sneakers.",
        "Present two contrasting monologues. For example: one dramatic and one comedic, or two very contrasting characters. The monologue must come from a published play or monologue book; monologues must be memorized. Each monologue should be about one minute in length."
      ],
      "data_types": [
        {
          "type": "TEXT",
          "count": 74,
          "shortest_values": "Perform a gospel and a classical selection (a capella).",
          "longest_values": "DANCE: Come dressed in proper dance attire. Present a short 1-2 minute dance of your choice. You may be asked to learn choreography. Bring your own music. Be prepared to write an essay explaining why you want to attend FHSA. DRAMA: Prepare two contrasting memorized monologues from a play, movie or novel, each one-minute long. You may be asked to participate in a group theater game. Be prepared to write an essay explaining why you want to attend FHSA. INSTRUMENTAL MUSIC: This program offers a jazz curriculum for students who play band and rhythm section instruments. We do not have a string program. Students must bring their own instrument, sticks and music to the audition. Be prepared to play a scale and selection of music from a book or solo of your own choice, and sight-read. You will complete a questionnaire, interview, and take a simple test for musical aptitude. Be prepared to write an essay explaining why you want to attend FHSA. VOCAL MUSIC: Perform a prepared song from the following list: Amazing Grace, Simple Gifts, Shenandoah, My Favorite Things, God Bless America, Happy Birthday and Somewhere without CD/piano accompaniment. Applicants will also be evaluated on tonal memory, rhythmic and aural skills, and vocal technique through teacher-led vocal exercises. Be prepared to write an essay explaining why you want to attend FHSA. VISUAL ART: Prepare and present a portfolio of at least three pieces of original work drawn from real-life observations (one self-portrait, one still-life or landscape and one student\u00e2\u0080\u0099s choice). Students are required to complete one detailed, shaded drawing from observation during the audition. Be prepared to write an essay explaining why you want to attend FHSA.",
          "average_length": 287.7837837837838
        }
      ]
    },
    {
      "column_name": "REQ5",
      "number_non_empty_cells": 5,
      "number_empty_cells": 714,
      "number_distinct_values": 3,
      "frequent_values": [
        "",
        "Review of Attendance & Punctuality",
        "Writing Sample"
      ],
      "data_types": [
        {
          "type": "TEXT",
          "count": 5,
          "shortest_values": "Writing Sample",
          "longest_values": "Review of Attendance & Punctuality",
          "average_length": 30.0
        }
      ]
    },
    {
      "column_name": "date08",
      "number_non_empty_cells": 36,
      "number_empty_cells": 683,
      "number_distinct_values": 6,
      "frequent_values": [
        "",
        "Sunday, 11/17/2013",
        "Saturday, 1/4/2014",
        "Thursday, 11/21/2013",
        "Sunday, 11/24/2013"
      ],
      "data_types": [
        {
          "type": "DATE/TIME",
          "count": 36,
          "max_value": "Saturday, 1/4/2014",
          "min_value": "Sunday, 11/17/2013"
        }
      ]
    },
    {
      "column_name": "end03",
      "number_non_empty_cells": 89,
      "number_empty_cells": 630,
      "number_distinct_values": 9,
      "frequent_values": [
        "",
        "N/A",
        "7:00 PM",
        "12:00 PM",
        "4:00 PM"
      ],
      "data_types": [
        {
          "type": "DATE/TIME",
          "count": 49,
          "max_value": "7:00 PM",
          "min_value": "11:00 AM"
        },
        {
          "type": "TEXT",
          "count": 40,
          "shortest_values": "N/A",
          "longest_values": "N/A",
          "average_length": 3.0
        }
      ]
    },
    {
      "column_name": "end08",
      "number_non_empty_cells": 36,
      "number_empty_cells": 683,
      "number_distinct_values": 4,
      "frequent_values": [
        "",
        "N/A",
        "1:30 PM",
        "7:00 PM"
      ],
      "data_types": [
        {
          "type": "DATE/TIME",
          "count": 14,
          "max_value": "7:00 PM",
          "min_value": "1:30 PM"
        },
        {
          "type": "TEXT",
          "count": 22,
          "shortest_values": "N/A",
          "longest_values": "N/A",
          "average_length": 3.0
        }
      ]
    },
    {
      "column_name": "end13",
      "number_non_empty_cells": 6,
      "number_empty_cells": 713,
      "number_distinct_values": 2,
      "frequent_values": [
        "",
        "N/A"
      ],
      "data_types": [
        {
          "type": "TEXT",
          "count": 6,
          "shortest_values": "N/A",
          "longest_values": "N/A",
          "average_length": 3.0
        }
      ]
    },
    {
      "column_name": "audgrp08",
      "number_non_empty_cells": 36,
      "number_empty_cells": 683,
      "number_distinct_values": 7,
      "frequent_values": [
        "",
        "Last name A-L for single audition (Music only or Art only)",
        "Fine and Visual Arts; Last Name A-F",
        "All Students (Dance, Drama, Vocal Music, Instrumental Music, Visual Arts)",
        "Manhattan S - Z Students auditioning for a single studio except Technical Theatre"
      ],
      "data_types": [
        {
          "type": "TEXT",
          "count": 36,
          "shortest_values": "Dance",
          "longest_values": "Manhattan S - Z Students auditioning for a single studio except Technical Theatre",
          "average_length": 52.27777777777778
        }
      ]
    },
    {
      "column_name": "date14",
      "number_non_empty_cells": 6,
      "number_empty_cells": 713,
      "number_distinct_values": 2,
      "frequent_values": [
        "",
        "Saturday, 12/7/2013"
      ],
      "data_types": [
        {
          "type": "DATE/TIME",
          "count": 6,
          "max_value": "Saturday, 12/7/2013",
          "min_value": "Saturday, 12/7/2013"
        }
      ]
    },
    {
      "column_name": "start02",
      "number_non_empty_cells": 95,
      "number_empty_cells": 624,
      "number_distinct_values": 12,
      "frequent_values": [
        "",
        "9:00 AM",
        "4:00 PM",
        "11:30 AM",
        "8:00 AM"
      ],
      "data_types": [
        {
          "type": "DATE/TIME",
          "count": 95,
          "max_value": "5:00 PM",
          "min_value": "7:30 AM"
        }
      ]
    },
    {
      "column_name": "start07",
      "number_non_empty_cells": 36,
      "number_empty_cells": 683,
      "number_distinct_values": 5,
      "frequent_values": [
        "",
        "9:30 AM",
        "8:00 AM",
        "11:30 AM",
        "10:00 AM"
      ],
      "data_types": [
        {
          "type": "DATE/TIME",
          "count": 36,
          "max_value": "11:30 AM",
          "min_value": "8:00 AM"
        }
      ]
    },
    {
      "column_name": "start09",
      "number_non_empty_cells": 19,
      "number_empty_cells": 700,
      "number_distinct_values": 4,
      "frequent_values": [
        "",
        "1:00 PM",
        "4:00 PM",
        "8:00 AM"
      ],
      "data_types": [
        {
          "type": "DATE/TIME",
          "count": 19,
          "max_value": "4:00 PM",
          "min_value": "8:00 AM"
        }
      ]
    },
    {
      "column_name": "start10",
      "number_non_empty_cells": 19,
      "number_empty_cells": 700,
      "number_distinct_values": 4,
      "frequent_values": [
        "",
        "9:00 AM",
        "11:30 AM",
        "8:00 AM"
      ],
      "data_types": [
        {
          "type": "DATE/TIME",
          "count": 19,
          "max_value": "11:30 AM",
          "min_value": "8:00 AM"
        }
      ]
    },
    {
      "column_name": "start14",
      "number_non_empty_cells": 6,
      "number_empty_cells": 713,
      "number_distinct_values": 2,
      "frequent_values": [
        "",
        "8:00 AM"
      ],
      "data_types": [
        {
          "type": "DATE/TIME",
          "count": 6,
          "max_value": "8:00 AM",
          "min_value": "8:00 AM"
        }
      ]
    },
    {
      "column_name": "end14",
      "number_non_empty_cells": 6,
      "number_empty_cells": 713,
      "number_distinct_values": 2,
      "frequent_values": [
        "",
        "N/A"
      ],
      "data_types": [
        {
          "type": "TEXT",
          "count": 6,
          "shortest_values": "N/A",
          "longest_values": "N/A",
          "average_length": 3.0
        }
      ]
    },
    {
      "column_name": "10SEATS",
      "number_non_empty_cells": 719,
      "number_empty_cells": 0,
      "number_distinct_values": 30,
      "frequent_values": [
        "None",
        "10",
        "5",
        "New Program",
        "20"
      ],
      "data_types": [
        {
          "type": "INTEGER (LONG)",
          "count": 382,
          "max_value": 50,
          "min_value": 1,
          "mean": 10.764397905759163
        },
        {
          "type": "TEXT",
          "count": 337,
          "shortest_values": "None",
          "longest_values": "New Program",
          "average_length": 4.498516320474778
        }
      ]
    },
    {
      "column_name": "REQ1",
      "number_non_empty_cells": 118,
      "number_empty_cells": 601,
      "number_distinct_values": 25,
      "frequent_values": [
        "",
        "Review of Attendance & Punctuality",
        "Writing Sample",
        "Open only to New York City residents living in the United States four years or fewer who are English Language Learners per New York City Department of Education guidelines scoring at the Beginner or Intermediate level on the NYSESLAT or LAB-R.",
        "Admission to this Specialized High School is based solely on the score obtained on the Specialized High Schools Admission Test (SHSAT). Students should speak to their guidance counselors in the Fall to register for the SHSAT. Guidance counselors will provide each student with an Admission Ticket indicating the date, location and time of the SHSAT. The ticket must be presented at the test site. Students should inform their guidance counselor if they are unable to test on the assigned day."
      ],
      "data_types": [
        {
          "type": "TEXT",
          "count": 118,
          "shortest_values": "Interview",
          "longest_values": "Admission to this Specialized High School is based solely on the score obtained on the Specialized High Schools Admission Test (SHSAT). Students should speak to their guidance counselors in the Fall to register for the SHSAT. Guidance counselors will provide each student with an Admission Ticket indicating the date, location and time of the SHSAT. The ticket must be presented at the test site. Students should inform their guidance counselor if they are unable to test on the assigned day.",
          "average_length": 95.44915254237289
        }
      ]
    },
    {
      "column_name": "audgrp13",
      "number_non_empty_cells": 6,
      "number_empty_cells": 713,
      "number_distinct_values": 2,
      "frequent_values": [
        "",
        "Queens/Staten Island M - Z Students auditioning for a single studio in the following studios: Instrumental Music, Vocal Music, Fine Art. No auditions for Dance, Drama or Technical Theatre on this day"
      ],
      "data_types": [
        {
          "type": "TEXT",
          "count": 6,
          "shortest_values": "Queens/Staten Island M - Z Students auditioning for a single studio in the following studios: Instrumental Music, Vocal Music, Fine Art. No auditions for Dance, Drama or Technical Theatre on this day",
          "longest_values": "Queens/Staten Island M - Z Students auditioning for a single studio in the following studios: Instrumental Music, Vocal Music, Fine Art. No auditions for Dance, Drama or Technical Theatre on this day",
          "average_length": 199.0
        }
      ]
    },
    {
      "column_name": "date05",
      "number_non_empty_cells": 57,
      "number_empty_cells": 662,
      "number_distinct_values": 11,
      "frequent_values": [
        "",
        "Sunday, 11/17/2013",
        "Saturday, 12/7/2013",
        "Saturday, 11/23/2013",
        "Saturday, 11/9/2013"
      ],
      "data_types": [
        {
          "type": "DATE/TIME",
          "count": 57,
          "max_value": "Tuesday, 1/7/2014",
          "min_value": "Saturday, 11/9/2013"
        }
      ]
    },
    {
      "column_name": "start01",
      "number_non_empty_cells": 101,
      "number_empty_cells": 618,
      "number_distinct_values": 11,
      "frequent_values": [
        "",
        "4:00 PM",
        "9:00 AM",
        "8:00 AM",
        "9:30 AM"
      ],
      "data_types": [
        {
          "type": "DATE/TIME",
          "count": 101,
          "max_value": "5:00 PM",
          "min_value": "7:30 AM"
        }
      ]
    },
    {
      "column_name": "start03",
      "number_non_empty_cells": 89,
      "number_empty_cells": 630,
      "number_distinct_values": 11,
      "frequent_values": [
        "",
        "4:00 PM",
        "9:00 AM",
        "8:30 AM",
        "8:00 AM"
      ],
      "data_types": [
        {
          "type": "DATE/TIME",
          "count": 89,
          "max_value": "4:00 PM",
          "min_value": "7:30 AM"
        }
      ]
    },
    {
      "column_name": "end01",
      "number_non_empty_cells": 101,
      "number_empty_cells": 618,
      "number_distinct_values": 12,
      "frequent_values": [
        "",
        "N/A",
        "7:00 PM",
        "12:00 PM",
        "11:30 AM"
      ],
      "data_types": [
        {
          "type": "DATE/TIME",
          "count": 61,
          "max_value": "9:00 PM",
          "min_value": "11:00 AM"
        },
        {
          "type": "TEXT",
          "count": 40,
          "shortest_values": "N/A",
          "longest_values": "N/A",
          "average_length": 3.0
        }
      ]
    },
    {
      "column_name": "end06",
      "number_non_empty_cells": 56,
      "number_empty_cells": 663,
      "number_distinct_values": 5,
      "frequent_values": [
        "",
        "N/A",
        "7:00 PM",
        "1:30 PM",
        "6:00 PM"
      ],
      "data_types": [
        {
          "type": "DATE/TIME",
          "count": 28,
          "max_value": "7:00 PM",
          "min_value": "1:30 PM"
        },
        {
          "type": "TEXT",
          "count": 28,
          "shortest_values": "N/A",
          "longest_values": "N/A",
          "average_length": 3.0
        }
      ]
    },
    {
      "column_name": "REQ3",
      "number_non_empty_cells": 27,
      "number_empty_cells": 692,
      "number_distinct_values": 6,
      "frequent_values": [
        "",
        "Review of Attendance & Punctuality",
        "Interview",
        "Writing Sample",
        "\u00e2\u0080\u00a2 Open only to New York City residents who have lived in the United States four years or fewer, whose home language is Spanish and are of limited English proficiency."
      ],
      "data_types": [
        {
          "type": "TEXT",
          "count": 27,
          "shortest_values": "Interview",
          "longest_values": "\u00e2\u0080\u00a2 Open only to New York City residents who have lived in the United States four years or fewer, whose home language is Spanish and are of limited English proficiency.",
          "average_length": 40.148148148148145
        }
      ]
    },
    {
      "column_name": "date02",
      "number_non_empty_cells": 95,
      "number_empty_cells": 624,
      "number_distinct_values": 15,
      "frequent_values": [
        "",
        "Saturday, 11/2/2013",
        "Sunday, 11/3/2013",
        "Sunday, 11/10/2013",
        "Saturday, 11/16/2013"
      ],
      "data_types": [
        {
          "type": "DATE/TIME",
          "count": 95,
          "max_value": "Tuesday, 1/28/2014",
          "min_value": "Friday, 10/25/2013"
        }
      ]
    },
    {
      "column_name": "date06",
      "number_non_empty_cells": 56,
      "number_empty_cells": 663,
      "number_distinct_values": 10,
      "frequent_values": [
        "",
        "Sunday, 11/17/2013",
        "Saturday, 11/23/2013",
        "Friday, 11/15/2013",
        "Sunday, 12/8/2013"
      ],
      "data_types": [
        {
          "type": "DATE/TIME",
          "count": 56,
          "max_value": "Friday, 1/10/2014",
          "min_value": "Friday, 11/15/2013"
        }
      ]
    },
    {
      "column_name": "end04",
      "number_non_empty_cells": 79,
      "number_empty_cells": 640,
      "number_distinct_values": 9,
      "frequent_values": [
        "",
        "N/A",
        "7:00 PM",
        "6:00 PM",
        "12:00 PM"
      ],
      "data_types": [
        {
          "type": "DATE/TIME",
          "count": 40,
          "max_value": "7:00 PM",
          "min_value": "11:00 AM"
        },
        {
          "type": "TEXT",
          "count": 39,
          "shortest_values": "N/A",
          "longest_values": "N/A",
          "average_length": 3.0
        }
      ]
    },
    {
      "column_name": "PRGDESC",
      "number_non_empty_cells": 469,
      "number_empty_cells": 250,
      "number_distinct_values": 456,
      "frequent_values": [
        "",
        "Academic Comprehensive Program",
        "Academic Comprehensive Program.",
        "See above description.",
        "This NAF academy uses a technology-based program involving the design, development, support and management of hardware, software and web design. Successful completion of program could lead to IC3 and Adobe Photoshop certifications. Students participate in internships, Advanced Placement courses and credit-bearing college courses."
      ],
      "data_types": [
        {
          "type": "TEXT",
          "count": 469,
          "shortest_values": "See above description",
          "longest_values": "The Academy of Medicine offers students the opportunity to explore careers in the health professions. Students enrolled in the Academy of Medicine take courses such as Introduction to Health Careers, Anatomy and Physiology, Sports Medicine, and Science Research. Students enrolled in the Academy of Medicine are also offered the opportunity to apply for membership in the prestigious Gateway to Medicine honors program through CCNY which offers several exclusive college preparatory, internships, and enrichment experiences. Students in the Gateway program are also offered exclusive enrichment opportunities with the Sophie Davis School of Medicine located within CCNY.",
          "average_length": 191.4904051172708
        }
      ]
    },
    {
      "column_name": "ENG",
      "number_non_empty_cells": 236,
      "number_empty_cells": 483,
      "number_distinct_values": 8,
      "frequent_values": [
        "",
        "80-100",
        "N/A",
        "75-100",
        "85-100"
      ],
      "data_types": [
        {
          "type": "TEXT",
          "count": 236,
          "shortest_values": "N/A",
          "longest_values": "80-100",
          "average_length": 5.288135593220339
        }
      ]
    },
    {
      "column_name": "MATH",
      "number_non_empty_cells": 236,
      "number_empty_cells": 483,
      "number_distinct_values": 8,
      "frequent_values": [
        "",
        "80-100",
        "N/A",
        "75-100",
        "85-100"
      ],
      "data_types": [
        {
          "type": "TEXT",
          "count": 236,
          "shortest_values": "N/A",
          "longest_values": "80-100",
          "average_length": 5.262711864406779
        }
      ]
    },
    {
      "column_name": "audgrp03",
      "number_non_empty_cells": 89,
      "number_empty_cells": 630,
      "number_distinct_values": 19,
      "frequent_values": [
        "",
        "All students",
        "Last name M-R for single audition & Last name M-Z for multiple auditions",
        "Instrumental & Vocal Music and Studio Theatre; Last Name G - I",
        "All Auditioning Students"
      ],
      "data_types": [
        {
          "type": "TEXT",
          "count": 89,
          "shortest_values": "Brooklyn",
          "longest_values": "Brooklyn M - Z Students auditioning for a single studio except Technical Theatre",
          "average_length": 40.1123595505618
        }
      ]
    },
    {
      "column_name": "audgrp06",
      "number_non_empty_cells": 56,
      "number_empty_cells": 663,
      "number_distinct_values": 12,
      "frequent_values": [
        "",
        "Last name G-L for single audition (Music only or Art only)",
        "Instrumental & Vocal Music and Studio Theatre; Last Name T - U",
        "All Students (Dance, Drama, Vocal Music, Instrumental Music, Visual Arts)",
        "Make Up - Last Name N-Z - all boroughs"
      ],
      "data_types": [
        {
          "type": "TEXT",
          "count": 56,
          "shortest_values": "Instrumental",
          "longest_values": "Manhattan G - L Students auditioning for a single studio except Technical Theatre",
          "average_length": 47.232142857142854
        }
      ]
    },
    {
      "column_name": "date09",
      "number_non_empty_cells": 19,
      "number_empty_cells": 700,
      "number_distinct_values": 4,
      "frequent_values": [
        "",
        "Sunday, 11/17/2013",
        "Friday, 11/22/2013",
        "Saturday, 11/16/2013"
      ],
      "data_types": [
        {
          "type": "DATE/TIME",
          "count": 19,
          "max_value": "Friday, 11/22/2013",
          "min_value": "Saturday, 11/16/2013"
        }
      ]
    },
    {
      "column_name": "start04",
      "number_non_empty_cells": 79,
      "number_empty_cells": 640,
      "number_distinct_values": 10,
      "frequent_values": [
        "",
        "4:00 PM",
        "9:00 AM",
        "8:00 AM",
        "9:30 AM"
      ],
      "data_types": [
        {
          "type": "DATE/TIME",
          "count": 79,
          "max_value": "4:00 PM",
          "min_value": "7:30 AM"
        }
      ]
    },
    {
      "column_name": "audgrp04",
      "number_non_empty_cells": 79,
      "number_empty_cells": 640,
      "number_distinct_values": 18,
      "frequent_values": [
        "",
        "Last name S-Z for single audition (Music only or Art only)",
        "All students",
        "Instrumental & Vocal Music and Studio Theatre; Last Name J - L",
        "All Students (Dance, Drama, Vocal Music, Instrumental Music, Visual Arts)"
      ],
      "data_types": [
        {
          "type": "TEXT",
          "count": 79,
          "shortest_values": "All Students",
          "longest_values": "Brooklyn A - Z Students auditioning for two or more* studios or Technical Theatre",
          "average_length": 41.49367088607595
        }
      ]
    },
    {
      "column_name": "start12",
      "number_non_empty_cells": 6,
      "number_empty_cells": 713,
      "number_distinct_values": 2,
      "frequent_values": [
        "",
        "8:00 AM"
      ],
      "data_types": [
        {
          "type": "DATE/TIME",
          "count": 6,
          "max_value": "8:00 AM",
          "min_value": "8:00 AM"
        }
      ]
    },
    {
      "column_name": "end07",
      "number_non_empty_cells": 36,
      "number_empty_cells": 683,
      "number_distinct_values": 4,
      "frequent_values": [
        "",
        "N/A",
        "11:30 AM",
        "2:30 PM"
      ],
      "data_types": [
        {
          "type": "DATE/TIME",
          "count": 14,
          "max_value": "2:30 PM",
          "min_value": "11:30 AM"
        },
        {
          "type": "TEXT",
          "count": 22,
          "shortest_values": "N/A",
          "longest_values": "N/A",
          "average_length": 3.0
        }
      ]
    },
    {
      "column_name": "end09",
      "number_non_empty_cells": 19,
      "number_empty_cells": 700,
      "number_distinct_values": 3,
      "frequent_values": [
        "",
        "N/A",
        "7:00 PM"
      ],
      "data_types": [
        {
          "type": "DATE/TIME",
          "count": 6,
          "max_value": "7:00 PM",
          "min_value": "7:00 PM"
        },
        {
          "type": "TEXT",
          "count": 13,
          "shortest_values": "N/A",
          "longest_values": "N/A",
          "average_length": 3.0
        }
      ]
    },
    {
      "column_name": "end12",
      "number_non_empty_cells": 6,
      "number_empty_cells": 713,
      "number_distinct_values": 2,
      "frequent_values": [
        "",
        "N/A"
      ],
      "data_types": [
        {
          "type": "TEXT",
          "count": 6,
          "shortest_values": "N/A",
          "longest_values": "N/A",
          "average_length": 3.0
        }
      ]
    },
    {
      "column_name": "9APP",
      "number_non_empty_cells": 668,
      "number_empty_cells": 51,
      "number_distinct_values": 532,
      "frequent_values": [
        "",
        "559",
        "254",
        "90",
        "193"
      ],
      "data_types": [
        {
          "type": "INTEGER (LONG)",
          "count": 668,
          "max_value": 22675,
          "min_value": 2,
          "mean": 941.4820359281437
        }
      ]
    },
    {
      "column_name": "REQ2",
      "number_non_empty_cells": 40,
      "number_empty_cells": 679,
      "number_distinct_values": 12,
      "frequent_values": [
        "",
        "Review of Attendance & Punctuality",
        "Interview",
        "Writing Sample",
        "Open only to students whose home language is Chinese (Mandarin)"
      ],
      "data_types": [
        {
          "type": "TEXT",
          "count": 40,
          "shortest_values": "Essay",
          "longest_values": "\u00e2\u0080\u00a2 Open only to New York City residents who have lived in the United States four years or fewer, whose home language is Spanish and are of limited English proficiency.",
          "average_length": 38.275
        }
      ]
    },
    {
      "column_name": "REQ7",
      "number_non_empty_cells": 5,
      "number_empty_cells": 714,
      "number_distinct_values": 3,
      "frequent_values": [
        "",
        "Review of Attendance & Punctuality",
        "Writing Sample"
      ],
      "data_types": [
        {
          "type": "TEXT",
          "count": 5,
          "shortest_values": "Writing Sample",
          "longest_values": "Review of Attendance & Punctuality",
          "average_length": 30.0
        }
      ]
    },
    {
      "column_name": "audgrp05",
      "number_non_empty_cells": 57,
      "number_empty_cells": 662,
      "number_distinct_values": 13,
      "frequent_values": [
        "",
        "Last name A-F for single audition & Last name A-L for multiple auditions",
        "Instrumental & Vocal Music and Studio Theatre; Last Name M - S",
        "All Students (Dance, Drama, Vocal Music, Instrumental Music, Visual Arts)",
        "Make Up - Last Name A-M - all boroughs"
      ],
      "data_types": [
        {
          "type": "TEXT",
          "count": 57,
          "shortest_values": "All Students",
          "longest_values": "Manhattan A - F Students auditioning for a single studio except Technical Theatre",
          "average_length": 48.228070175438596
        }
      ]
    },
    {
      "column_name": "start05",
      "number_non_empty_cells": 57,
      "number_empty_cells": 662,
      "number_distinct_values": 9,
      "frequent_values": [
        "",
        "4:00 PM",
        "8:00 AM",
        "9:30 AM",
        "12:30 PM"
      ],
      "data_types": [
        {
          "type": "DATE/TIME",
          "count": 57,
          "max_value": "4:00 PM",
          "min_value": "7:30 AM"
        }
      ]
    },
    {
      "column_name": "start08",
      "number_non_empty_cells": 36,
      "number_empty_cells": 683,
      "number_distinct_values": 6,
      "frequent_values": [
        "",
        "12:00 PM",
        "11:30 AM",
        "9:00 AM",
        "4:00 PM"
      ],
      "data_types": [
        {
          "type": "DATE/TIME",
          "count": 36,
          "max_value": "4:00 PM",
          "min_value": "9:00 AM"
        }
      ]
    },
    {
      "column_name": "end02",
      "number_non_empty_cells": 95,
      "number_empty_cells": 624,
      "number_distinct_values": 12,
      "frequent_values": [
        "",
        "N/A",
        "12:00 PM",
        "7:00 PM",
        "1:30 PM"
      ],
      "data_types": [
        {
          "type": "DATE/TIME",
          "count": 55,
          "max_value": "9:00 PM",
          "min_value": "11:00 AM"
        },
        {
          "type": "TEXT",
          "count": 40,
          "shortest_values": "N/A",
          "longest_values": "N/A",
          "average_length": 3.0
        }
      ]
    },
    {
      "column_name": "PROGRAM",
      "number_non_empty_cells": 719,
      "number_empty_cells": 0,
      "number_distinct_values": 622,
      "frequent_values": [
        "Zoned",
        "Dance",
        "Instrumental Music",
        "Vocal Music",
        "Drama"
      ],
      "data_types": [
        {
          "type": "TEXT",
          "count": 719,
          "shortest_values": "Art",
          "longest_values": "International Marketing, Computer Applications, Foreign Trade and Virtual Enterprise",
          "average_length": 29.04450625869263
        }
      ]
    },
    {
      "column_name": "CODE",
      "number_non_empty_cells": 705,
      "number_empty_cells": 14,
      "number_distinct_values": 706,
      "frequent_values": [
        "",
        "M46X",
        "M35A",
        "M35B",
        "M35C"
      ],
      "data_types": [
        {
          "type": "DATE/TIME",
          "count": 1,
          "max_value": "M26M",
          "min_value": "M26M"
        },
        {
          "type": "TEXT",
          "count": 704,
          "shortest_values": "M46X",
          "longest_values": "M46X",
          "average_length": 4.0
        }
      ]
    },
    {
      "column_name": "audgrp12",
      "number_non_empty_cells": 6,
      "number_empty_cells": 713,
      "number_distinct_values": 2,
      "frequent_values": [
        "",
        "Queens/Staten Island A - L Students auditioning for a single studio in the following studios: Instrumental Music, Vocal Music, Fine Art. No auditions for Dance, Drama or Technical Theatre on this day"
      ],
      "data_types": [
        {
          "type": "TEXT",
          "count": 6,
          "shortest_values": "Queens/Staten Island A - L Students auditioning for a single studio in the following studios: Instrumental Music, Vocal Music, Fine Art. No auditions for Dance, Drama or Technical Theatre on this day",
          "longest_values": "Queens/Staten Island A - L Students auditioning for a single studio in the following studios: Instrumental Music, Vocal Music, Fine Art. No auditions for Dance, Drama or Technical Theatre on this day",
          "average_length": 199.0
        }
      ]
    },
    {
      "column_name": "date01",
      "number_non_empty_cells": 101,
      "number_empty_cells": 618,
      "number_distinct_values": 18,
      "frequent_values": [
        "",
        "Saturday, 11/9/2013",
        "Sunday, 11/3/2013",
        "Monday, 1/27/2014",
        "Saturday, 11/2/2013"
      ],
      "data_types": [
        {
          "type": "DATE/TIME",
          "count": 101,
          "max_value": "Monday, 1/27/2014",
          "min_value": "Saturday, 10/12/2013"
        }
      ]
    },
    {
      "column_name": "start11",
      "number_non_empty_cells": 13,
      "number_empty_cells": 706,
      "number_distinct_values": 3,
      "frequent_values": [
        "",
        "1:00 PM",
        "8:00 AM"
      ],
      "data_types": [
        {
          "type": "DATE/TIME",
          "count": 13,
          "max_value": "1:00 PM",
          "min_value": "8:00 AM"
        }
      ]
    },
    {
      "column_name": "INTEREST",
      "number_non_empty_cells": 719,
      "number_empty_cells": 0,
      "number_distinct_values": 21,
      "frequent_values": [
        "Humanities & Interdisciplinary",
        "Performing Arts",
        "Science & Math",
        "Health Professions",
        "Engineering"
      ],
      "data_types": [
        {
          "type": "TEXT",
          "count": 719,
          "shortest_values": "Zoned",
          "longest_values": "Performing Arts/Visual Art & Design",
          "average_length": 20.204450625869264
        }
      ]
    },
    {
      "column_name": "REQ6",
      "number_non_empty_cells": 4,
      "number_empty_cells": 715,
      "number_distinct_values": 2,
      "frequent_values": [
        "",
        "Review of Attendance & Punctuality"
      ],
      "data_types": [
        {
          "type": "TEXT",
          "count": 4,
          "shortest_values": "Review of Attendance & Punctuality",
          "longest_values": "Review of Attendance & Punctuality",
          "average_length": 34.0
        }
      ]
    },
    {
      "column_name": "audgrp01",
      "number_non_empty_cells": 101,
      "number_empty_cells": 618,
      "number_distinct_values": 22,
      "frequent_values": [
        "",
        "Last name M-Z for single audition & Last Name A-Z for multiple auditions",
        "All students",
        "All Auditioning Students",
        "Instrumental & Vocal Music and Studio Theatre; Last Name A - C"
      ],
      "data_types": [
        {
          "type": "TEXT",
          "count": 101,
          "shortest_values": "Dance",
          "longest_values": "All Students (Dance, Drama, Vocal Music, Instrumental Music, Visual Arts)",
          "average_length": 34.99009900990099
        }
      ]
    },
    {
      "column_name": "date10",
      "number_non_empty_cells": 19,
      "number_empty_cells": 700,
      "number_distinct_values": 3,
      "frequent_values": [
        "",
        "Saturday, 11/23/2013",
        "Sunday, 11/17/2013"
      ],
      "data_types": [
        {
          "type": "DATE/TIME",
          "count": 19,
          "max_value": "Saturday, 11/23/2013",
          "min_value": "Sunday, 11/17/2013"
        }
      ]
    },
    {
      "column_name": "date12",
      "number_non_empty_cells": 6,
      "number_empty_cells": 713,
      "number_distinct_values": 2,
      "frequent_values": [
        "",
        "Sunday, 12/8/2013"
      ],
      "data_types": [
        {
          "type": "DATE/TIME",
          "count": 6,
          "max_value": "Sunday, 12/8/2013",
          "min_value": "Sunday, 12/8/2013"
        }
      ]
    },
    {
      "column_name": "end10",
      "number_non_empty_cells": 19,
      "number_empty_cells": 700,
      "number_distinct_values": 3,
      "frequent_values": [
        "",
        "N/A",
        "2:30 PM"
      ],
      "data_types": [
        {
          "type": "DATE/TIME",
          "count": 6,
          "max_value": "2:30 PM",
          "min_value": "2:30 PM"
        },
        {
          "type": "TEXT",
          "count": 13,
          "shortest_values": "N/A",
          "longest_values": "N/A",
          "average_length": 3.0
        }
      ]
    },
    {
      "column_name": "end11",
      "number_non_empty_cells": 13,
      "number_empty_cells": 706,
      "number_distinct_values": 2,
      "frequent_values": [
        "",
        "N/A"
      ],
      "data_types": [
        {
          "type": "TEXT",
          "count": 13,
          "shortest_values": "N/A",
          "longest_values": "N/A",
          "average_length": 3.0
        }
      ]
    },
    {
      "column_name": "CTE Program Detail",
      "number_non_empty_cells": 57,
      "number_empty_cells": 662,
      "number_distinct_values": 15,
      "frequent_values": [
        "",
        "Students may receive CTE endorsement in the following areas: Entrepreneurship/Virtual Enterprise",
        "Students may receive CTE endorsement in the following areas: New Media , Nursing Assistant, Practical Nursing",
        "Students may receive CTE endorsement in the following areas: Drama",
        "Students may receive CTE endorsement in the following areas: Engineering"
      ],
      "data_types": [
        {
          "type": "TEXT",
          "count": 57,
          "shortest_values": "Students may receive CTE endorsement in the following areas: Drama",
          "longest_values": "Students may receive CTE endorsement in the following areas: Culinary Arts, Dental Assistant, Dental Laboratory Technician , Medical Lab and Allied Health Pro",
          "average_length": 95.75438596491227
        }
      ]
    },
    {
      "column_name": "SOC",
      "number_non_empty_cells": 236,
      "number_empty_cells": 483,
      "number_distinct_values": 8,
      "frequent_values": [
        "",
        "80-100",
        "N/A",
        "75-100",
        "85-100"
      ],
      "data_types": [
        {
          "type": "TEXT",
          "count": 236,
          "shortest_values": "N/A",
          "longest_values": "80-100",
          "average_length": 5.211864406779661
        }
      ]
    },
    {
      "column_name": "9SEATS",
      "number_non_empty_cells": 672,
      "number_empty_cells": 47,
      "number_distinct_values": 119,
      "frequent_values": [
        "108",
        "81",
        "",
        "68",
        "100"
      ],
      "data_types": [
        {
          "type": "INTEGER (LONG)",
          "count": 672,
          "max_value": 1300,
          "min_value": 10,
          "mean": 97.97619047619048
        }
      ]
    },
    {
      "column_name": "audgrp10",
      "number_non_empty_cells": 19,
      "number_empty_cells": 700,
      "number_distinct_values": 4,
      "frequent_values": [
        "",
        "Fine and Visual Arts; Last Name M-S",
        "All Students (Dance, Drama, Vocal Music, Instrumental Music, Visual Arts)",
        "Queens/Staten Island A - L Students auditioning for a single studio in Dance or Drama only"
      ],
      "data_types": [
        {
          "type": "TEXT",
          "count": 19,
          "shortest_values": "Fine and Visual Arts; Last Name M-S",
          "longest_values": "Queens/Staten Island A - L Students auditioning for a single studio in Dance or Drama only",
          "average_length": 64.36842105263158
        }
      ]
    },
    {
      "column_name": "end05",
      "number_non_empty_cells": 57,
      "number_empty_cells": 662,
      "number_distinct_values": 7,
      "frequent_values": [
        "",
        "N/A",
        "7:00 PM",
        "11:30 AM",
        "2:30 PM"
      ],
      "data_types": [
        {
          "type": "DATE/TIME",
          "count": 29,
          "max_value": "7:00 PM",
          "min_value": "10:00 AM"
        },
        {
          "type": "TEXT",
          "count": 28,
          "shortest_values": "N/A",
          "longest_values": "N/A",
          "average_length": 3.0
        }
      ]
    },
    {
      "column_name": "DBN",
      "number_non_empty_cells": 719,
      "number_empty_cells": 0,
      "number_distinct_values": 422,
      "frequent_values": [
        "31R450",
        "31R440",
        "31R445",
        "20K445",
        "21K540"
      ],
      "data_types": [
        {
          "type": "DATE/TIME",
          "count": 1,
          "max_value": "02M047",
          "min_value": "02M047"
        },
        {
          "type": "TEXT",
          "count": 718,
          "shortest_values": "01M292",
          "longest_values": "01M292",
          "average_length": 6.0
        }
      ]
    },
    {
      "column_name": "REQ8",
      "number_non_empty_cells": 1,
      "number_empty_cells": 718,
      "number_distinct_values": 2,
      "frequent_values": [
        "",
        "Review of Attendance & Punctuality"
      ],
      "data_types": [
        {
          "type": "TEXT",
          "count": 1,
          "shortest_values": "Review of Attendance & Punctuality",
          "longest_values": "Review of Attendance & Punctuality",
          "average_length": 34.0
        }
      ]
    },
    {
      "column_name": "audgrp11",
      "number_non_empty_cells": 13,
      "number_empty_cells": 706,
      "number_distinct_values": 3,
      "frequent_values": [
        "",
        "Fine and Visual Arts; Last Name T-Z",
        "Queens/Staten Island M - Z Students auditioning for a single studio in Dance or Drama only"
      ],
      "data_types": [
        {
          "type": "TEXT",
          "count": 13,
          "shortest_values": "Fine and Visual Arts; Last Name T-Z",
          "longest_values": "Queens/Staten Island M - Z Students auditioning for a single studio in Dance or Drama only",
          "average_length": 60.38461538461539
        }
      ]
    },
    {
      "column_name": "start13",
      "number_non_empty_cells": 6,
      "number_empty_cells": 713,
      "number_distinct_values": 2,
      "frequent_values": [
        "",
        "12:00 PM"
      ],
      "data_types": [
        {
          "type": "DATE/TIME",
          "count": 6,
          "max_value": "12:00 PM",
          "min_value": "12:00 PM"
        }
      ]
    },
    {
      "column_name": "10AP",
      "number_non_empty_cells": 719,
      "number_empty_cells": 0,
      "number_distinct_values": 129,
      "frequent_values": [
        "None",
        "New Program",
        "11",
        "4",
        "7"
      ],
      "data_types": [
        {
          "type": "INTEGER (LONG)",
          "count": 380,
          "max_value": 1276,
          "min_value": 0,
          "mean": 67.94473684210526
        },
        {
          "type": "TEXT",
          "count": 339,
          "shortest_values": "None",
          "longest_values": "New Program",
          "average_length": 4.536873156342183
        }
      ]
    },
    {
      "column_name": "REQ4",
      "number_non_empty_cells": 17,
      "number_empty_cells": 702,
      "number_distinct_values": 3,
      "frequent_values": [
        "",
        "Review of Attendance & Punctuality",
        "Interview"
      ],
      "data_types": [
        {
          "type": "TEXT",
          "count": 17,
          "shortest_values": "Interview",
          "longest_values": "Review of Attendance & Punctuality",
          "average_length": 32.529411764705884
        }
      ]
    },
    {
      "column_name": "audgrp02",
      "number_non_empty_cells": 95,
      "number_empty_cells": 624,
      "number_distinct_values": 21,
      "frequent_values": [
        "",
        "Last name A-L for single audition (Music only or Art only)",
        "All students",
        "Instrumental & Vocal Music and Studio Theatre; Last Name D - F",
        "All Auditioning Students"
      ],
      "data_types": [
        {
          "type": "TEXT",
          "count": 95,
          "shortest_values": "Dance",
          "longest_values": "Brooklyn A - L Students auditioning for a single studio except Technical Theatre",
          "average_length": 32.95789473684211
        }
      ]
    },
    {
      "column_name": "audgrp09",
      "number_non_empty_cells": 19,
      "number_empty_cells": 700,
      "number_distinct_values": 4,
      "frequent_values": [
        "",
        "Fine and Visual Arts; Last Name G-L",
        "All Students (Dance, Drama, Vocal Music, Instrumental Music, Visual Arts)",
        "Manhattan A - Z Students auditioning for two or more* studios or Technical Theatre"
      ],
      "data_types": [
        {
          "type": "TEXT",
          "count": 19,
          "shortest_values": "Fine and Visual Arts; Last Name G-L",
          "longest_values": "Manhattan A - Z Students auditioning for two or more* studios or Technical Theatre",
          "average_length": 61.8421052631579
        }
      ]
    },
    {
      "column_name": "start06",
      "number_non_empty_cells": 56,
      "number_empty_cells": 663,
      "number_distinct_values": 7,
      "frequent_values": [
        "",
        "4:00 PM",
        "12:00 PM",
        "11:30 AM",
        "8:30 AM"
      ],
      "data_types": [
        {
          "type": "DATE/TIME",
          "count": 56,
          "max_value": "4:00 PM",
          "min_value": "7:30 AM"
        }
      ]
    },
    {
      "column_name": "STM",
      "number_non_empty_cells": 236,
      "number_empty_cells": 483,
      "number_distinct_values": 5,
      "frequent_values": [
        "",
        "4-Mar",
        "4-Feb",
        "N/A",
        "4-Jan"
      ],
      "data_types": [
        {
          "type": "DATE/TIME",
          "count": 177,
          "max_value": "4-Mar",
          "min_value": "4-Jan"
        },
        {
          "type": "TEXT",
          "count": 59,
          "shortest_values": "N/A",
          "longest_values": "N/A",
          "average_length": 3.0
        }
      ]
    },
    {
      "column_name": "audgrp07",
      "number_non_empty_cells": 36,
      "number_empty_cells": 683,
      "number_distinct_values": 7,
      "frequent_values": [
        "",
        "Last name M-Z for single audition & Last name A-Z for multiple auditions",
        "Instrumental & Vocal Music and Studio Theatre; Last Name V - Z",
        "All Students (Dance, Drama, Vocal Music, Instrumental Music, Visual Arts)",
        "Manhattan M - R Students auditioning for a single studio except Technical Theatre"
      ],
      "data_types": [
        {
          "type": "TEXT",
          "count": 36,
          "shortest_values": "Dance",
          "longest_values": "Manhattan M - R Students auditioning for a single studio except Technical Theatre",
          "average_length": 60.638888888888886
        }
      ]
    },
    {
      "column_name": "date07",
      "number_non_empty_cells": 36,
      "number_empty_cells": 683,
      "number_distinct_values": 6,
      "frequent_values": [
        "",
        "Saturday, 11/16/2013",
        "Saturday, 1/4/2014",
        "Saturday, 11/23/2013",
        "Sunday, 11/24/2013"
      ],
      "data_types": [
        {
          "type": "DATE/TIME",
          "count": 36,
          "max_value": "Saturday, 1/4/2014",
          "min_value": "Saturday, 11/16/2013"
        }
      ]
    },
    {
      "column_name": "date13",
      "number_non_empty_cells": 6,
      "number_empty_cells": 713,
      "number_distinct_values": 2,
      "frequent_values": [
        "",
        "Sunday, 12/8/2013"
      ],
      "data_types": [
        {
          "type": "DATE/TIME",
          "count": 6,
          "max_value": "Sunday, 12/8/2013",
          "min_value": "Sunday, 12/8/2013"
        }
      ]
    },
    {
      "column_name": "audgrp14",
      "number_non_empty_cells": 6,
      "number_empty_cells": 713,
      "number_distinct_values": 2,
      "frequent_values": [
        "",
        "Queens/Staten Island A - Z Students auditioning for two or more* studios or Technical Theatre"
      ],
      "data_types": [
        {
          "type": "TEXT",
          "count": 6,
          "shortest_values": "Queens/Staten Island A - Z Students auditioning for two or more* studios or Technical Theatre",
          "longest_values": "Queens/Staten Island A - Z Students auditioning for two or more* studios or Technical Theatre",
          "average_length": 93.0
        }
      ]
    },
    {
      "column_name": "date03",
      "number_non_empty_cells": 89,
      "number_empty_cells": 630,
      "number_distinct_values": 17,
      "frequent_values": [
        "",
        "Sunday, 11/3/2013",
        "Wednesday, 11/13/2013",
        "Saturday, 11/9/2013",
        "Saturday, 11/16/2013"
      ],
      "data_types": [
        {
          "type": "DATE/TIME",
          "count": 89,
          "max_value": "Wednesday, 1/29/2014",
          "min_value": "Saturday, 10/26/2013"
        }
      ]
    },
    {
      "column_name": "date04",
      "number_non_empty_cells": 79,
      "number_empty_cells": 640,
      "number_distinct_values": 14,
      "frequent_values": [
        "",
        "Sunday, 11/17/2013",
        "Friday, 11/15/2013",
        "Saturday, 11/16/2013",
        "Thursday, 1/30/2014"
      ],
      "data_types": [
        {
          "type": "DATE/TIME",
          "count": 79,
          "max_value": "Thursday, 1/30/2014",
          "min_value": "Saturday, 11/2/2013"
        }
      ]
    },
    {
      "column_name": "date11",
      "number_non_empty_cells": 13,
      "number_empty_cells": 706,
      "number_distinct_values": 3,
      "frequent_values": [
        "",
        "Saturday, 11/23/2013",
        "Sunday, 11/24/2013"
      ],
      "data_types": [
        {
          "type": "DATE/TIME",
          "count": 13,
          "max_value": "Sunday, 11/24/2013",
          "min_value": "Saturday, 11/23/2013"
        }
      ]
    }
  ]
}