{
  "dataset_name": "j2sr-pm3b.tsv.gz",
  "key_column_candidates": [
    "Grade",
    "Year",
    "Category",
    "Number Tested",
    "Mean Scale Score",
    "Level 1 #",
    "Level 1 %",
    "Level 2 #",
    "Level 2 %",
    "Level 3 #",
    "Level 3 %",
    "Level 4 #",
    "Level 4 %",
    "Level 3+4 #",
    "Level 3+4 %"
  ],
  "columns": [
    {
      "column_name": "Level 3+4 #",
      "number_non_empty_cells": 42,
      "number_empty_cells": 0,
      "number_distinct_values": 42,
      "frequent_values": [
        "55268",
        "51378",
        "45655",
        "38968",
        "33081"
      ],
      "data_types": [
        {
          "type": "INTEGER (LONG)",
          "count": 42,
          "max_value": 346283,
          "min_value": 29648,
          "mean": 79710.95238095238
        }
      ]
    },
    {
      "column_name": "Level 1 %",
      "number_non_empty_cells": 42,
      "number_empty_cells": 0,
      "number_distinct_values": 35,
      "frequent_values": [
        "10.3",
        "13.3",
        "18.8",
        "11",
        "10.6"
      ],
      "data_types": [
        {
          "type": "REAL",
          "count": 36,
          "max_value": 24.2,
          "min_value": 1.3,
          "mean": 9.136111111111113
        },
        {
          "type": "INTEGER (LONG)",
          "count": 6,
          "max_value": 18,
          "min_value": 5,
          "mean": 10.666666666666666
        }
      ]
    },
    {
      "column_name": "Level 3+4 %",
      "number_non_empty_cells": 42,
      "number_empty_cells": 0,
      "number_distinct_values": 41,
      "frequent_values": [
        "55.5",
        "75.3",
        "70.9",
        "61.3",
        "52.7"
      ],
      "data_types": [
        {
          "type": "INTEGER (LONG)",
          "count": 6,
          "max_value": 77,
          "min_value": 53,
          "mean": 61.0
        },
        {
          "type": "REAL",
          "count": 36,
          "max_value": 91.4,
          "min_value": 38.9,
          "mean": 65.65555555555557
        }
      ]
    },
    {
      "column_name": "Level 2 %",
      "number_non_empty_cells": 42,
      "number_empty_cells": 0,
      "number_distinct_values": 39,
      "frequent_values": [
        "35.4",
        "33",
        "15.6",
        "18.9",
        "25.4"
      ],
      "data_types": [
        {
          "type": "REAL",
          "count": 39,
          "max_value": 40.4,
          "min_value": 7.3,
          "mean": 25.07692307692308
        },
        {
          "type": "INTEGER (LONG)",
          "count": 3,
          "max_value": 34,
          "min_value": 33,
          "mean": 33.333333333333336
        }
      ]
    },
    {
      "column_name": "Level 3 #",
      "number_non_empty_cells": 42,
      "number_empty_cells": 0,
      "number_distinct_values": 42,
      "frequent_values": [
        "37330",
        "35614",
        "33056",
        "30329",
        "27189"
      ],
      "data_types": [
        {
          "type": "INTEGER (LONG)",
          "count": 42,
          "max_value": 236509,
          "min_value": 20660,
          "mean": 54269.19047619047
        }
      ]
    },
    {
      "column_name": "Category",
      "number_non_empty_cells": 42,
      "number_empty_cells": 0,
      "number_distinct_values": 1,
      "frequent_values": [
        "All Students"
      ],
      "data_types": [
        {
          "type": "TEXT",
          "count": 42,
          "shortest_values": "All Students",
          "longest_values": "All Students",
          "average_length": 12.0
        }
      ]
    },
    {
      "column_name": "Level 3 %",
      "number_non_empty_cells": 42,
      "number_empty_cells": 0,
      "number_distinct_values": 41,
      "frequent_values": [
        "50.2",
        "50.8",
        "49.1",
        "44.4",
        "41"
      ],
      "data_types": [
        {
          "type": "REAL",
          "count": 36,
          "max_value": 66.4,
          "min_value": 29.2,
          "mean": 43.797222222222246
        },
        {
          "type": "INTEGER (LONG)",
          "count": 6,
          "max_value": 56,
          "min_value": 36,
          "mean": 46.5
        }
      ]
    },
    {
      "column_name": "Level 4 #",
      "number_non_empty_cells": 42,
      "number_empty_cells": 0,
      "number_distinct_values": 42,
      "frequent_values": [
        "17938",
        "15764",
        "12599",
        "8639",
        "5892"
      ],
      "data_types": [
        {
          "type": "INTEGER (LONG)",
          "count": 42,
          "max_value": 109774,
          "min_value": 5605,
          "mean": 25441.761904761905
        }
      ]
    },
    {
      "column_name": "Level 4 %",
      "number_non_empty_cells": 42,
      "number_empty_cells": 0,
      "number_distinct_values": 38,
      "frequent_values": [
        "25.2",
        "22.1",
        "23.2",
        "24.4",
        "21.7"
      ],
      "data_types": [
        {
          "type": "INTEGER (LONG)",
          "count": 3,
          "max_value": 25,
          "min_value": 9,
          "mean": 19.0
        },
        {
          "type": "REAL",
          "count": 39,
          "max_value": 34.7,
          "min_value": 7.3,
          "mean": 20.941025641025647
        }
      ]
    },
    {
      "column_name": "Level 1 #",
      "number_non_empty_cells": 42,
      "number_empty_cells": 0,
      "number_distinct_values": 42,
      "frequent_values": [
        "6714",
        "7455",
        "9883",
        "13322",
        "14231"
      ],
      "data_types": [
        {
          "type": "INTEGER (LONG)",
          "count": 42,
          "max_value": 70090,
          "min_value": 922,
          "mean": 11601.333333333334
        }
      ]
    },
    {
      "column_name": "Grade",
      "number_non_empty_cells": 42,
      "number_empty_cells": 0,
      "number_distinct_values": 7,
      "frequent_values": [
        "3",
        "4",
        "5",
        "6",
        "7"
      ],
      "data_types": [
        {
          "type": "TEXT",
          "count": 6,
          "shortest_values": "All Grades",
          "longest_values": "All Grades",
          "average_length": 10.0
        },
        {
          "type": "INTEGER (LONG)",
          "count": 36,
          "max_value": 8,
          "min_value": 3,
          "mean": 5.5
        }
      ]
    },
    {
      "column_name": "Level 2 #",
      "number_non_empty_cells": 42,
      "number_empty_cells": 0,
      "number_distinct_values": 42,
      "frequent_values": [
        "11431",
        "13668",
        "18916",
        "21710",
        "28231"
      ],
      "data_types": [
        {
          "type": "INTEGER (LONG)",
          "count": 42,
          "max_value": 150751,
          "min_value": 5196,
          "mean": 31639.0
        }
      ]
    },
    {
      "column_name": "Mean Scale Score",
      "number_non_empty_cells": 42,
      "number_empty_cells": 0,
      "number_distinct_values": 30,
      "frequent_values": [
        "674",
        "675",
        "685",
        "683",
        "665"
      ],
      "data_types": [
        {
          "type": "INTEGER (LONG)",
          "count": 42,
          "max_value": 690,
          "min_value": 640,
          "mean": 671.9761904761905
        }
      ]
    },
    {
      "column_name": "Year",
      "number_non_empty_cells": 42,
      "number_empty_cells": 0,
      "number_distinct_values": 6,
      "frequent_values": [
        "2006",
        "2007",
        "2008",
        "2009",
        "2010"
      ],
      "data_types": [
        {
          "type": "INTEGER (LONG)",
          "count": 42,
          "max_value": 2011,
          "min_value": 2006,
          "mean": 2008.5
        }
      ]
    },
    {
      "column_name": "Number Tested",
      "number_non_empty_cells": 42,
      "number_empty_cells": 0,
      "number_distinct_values": 42,
      "frequent_values": [
        "73413",
        "72501",
        "74454",
        "74000",
        "75543"
      ],
      "data_types": [
        {
          "type": "INTEGER (LONG)",
          "count": 42,
          "max_value": 446197,
          "min_value": 69246,
          "mean": 122951.28571428571
        }
      ]
    }
  ]
}