{
  "dataset_name": "j7wr-gf2w.tsv.gz",
  "key_column_candidates": [
    "Grade",
    "Year",
    "Category",
    "Number Tested",
    "Mean Scale Score",
    "Level 1 #",
    "Level 1 %",
    "Level 2 #",
    "Level 2 %",
    "Level 3 #",
    "Level 3 %",
    "Level 4 #",
    "Level 4 %",
    "Level 3+4 #",
    "Level 3+4 %"
  ],
  "columns": [
    {
      "column_name": "Level 3+4 #",
      "number_non_empty_cells": 84,
      "number_empty_cells": 0,
      "number_distinct_values": 84,
      "frequent_values": [
        "20093",
        "21089",
        "21285",
        "25510",
        "16809"
      ],
      "data_types": [
        {
          "type": "INTEGER (LONG)",
          "count": 84,
          "max_value": 148586,
          "min_value": 10688,
          "mean": 31147.85714285714
        }
      ]
    },
    {
      "column_name": "Level 3+4 %",
      "number_non_empty_cells": 84,
      "number_empty_cells": 0,
      "number_distinct_values": 76,
      "frequent_values": [
        "41.9",
        "66.7",
        "49.7",
        "53.4",
        "62.5"
      ],
      "data_types": [
        {
          "type": "REAL",
          "count": 71,
          "max_value": 77.3,
          "min_value": 29.6,
          "mean": 51.898591549295766
        },
        {
          "type": "INTEGER (LONG)",
          "count": 13,
          "max_value": 77,
          "min_value": 32,
          "mean": 56.0
        }
      ]
    },
    {
      "column_name": "Level 1 %",
      "number_non_empty_cells": 84,
      "number_empty_cells": 0,
      "number_distinct_values": 71,
      "frequent_values": [
        "8.7",
        "12.4",
        "9",
        "7.6",
        "1.9"
      ],
      "data_types": [
        {
          "type": "REAL",
          "count": 77,
          "max_value": 20.9,
          "min_value": 0.1,
          "mean": 9.48311688311688
        },
        {
          "type": "INTEGER (LONG)",
          "count": 7,
          "max_value": 18,
          "min_value": 4,
          "mean": 10.857142857142858
        }
      ]
    },
    {
      "column_name": "Level 2 %",
      "number_non_empty_cells": 84,
      "number_empty_cells": 0,
      "number_distinct_values": 75,
      "frequent_values": [
        "28.5",
        "26.1",
        "41.1",
        "37.6",
        "44.4"
      ],
      "data_types": [
        {
          "type": "REAL",
          "count": 75,
          "max_value": 55.7,
          "min_value": 22.3,
          "mean": 37.68399999999998
        },
        {
          "type": "INTEGER (LONG)",
          "count": 9,
          "max_value": 51,
          "min_value": 21,
          "mean": 39.333333333333336
        }
      ]
    },
    {
      "column_name": "Level 3 #",
      "number_non_empty_cells": 84,
      "number_empty_cells": 0,
      "number_distinct_values": 84,
      "frequent_values": [
        "18211",
        "18637",
        "18315",
        "22245",
        "11901"
      ],
      "data_types": [
        {
          "type": "INTEGER (LONG)",
          "count": 84,
          "max_value": 133835,
          "min_value": 9576,
          "mean": 28137.380952380954
        }
      ]
    },
    {
      "column_name": "Level 1 #",
      "number_non_empty_cells": 84,
      "number_empty_cells": 0,
      "number_distinct_values": 83,
      "frequent_values": [
        "1317",
        "2616",
        "3460",
        "2163",
        "1502"
      ],
      "data_types": [
        {
          "type": "INTEGER (LONG)",
          "count": 84,
          "max_value": 38411,
          "min_value": 36,
          "mean": 5736.0952380952385
        }
      ]
    },
    {
      "column_name": "Level 4 %",
      "number_non_empty_cells": 84,
      "number_empty_cells": 0,
      "number_distinct_values": 57,
      "frequent_values": [
        "4.3",
        "4.8",
        "3.3",
        "5.5",
        "3.8"
      ],
      "data_types": [
        {
          "type": "INTEGER (LONG)",
          "count": 7,
          "max_value": 7,
          "min_value": 2,
          "mean": 4.0
        },
        {
          "type": "REAL",
          "count": 77,
          "max_value": 14.5,
          "min_value": 0.6,
          "mean": 5.202597402597404
        }
      ]
    },
    {
      "column_name": "Category",
      "number_non_empty_cells": 84,
      "number_empty_cells": 0,
      "number_distinct_values": 2,
      "frequent_values": [
        "Female",
        "Male"
      ],
      "data_types": [
        {
          "type": "TEXT",
          "count": 84,
          "shortest_values": "Male",
          "longest_values": "Female",
          "average_length": 5.0
        }
      ]
    },
    {
      "column_name": "Level 3 %",
      "number_non_empty_cells": 84,
      "number_empty_cells": 0,
      "number_distinct_values": 76,
      "frequent_values": [
        "50.2",
        "44.5",
        "38.5",
        "45.7",
        "48.2"
      ],
      "data_types": [
        {
          "type": "REAL",
          "count": 76,
          "max_value": 70.3,
          "min_value": 27.2,
          "mean": 46.9
        },
        {
          "type": "INTEGER (LONG)",
          "count": 8,
          "max_value": 66,
          "min_value": 29,
          "mean": 52.5
        }
      ]
    },
    {
      "column_name": "Level 4 #",
      "number_non_empty_cells": 84,
      "number_empty_cells": 0,
      "number_distinct_values": 84,
      "frequent_values": [
        "1882",
        "2452",
        "2970",
        "3265",
        "4908"
      ],
      "data_types": [
        {
          "type": "INTEGER (LONG)",
          "count": 84,
          "max_value": 17776,
          "min_value": 202,
          "mean": 3010.4761904761904
        }
      ]
    },
    {
      "column_name": "Grade",
      "number_non_empty_cells": 84,
      "number_empty_cells": 0,
      "number_distinct_values": 7,
      "frequent_values": [
        "3",
        "4",
        "5",
        "6",
        "7"
      ],
      "data_types": [
        {
          "type": "INTEGER (LONG)",
          "count": 72,
          "max_value": 8,
          "min_value": 3,
          "mean": 5.5
        },
        {
          "type": "TEXT",
          "count": 12,
          "shortest_values": "All Grades",
          "longest_values": "All Grades",
          "average_length": 10.0
        }
      ]
    },
    {
      "column_name": "Year",
      "number_non_empty_cells": 84,
      "number_empty_cells": 0,
      "number_distinct_values": 6,
      "frequent_values": [
        "2006",
        "2007",
        "2008",
        "2009",
        "2010"
      ],
      "data_types": [
        {
          "type": "INTEGER (LONG)",
          "count": 84,
          "max_value": 2011,
          "min_value": 2006,
          "mean": 2008.5
        }
      ]
    },
    {
      "column_name": "Number Tested",
      "number_non_empty_cells": 84,
      "number_empty_cells": 0,
      "number_distinct_values": 84,
      "frequent_values": [
        "30109",
        "34691",
        "33390",
        "34209",
        "33810"
      ],
      "data_types": [
        {
          "type": "INTEGER (LONG)",
          "count": 84,
          "max_value": 219077,
          "min_value": 30109,
          "mean": 59497.19047619047
        }
      ]
    },
    {
      "column_name": "Mean Scale Score",
      "number_non_empty_cells": 84,
      "number_empty_cells": 0,
      "number_distinct_values": 33,
      "frequent_values": [
        "658",
        "656",
        "663",
        "659",
        "651"
      ],
      "data_types": [
        {
          "type": "INTEGER (LONG)",
          "count": 84,
          "max_value": 673,
          "min_value": 633,
          "mean": 656.5714285714286
        }
      ]
    },
    {
      "column_name": "Level 2 #",
      "number_non_empty_cells": 84,
      "number_empty_cells": 0,
      "number_distinct_values": 84,
      "frequent_values": [
        "7400",
        "10142",
        "9942",
        "7197",
        "11845"
      ],
      "data_types": [
        {
          "type": "INTEGER (LONG)",
          "count": 84,
          "max_value": 94974,
          "min_value": 7197,
          "mean": 22613.238095238095
        }
      ]
    }
  ]
}