{
  "dataset_name": "jgtb-hmpg.tsv.gz",
  "key_column_candidates": [
    "License Number",
    "Name",
    "Expiration Date",
    "Current Status",
    "DMV License Plate Number",
    "Vehicle VIN Number",
    "Vehicle Type",
    "Model Year",
    "Medallion Type",
    "Agent Number",
    "Suspension Date",
    "Suspension Reason",
    "Last Date Updated",
    "Last Time Updated"
  ],
  "columns": [
    {
      "column_name": "Vehicle Type",
      "number_non_empty_cells": 1165415,
      "number_empty_cells": 754485,
      "number_distinct_values": 6,
      "frequent_values": [
        "HYB",
        "",
        "WAV",
        "DSE",
        "LV1"
      ],
      "data_types": [
        {
          "type": "TEXT",
          "count": 1165415,
          "shortest_values": "HYB",
          "longest_values": "HYB",
          "average_length": 3.0
        }
      ]
    },
    {
      "column_name": "License Number",
      "number_non_empty_cells": 1919900,
      "number_empty_cells": 0,
      "number_distinct_values": 7086,
      "frequent_values": [
        "2B88",
        "1A16",
        "8V21",
        "6L24",
        "5D50"
      ],
      "data_types": [
        {
          "type": "DATE/TIME",
          "count": 330930,
          "max_value": "7P68",
          "min_value": "2T69"
        },
        {
          "type": "TEXT",
          "count": 1588970,
          "shortest_values": "5H88",
          "longest_values": "5H88",
          "average_length": 4.0
        }
      ]
    },
    {
      "column_name": "DMV License Plate Number",
      "number_non_empty_cells": 1919900,
      "number_empty_cells": 0,
      "number_distinct_values": 9268,
      "frequent_values": [
        "2B88C",
        "1A16A",
        "8V21B",
        "6L24H",
        "5D50B"
      ],
      "data_types": [
        {
          "type": "DATE/TIME",
          "count": 117299,
          "max_value": "6P68",
          "min_value": "8T69"
        },
        {
          "type": "TEXT",
          "count": 1802601,
          "shortest_values": "4G96",
          "longest_values": "Y100258C",
          "average_length": 4.911974973940434
        }
      ]
    },
    {
      "column_name": "Model Year",
      "number_non_empty_cells": 1919900,
      "number_empty_cells": 0,
      "number_distinct_values": 25,
      "frequent_values": [
        "2014",
        "2012",
        "000",
        "2013",
        "2011"
      ],
      "data_types": [
        {
          "type": "INTEGER (LONG)",
          "count": 1919900,
          "max_value": 2020,
          "min_value": 0,
          "mean": 1737.2141845929475
        }
      ]
    },
    {
      "column_name": "Vehicle VIN Number",
      "number_non_empty_cells": 1919900,
      "number_empty_cells": 0,
      "number_distinct_values": 6869,
      "frequent_values": [
        "*******N/A*******",
        "JTDKN3DU1A0101817",
        "2FAFP70W27X156710",
        "5TDZK3DC2DS324108",
        "4T4BF1FK2CR248190"
      ],
      "data_types": [
        {
          "type": "TEXT",
          "count": 1919900,
          "shortest_values": "4T1BD1FK0CU055603",
          "longest_values": "4T1BD1FK0CU055603",
          "average_length": 17.0
        }
      ]
    },
    {
      "column_name": "Medallion Type",
      "number_non_empty_cells": 1919900,
      "number_empty_cells": 0,
      "number_distinct_values": 2,
      "frequent_values": [
        "NAMED DRIVER",
        "OWNER MUST DRIVE"
      ],
      "data_types": [
        {
          "type": "TEXT",
          "count": 1919900,
          "shortest_values": "NAMED DRIVER",
          "longest_values": "OWNER MUST DRIVE",
          "average_length": 13.354966404500235
        }
      ]
    },
    {
      "column_name": "Last Time Updated",
      "number_non_empty_cells": 1919900,
      "number_empty_cells": 0,
      "number_distinct_values": 12,
      "frequent_values": [
        "13:20",
        "23:30",
        "09:48",
        "14:04",
        "14:30"
      ],
      "data_types": [
        {
          "type": "DATE/TIME",
          "count": 1919900,
          "max_value": "23:30",
          "min_value": "09:48"
        }
      ]
    },
    {
      "column_name": "Agent Number",
      "number_non_empty_cells": 1820032,
      "number_empty_cells": 99868,
      "number_distinct_values": 68,
      "frequent_values": [
        "000",
        "",
        "102",
        "253",
        "314"
      ],
      "data_types": [
        {
          "type": "INTEGER (LONG)",
          "count": 1820032,
          "max_value": 999,
          "min_value": 0,
          "mean": 48.953609057423165
        }
      ]
    },
    {
      "column_name": "Name",
      "number_non_empty_cells": 1919900,
      "number_empty_cells": 0,
      "number_distinct_values": 6366,
      "frequent_values": [
        "MEDALLION AUCTION WINNER",
        "BUNDI CAB CORP.",
        "NISTHAUZ, MARIO",
        "MAGYAR CAB CORP.",
        "ANDRAS CAB CORP."
      ],
      "data_types": [
        {
          "type": "DATE/TIME",
          "count": 64,
          "max_value": "7A1436, LLC",
          "min_value": "7A1436, LLC"
        },
        {
          "type": "TEXT",
          "count": 1919836,
          "shortest_values": "TEST",
          "longest_values": "JAFOR ABU MOHAMMED & MOHAMMAD Z RAHMAN & MOHAMMAD A KALAM",
          "average_length": 16.85988438595797
        }
      ]
    },
    {
      "column_name": "Suspension Date",
      "number_non_empty_cells": 1919900,
      "number_empty_cells": 0,
      "number_distinct_values": 2178,
      "frequent_values": [
        "04/08/2019",
        "07/13/2018",
        "07/06/2018",
        "04/20/2017",
        "03/20/2018"
      ],
      "data_types": [
        {
          "type": "DATE/TIME",
          "count": 1919900,
          "max_value": "09/28/2019",
          "min_value": "07/19/1991"
        }
      ]
    },
    {
      "column_name": "Last Date Updated",
      "number_non_empty_cells": 1919900,
      "number_empty_cells": 0,
      "number_distinct_values": 2124,
      "frequent_values": [
        "01/31/2018",
        "08/01/2018",
        "08/25/2019",
        "08/24/2019",
        "08/26/2019"
      ],
      "data_types": [
        {
          "type": "DATE/TIME",
          "count": 1919900,
          "max_value": "09/28/2019",
          "min_value": "05/28/2013"
        }
      ]
    },
    {
      "column_name": "Suspension Reason",
      "number_non_empty_cells": 1919900,
      "number_empty_cells": 0,
      "number_distinct_values": 3353,
      "frequent_values": [
        "LICENSING UNIT",
        "INQUEST",
        "IN STORAGE",
        "FAILURE TO INSPECT",
        "ACCOUNTS RECEIVABLE"
      ],
      "data_types": [
        {
          "type": "TEXT",
          "count": 1919900,
          "shortest_values": "INQUEST",
          "longest_values": "TXF106764/ALJ-TEMPORARY SUSP.",
          "average_length": 16.218638470753685
        }
      ]
    },
    {
      "column_name": "Expiration Date",
      "number_non_empty_cells": 1919900,
      "number_empty_cells": 0,
      "number_distinct_values": 16,
      "frequent_values": [
        "05/31/2018",
        "05/31/2019",
        "05/31/2016",
        "05/31/2020",
        "05/31/2017"
      ],
      "data_types": [
        {
          "type": "DATE/TIME",
          "count": 1824656,
          "max_value": "05/31/2021",
          "min_value": "05/31/1999"
        },
        {
          "type": "TEXT",
          "count": 95244,
          "shortest_values": "//",
          "longest_values": "MEDALLION",
          "average_length": 8.999779513670152
        }
      ]
    },
    {
      "column_name": "Current Status",
      "number_non_empty_cells": 1919900,
      "number_empty_cells": 0,
      "number_distinct_values": 6,
      "frequent_values": [
        "SUS",
        "STO",
        "PEN",
        "REV",
        "OOB"
      ],
      "data_types": [
        {
          "type": "TEXT",
          "count": 1919900,
          "shortest_values": "SUS",
          "longest_values": "SUS",
          "average_length": 3.0
        }
      ]
    }
  ]
}