{
  "dataset_name": "jkiz-wt49.tsv.gz",
  "key_column_candidates": [
    "Cohort Year",
    "Cohort Category",
    "Demographic",
    "Total Cohort Num",
    "Total Grads Num",
    "Total Grads Pct of cohort",
    "Total Regents Num",
    "Total Regents Pct of cohort",
    "Total Regents Pct of grads",
    "Advanced Regents Num",
    "Advanced Regents Pct of cohort",
    "Advanced Regents Pct of grads",
    "Regents w/o Advanced Num",
    "Regents w/o Advanced Pct of cohort",
    "Regents w/o Advanced Pct of grads",
    "Local Num",
    "Local Pct of cohort",
    "Local Pct of grads",
    "Still Enrolled Num",
    "Still Enrolled Pct of cohort",
    "Dropped Out Num",
    "Dropped Out Pct of cohort"
  ],
  "columns": [
    {
      "column_name": "Total Cohort Num",
      "number_non_empty_cells": 46,
      "number_empty_cells": 0,
      "number_distinct_values": 26,
      "frequent_values": [
        "64,593",
        "67,537",
        "9,550",
        "6,974",
        "64,766"
      ],
      "data_types": [
        {
          "type": "DATE/TIME",
          "count": 11,
          "max_value": "6,974",
          "min_value": "9,122"
        },
        {
          "type": "TEXT",
          "count": 35,
          "shortest_values": "64,593",
          "longest_values": "64,593",
          "average_length": 6.0
        }
      ]
    },
    {
      "column_name": "Advanced Regents Pct of grads",
      "number_non_empty_cells": 46,
      "number_empty_cells": 0,
      "number_distinct_values": 36,
      "frequent_values": [
        "1.90%",
        "25.10%",
        " n/a ",
        "27.10%",
        "2.30%"
      ],
      "data_types": [
        {
          "type": "TEXT",
          "count": 46,
          "shortest_values": " n/a ",
          "longest_values": "28.00%",
          "average_length": 5.478260869565218
        }
      ]
    },
    {
      "column_name": "Advanced Regents Pct of cohort",
      "number_non_empty_cells": 46,
      "number_empty_cells": 0,
      "number_distinct_values": 21,
      "frequent_values": [
        "1.10%",
        "19.30%",
        "19.20%",
        "0.40%",
        "0.50%"
      ],
      "data_types": [
        {
          "type": "TEXT",
          "count": 46,
          "shortest_values": " n/a ",
          "longest_values": "14.30%",
          "average_length": 5.478260869565218
        }
      ]
    },
    {
      "column_name": "Dropped Out Pct of cohort",
      "number_non_empty_cells": 46,
      "number_empty_cells": 0,
      "number_distinct_values": 35,
      "frequent_values": [
        "10.60%",
        "20.20%",
        "17.50%",
        "12.20%",
        "10.40%"
      ],
      "data_types": [
        {
          "type": "TEXT",
          "count": 46,
          "shortest_values": "20.20%",
          "longest_values": "20.20%",
          "average_length": 6.0
        }
      ]
    },
    {
      "column_name": "Total Regents Num",
      "number_non_empty_cells": 46,
      "number_empty_cells": 0,
      "number_distinct_values": 46,
      "frequent_values": [
        "21,941",
        "23,647",
        "24,053",
        "24,798",
        "27,152"
      ],
      "data_types": [
        {
          "type": "INTEGER (LONG)",
          "count": 15,
          "max_value": 993,
          "min_value": 256,
          "mean": 555.8666666666667
        },
        {
          "type": "TEXT",
          "count": 23,
          "shortest_values": "21,941",
          "longest_values": "21,941",
          "average_length": 6.0
        },
        {
          "type": "DATE/TIME",
          "count": 8,
          "max_value": "1,593",
          "min_value": "1,113"
        }
      ]
    },
    {
      "column_name": "Regents w/o Advanced Pct of cohort",
      "number_non_empty_cells": 46,
      "number_empty_cells": 0,
      "number_distinct_values": 42,
      "frequent_values": [
        "10.50%",
        " n/a ",
        "41.20%",
        "19.70%",
        "22.00%"
      ],
      "data_types": [
        {
          "type": "TEXT",
          "count": 46,
          "shortest_values": " n/a ",
          "longest_values": "19.70%",
          "average_length": 5.608695652173913
        }
      ]
    },
    {
      "column_name": "Advanced Regents Num",
      "number_non_empty_cells": 46,
      "number_empty_cells": 0,
      "number_distinct_values": 35,
      "frequent_values": [
        "113",
        " n/a ",
        "12,942",
        "38",
        "37"
      ],
      "data_types": [
        {
          "type": "DATE/TIME",
          "count": 6,
          "max_value": "9,731",
          "min_value": "9,211"
        },
        {
          "type": "INTEGER (LONG)",
          "count": 22,
          "max_value": 133,
          "min_value": 35,
          "mean": 90.4090909090909
        },
        {
          "type": "TEXT",
          "count": 18,
          "shortest_values": " n/a ",
          "longest_values": "11,284",
          "average_length": 5.888888888888889
        }
      ]
    },
    {
      "column_name": "Total Regents Pct of grads",
      "number_non_empty_cells": 46,
      "number_empty_cells": 0,
      "number_distinct_values": 46,
      "frequent_values": [
        "66.80%",
        "60.10%",
        "58.20%",
        "70.30%",
        "64.30%"
      ],
      "data_types": [
        {
          "type": "TEXT",
          "count": 46,
          "shortest_values": "66.80%",
          "longest_values": "66.80%",
          "average_length": 6.0
        }
      ]
    },
    {
      "column_name": "Demographic",
      "number_non_empty_cells": 46,
      "number_empty_cells": 0,
      "number_distinct_values": 2,
      "frequent_values": [
        "Not Student with Disability",
        "Student with Disability"
      ],
      "data_types": [
        {
          "type": "TEXT",
          "count": 46,
          "shortest_values": "Student with Disability",
          "longest_values": "Not Student with Disability",
          "average_length": 25.0
        }
      ]
    },
    {
      "column_name": "Cohort Category",
      "number_non_empty_cells": 46,
      "number_empty_cells": 0,
      "number_distinct_values": 6,
      "frequent_values": [
        "4 Year  June",
        "5 Year",
        "6 Year",
        "4 Year August",
        "5 Year  June"
      ],
      "data_types": [
        {
          "type": "TEXT",
          "count": 46,
          "shortest_values": "5 Year",
          "longest_values": "4 Year August",
          "average_length": 9.608695652173912
        }
      ]
    },
    {
      "column_name": "Regents w/o Advanced Num",
      "number_non_empty_cells": 46,
      "number_empty_cells": 0,
      "number_distinct_values": 45,
      "frequent_values": [
        " n/a ",
        "12,730",
        "14,236",
        "14,620",
        "15,398"
      ],
      "data_types": [
        {
          "type": "DATE/TIME",
          "count": 7,
          "max_value": "1,030",
          "min_value": "1,142"
        },
        {
          "type": "INTEGER (LONG)",
          "count": 14,
          "max_value": 879,
          "min_value": 218,
          "mean": 468.5
        },
        {
          "type": "TEXT",
          "count": 25,
          "shortest_values": " n/a ",
          "longest_values": "12,730",
          "average_length": 5.88
        }
      ]
    },
    {
      "column_name": "Regents w/o Advanced Pct of grads",
      "number_non_empty_cells": 46,
      "number_empty_cells": 0,
      "number_distinct_values": 45,
      "frequent_values": [
        " n/a ",
        "38.70%",
        "36.20%",
        "35.40%",
        "43.70%"
      ],
      "data_types": [
        {
          "type": "TEXT",
          "count": 46,
          "shortest_values": " n/a ",
          "longest_values": "38.70%",
          "average_length": 5.956521739130435
        }
      ]
    },
    {
      "column_name": "Still Enrolled Num",
      "number_non_empty_cells": 46,
      "number_empty_cells": 0,
      "number_distinct_values": 45,
      "frequent_values": [
        "2,528",
        "18,305",
        "7,386",
        "3,287",
        "18,972"
      ],
      "data_types": [
        {
          "type": "DATE/TIME",
          "count": 29,
          "max_value": "5,061",
          "min_value": "4,202"
        },
        {
          "type": "INTEGER (LONG)",
          "count": 5,
          "max_value": 949,
          "min_value": 609,
          "mean": 787.0
        },
        {
          "type": "TEXT",
          "count": 12,
          "shortest_values": "1,000",
          "longest_values": "18,305",
          "average_length": 5.916666666666667
        }
      ]
    },
    {
      "column_name": "Total Grads Pct of cohort",
      "number_non_empty_cells": 46,
      "number_empty_cells": 0,
      "number_distinct_values": 44,
      "frequent_values": [
        "27.20%",
        "30.70%",
        "50.90%",
        "60.90%",
        "63.90%"
      ],
      "data_types": [
        {
          "type": "TEXT",
          "count": 46,
          "shortest_values": "50.90%",
          "longest_values": "50.90%",
          "average_length": 6.0
        }
      ]
    },
    {
      "column_name": "Total Regents Pct of cohort",
      "number_non_empty_cells": 46,
      "number_empty_cells": 0,
      "number_distinct_values": 43,
      "frequent_values": [
        "3.00%",
        "8.90%",
        "11.60%",
        "34.00%",
        "36.60%"
      ],
      "data_types": [
        {
          "type": "TEXT",
          "count": 46,
          "shortest_values": "3.00%",
          "longest_values": "34.00%",
          "average_length": 5.673913043478261
        }
      ]
    },
    {
      "column_name": "Local Pct of grads",
      "number_non_empty_cells": 46,
      "number_empty_cells": 0,
      "number_distinct_values": 46,
      "frequent_values": [
        "33.30%",
        "40.10%",
        "42.10%",
        "29.80%",
        "36.40%"
      ],
      "data_types": [
        {
          "type": "TEXT",
          "count": 46,
          "shortest_values": "33.30%",
          "longest_values": "33.30%",
          "average_length": 6.0
        }
      ]
    },
    {
      "column_name": "Local Num",
      "number_non_empty_cells": 46,
      "number_empty_cells": 0,
      "number_distinct_values": 46,
      "frequent_values": [
        "10,937",
        "15,777",
        "17,392",
        "10,501",
        "15,360"
      ],
      "data_types": [
        {
          "type": "INTEGER (LONG)",
          "count": 1,
          "max_value": 988,
          "min_value": 988,
          "mean": 988.0
        },
        {
          "type": "TEXT",
          "count": 18,
          "shortest_values": "10,937",
          "longest_values": "10,937",
          "average_length": 6.0
        },
        {
          "type": "DATE/TIME",
          "count": 27,
          "max_value": "1,944",
          "min_value": "2,125"
        }
      ]
    },
    {
      "column_name": "Total Grads Num",
      "number_non_empty_cells": 46,
      "number_empty_cells": 0,
      "number_distinct_values": 46,
      "frequent_values": [
        "32,863",
        "39,364",
        "41,293",
        "35,265",
        "42,249"
      ],
      "data_types": [
        {
          "type": "DATE/TIME",
          "count": 23,
          "max_value": "2,058",
          "min_value": "4,103"
        },
        {
          "type": "TEXT",
          "count": 23,
          "shortest_values": "32,863",
          "longest_values": "32,863",
          "average_length": 6.0
        }
      ]
    },
    {
      "column_name": "Cohort Year",
      "number_non_empty_cells": 46,
      "number_empty_cells": 0,
      "number_distinct_values": 7,
      "frequent_values": [
        "2004",
        "2005",
        "2006",
        "2001",
        "2002"
      ],
      "data_types": [
        {
          "type": "INTEGER (LONG)",
          "count": 46,
          "max_value": 2007,
          "min_value": 2001,
          "mean": 2004.0
        }
      ]
    },
    {
      "column_name": "Local Pct of cohort",
      "number_non_empty_cells": 46,
      "number_empty_cells": 0,
      "number_distinct_values": 39,
      "frequent_values": [
        "24.40%",
        "15.50%",
        "22.30%",
        "15.60%",
        "18.10%"
      ],
      "data_types": [
        {
          "type": "TEXT",
          "count": 46,
          "shortest_values": "6.70%",
          "longest_values": "16.90%",
          "average_length": 5.956521739130435
        }
      ]
    },
    {
      "column_name": "Still Enrolled Pct of cohort",
      "number_non_empty_cells": 46,
      "number_empty_cells": 0,
      "number_distinct_values": 42,
      "frequent_values": [
        "37.30%",
        "5.10%",
        "20.70%",
        "28.30%",
        "11.40%"
      ],
      "data_types": [
        {
          "type": "TEXT",
          "count": 46,
          "shortest_values": "5.10%",
          "longest_values": "28.30%",
          "average_length": 5.695652173913044
        }
      ]
    },
    {
      "column_name": "Dropped Out Num",
      "number_non_empty_cells": 46,
      "number_empty_cells": 0,
      "number_distinct_values": 44,
      "frequent_values": [
        "2,185",
        "2,254",
        "13,062",
        "17,426",
        "19,482"
      ],
      "data_types": [
        {
          "type": "TEXT",
          "count": 14,
          "shortest_values": "13,062",
          "longest_values": "13,062",
          "average_length": 6.0
        },
        {
          "type": "DATE/TIME",
          "count": 32,
          "max_value": "4,056",
          "min_value": "3,101"
        }
      ]
    }
  ]
}