{
  "dataset_name": "jqy3-ybjq.tsv.gz",
  "key_column_candidates": [
    "JURISDICTION NAME",
    "COUNT PARTICIPANTS",
    "COUNT FEMALE",
    "PERCENT FEMALE",
    "COUNT MALE",
    "PERCENT MALE",
    "COUNT GENDER UNKNOWN",
    "PERCENT GENDER UNKNOWN",
    "COUNT GENDER TOTAL",
    "PERCENT GENDER TOTAL",
    "COUNT PACIFIC ISLANDER",
    "PERCENT PACIFIC ISLANDER",
    "COUNT HISPANIC LATINO",
    "PERCENT HISPANIC LATINO",
    "COUNT AMERICAN INDIAN",
    "PERCENT AMERICAN INDIAN",
    "COUNT ASIAN NON HISPANIC",
    "PERCENT ASIAN NON HISPANIC",
    "COUNT WHITE NON HISPANIC",
    "PERCENT WHITE NON HISPANIC",
    "COUNT BLACK NON HISPANIC",
    "PERCENT BLACK NON HISPANIC",
    "COUNT OTHER ETHNICITY",
    "PERCENT OTHER ETHNICITY",
    "COUNT ETHNICITY UNKNOWN",
    "PERCENT ETHNICITY UNKNOWN",
    "COUNT ETHNICITY TOTAL",
    "PERCENT ETHNICITY TOTAL",
    "COUNT PERMANENT RESIDENT ALIEN",
    "PERCENT PERMANENT RESIDENT ALIEN",
    "COUNT US CITIZEN",
    "PERCENT US CITIZEN",
    "COUNT OTHER CITIZEN STATUS",
    "PERCENT OTHER CITIZEN STATUS",
    "COUNT CITIZEN STATUS UNKNOWN",
    "PERCENT CITIZEN STATUS UNKNOWN",
    "COUNT CITIZEN STATUS TOTAL",
    "PERCENT CITIZEN STATUS TOTAL",
    "COUNT RECEIVES PUBLIC ASSISTANCE",
    "PERCENT RECEIVES PUBLIC ASSISTANCE",
    "COUNT NRECEIVES PUBLIC ASSISTANCE",
    "PERCENT NRECEIVES PUBLIC ASSISTANCE",
    "COUNT PUBLIC ASSISTANCE UNKNOWN",
    "PERCENT PUBLIC ASSISTANCE UNKNOWN",
    "COUNT PUBLIC ASSISTANCE TOTAL",
    "PERCENT PUBLIC ASSISTANCE TOTAL"
  ],
  "columns": [
    {
      "column_name": "PERCENT MALE",
      "number_non_empty_cells": 51,
      "number_empty_cells": 0,
      "number_distinct_values": 24,
      "frequent_values": [
        "0",
        "1",
        "0.5",
        "0.42",
        "0.4"
      ],
      "data_types": [
        {
          "type": "REAL",
          "count": 31,
          "max_value": 0.75,
          "min_value": 0.17,
          "mean": 0.40935483870967737
        },
        {
          "type": "INTEGER (LONG)",
          "count": 20,
          "max_value": 1,
          "min_value": 0,
          "mean": 0.25
        }
      ]
    },
    {
      "column_name": "PERCENT AMERICAN INDIAN",
      "number_non_empty_cells": 51,
      "number_empty_cells": 0,
      "number_distinct_values": 3,
      "frequent_values": [
        "0",
        "0.01",
        "0.05"
      ],
      "data_types": [
        {
          "type": "INTEGER (LONG)",
          "count": 48,
          "max_value": 0,
          "min_value": 0,
          "mean": 0.0
        },
        {
          "type": "REAL",
          "count": 3,
          "max_value": 0.05,
          "min_value": 0.01,
          "mean": 0.023333333333333334
        }
      ]
    },
    {
      "column_name": "PERCENT ETHNICITY TOTAL",
      "number_non_empty_cells": 51,
      "number_empty_cells": 0,
      "number_distinct_values": 3,
      "frequent_values": [
        "100",
        "0",
        "99"
      ],
      "data_types": [
        {
          "type": "INTEGER (LONG)",
          "count": 51,
          "max_value": 100,
          "min_value": 0,
          "mean": 78.2156862745098
        }
      ]
    },
    {
      "column_name": "PERCENT NRECEIVES PUBLIC ASSISTANCE",
      "number_non_empty_cells": 51,
      "number_empty_cells": 0,
      "number_distinct_values": 23,
      "frequent_values": [
        "0",
        "1",
        "0.67",
        "0.71",
        "0.63"
      ],
      "data_types": [
        {
          "type": "REAL",
          "count": 29,
          "max_value": 0.94,
          "min_value": 0.35,
          "mean": 0.6848275862068967
        },
        {
          "type": "INTEGER (LONG)",
          "count": 22,
          "max_value": 1,
          "min_value": 0,
          "mean": 0.4090909090909091
        }
      ]
    },
    {
      "column_name": "PERCENT PUBLIC ASSISTANCE UNKNOWN",
      "number_non_empty_cells": 51,
      "number_empty_cells": 0,
      "number_distinct_values": 1,
      "frequent_values": [
        "0"
      ],
      "data_types": [
        {
          "type": "INTEGER (LONG)",
          "count": 51,
          "max_value": 0,
          "min_value": 0,
          "mean": 0.0
        }
      ]
    },
    {
      "column_name": "COUNT ETHNICITY UNKNOWN",
      "number_non_empty_cells": 51,
      "number_empty_cells": 0,
      "number_distinct_values": 3,
      "frequent_values": [
        "0",
        "1",
        "4"
      ],
      "data_types": [
        {
          "type": "INTEGER (LONG)",
          "count": 51,
          "max_value": 4,
          "min_value": 0,
          "mean": 0.23529411764705882
        }
      ]
    },
    {
      "column_name": "COUNT PARTICIPANTS",
      "number_non_empty_cells": 51,
      "number_empty_cells": 0,
      "number_distinct_values": 31,
      "frequent_values": [
        "0",
        "1",
        "2",
        "15",
        "78"
      ],
      "data_types": [
        {
          "type": "INTEGER (LONG)",
          "count": 51,
          "max_value": 259,
          "min_value": 0,
          "mean": 41.23529411764706
        }
      ]
    },
    {
      "column_name": "COUNT CITIZEN STATUS TOTAL",
      "number_non_empty_cells": 51,
      "number_empty_cells": 0,
      "number_distinct_values": 31,
      "frequent_values": [
        "0",
        "1",
        "2",
        "15",
        "78"
      ],
      "data_types": [
        {
          "type": "INTEGER (LONG)",
          "count": 51,
          "max_value": 259,
          "min_value": 0,
          "mean": 41.23529411764706
        }
      ]
    },
    {
      "column_name": "COUNT FEMALE",
      "number_non_empty_cells": 51,
      "number_empty_cells": 0,
      "number_distinct_values": 28,
      "frequent_values": [
        "0",
        "1",
        "3",
        "6",
        "5"
      ],
      "data_types": [
        {
          "type": "INTEGER (LONG)",
          "count": 51,
          "max_value": 180,
          "min_value": 0,
          "mean": 26.11764705882353
        }
      ]
    },
    {
      "column_name": "COUNT GENDER UNKNOWN",
      "number_non_empty_cells": 51,
      "number_empty_cells": 0,
      "number_distinct_values": 1,
      "frequent_values": [
        "0"
      ],
      "data_types": [
        {
          "type": "INTEGER (LONG)",
          "count": 51,
          "max_value": 0,
          "min_value": 0,
          "mean": 0.0
        }
      ]
    },
    {
      "column_name": "COUNT PERMANENT RESIDENT ALIEN",
      "number_non_empty_cells": 51,
      "number_empty_cells": 0,
      "number_distinct_values": 9,
      "frequent_values": [
        "0",
        "1",
        "4",
        "3",
        "12"
      ],
      "data_types": [
        {
          "type": "INTEGER (LONG)",
          "count": 51,
          "max_value": 12,
          "min_value": 0,
          "mean": 1.7450980392156863
        }
      ]
    },
    {
      "column_name": "COUNT OTHER CITIZEN STATUS",
      "number_non_empty_cells": 51,
      "number_empty_cells": 0,
      "number_distinct_values": 4,
      "frequent_values": [
        "0",
        "1",
        "4",
        "2"
      ],
      "data_types": [
        {
          "type": "INTEGER (LONG)",
          "count": 51,
          "max_value": 4,
          "min_value": 0,
          "mean": 0.19607843137254902
        }
      ]
    },
    {
      "column_name": "COUNT HISPANIC LATINO",
      "number_non_empty_cells": 51,
      "number_empty_cells": 0,
      "number_distinct_values": 17,
      "frequent_values": [
        "0",
        "3",
        "1",
        "2",
        "36"
      ],
      "data_types": [
        {
          "type": "INTEGER (LONG)",
          "count": 51,
          "max_value": 103,
          "min_value": 0,
          "mean": 7.803921568627451
        }
      ]
    },
    {
      "column_name": "COUNT US CITIZEN",
      "number_non_empty_cells": 51,
      "number_empty_cells": 0,
      "number_distinct_values": 32,
      "frequent_values": [
        "0",
        "1",
        "9",
        "6",
        "3"
      ],
      "data_types": [
        {
          "type": "INTEGER (LONG)",
          "count": 51,
          "max_value": 252,
          "min_value": 0,
          "mean": 39.294117647058826
        }
      ]
    },
    {
      "column_name": "COUNT CITIZEN STATUS UNKNOWN",
      "number_non_empty_cells": 51,
      "number_empty_cells": 0,
      "number_distinct_values": 1,
      "frequent_values": [
        "0"
      ],
      "data_types": [
        {
          "type": "INTEGER (LONG)",
          "count": 51,
          "max_value": 0,
          "min_value": 0,
          "mean": 0.0
        }
      ]
    },
    {
      "column_name": "PERCENT OTHER CITIZEN STATUS",
      "number_non_empty_cells": 51,
      "number_empty_cells": 0,
      "number_distinct_values": 3,
      "frequent_values": [
        "0",
        "0.01",
        "0.02"
      ],
      "data_types": [
        {
          "type": "INTEGER (LONG)",
          "count": 47,
          "max_value": 0,
          "min_value": 0,
          "mean": 0.0
        },
        {
          "type": "REAL",
          "count": 4,
          "max_value": 0.02,
          "min_value": 0.01,
          "mean": 0.0125
        }
      ]
    },
    {
      "column_name": "PERCENT PACIFIC ISLANDER",
      "number_non_empty_cells": 51,
      "number_empty_cells": 0,
      "number_distinct_values": 2,
      "frequent_values": [
        "0",
        "0.01"
      ],
      "data_types": [
        {
          "type": "INTEGER (LONG)",
          "count": 49,
          "max_value": 0,
          "min_value": 0,
          "mean": 0.0
        },
        {
          "type": "REAL",
          "count": 2,
          "max_value": 0.01,
          "min_value": 0.01,
          "mean": 0.01
        }
      ]
    },
    {
      "column_name": "PERCENT PUBLIC ASSISTANCE TOTAL",
      "number_non_empty_cells": 51,
      "number_empty_cells": 0,
      "number_distinct_values": 2,
      "frequent_values": [
        "100",
        "0"
      ],
      "data_types": [
        {
          "type": "INTEGER (LONG)",
          "count": 51,
          "max_value": 100,
          "min_value": 0,
          "mean": 78.43137254901961
        }
      ]
    },
    {
      "column_name": "PERCENT FEMALE",
      "number_non_empty_cells": 51,
      "number_empty_cells": 0,
      "number_distinct_values": 24,
      "frequent_values": [
        "0",
        "1",
        "0.5",
        "0.58",
        "0.6"
      ],
      "data_types": [
        {
          "type": "REAL",
          "count": 31,
          "max_value": 0.83,
          "min_value": 0.25,
          "mean": 0.5906451612903226
        },
        {
          "type": "INTEGER (LONG)",
          "count": 20,
          "max_value": 1,
          "min_value": 0,
          "mean": 0.2
        }
      ]
    },
    {
      "column_name": "COUNT ASIAN NON HISPANIC",
      "number_non_empty_cells": 51,
      "number_empty_cells": 0,
      "number_distinct_values": 9,
      "frequent_values": [
        "0",
        "1",
        "2",
        "3",
        "4"
      ],
      "data_types": [
        {
          "type": "INTEGER (LONG)",
          "count": 51,
          "max_value": 47,
          "min_value": 0,
          "mean": 2.196078431372549
        }
      ]
    },
    {
      "column_name": "PERCENT CITIZEN STATUS TOTAL",
      "number_non_empty_cells": 51,
      "number_empty_cells": 0,
      "number_distinct_values": 3,
      "frequent_values": [
        "100",
        "0",
        "99"
      ],
      "data_types": [
        {
          "type": "INTEGER (LONG)",
          "count": 51,
          "max_value": 100,
          "min_value": 0,
          "mean": 78.41176470588235
        }
      ]
    },
    {
      "column_name": "PERCENT ASIAN NON HISPANIC",
      "number_non_empty_cells": 51,
      "number_empty_cells": 0,
      "number_distinct_values": 15,
      "frequent_values": [
        "0",
        "0.04",
        "0.33",
        "1",
        "0.07"
      ],
      "data_types": [
        {
          "type": "REAL",
          "count": 20,
          "max_value": 0.84,
          "min_value": 0.01,
          "mean": 0.1605
        },
        {
          "type": "INTEGER (LONG)",
          "count": 31,
          "max_value": 1,
          "min_value": 0,
          "mean": 0.06451612903225806
        }
      ]
    },
    {
      "column_name": "PERCENT OTHER ETHNICITY",
      "number_non_empty_cells": 51,
      "number_empty_cells": 0,
      "number_distinct_values": 12,
      "frequent_values": [
        "0",
        "0.06",
        "0.07",
        "0.05",
        "0.04"
      ],
      "data_types": [
        {
          "type": "REAL",
          "count": 23,
          "max_value": 0.5,
          "min_value": 0.03,
          "mean": 0.10391304347826087
        },
        {
          "type": "INTEGER (LONG)",
          "count": 28,
          "max_value": 0,
          "min_value": 0,
          "mean": 0.0
        }
      ]
    },
    {
      "column_name": "PERCENT HISPANIC LATINO",
      "number_non_empty_cells": 51,
      "number_empty_cells": 0,
      "number_distinct_values": 22,
      "frequent_values": [
        "0",
        "0.5",
        "0.46",
        "0.1",
        "0.07"
      ],
      "data_types": [
        {
          "type": "REAL",
          "count": 27,
          "max_value": 0.71,
          "min_value": 0.01,
          "mean": 0.32629629629629625
        },
        {
          "type": "INTEGER (LONG)",
          "count": 24,
          "max_value": 0,
          "min_value": 0,
          "mean": 0.0
        }
      ]
    },
    {
      "column_name": "PERCENT GENDER TOTAL",
      "number_non_empty_cells": 51,
      "number_empty_cells": 0,
      "number_distinct_values": 2,
      "frequent_values": [
        "100",
        "0"
      ],
      "data_types": [
        {
          "type": "INTEGER (LONG)",
          "count": 51,
          "max_value": 100,
          "min_value": 0,
          "mean": 78.43137254901961
        }
      ]
    },
    {
      "column_name": "COUNT WHITE NON HISPANIC",
      "number_non_empty_cells": 51,
      "number_empty_cells": 0,
      "number_distinct_values": 14,
      "frequent_values": [
        "0",
        "1",
        "6",
        "3",
        "5"
      ],
      "data_types": [
        {
          "type": "INTEGER (LONG)",
          "count": 51,
          "max_value": 215,
          "min_value": 0,
          "mean": 19.45098039215686
        }
      ]
    },
    {
      "column_name": "PERCENT PERMANENT RESIDENT ALIEN",
      "number_non_empty_cells": 51,
      "number_empty_cells": 0,
      "number_distinct_values": 14,
      "frequent_values": [
        "0",
        "0.06",
        "0.04",
        "0.05",
        "0.07"
      ],
      "data_types": [
        {
          "type": "INTEGER (LONG)",
          "count": 28,
          "max_value": 1,
          "min_value": 0,
          "mean": 0.03571428571428571
        },
        {
          "type": "REAL",
          "count": 23,
          "max_value": 0.5,
          "min_value": 0.01,
          "mean": 0.0847826086956522
        }
      ]
    },
    {
      "column_name": "COUNT RECEIVES PUBLIC ASSISTANCE",
      "number_non_empty_cells": 51,
      "number_empty_cells": 0,
      "number_distinct_values": 21,
      "frequent_values": [
        "0",
        "6",
        "1",
        "2",
        "5"
      ],
      "data_types": [
        {
          "type": "INTEGER (LONG)",
          "count": 51,
          "max_value": 103,
          "min_value": 0,
          "mean": 12.941176470588236
        }
      ]
    },
    {
      "column_name": "COUNT PUBLIC ASSISTANCE UNKNOWN",
      "number_non_empty_cells": 51,
      "number_empty_cells": 0,
      "number_distinct_values": 1,
      "frequent_values": [
        "0"
      ],
      "data_types": [
        {
          "type": "INTEGER (LONG)",
          "count": 51,
          "max_value": 0,
          "min_value": 0,
          "mean": 0.0
        }
      ]
    },
    {
      "column_name": "JURISDICTION NAME",
      "number_non_empty_cells": 51,
      "number_empty_cells": 0,
      "number_distinct_values": 51,
      "frequent_values": [
        "Council District 001 Manhattan",
        "Council District 002 Manhattan",
        "Council District 003 Manhattan",
        "Council District 004 Manhattan",
        "Council District 005 Manhattan"
      ],
      "data_types": [
        {
          "type": "TEXT",
          "count": 51,
          "shortest_values": "Council District 011 Bronx",
          "longest_values": "Council District 001 Manhattan",
          "average_length": 28.176470588235293
        }
      ]
    },
    {
      "column_name": "COUNT OTHER ETHNICITY",
      "number_non_empty_cells": 51,
      "number_empty_cells": 0,
      "number_distinct_values": 11,
      "frequent_values": [
        "0",
        "1",
        "4",
        "5",
        "7"
      ],
      "data_types": [
        {
          "type": "INTEGER (LONG)",
          "count": 51,
          "max_value": 16,
          "min_value": 0,
          "mean": 2.0980392156862746
        }
      ]
    },
    {
      "column_name": "PERCENT RECEIVES PUBLIC ASSISTANCE",
      "number_non_empty_cells": 51,
      "number_empty_cells": 0,
      "number_distinct_values": 24,
      "frequent_values": [
        "0",
        "0.33",
        "0.29",
        "0.47",
        "0.41"
      ],
      "data_types": [
        {
          "type": "INTEGER (LONG)",
          "count": 22,
          "max_value": 1,
          "min_value": 0,
          "mean": 0.09090909090909091
        },
        {
          "type": "REAL",
          "count": 29,
          "max_value": 0.65,
          "min_value": 0.06,
          "mean": 0.31586206896551733
        }
      ]
    },
    {
      "column_name": "PERCENT GENDER UNKNOWN",
      "number_non_empty_cells": 51,
      "number_empty_cells": 0,
      "number_distinct_values": 1,
      "frequent_values": [
        "0"
      ],
      "data_types": [
        {
          "type": "INTEGER (LONG)",
          "count": 51,
          "max_value": 0,
          "min_value": 0,
          "mean": 0.0
        }
      ]
    },
    {
      "column_name": "PERCENT US CITIZEN",
      "number_non_empty_cells": 51,
      "number_empty_cells": 0,
      "number_distinct_values": 14,
      "frequent_values": [
        "1",
        "0",
        "0.96",
        "0.94",
        "0.93"
      ],
      "data_types": [
        {
          "type": "INTEGER (LONG)",
          "count": 28,
          "max_value": 1,
          "min_value": 0,
          "mean": 0.5714285714285714
        },
        {
          "type": "REAL",
          "count": 23,
          "max_value": 0.99,
          "min_value": 0.5,
          "mean": 0.9126086956521737
        }
      ]
    },
    {
      "column_name": "COUNT GENDER TOTAL",
      "number_non_empty_cells": 51,
      "number_empty_cells": 0,
      "number_distinct_values": 31,
      "frequent_values": [
        "0",
        "1",
        "2",
        "15",
        "78"
      ],
      "data_types": [
        {
          "type": "INTEGER (LONG)",
          "count": 51,
          "max_value": 259,
          "min_value": 0,
          "mean": 41.23529411764706
        }
      ]
    },
    {
      "column_name": "COUNT BLACK NON HISPANIC",
      "number_non_empty_cells": 51,
      "number_empty_cells": 0,
      "number_distinct_values": 16,
      "frequent_values": [
        "0",
        "1",
        "4",
        "6",
        "3"
      ],
      "data_types": [
        {
          "type": "INTEGER (LONG)",
          "count": 51,
          "max_value": 80,
          "min_value": 0,
          "mean": 9.352941176470589
        }
      ]
    },
    {
      "column_name": "PERCENT CITIZEN STATUS UNKNOWN",
      "number_non_empty_cells": 51,
      "number_empty_cells": 0,
      "number_distinct_values": 1,
      "frequent_values": [
        "0"
      ],
      "data_types": [
        {
          "type": "INTEGER (LONG)",
          "count": 51,
          "max_value": 0,
          "min_value": 0,
          "mean": 0.0
        }
      ]
    },
    {
      "column_name": "COUNT AMERICAN INDIAN",
      "number_non_empty_cells": 51,
      "number_empty_cells": 0,
      "number_distinct_values": 2,
      "frequent_values": [
        "0",
        "1"
      ],
      "data_types": [
        {
          "type": "INTEGER (LONG)",
          "count": 51,
          "max_value": 1,
          "min_value": 0,
          "mean": 0.058823529411764705
        }
      ]
    },
    {
      "column_name": "PERCENT WHITE NON HISPANIC",
      "number_non_empty_cells": 51,
      "number_empty_cells": 0,
      "number_distinct_values": 18,
      "frequent_values": [
        "0",
        "0.01",
        "0.5",
        "1",
        "0.83"
      ],
      "data_types": [
        {
          "type": "REAL",
          "count": 20,
          "max_value": 0.94,
          "min_value": 0.01,
          "mean": 0.4615
        },
        {
          "type": "INTEGER (LONG)",
          "count": 31,
          "max_value": 1,
          "min_value": 0,
          "mean": 0.06451612903225806
        }
      ]
    },
    {
      "column_name": "COUNT NRECEIVES PUBLIC ASSISTANCE",
      "number_non_empty_cells": 51,
      "number_empty_cells": 0,
      "number_distinct_values": 28,
      "frequent_values": [
        "0",
        "2",
        "1",
        "15",
        "9"
      ],
      "data_types": [
        {
          "type": "INTEGER (LONG)",
          "count": 51,
          "max_value": 223,
          "min_value": 0,
          "mean": 28.294117647058822
        }
      ]
    },
    {
      "column_name": "COUNT ETHNICITY TOTAL",
      "number_non_empty_cells": 51,
      "number_empty_cells": 0,
      "number_distinct_values": 31,
      "frequent_values": [
        "0",
        "1",
        "2",
        "15",
        "78"
      ],
      "data_types": [
        {
          "type": "INTEGER (LONG)",
          "count": 51,
          "max_value": 259,
          "min_value": 0,
          "mean": 41.23529411764706
        }
      ]
    },
    {
      "column_name": "COUNT PUBLIC ASSISTANCE TOTAL",
      "number_non_empty_cells": 51,
      "number_empty_cells": 0,
      "number_distinct_values": 31,
      "frequent_values": [
        "0",
        "1",
        "2",
        "15",
        "78"
      ],
      "data_types": [
        {
          "type": "INTEGER (LONG)",
          "count": 51,
          "max_value": 259,
          "min_value": 0,
          "mean": 41.23529411764706
        }
      ]
    },
    {
      "column_name": "PERCENT BLACK NON HISPANIC",
      "number_non_empty_cells": 51,
      "number_empty_cells": 0,
      "number_distinct_values": 23,
      "frequent_values": [
        "0",
        "1",
        "0.02",
        "0.33",
        "0.5"
      ],
      "data_types": [
        {
          "type": "REAL",
          "count": 25,
          "max_value": 0.73,
          "min_value": 0.02,
          "mean": 0.3592
        },
        {
          "type": "INTEGER (LONG)",
          "count": 26,
          "max_value": 1,
          "min_value": 0,
          "mean": 0.11538461538461539
        }
      ]
    },
    {
      "column_name": "COUNT MALE",
      "number_non_empty_cells": 51,
      "number_empty_cells": 0,
      "number_distinct_values": 23,
      "frequent_values": [
        "0",
        "1",
        "2",
        "29",
        "4"
      ],
      "data_types": [
        {
          "type": "INTEGER (LONG)",
          "count": 51,
          "max_value": 103,
          "min_value": 0,
          "mean": 15.117647058823529
        }
      ]
    },
    {
      "column_name": "PERCENT ETHNICITY UNKNOWN",
      "number_non_empty_cells": 51,
      "number_empty_cells": 0,
      "number_distinct_values": 5,
      "frequent_values": [
        "0",
        "0.01",
        "0.05",
        "0.09",
        "0.02"
      ],
      "data_types": [
        {
          "type": "REAL",
          "count": 7,
          "max_value": 0.09,
          "min_value": 0.01,
          "mean": 0.03428571428571429
        },
        {
          "type": "INTEGER (LONG)",
          "count": 44,
          "max_value": 0,
          "min_value": 0,
          "mean": 0.0
        }
      ]
    },
    {
      "column_name": "COUNT PACIFIC ISLANDER",
      "number_non_empty_cells": 51,
      "number_empty_cells": 0,
      "number_distinct_values": 2,
      "frequent_values": [
        "0",
        "1"
      ],
      "data_types": [
        {
          "type": "INTEGER (LONG)",
          "count": 51,
          "max_value": 1,
          "min_value": 0,
          "mean": 0.0392156862745098
        }
      ]
    }
  ]
}