{
  "dataset_name": "jt9i-9gxr.tsv.gz",
  "key_column_candidates": [
    "Description ",
    "EPP Minimum Standard Indicated?",
    "Contract Start/ End Dates",
    "Registration Date",
    "Contract Value"
  ],
  "columns": [
    {
      "column_name": "Contract Start/ End Dates",
      "number_non_empty_cells": 13,
      "number_empty_cells": 0,
      "number_distinct_values": 9,
      "frequent_values": [
        "09/01/14 thru 08/31/19",
        "01/01/15 thru 12/31/19",
        "09/25/15 thru 09/24/20",
        "07/01/14 thru 06/30/19",
        "10/01/14 thru 09/30/17"
      ],
      "data_types": [
        {
          "type": "TEXT",
          "count": 13,
          "shortest_values": "09/01/14 thru 08/31/19",
          "longest_values": "09/01/14 thru 08/31/19",
          "average_length": 22.0
        }
      ]
    },
    {
      "column_name": "Description ",
      "number_non_empty_cells": 13,
      "number_empty_cells": 0,
      "number_distinct_values": 11,
      "frequent_values": [
        "Shredding Machines- Paper Re-ad",
        "Machines, Stamping: Time/Date and Payroll",
        "Calendars, Diaries, Planners & Journals",
        "Business Cards",
        "Ballasts"
      ],
      "data_types": [
        {
          "type": "TEXT",
          "count": 13,
          "shortest_values": "Ballasts",
          "longest_values": "Machines, Stamping: Time/Date and Payroll",
          "average_length": 25.153846153846153
        }
      ]
    },
    {
      "column_name": "EPP Minimum Standard Indicated?",
      "number_non_empty_cells": 13,
      "number_empty_cells": 0,
      "number_distinct_values": 2,
      "frequent_values": [
        "Yes - Energy Star Compliant",
        "Yes - 30% Minimum Recycled Content"
      ],
      "data_types": [
        {
          "type": "TEXT",
          "count": 13,
          "shortest_values": "Yes - Energy Star Compliant",
          "longest_values": "Yes - 30% Minimum Recycled Content",
          "average_length": 30.23076923076923
        }
      ]
    },
    {
      "column_name": "Contract Value",
      "number_non_empty_cells": 13,
      "number_empty_cells": 0,
      "number_distinct_values": 13,
      "frequent_values": [
        "1511280.00",
        "169940.00",
        "724438.00",
        "656713.00",
        "170000.00"
      ],
      "data_types": [
        {
          "type": "REAL",
          "count": 13,
          "max_value": 2068021.0,
          "min_value": 9690.0,
          "mean": 758478.0769230769
        }
      ]
    },
    {
      "column_name": "Registration Date",
      "number_non_empty_cells": 13,
      "number_empty_cells": 0,
      "number_distinct_values": 13,
      "frequent_values": [
        "07/02/2014",
        "07/30/2014",
        "06/24/2015",
        "08/16/2014",
        "08/19/2014"
      ],
      "data_types": [
        {
          "type": "DATE/TIME",
          "count": 13,
          "max_value": "06/24/2015",
          "min_value": "07/02/2014"
        }
      ]
    }
  ]
}