{
  "dataset_name": "jtus-srrj.tsv.gz",
  "key_column_candidates": [
    "DBN",
    "School Name",
    "Total Parent Response Ratem %",
    "Total Teacher Response Rate %",
    "Total Student Response Rate %",
    "Collaborative Teachers Score",
    "Effective School Leadership Score",
    "Rigorous Instruction Score",
    "Supportive Environment Score",
    "Strong Family-Community Ties Score",
    "Trust Score"
  ],
  "columns": [
    {
      "column_name": "Strong Family-Community Ties Score",
      "number_non_empty_cells": 2946,
      "number_empty_cells": 0,
      "number_distinct_values": 247,
      "frequent_values": [
        "N/A",
        "4.23",
        "4.15",
        "4.40",
        "4.32"
      ],
      "data_types": [
        {
          "type": "REAL",
          "count": 1610,
          "max_value": 4.99,
          "min_value": 1.0,
          "mean": 3.7368447204968986
        },
        {
          "type": "TEXT",
          "count": 1336,
          "shortest_values": "N/A",
          "longest_values": "N/A",
          "average_length": 3.0
        }
      ]
    },
    {
      "column_name": "Collaborative Teachers Score",
      "number_non_empty_cells": 2946,
      "number_empty_cells": 0,
      "number_distinct_values": 286,
      "frequent_values": [
        "N/A",
        "3.50",
        "3.54",
        "3.73",
        "3.42"
      ],
      "data_types": [
        {
          "type": "REAL",
          "count": 1625,
          "max_value": 4.99,
          "min_value": 1.0,
          "mean": 3.6720984615384604
        },
        {
          "type": "TEXT",
          "count": 1321,
          "shortest_values": "N/A",
          "longest_values": "N/A",
          "average_length": 3.0
        }
      ]
    },
    {
      "column_name": "Total Student Response Rate %",
      "number_non_empty_cells": 2946,
      "number_empty_cells": 0,
      "number_distinct_values": 83,
      "frequent_values": [
        "N/A",
        "99",
        "97",
        "98",
        "95"
      ],
      "data_types": [
        {
          "type": "INTEGER (LONG)",
          "count": 1109,
          "max_value": 100,
          "min_value": 0,
          "mean": 81.59783588818756
        },
        {
          "type": "TEXT",
          "count": 1837,
          "shortest_values": "N/A",
          "longest_values": "N/A",
          "average_length": 3.0
        }
      ]
    },
    {
      "column_name": "Trust Score",
      "number_non_empty_cells": 2946,
      "number_empty_cells": 0,
      "number_distinct_values": 290,
      "frequent_values": [
        "N/A",
        "4.04",
        "3.85",
        "3.92",
        "3.86"
      ],
      "data_types": [
        {
          "type": "TEXT",
          "count": 1189,
          "shortest_values": "N/A",
          "longest_values": "N/A",
          "average_length": 3.0
        },
        {
          "type": "REAL",
          "count": 1757,
          "max_value": 4.99,
          "min_value": 1.39,
          "mean": 3.6240751280591903
        }
      ]
    },
    {
      "column_name": "Supportive Environment Score",
      "number_non_empty_cells": 2946,
      "number_empty_cells": 0,
      "number_distinct_values": 1,
      "frequent_values": [
        "N/A"
      ],
      "data_types": [
        {
          "type": "TEXT",
          "count": 2946,
          "shortest_values": "N/A",
          "longest_values": "N/A",
          "average_length": 3.0
        }
      ]
    },
    {
      "column_name": "Total Parent Response Ratem %",
      "number_non_empty_cells": 2946,
      "number_empty_cells": 0,
      "number_distinct_values": 101,
      "frequent_values": [
        "100",
        "50",
        "56",
        "67",
        "44"
      ],
      "data_types": [
        {
          "type": "INTEGER (LONG)",
          "count": 2946,
          "max_value": 100,
          "min_value": 0,
          "mean": 55.788187372708755
        }
      ]
    },
    {
      "column_name": "DBN",
      "number_non_empty_cells": 2946,
      "number_empty_cells": 0,
      "number_distinct_values": 2946,
      "frequent_values": [
        "01M015",
        "01M019",
        "01M020",
        "01M034",
        "01M063"
      ],
      "data_types": [
        {
          "type": "DATE/TIME",
          "count": 33,
          "max_value": "06M052",
          "min_value": "01M015"
        },
        {
          "type": "TEXT",
          "count": 2913,
          "shortest_values": "Z010",
          "longest_values": "01M063",
          "average_length": 5.233093031239272
        }
      ]
    },
    {
      "column_name": "Rigorous Instruction Score",
      "number_non_empty_cells": 2946,
      "number_empty_cells": 0,
      "number_distinct_values": 304,
      "frequent_values": [
        "N/A",
        "3.69",
        "3.95",
        "3.75",
        "3.58"
      ],
      "data_types": [
        {
          "type": "REAL",
          "count": 1625,
          "max_value": 4.99,
          "min_value": 1.55,
          "mean": 3.5881169230769205
        },
        {
          "type": "TEXT",
          "count": 1321,
          "shortest_values": "N/A",
          "longest_values": "N/A",
          "average_length": 3.0
        }
      ]
    },
    {
      "column_name": "School Name",
      "number_non_empty_cells": 2946,
      "number_empty_cells": 0,
      "number_distinct_values": 2893,
      "frequent_values": [
        "MY LITTLE FOOTPRINTS DAYCARE CORP.",
        "BROOKLYN CHINESE AMERICAN ASSOCIATION",
        "JEWISH COMMUNITY CENTER OF STATEN ISLAND",
        "YELED V'YALDA ECC, INC.",
        "IMMACULATE CONCEPTION SCHOOL"
      ],
      "data_types": [
        {
          "type": "TEXT",
          "count": 2946,
          "shortest_values": "ICCD",
          "longest_values": "NYC CHARTER HIGH SCHOOL FOR ARCHITECTURE, ENGINEERING AND CONSTRUCTION INDUSTRIES (AECI)",
          "average_length": 29.592328581126953
        }
      ]
    },
    {
      "column_name": "Total Teacher Response Rate %",
      "number_non_empty_cells": 2946,
      "number_empty_cells": 0,
      "number_distinct_values": 86,
      "frequent_values": [
        "N/A",
        "100",
        "96",
        "97",
        "95"
      ],
      "data_types": [
        {
          "type": "INTEGER (LONG)",
          "count": 1903,
          "max_value": 100,
          "min_value": 0,
          "mean": 84.11297950604309
        },
        {
          "type": "TEXT",
          "count": 1043,
          "shortest_values": "N/A",
          "longest_values": "N/A",
          "average_length": 3.0
        }
      ]
    },
    {
      "column_name": "Effective School Leadership Score",
      "number_non_empty_cells": 2946,
      "number_empty_cells": 0,
      "number_distinct_values": 278,
      "frequent_values": [
        "N/A",
        "3.87",
        "3.82",
        "3.42",
        "3.78"
      ],
      "data_types": [
        {
          "type": "TEXT",
          "count": 1321,
          "shortest_values": "N/A",
          "longest_values": "N/A",
          "average_length": 3.0
        },
        {
          "type": "REAL",
          "count": 1625,
          "max_value": 4.99,
          "min_value": 1.14,
          "mean": 3.61478769230769
        }
      ]
    }
  ]
}