{
  "dataset_name": "kk22-kcb6.tsv.gz",
  "key_column_candidates": [
    "Agency",
    "Dataset Title",
    "Dataset Description",
    "Dataset Link",
    "Expected date when synchronized update schedule will be met"
  ],
  "columns": [
    {
      "column_name": "Expected date when synchronized update schedule will be met",
      "number_non_empty_cells": 10,
      "number_empty_cells": 1,
      "number_distinct_values": 2,
      "frequent_values": [
        "12/31/2018",
        ""
      ],
      "data_types": [
        {
          "type": "DATE/TIME",
          "count": 10,
          "max_value": "12/31/2018",
          "min_value": "12/31/2018"
        }
      ]
    },
    {
      "column_name": "Agency",
      "number_non_empty_cells": 11,
      "number_empty_cells": 0,
      "number_distinct_values": 2,
      "frequent_values": [
        "Department of Transportation (DOT)",
        "Department of Transportation (DOT) - The work schedules and traffic updates on the DOT website are in PDF documents that DOT staff edit each week. PDF format is not readily loadable onto OpenData.  Someone previously manually reformatted PDF into XML, then brought the XML into the Portal, but the process was unsustainable."
      ],
      "data_types": [
        {
          "type": "TEXT",
          "count": 11,
          "shortest_values": "Department of Transportation (DOT)",
          "longest_values": "Department of Transportation (DOT) - The work schedules and traffic updates on the DOT website are in PDF documents that DOT staff edit each week. PDF format is not readily loadable onto OpenData.  Someone previously manually reformatted PDF into XML, then brought the XML into the Portal, but the process was unsustainable.",
          "average_length": 60.36363636363637
        }
      ]
    },
    {
      "column_name": "Dataset Title",
      "number_non_empty_cells": 10,
      "number_empty_cells": 1,
      "number_distinct_values": 11,
      "frequent_values": [
        "Concrete Repair Schedule",
        "Sidewalk Construction Schedule",
        "Special Traffic Updates",
        "Street Resurfacing Schedule (Bronx)",
        "Street Resurfacing Schedule (Brooklyn)"
      ],
      "data_types": [
        {
          "type": "TEXT",
          "count": 10,
          "shortest_values": "Special Traffic Updates",
          "longest_values": "Street Resurfacing Schedule (Staten Island)",
          "average_length": 31.4
        }
      ]
    },
    {
      "column_name": "Dataset Link",
      "number_non_empty_cells": 10,
      "number_empty_cells": 1,
      "number_distinct_values": 11,
      "frequent_values": [
        "https://data.cityofnewyork.us/d/78sp-6jhj",
        "https://data.cityofnewyork.us/d/r528-jcks",
        "https://data.cityofnewyork.us/d/t4s6-khpm",
        "https://data.cityofnewyork.us/d/7299-2etw",
        "https://data.cityofnewyork.us/d/psmp-cmuu"
      ],
      "data_types": [
        {
          "type": "TEXT",
          "count": 10,
          "shortest_values": "https://data.cityofnewyork.us/d/78sp-6jhj",
          "longest_values": "https://data.cityofnewyork.us/d/78sp-6jhj",
          "average_length": 41.0
        }
      ]
    },
    {
      "column_name": "Dataset Description",
      "number_non_empty_cells": 10,
      "number_empty_cells": 1,
      "number_distinct_values": 5,
      "frequent_values": [
        "DOT issues a list of streets where crews will be doing milling or resurfacing work each week. Milling is the process of grinding off the top layer of asphalt or surface of a roadway. Milling is the process of grinding off the top layer of asphalt or surface of a roadway, and is usually done in preparation for paving. Resurfacing is the process of placing an asphalt overlay on a roadway, whether or not it has been milled. These lists are shared with Community Boards, local police precincts and other stakeholders via e-mail and posted on DOT's website. ",
        "DOT issues a list of areas where major street construction or street events will impede the normal flow of traffic. These activities tend to be larger in scale or last longer than the activities listed in the Weekly Traffic Updates. ",
        "DOT issues a weekly traffic alert, providing the locations of road construction and events where lane and street closings will affect the flow of traffic. Lane closings may also occur due to circumstances beyond our control.",
        "DOT issues a weekly alert providing the locations where street construction or street events will impede the normal flow of traffic this weekend. ",
        ""
      ],
      "data_types": [
        {
          "type": "TEXT",
          "count": 10,
          "shortest_values": "DOT issues a weekly alert providing the locations where street construction or street events will impede the normal flow of traffic this weekend. ",
          "longest_values": "DOT issues a list of streets where crews will be doing milling or resurfacing work each week. Milling is the process of grinding off the top layer of asphalt or surface of a roadway. Milling is the process of grinding off the top layer of asphalt or surface of a roadway, and is usually done in preparation for paving. Resurfacing is the process of placing an asphalt overlay on a roadway, whether or not it has been milled. These lists are shared with Community Boards, local police precincts and other stakeholders via e-mail and posted on DOT's website. ",
          "average_length": 450.2
        }
      ]
    }
  ]
}