{
  "dataset_name": "kquf-ewd9.tsv.gz",
  "key_column_candidates": [
    "DBN",
    "School Name",
    "Admissions Methods"
  ],
  "columns": [
    {
      "column_name": "Admissions Methods",
      "number_non_empty_cells": 1571,
      "number_empty_cells": 0,
      "number_distinct_values": 109,
      "frequent_values": [
        "ES: Zoned School",
        "HS: Limited Unscreened",
        "MS: Unscreened",
        "MS: Screened",
        "Transfer School: School-managed Admissions"
      ],
      "data_types": [
        {
          "type": "TEXT",
          "count": 1571,
          "shortest_values": "HS: Test",
          "longest_values": "MS: Limited Unscreened, Screened: Language, HS: Limited Unscreened, Screened: Language",
          "average_length": 21.942711648631445
        }
      ]
    },
    {
      "column_name": "DBN",
      "number_non_empty_cells": 1571,
      "number_empty_cells": 0,
      "number_distinct_values": 1571,
      "frequent_values": [
        "01M015",
        "01M019",
        "01M020",
        "01M034",
        "01M063"
      ],
      "data_types": [
        {
          "type": "DATE/TIME",
          "count": 34,
          "max_value": "06M052",
          "min_value": "01M015"
        },
        {
          "type": "TEXT",
          "count": 1537,
          "shortest_values": "01M063",
          "longest_values": "01M063",
          "average_length": 6.0
        }
      ]
    },
    {
      "column_name": "School Name",
      "number_non_empty_cells": 1571,
      "number_empty_cells": 0,
      "number_distinct_values": 1568,
      "frequent_values": [
        "P.S. 360",
        "P.S. 212",
        "P.S. 253",
        "P.S. 015 Roberto Clemente",
        "P.S. 019 Asher Levy"
      ],
      "data_types": [
        {
          "type": "TEXT",
          "count": 1571,
          "shortest_values": "#N/A",
          "longest_values": "Collaborative Academy of Science, Technology, & La",
          "average_length": 28.393380012730745
        }
      ]
    }
  ]
}