{
  "dataset_name": "m6ad-jy3s.tsv.gz",
  "key_column_candidates": [
    "BID Name:",
    "Borough",
    "Service Area (Linear Feet)",
    "Full-time staff",
    "Sanitation staff employed",
    "Public Safety staff employed",
    "Part-time staff",
    "Individual businesses (retail, restaurant, office, etc.)",
    "Occupied storefronts",
    "Vacant storefronts",
    "Total storefronts",
    "BID provides supplemental sanitation services",
    "Type of sanitation services",
    "Types of duties assigned to sanitation workers",
    "Days per week of sanitation services",
    "Hours logged by sanitation workers",
    "Incidents of graffiti removed",
    "Trash bags collected",
    "Trash and recycling receptacles serviced",
    "BID provides supplemental public safety services",
    "Type of public safety services",
    "Duties assigned to public safety personnel",
    "Hours logged by public safety officers",
    "Interactions with public safety officers",
    "BID provides supplemental streetscape and beautification services",
    "Planters maintained",
    "Tree pits maintained",
    "Banners maintained",
    "Public art installations sponsored",
    "Street furniture elements maintained",
    "Wayfinding elements maintained",
    "Lighting elements maintained",
    "Other infrastructure elements maintained",
    "Public spaces maintained",
    "BID has holiday lighting program",
    "Communication channels used",
    "Social media followers",
    "Marketing materials distributed",
    "Public events coordinated",
    "Estimated attendees to public events coordinated",
    "Allocates staff salaries",
    "Assessment revenue",
    "Contract revenue",
    "Contributions",
    "Fundraising and special event revenue",
    "Government grants",
    "Program service revenue",
    "Interest income",
    "Miscellaneous income",
    "Total support and revenue",
    "Sanitation expenses",
    "Public safety expenses",
    "Marketing, holiday lighting, and special event expenses",
    "Streetscape & beautification expenses",
    "Other program expenses",
    "Capital improvement expenses",
    "Salaries",
    "Outside contractor expenses",
    "Insurance costs",
    "Rent and utilities",
    "Supplies and equipment costs",
    "Other G&A expenses",
    "Total expenses",
    "Unnamed Column",
    "Unnamed Column 1",
    "Unnamed Column 2",
    "Unnamed Column 3",
    "Unnamed Column 4",
    "Unnamed Column 5",
    "Unnamed Column 6",
    "Unnamed Column 7",
    "Unnamed Column 8"
  ],
  "columns": [
    {
      "column_name": "Full-time staff",
      "number_non_empty_cells": 74,
      "number_empty_cells": 0,
      "number_distinct_values": 17,
      "frequent_values": [
        "1",
        "2",
        "3",
        "0",
        "5"
      ],
      "data_types": [
        {
          "type": "INTEGER (LONG)",
          "count": 73,
          "max_value": 65,
          "min_value": 0,
          "mean": 5.739726027397261
        },
        {
          "type": "REAL",
          "count": 1,
          "max_value": 2.3,
          "min_value": 2.3,
          "mean": 2.3
        }
      ]
    },
    {
      "column_name": "BID provides supplemental streetscape and beautification services",
      "number_non_empty_cells": 74,
      "number_empty_cells": 0,
      "number_distinct_values": 2,
      "frequent_values": [
        "true",
        "false"
      ],
      "data_types": [
        {
          "type": "TEXT",
          "count": 74,
          "shortest_values": "true",
          "longest_values": "false",
          "average_length": 4.108108108108108
        }
      ]
    },
    {
      "column_name": "Banners maintained",
      "number_non_empty_cells": 55,
      "number_empty_cells": 19,
      "number_distinct_values": 46,
      "frequent_values": [
        "",
        "100",
        "20",
        "35",
        "27"
      ],
      "data_types": [
        {
          "type": "INTEGER (LONG)",
          "count": 55,
          "max_value": 258,
          "min_value": 1,
          "mean": 64.21818181818182
        }
      ]
    },
    {
      "column_name": "Street furniture elements maintained",
      "number_non_empty_cells": 45,
      "number_empty_cells": 29,
      "number_distinct_values": 36,
      "frequent_values": [
        "",
        "4",
        "15",
        "3",
        "28"
      ],
      "data_types": [
        {
          "type": "INTEGER (LONG)",
          "count": 45,
          "max_value": 5215,
          "min_value": 1,
          "mean": 264.8
        }
      ]
    },
    {
      "column_name": "Salaries",
      "number_non_empty_cells": 69,
      "number_empty_cells": 5,
      "number_distinct_values": 69,
      "frequent_values": [
        "",
        "40000",
        "266686",
        "127751",
        "61883"
      ],
      "data_types": [
        {
          "type": "INTEGER (LONG)",
          "count": 69,
          "max_value": 1574357,
          "min_value": 16000,
          "mean": 228760.89855072464
        }
      ]
    },
    {
      "column_name": "Outside contractor expenses",
      "number_non_empty_cells": 68,
      "number_empty_cells": 6,
      "number_distinct_values": 68,
      "frequent_values": [
        "",
        "4500",
        "13330",
        "19480",
        "9400"
      ],
      "data_types": [
        {
          "type": "INTEGER (LONG)",
          "count": 68,
          "max_value": 245542,
          "min_value": 964,
          "mean": 41287.294117647056
        }
      ]
    },
    {
      "column_name": "Borough",
      "number_non_empty_cells": 74,
      "number_empty_cells": 0,
      "number_distinct_values": 5,
      "frequent_values": [
        "MN",
        "BK",
        "QN",
        "BX",
        "SI"
      ],
      "data_types": [
        {
          "type": "TEXT",
          "count": 74,
          "shortest_values": "MN",
          "longest_values": "MN",
          "average_length": 2.0
        }
      ]
    },
    {
      "column_name": "Trash bags collected",
      "number_non_empty_cells": 71,
      "number_empty_cells": 3,
      "number_distinct_values": 70,
      "frequent_values": [
        "",
        "42000",
        "65000",
        "72000",
        "1120"
      ],
      "data_types": [
        {
          "type": "INTEGER (LONG)",
          "count": 71,
          "max_value": 252170,
          "min_value": 80,
          "mean": 55776.07042253521
        }
      ]
    },
    {
      "column_name": "Hours logged by public safety officers",
      "number_non_empty_cells": 33,
      "number_empty_cells": 41,
      "number_distinct_values": 33,
      "frequent_values": [
        "",
        "2080",
        "9765",
        "180",
        "29367"
      ],
      "data_types": [
        {
          "type": "INTEGER (LONG)",
          "count": 33,
          "max_value": 120276,
          "min_value": 100,
          "mean": 19271.636363636364
        }
      ]
    },
    {
      "column_name": "Contract revenue",
      "number_non_empty_cells": 12,
      "number_empty_cells": 62,
      "number_distinct_values": 13,
      "frequent_values": [
        "",
        "1411786",
        "16000",
        "4210819",
        "1312876"
      ],
      "data_types": [
        {
          "type": "INTEGER (LONG)",
          "count": 12,
          "max_value": 4210819,
          "min_value": 6250,
          "mean": 631172.8333333334
        }
      ]
    },
    {
      "column_name": "Other program expenses",
      "number_non_empty_cells": 32,
      "number_empty_cells": 42,
      "number_distinct_values": 32,
      "frequent_values": [
        "",
        "2000",
        "3836636",
        "1909",
        "3400"
      ],
      "data_types": [
        {
          "type": "INTEGER (LONG)",
          "count": 32,
          "max_value": 4616898,
          "min_value": 853,
          "mean": 454682.53125
        }
      ]
    },
    {
      "column_name": "Rent and utilities",
      "number_non_empty_cells": 67,
      "number_empty_cells": 7,
      "number_distinct_values": 66,
      "frequent_values": [
        "",
        "1800",
        "6180",
        "149791",
        "11062"
      ],
      "data_types": [
        {
          "type": "INTEGER (LONG)",
          "count": 67,
          "max_value": 510615,
          "min_value": 140,
          "mean": 65632.53731343284
        }
      ]
    },
    {
      "column_name": "Type of sanitation services",
      "number_non_empty_cells": 71,
      "number_empty_cells": 3,
      "number_distinct_values": 4,
      "frequent_values": [
        "Contracted",
        "Both or Other (please explain)",
        "In-house",
        ""
      ],
      "data_types": [
        {
          "type": "TEXT",
          "count": 71,
          "shortest_values": "In-house",
          "longest_values": "Both or Other (please explain)",
          "average_length": 11.577464788732394
        }
      ]
    },
    {
      "column_name": "Duties assigned to public safety personnel",
      "number_non_empty_cells": 37,
      "number_empty_cells": 37,
      "number_distinct_values": 14,
      "frequent_values": [
        "",
        "Street patrol; Coordination with NYPD",
        "Monitoring security cameras; Street patrol; Coordination with NYPD",
        "Crime prevention workshops; Street patrol; Coordination with NYPD",
        "Coordination with NYPD"
      ],
      "data_types": [
        {
          "type": "TEXT",
          "count": 37,
          "shortest_values": "Street patrol",
          "longest_values": "Monitoring security cameras; Crime prevention workshops; Street patrol; Coordination with NYPD",
          "average_length": 49.729729729729726
        }
      ]
    },
    {
      "column_name": "Planters maintained",
      "number_non_empty_cells": 42,
      "number_empty_cells": 32,
      "number_distinct_values": 35,
      "frequent_values": [
        "",
        "10",
        "20",
        "7",
        "30"
      ],
      "data_types": [
        {
          "type": "INTEGER (LONG)",
          "count": 42,
          "max_value": 601,
          "min_value": 1,
          "mean": 79.07142857142857
        }
      ]
    },
    {
      "column_name": "Streetscape & beautification expenses",
      "number_non_empty_cells": 74,
      "number_empty_cells": 0,
      "number_distinct_values": 57,
      "frequent_values": [
        "$-",
        "$6,904",
        "$2,940",
        "$14,500",
        "$2,077,036"
      ],
      "data_types": [
        {
          "type": "TEXT",
          "count": 74,
          "shortest_values": "$-",
          "longest_values": "$2,077,036",
          "average_length": 5.95945945945946
        }
      ]
    },
    {
      "column_name": "Insurance costs",
      "number_non_empty_cells": 74,
      "number_empty_cells": 0,
      "number_distinct_values": 73,
      "frequent_values": [
        "1000",
        "26194",
        "8024",
        "44796",
        "2943"
      ],
      "data_types": [
        {
          "type": "INTEGER (LONG)",
          "count": 74,
          "max_value": 336254,
          "min_value": 479,
          "mean": 28804.594594594593
        }
      ]
    },
    {
      "column_name": "BID provides supplemental public safety services",
      "number_non_empty_cells": 74,
      "number_empty_cells": 0,
      "number_distinct_values": 2,
      "frequent_values": [
        "false",
        "true"
      ],
      "data_types": [
        {
          "type": "TEXT",
          "count": 74,
          "shortest_values": "true",
          "longest_values": "false",
          "average_length": 4.513513513513513
        }
      ]
    },
    {
      "column_name": "Type of public safety services",
      "number_non_empty_cells": 38,
      "number_empty_cells": 36,
      "number_distinct_values": 4,
      "frequent_values": [
        "",
        "Contracted",
        "In-house",
        "Both or Other (please explain)"
      ],
      "data_types": [
        {
          "type": "TEXT",
          "count": 38,
          "shortest_values": "In-house",
          "longest_values": "Both or Other (please explain)",
          "average_length": 12.526315789473685
        }
      ]
    },
    {
      "column_name": "Other infrastructure elements maintained",
      "number_non_empty_cells": 43,
      "number_empty_cells": 31,
      "number_distinct_values": 40,
      "frequent_values": [
        "",
        "18",
        "16",
        "57",
        "22"
      ],
      "data_types": [
        {
          "type": "INTEGER (LONG)",
          "count": 43,
          "max_value": 634,
          "min_value": 2,
          "mean": 130.8139534883721
        }
      ]
    },
    {
      "column_name": "BID has holiday lighting program",
      "number_non_empty_cells": 74,
      "number_empty_cells": 0,
      "number_distinct_values": 2,
      "frequent_values": [
        "true",
        "false"
      ],
      "data_types": [
        {
          "type": "TEXT",
          "count": 74,
          "shortest_values": "true",
          "longest_values": "false",
          "average_length": 4.162162162162162
        }
      ]
    },
    {
      "column_name": "Service Area (Linear Feet)",
      "number_non_empty_cells": 74,
      "number_empty_cells": 0,
      "number_distinct_values": 74,
      "frequent_values": [
        "10270",
        "5220",
        "1740",
        "8150",
        "41110"
      ],
      "data_types": [
        {
          "type": "INTEGER (LONG)",
          "count": 74,
          "max_value": 121820,
          "min_value": 1740,
          "mean": 20197.905405405407
        }
      ]
    },
    {
      "column_name": "Individual businesses (retail, restaurant, office, etc.)",
      "number_non_empty_cells": 74,
      "number_empty_cells": 0,
      "number_distinct_values": 69,
      "frequent_values": [
        "Do Not Track",
        "I don't know",
        "185",
        "435",
        "152"
      ],
      "data_types": [
        {
          "type": "INTEGER (LONG)",
          "count": 62,
          "max_value": 6100,
          "min_value": 41,
          "mean": 596.8709677419355
        },
        {
          "type": "TEXT",
          "count": 12,
          "shortest_values": "DNT",
          "longest_values": "425 storefronts but unknown upper floor office tenants (close to 2M sq ft)",
          "average_length": 15.416666666666666
        }
      ]
    },
    {
      "column_name": "Vacant storefronts",
      "number_non_empty_cells": 74,
      "number_empty_cells": 0,
      "number_distinct_values": 41,
      "frequent_values": [
        "15",
        "4",
        "16",
        "6",
        "24"
      ],
      "data_types": [
        {
          "type": "INTEGER (LONG)",
          "count": 73,
          "max_value": 176,
          "min_value": 0,
          "mean": 26.602739726027398
        },
        {
          "type": "TEXT",
          "count": 1,
          "shortest_values": "DNT",
          "longest_values": "DNT",
          "average_length": 3.0
        }
      ]
    },
    {
      "column_name": "Total storefronts",
      "number_non_empty_cells": 74,
      "number_empty_cells": 0,
      "number_distinct_values": 71,
      "frequent_values": [
        "200",
        "215",
        "147",
        "252",
        "130"
      ],
      "data_types": [
        {
          "type": "INTEGER (LONG)",
          "count": 73,
          "max_value": 1588,
          "min_value": 0,
          "mean": 299.17808219178085
        },
        {
          "type": "TEXT",
          "count": 1,
          "shortest_values": "DNT",
          "longest_values": "DNT",
          "average_length": 3.0
        }
      ]
    },
    {
      "column_name": "Assessment revenue",
      "number_non_empty_cells": 74,
      "number_empty_cells": 0,
      "number_distinct_values": 69,
      "frequent_values": [
        "1300000",
        "350000",
        "400000",
        "2400000",
        "300000"
      ],
      "data_types": [
        {
          "type": "INTEGER (LONG)",
          "count": 74,
          "max_value": 15900000,
          "min_value": 67500,
          "mean": 1549183.0
        }
      ]
    },
    {
      "column_name": "Interest income",
      "number_non_empty_cells": 48,
      "number_empty_cells": 26,
      "number_distinct_values": 47,
      "frequent_values": [
        "",
        "871",
        "112",
        "85",
        "15481"
      ],
      "data_types": [
        {
          "type": "INTEGER (LONG)",
          "count": 48,
          "max_value": 186374,
          "min_value": 1,
          "mean": 10907.458333333334
        }
      ]
    },
    {
      "column_name": "Program service revenue",
      "number_non_empty_cells": 32,
      "number_empty_cells": 42,
      "number_distinct_values": 33,
      "frequent_values": [
        "",
        "601002",
        "75000",
        "37828",
        "1350"
      ],
      "data_types": [
        {
          "type": "INTEGER (LONG)",
          "count": 32,
          "max_value": 8998433,
          "min_value": 433,
          "mean": 462723.9375
        }
      ]
    },
    {
      "column_name": "Other G&A expenses",
      "number_non_empty_cells": 63,
      "number_empty_cells": 11,
      "number_distinct_values": 64,
      "frequent_values": [
        "",
        "5313",
        "2962",
        "64195",
        "4825"
      ],
      "data_types": [
        {
          "type": "INTEGER (LONG)",
          "count": 63,
          "max_value": 438366,
          "min_value": 428,
          "mean": 42873.04761904762
        }
      ]
    },
    {
      "column_name": "Incidents of graffiti removed",
      "number_non_empty_cells": 67,
      "number_empty_cells": 7,
      "number_distinct_values": 66,
      "frequent_values": [
        "",
        "12",
        "2500",
        "15285",
        "925"
      ],
      "data_types": [
        {
          "type": "INTEGER (LONG)",
          "count": 67,
          "max_value": 23066,
          "min_value": 1,
          "mean": 2102.8507462686566
        }
      ]
    },
    {
      "column_name": "Public art installations sponsored",
      "number_non_empty_cells": 30,
      "number_empty_cells": 44,
      "number_distinct_values": 9,
      "frequent_values": [
        "",
        "1",
        "2",
        "4",
        "3"
      ],
      "data_types": [
        {
          "type": "INTEGER (LONG)",
          "count": 30,
          "max_value": 185,
          "min_value": 1,
          "mean": 9.6
        }
      ]
    },
    {
      "column_name": "Public events coordinated",
      "number_non_empty_cells": 71,
      "number_empty_cells": 3,
      "number_distinct_values": 35,
      "frequent_values": [
        "3",
        "12",
        "4",
        "6",
        "9"
      ],
      "data_types": [
        {
          "type": "INTEGER (LONG)",
          "count": 71,
          "max_value": 2750,
          "min_value": 1,
          "mean": 71.47887323943662
        }
      ]
    },
    {
      "column_name": "Estimated attendees to public events coordinated",
      "number_non_empty_cells": 71,
      "number_empty_cells": 3,
      "number_distinct_values": 59,
      "frequent_values": [
        "4500",
        "5000",
        "",
        "2500",
        "30000"
      ],
      "data_types": [
        {
          "type": "INTEGER (LONG)",
          "count": 71,
          "max_value": 9849464,
          "min_value": 40,
          "mean": 179092.28169014084
        }
      ]
    },
    {
      "column_name": "Total expenses",
      "number_non_empty_cells": 74,
      "number_empty_cells": 0,
      "number_distinct_values": 74,
      "frequent_values": [
        "1151526",
        "303290",
        "236155",
        "67240",
        "15291499"
      ],
      "data_types": [
        {
          "type": "INTEGER (LONG)",
          "count": 74,
          "max_value": 21798977,
          "min_value": 67240,
          "mean": 2147349.243243243
        }
      ]
    },
    {
      "column_name": "Occupied storefronts",
      "number_non_empty_cells": 74,
      "number_empty_cells": 0,
      "number_distinct_values": 72,
      "frequent_values": [
        "188",
        "209",
        "237",
        "130",
        "88"
      ],
      "data_types": [
        {
          "type": "INTEGER (LONG)",
          "count": 74,
          "max_value": 1412,
          "min_value": 0,
          "mean": 285.1081081081081
        }
      ]
    },
    {
      "column_name": "Lighting elements maintained",
      "number_non_empty_cells": 23,
      "number_empty_cells": 51,
      "number_distinct_values": 22,
      "frequent_values": [
        "",
        "1",
        "102",
        "64",
        "29"
      ],
      "data_types": [
        {
          "type": "INTEGER (LONG)",
          "count": 23,
          "max_value": 1218,
          "min_value": 1,
          "mean": 161.6086956521739
        }
      ]
    },
    {
      "column_name": "Fundraising and special event revenue",
      "number_non_empty_cells": 29,
      "number_empty_cells": 45,
      "number_distinct_values": 30,
      "frequent_values": [
        "",
        "67138",
        "3000",
        "20200",
        "2800"
      ],
      "data_types": [
        {
          "type": "INTEGER (LONG)",
          "count": 29,
          "max_value": 3100671,
          "min_value": 2800,
          "mean": 150430.3103448276
        }
      ]
    },
    {
      "column_name": "Marketing, holiday lighting, and special event expenses",
      "number_non_empty_cells": 73,
      "number_empty_cells": 1,
      "number_distinct_values": 74,
      "frequent_values": [
        "116334",
        "29869",
        "31485",
        "780",
        "450377"
      ],
      "data_types": [
        {
          "type": "INTEGER (LONG)",
          "count": 73,
          "max_value": 12734197,
          "min_value": 780,
          "mean": 460469.3561643836
        }
      ]
    },
    {
      "column_name": "Public Safety staff employed",
      "number_non_empty_cells": 74,
      "number_empty_cells": 0,
      "number_distinct_values": 19,
      "frequent_values": [
        "0",
        "1",
        "4",
        "2",
        "10"
      ],
      "data_types": [
        {
          "type": "INTEGER (LONG)",
          "count": 74,
          "max_value": 60,
          "min_value": 0,
          "mean": 4.662162162162162
        }
      ]
    },
    {
      "column_name": "Hours logged by sanitation workers",
      "number_non_empty_cells": 71,
      "number_empty_cells": 3,
      "number_distinct_values": 71,
      "frequent_values": [
        "",
        "3640",
        "12699",
        "4488",
        "3240"
      ],
      "data_types": [
        {
          "type": "INTEGER (LONG)",
          "count": 71,
          "max_value": 152548,
          "min_value": 96,
          "mean": 20404.3661971831
        }
      ]
    },
    {
      "column_name": "Public spaces maintained",
      "number_non_empty_cells": 42,
      "number_empty_cells": 32,
      "number_distinct_values": 11,
      "frequent_values": [
        "",
        "1",
        "2",
        "4",
        "5"
      ],
      "data_types": [
        {
          "type": "INTEGER (LONG)",
          "count": 42,
          "max_value": 15,
          "min_value": 1,
          "mean": 3.2142857142857144
        }
      ]
    },
    {
      "column_name": "Public safety expenses",
      "number_non_empty_cells": 38,
      "number_empty_cells": 36,
      "number_distinct_values": 39,
      "frequent_values": [
        "",
        "234302",
        "14662",
        "2651487",
        "716436"
      ],
      "data_types": [
        {
          "type": "INTEGER (LONG)",
          "count": 38,
          "max_value": 4454655,
          "min_value": 93,
          "mean": 638884.3947368421
        }
      ]
    },
    {
      "column_name": "Capital improvement expenses",
      "number_non_empty_cells": 11,
      "number_empty_cells": 63,
      "number_distinct_values": 12,
      "frequent_values": [
        "",
        "4475",
        "1041384",
        "26347",
        "415225"
      ],
      "data_types": [
        {
          "type": "INTEGER (LONG)",
          "count": 11,
          "max_value": 1686481,
          "min_value": 4475,
          "mean": 327507.9090909091
        }
      ]
    },
    {
      "column_name": "Sanitation staff employed",
      "number_non_empty_cells": 74,
      "number_empty_cells": 0,
      "number_distinct_values": 25,
      "frequent_values": [
        "2",
        "3",
        "6",
        "4",
        "1"
      ],
      "data_types": [
        {
          "type": "INTEGER (LONG)",
          "count": 73,
          "max_value": 85,
          "min_value": 0,
          "mean": 10.876712328767123
        },
        {
          "type": "REAL",
          "count": 1,
          "max_value": 3.25,
          "min_value": 3.25,
          "mean": 3.25
        }
      ]
    },
    {
      "column_name": "BID provides supplemental sanitation services",
      "number_non_empty_cells": 74,
      "number_empty_cells": 0,
      "number_distinct_values": 2,
      "frequent_values": [
        "true",
        "false"
      ],
      "data_types": [
        {
          "type": "TEXT",
          "count": 74,
          "shortest_values": "true",
          "longest_values": "false",
          "average_length": 4.04054054054054
        }
      ]
    },
    {
      "column_name": "Communication channels used",
      "number_non_empty_cells": 74,
      "number_empty_cells": 0,
      "number_distinct_values": 34,
      "frequent_values": [
        "Print advertising (i.e. local newspaper); Digital advertising (i.e. Google, Facebook, Instagram ads); Direct mailings; Door-to-door visits; Flyers; Email bulletins; Social media; LinkNYC advertising (more info)",
        "Print advertising (i.e. local newspaper); Digital advertising (i.e. Google, Facebook, Instagram ads); Direct mailings; Door-to-door visits; Flyers; Email bulletins; Social media",
        "Print advertising (i.e. local newspaper); Digital advertising (i.e. Google, Facebook, Instagram ads); Door-to-door visits; Flyers; Email bulletins; Social media",
        "Digital advertising (i.e. Google, Facebook, Instagram ads); Direct mailings; Door-to-door visits; Flyers; Email bulletins; Social media; LinkNYC advertising (more info)",
        "Print advertising (i.e. local newspaper); Digital advertising (i.e. Google, Facebook, Instagram ads); Flyers; Email bulletins; Social media; LinkNYC advertising (more info)"
      ],
      "data_types": [
        {
          "type": "TEXT",
          "count": 74,
          "shortest_values": "Flyers; Email bulletins",
          "longest_values": "Print advertising (i.e. local newspaper); Digital advertising (i.e. Google, Facebook, Instagram ads); Direct mailings; Door-to-door visits; Flyers; Email bulletins; Social media; LinkNYC advertising (more info)",
          "average_length": 150.5
        }
      ]
    },
    {
      "column_name": "Social media followers",
      "number_non_empty_cells": 74,
      "number_empty_cells": 0,
      "number_distinct_values": 61,
      "frequent_values": [
        "-",
        "30,667",
        "1,800",
        "5,866",
        "19,500"
      ],
      "data_types": [
        {
          "type": "DATE/TIME",
          "count": 38,
          "max_value": "7,035",
          "min_value": "3,148"
        },
        {
          "type": "INTEGER (LONG)",
          "count": 9,
          "max_value": 967,
          "min_value": 280,
          "mean": 592.2222222222222
        },
        {
          "type": "TEXT",
          "count": 27,
          "shortest_values": "-",
          "longest_values": "19,500",
          "average_length": 3.925925925925926
        }
      ]
    },
    {
      "column_name": "Allocates staff salaries",
      "number_non_empty_cells": 74,
      "number_empty_cells": 0,
      "number_distinct_values": 2,
      "frequent_values": [
        "false",
        "true"
      ],
      "data_types": [
        {
          "type": "TEXT",
          "count": 74,
          "shortest_values": "true",
          "longest_values": "false",
          "average_length": 4.5
        }
      ]
    },
    {
      "column_name": "Part-time staff",
      "number_non_empty_cells": 74,
      "number_empty_cells": 0,
      "number_distinct_values": 15,
      "frequent_values": [
        "1",
        "0",
        "3",
        "4",
        "2"
      ],
      "data_types": [
        {
          "type": "INTEGER (LONG)",
          "count": 74,
          "max_value": 31,
          "min_value": 0,
          "mean": 3.7162162162162162
        }
      ]
    },
    {
      "column_name": "Types of duties assigned to sanitation workers",
      "number_non_empty_cells": 71,
      "number_empty_cells": 3,
      "number_distinct_values": 20,
      "frequent_values": [
        "Street Sweeping and Bagging; Power Washing; Snow and Ice Removal; Graffiti Removal; Gum Removal; Street Furniture Maintenance",
        "Street Sweeping and Bagging; Power Washing; Snow and Ice Removal; Graffiti Removal; Street Furniture Maintenance",
        "Street Sweeping and Bagging; Snow and Ice Removal; Graffiti Removal; Street Furniture Maintenance",
        "Street Sweeping and Bagging; Snow and Ice Removal; Graffiti Removal",
        "Street Sweeping and Bagging; Power Washing; Snow and Ice Removal; Graffiti Removal"
      ],
      "data_types": [
        {
          "type": "TEXT",
          "count": 71,
          "shortest_values": "Street Sweeping and Bagging",
          "longest_values": "Street Sweeping and Bagging; Power Washing; Snow and Ice Removal; Graffiti Removal; Gum Removal; Street Furniture Maintenance",
          "average_length": 95.45070422535211
        }
      ]
    },
    {
      "column_name": "Trash and recycling receptacles serviced",
      "number_non_empty_cells": 70,
      "number_empty_cells": 4,
      "number_distinct_values": 60,
      "frequent_values": [
        "60",
        "",
        "14",
        "70",
        "80"
      ],
      "data_types": [
        {
          "type": "INTEGER (LONG)",
          "count": 70,
          "max_value": 417,
          "min_value": 4,
          "mean": 88.7
        }
      ]
    },
    {
      "column_name": "Miscellaneous income",
      "number_non_empty_cells": 25,
      "number_empty_cells": 49,
      "number_distinct_values": 26,
      "frequent_values": [
        "",
        "1800",
        "7968",
        "4625",
        "960"
      ],
      "data_types": [
        {
          "type": "INTEGER (LONG)",
          "count": 25,
          "max_value": 757621,
          "min_value": 260,
          "mean": 63403.12
        }
      ]
    },
    {
      "column_name": "BID Name:",
      "number_non_empty_cells": 74,
      "number_empty_cells": 0,
      "number_distinct_values": 74,
      "frequent_values": [
        "125th Street",
        "161st Street",
        "165th Street Mall",
        "180th Street",
        "34th Street Partnership"
      ],
      "data_types": [
        {
          "type": "TEXT",
          "count": 74,
          "shortest_values": "DUMBO",
          "longest_values": "Hudson Yards/Hell's Kitchen Alliance",
          "average_length": 16.243243243243242
        }
      ]
    },
    {
      "column_name": "Tree pits maintained",
      "number_non_empty_cells": 52,
      "number_empty_cells": 22,
      "number_distinct_values": 47,
      "frequent_values": [
        "",
        "50",
        "20",
        "200",
        "145"
      ],
      "data_types": [
        {
          "type": "INTEGER (LONG)",
          "count": 52,
          "max_value": 457,
          "min_value": 4,
          "mean": 113.53846153846153
        }
      ]
    },
    {
      "column_name": "Wayfinding elements maintained",
      "number_non_empty_cells": 26,
      "number_empty_cells": 48,
      "number_distinct_values": 17,
      "frequent_values": [
        "",
        "2",
        "3",
        "1",
        "5"
      ],
      "data_types": [
        {
          "type": "INTEGER (LONG)",
          "count": 26,
          "max_value": 1049,
          "min_value": 1,
          "mean": 109.57692307692308
        }
      ]
    },
    {
      "column_name": "Marketing materials distributed",
      "number_non_empty_cells": 73,
      "number_empty_cells": 1,
      "number_distinct_values": 65,
      "frequent_values": [
        "1500",
        "130000",
        "2500",
        "7000",
        "27900"
      ],
      "data_types": [
        {
          "type": "INTEGER (LONG)",
          "count": 73,
          "max_value": 1033000,
          "min_value": 60,
          "mean": 44164.16438356164
        }
      ]
    },
    {
      "column_name": "Contributions",
      "number_non_empty_cells": 34,
      "number_empty_cells": 40,
      "number_distinct_values": 32,
      "frequent_values": [
        "",
        "10000",
        "2000",
        "32000",
        "238728"
      ],
      "data_types": [
        {
          "type": "INTEGER (LONG)",
          "count": 34,
          "max_value": 5577595,
          "min_value": 500,
          "mean": 263929.3823529412
        }
      ]
    },
    {
      "column_name": "Total support and revenue",
      "number_non_empty_cells": 74,
      "number_empty_cells": 0,
      "number_distinct_values": 74,
      "frequent_values": [
        "1164016",
        "348000",
        "236800",
        "75000",
        "14174965"
      ],
      "data_types": [
        {
          "type": "INTEGER (LONG)",
          "count": 74,
          "max_value": 20480150,
          "min_value": 75000,
          "mean": 2094506.3918918918
        }
      ]
    },
    {
      "column_name": "Interactions with public safety officers",
      "number_non_empty_cells": 31,
      "number_empty_cells": 43,
      "number_distinct_values": 31,
      "frequent_values": [
        "",
        "281",
        "1041",
        "35",
        "2723"
      ],
      "data_types": [
        {
          "type": "INTEGER (LONG)",
          "count": 31,
          "max_value": 983909,
          "min_value": 15,
          "mean": 76935.54838709677
        }
      ]
    },
    {
      "column_name": "Government grants",
      "number_non_empty_cells": 42,
      "number_empty_cells": 32,
      "number_distinct_values": 41,
      "frequent_values": [
        "",
        "50000",
        "15000",
        "91000",
        "73000"
      ],
      "data_types": [
        {
          "type": "INTEGER (LONG)",
          "count": 42,
          "max_value": 419833,
          "min_value": 2499,
          "mean": 60189.90476190476
        }
      ]
    },
    {
      "column_name": "Sanitation expenses",
      "number_non_empty_cells": 72,
      "number_empty_cells": 2,
      "number_distinct_values": 73,
      "frequent_values": [
        "",
        "266303",
        "94571",
        "69906",
        "3000"
      ],
      "data_types": [
        {
          "type": "INTEGER (LONG)",
          "count": 72,
          "max_value": 6422020,
          "min_value": 3000,
          "mean": 551111.7638888889
        }
      ]
    },
    {
      "column_name": "Days per week of sanitation services",
      "number_non_empty_cells": 71,
      "number_empty_cells": 3,
      "number_distinct_values": 7,
      "frequent_values": [
        "7",
        "6",
        "5",
        "",
        "3"
      ],
      "data_types": [
        {
          "type": "REAL",
          "count": 1,
          "max_value": 0.5,
          "min_value": 0.5,
          "mean": 0.5
        },
        {
          "type": "INTEGER (LONG)",
          "count": 70,
          "max_value": 7,
          "min_value": 3,
          "mean": 6.642857142857143
        }
      ]
    },
    {
      "column_name": "Supplies and equipment costs",
      "number_non_empty_cells": 66,
      "number_empty_cells": 8,
      "number_distinct_values": 66,
      "frequent_values": [
        "",
        "824",
        "78586",
        "315",
        "4400"
      ],
      "data_types": [
        {
          "type": "INTEGER (LONG)",
          "count": 66,
          "max_value": 768900,
          "min_value": 250,
          "mean": 27281.621212121212
        }
      ]
    }
  ]
}