{
  "dataset_name": "mi8r-ff2q.tsv.gz",
  "key_column_candidates": [
    "Borough",
    "Grade",
    "Year",
    "Category",
    "Number Tested",
    "Mean Scale Score",
    "Level1_N",
    "Level1_%",
    "Level2_N",
    "Level2_%",
    "Level3_N",
    "Level3_%",
    "Level4_N",
    "Level4_%",
    "Level3+4_N",
    "Level3+4_%"
  ],
  "columns": [
    {
      "column_name": "Level1_N",
      "number_non_empty_cells": 175,
      "number_empty_cells": 0,
      "number_distinct_values": 174,
      "frequent_values": [
        "6028",
        "7979",
        "8021",
        "7540",
        "5725"
      ],
      "data_types": [
        {
          "type": "INTEGER (LONG)",
          "count": 175,
          "max_value": 45756,
          "min_value": 610,
          "mean": 7189.965714285714
        }
      ]
    },
    {
      "column_name": "Borough",
      "number_non_empty_cells": 175,
      "number_empty_cells": 0,
      "number_distinct_values": 5,
      "frequent_values": [
        "BRONX",
        "BROOKLYN",
        "MANHATTAN",
        "QUEENS",
        "STATEN ISLAND"
      ],
      "data_types": [
        {
          "type": "TEXT",
          "count": 175,
          "shortest_values": "BRONX",
          "longest_values": "STATEN ISLAND",
          "average_length": 8.2
        }
      ]
    },
    {
      "column_name": "Level3+4_N",
      "number_non_empty_cells": 175,
      "number_empty_cells": 0,
      "number_distinct_values": 173,
      "frequent_values": [
        "8398",
        "1545",
        "2551",
        "2677",
        "2747"
      ],
      "data_types": [
        {
          "type": "INTEGER (LONG)",
          "count": 175,
          "max_value": 55560,
          "min_value": 1145,
          "mean": 7567.04
        }
      ]
    },
    {
      "column_name": "Level1_%",
      "number_non_empty_cells": 175,
      "number_empty_cells": 0,
      "number_distinct_values": 130,
      "frequent_values": [
        "27.2",
        "28.9",
        "31.5",
        "27.4",
        "32.7"
      ],
      "data_types": [
        {
          "type": "REAL",
          "count": 175,
          "max_value": 51.8,
          "min_value": 15.1,
          "mean": 30.343428571428568
        }
      ]
    },
    {
      "column_name": "Level3_N",
      "number_non_empty_cells": 175,
      "number_empty_cells": 0,
      "number_distinct_values": 173,
      "frequent_values": [
        "1747",
        "2101",
        "2393",
        "2504",
        "2469"
      ],
      "data_types": [
        {
          "type": "INTEGER (LONG)",
          "count": 175,
          "max_value": 34409,
          "min_value": 621,
          "mean": 5129.782857142857
        }
      ]
    },
    {
      "column_name": "Level3+4_%",
      "number_non_empty_cells": 175,
      "number_empty_cells": 0,
      "number_distinct_values": 140,
      "frequent_values": [
        "28.2",
        "37.1",
        "18.0",
        "27.4",
        "16.1"
      ],
      "data_types": [
        {
          "type": "REAL",
          "count": 175,
          "max_value": 53.1,
          "min_value": 11.5,
          "mean": 33.99257142857143
        }
      ]
    },
    {
      "column_name": "Level2_N",
      "number_non_empty_cells": 175,
      "number_empty_cells": 0,
      "number_distinct_values": 171,
      "frequent_values": [
        "5437",
        "5497",
        "7545",
        "7260",
        "5105"
      ],
      "data_types": [
        {
          "type": "INTEGER (LONG)",
          "count": 175,
          "max_value": 46963,
          "min_value": 1244,
          "mean": 8257.634285714286
        }
      ]
    },
    {
      "column_name": "Level4_N",
      "number_non_empty_cells": 175,
      "number_empty_cells": 0,
      "number_distinct_values": 169,
      "frequent_values": [
        "173",
        "448",
        "951",
        "1599",
        "712"
      ],
      "data_types": [
        {
          "type": "INTEGER (LONG)",
          "count": 175,
          "max_value": 21151,
          "min_value": 158,
          "mean": 2437.2571428571428
        }
      ]
    },
    {
      "column_name": "Category",
      "number_non_empty_cells": 175,
      "number_empty_cells": 0,
      "number_distinct_values": 1,
      "frequent_values": [
        "All Students"
      ],
      "data_types": [
        {
          "type": "TEXT",
          "count": 175,
          "shortest_values": "All Students",
          "longest_values": "All Students",
          "average_length": 12.0
        }
      ]
    },
    {
      "column_name": "Grade",
      "number_non_empty_cells": 175,
      "number_empty_cells": 0,
      "number_distinct_values": 7,
      "frequent_values": [
        "3",
        "4",
        "5",
        "6",
        "7"
      ],
      "data_types": [
        {
          "type": "INTEGER (LONG)",
          "count": 150,
          "max_value": 8,
          "min_value": 3,
          "mean": 5.5
        },
        {
          "type": "TEXT",
          "count": 25,
          "shortest_values": "All Grades",
          "longest_values": "All Grades",
          "average_length": 10.0
        }
      ]
    },
    {
      "column_name": "Level2_%",
      "number_non_empty_cells": 175,
      "number_empty_cells": 0,
      "number_distinct_values": 103,
      "frequent_values": [
        "35.5",
        "39.3",
        "33.3",
        "32.7",
        "35.6"
      ],
      "data_types": [
        {
          "type": "REAL",
          "count": 175,
          "max_value": 45.7,
          "min_value": 24.9,
          "mean": 35.66457142857143
        }
      ]
    },
    {
      "column_name": "Level4_%",
      "number_non_empty_cells": 175,
      "number_empty_cells": 0,
      "number_distinct_values": 118,
      "frequent_values": [
        "8.7",
        "6.6",
        "17.3",
        "3.1",
        "7.3"
      ],
      "data_types": [
        {
          "type": "REAL",
          "count": 175,
          "max_value": 27.1,
          "min_value": 1.0,
          "mean": 11.187428571428567
        }
      ]
    },
    {
      "column_name": "Year",
      "number_non_empty_cells": 175,
      "number_empty_cells": 0,
      "number_distinct_values": 5,
      "frequent_values": [
        "2013",
        "2014",
        "2015",
        "2016",
        "2017"
      ],
      "data_types": [
        {
          "type": "INTEGER (LONG)",
          "count": 175,
          "max_value": 2017,
          "min_value": 2013,
          "mean": 2015.0
        }
      ]
    },
    {
      "column_name": "Number Tested",
      "number_non_empty_cells": 175,
      "number_empty_cells": 0,
      "number_distinct_values": 173,
      "frequent_values": [
        "20620",
        "4470",
        "15635",
        "15647",
        "15348"
      ],
      "data_types": [
        {
          "type": "INTEGER (LONG)",
          "count": 175,
          "max_value": 125059,
          "min_value": 3973,
          "mean": 23014.64
        }
      ]
    },
    {
      "column_name": "Mean Scale Score",
      "number_non_empty_cells": 175,
      "number_empty_cells": 0,
      "number_distinct_values": 35,
      "frequent_values": [
        "303",
        "304",
        "300",
        "299",
        "301"
      ],
      "data_types": [
        {
          "type": "INTEGER (LONG)",
          "count": 175,
          "max_value": 317,
          "min_value": 279,
          "mean": 301.18285714285713
        }
      ]
    },
    {
      "column_name": "Level3_%",
      "number_non_empty_cells": 175,
      "number_empty_cells": 0,
      "number_distinct_values": 127,
      "frequent_values": [
        "21.5",
        "22.5",
        "26.7",
        "21.1",
        "24.5"
      ],
      "data_types": [
        {
          "type": "REAL",
          "count": 175,
          "max_value": 40.3,
          "min_value": 8.0,
          "mean": 22.808000000000014
        }
      ]
    }
  ]
}