{
  "dataset_name": "mnkj-myjb.tsv.gz",
  "key_column_candidates": [
    "event_id",
    "video_id"
  ],
  "columns": [
    {
      "column_name": "event_id",
      "number_non_empty_cells": 587,
      "number_empty_cells": 0,
      "number_distinct_values": 552,
      "frequent_values": [
        "73298",
        "73342",
        "73343",
        "73345",
        "73374"
      ],
      "data_types": [
        {
          "type": "INTEGER (LONG)",
          "count": 587,
          "max_value": 179419,
          "min_value": 62281,
          "mean": 122070.98807495741
        }
      ]
    },
    {
      "column_name": "video_id",
      "number_non_empty_cells": 587,
      "number_empty_cells": 0,
      "number_distinct_values": 176,
      "frequent_values": [
        "https://youtu.be/LJtLnO0_s0Y",
        "https://www.youtube.com/watch?v=rdNLPuFsHOo",
        "https://www.youtube.com/watch?v=AHAX2tR8zy8&t=42s",
        "http://youtu.be/o1MWX3yQBCg",
        "https://www.youtube.com/watch?v=o1MWX3yQBCg"
      ],
      "data_types": [
        {
          "type": "TEXT",
          "count": 587,
          "shortest_values": "http://vimeo.com/97172333",
          "longest_values": "http://www.youtube.com/watch?v=https://drive.google.com/folderview?id=0B7sW-yV-sOd_TEpUU2J0Q0pfSzA&usp=sharing",
          "average_length": 39.79897785349233
        }
      ]
    }
  ]
}