{
  "dataset_name": "mtt6-ywt4.tsv.gz",
  "key_column_candidates": [
    "Gender",
    "Training Entity",
    "Training Site",
    "Borough",
    "District",
    "School",
    "Class Number",
    "Adaptive Class",
    "Session",
    "Session Date Range",
    "School Year",
    "First Day of Class",
    "Number of Sessions Attended"
  ],
  "columns": [
    {
      "column_name": "Borough",
      "number_non_empty_cells": 15046,
      "number_empty_cells": 0,
      "number_distinct_values": 5,
      "frequent_values": [
        "Queens",
        "Brooklyn",
        "Manhattan",
        "Bronx",
        "Staten Island"
      ],
      "data_types": [
        {
          "type": "TEXT",
          "count": 15046,
          "shortest_values": "Bronx",
          "longest_values": "Staten Island",
          "average_length": 7.34480925162834
        }
      ]
    },
    {
      "column_name": "First Day of Class",
      "number_non_empty_cells": 14932,
      "number_empty_cells": 114,
      "number_distinct_values": 97,
      "frequent_values": [
        "01/14/2019",
        "10/11/2016",
        "10/13/2017",
        "10/10/2017",
        "10/11/2017"
      ],
      "data_types": [
        {
          "type": "DATE/TIME",
          "count": 14932,
          "max_value": "10/16/2078",
          "min_value": "10/11/2007"
        }
      ]
    },
    {
      "column_name": "Session Date Range",
      "number_non_empty_cells": 15046,
      "number_empty_cells": 0,
      "number_distinct_values": 8,
      "frequent_values": [
        "October - December",
        "January - March",
        "April - June",
        "october - december",
        "October - december"
      ],
      "data_types": [
        {
          "type": "TEXT",
          "count": 15046,
          "shortest_values": "April - June",
          "longest_values": "October - December",
          "average_length": 15.467167353449423
        }
      ]
    },
    {
      "column_name": "School Year",
      "number_non_empty_cells": 15046,
      "number_empty_cells": 0,
      "number_distinct_values": 3,
      "frequent_values": [
        "2016-2017",
        "2017-2018",
        "2018-2019"
      ],
      "data_types": [
        {
          "type": "TEXT",
          "count": 15046,
          "shortest_values": "2018-2019",
          "longest_values": "2018-2019",
          "average_length": 9.0
        }
      ]
    },
    {
      "column_name": "School",
      "number_non_empty_cells": 15046,
      "number_empty_cells": 0,
      "number_distinct_values": 209,
      "frequent_values": [
        "P.S. 47",
        "P.S. 189",
        "P.S. 24",
        "P.S. 115",
        "P.S. 121"
      ],
      "data_types": [
        {
          "type": "TEXT",
          "count": 15046,
          "shortest_values": "P4K",
          "longest_values": "P.S. 256 Heketi Community Charter School",
          "average_length": 9.164296158447428
        }
      ]
    },
    {
      "column_name": "Adaptive Class",
      "number_non_empty_cells": 15046,
      "number_empty_cells": 0,
      "number_distinct_values": 2,
      "frequent_values": [
        "false",
        "true"
      ],
      "data_types": [
        {
          "type": "TEXT",
          "count": 15046,
          "shortest_values": "true",
          "longest_values": "false",
          "average_length": 4.973281935398113
        }
      ]
    },
    {
      "column_name": "Training Entity",
      "number_non_empty_cells": 15046,
      "number_empty_cells": 0,
      "number_distinct_values": 2,
      "frequent_values": [
        "NYC Parks",
        "Partner Site"
      ],
      "data_types": [
        {
          "type": "TEXT",
          "count": 15046,
          "shortest_values": "NYC Parks",
          "longest_values": "Partner Site",
          "average_length": 9.008174930214011
        }
      ]
    },
    {
      "column_name": "Session",
      "number_non_empty_cells": 15046,
      "number_empty_cells": 0,
      "number_distinct_values": 4,
      "frequent_values": [
        "Session #1",
        "Session #2",
        "Session #3",
        "Session #1;#Session #3"
      ],
      "data_types": [
        {
          "type": "TEXT",
          "count": 15046,
          "shortest_values": "Session #2",
          "longest_values": "Session #1;#Session #3",
          "average_length": 10.000797554167221
        }
      ]
    },
    {
      "column_name": "Training Site",
      "number_non_empty_cells": 15046,
      "number_empty_cells": 0,
      "number_distinct_values": 16,
      "frequent_values": [
        "FMCP",
        "Roy Wilkins",
        "Brownsville",
        "Metropolitan",
        "St. John's"
      ],
      "data_types": [
        {
          "type": "TEXT",
          "count": 15046,
          "shortest_values": "LIU",
          "longest_values": "Boys and Girls Harbor",
          "average_length": 9.796490761664229
        }
      ]
    },
    {
      "column_name": "Class Number",
      "number_non_empty_cells": 15046,
      "number_empty_cells": 0,
      "number_distinct_values": 174,
      "frequent_values": [
        "201",
        "202",
        "203",
        "204",
        "205"
      ],
      "data_types": [
        {
          "type": "INTEGER (LONG)",
          "count": 12629,
          "max_value": 2290,
          "min_value": 1,
          "mean": 210.60250217752792
        },
        {
          "type": "TEXT",
          "count": 2086,
          "shortest_values": "Y44",
          "longest_values": "201, 202, 203, 204, 205, 206",
          "average_length": 9.387344199424737
        },
        {
          "type": "DATE/TIME",
          "count": 331,
          "max_value": "10A/11A",
          "min_value": "2-213"
        }
      ]
    },
    {
      "column_name": "Number of Sessions Attended",
      "number_non_empty_cells": 15039,
      "number_empty_cells": 7,
      "number_distinct_values": 13,
      "frequent_values": [
        "7",
        "8",
        "6",
        "9",
        "5"
      ],
      "data_types": [
        {
          "type": "INTEGER (LONG)",
          "count": 15039,
          "max_value": 11,
          "min_value": 0,
          "mean": 5.633951725513665
        }
      ]
    },
    {
      "column_name": "District",
      "number_non_empty_cells": 13739,
      "number_empty_cells": 1307,
      "number_distinct_values": 34,
      "frequent_values": [
        "29",
        "28",
        "",
        "19",
        "23"
      ],
      "data_types": [
        {
          "type": "INTEGER (LONG)",
          "count": 13739,
          "max_value": 75,
          "min_value": 1,
          "mean": 19.957056554334375
        }
      ]
    },
    {
      "column_name": "Gender",
      "number_non_empty_cells": 15038,
      "number_empty_cells": 8,
      "number_distinct_values": 3,
      "frequent_values": [
        "Male",
        "Female",
        ""
      ],
      "data_types": [
        {
          "type": "TEXT",
          "count": 15038,
          "shortest_values": "Male",
          "longest_values": "Female",
          "average_length": 4.98909429445405
        }
      ]
    }
  ]
}