{
  "dataset_name": "mz5e-yub2.tsv.gz",
  "key_column_candidates": [
    "DBN",
    "School Name",
    "School Type",
    "Enrollment",
    "Rigorous Instruction Rating",
    "Collaborative Teachers Rating",
    "Supportive Environment Rating",
    "Effective School Leadership Rating",
    "Strong Family-Community Ties Rating",
    "Trust Rating",
    "Student Achievement Rating",
    "Rigorous Instruction - Percent Positive",
    "Collaborative Teachers - Percent Positive",
    "Supportive Environment - Percent Positive",
    "Effective School Leadership - Percent Positive",
    "Strong Family-Community Ties - Percent Positive",
    "Trust - Percent Positive",
    "Quality Review - How interesting and challenging is the curriculum?",
    "Quality Review - How effective is the teaching and learning?",
    "Quality Review - How well does the school assess what students are learning?",
    "Quality Review - How clearly are high expectations communicated to students and staff?",
    "Quality Review - How well do teachers work with each other?",
    "Quality Review - Dates of Review",
    "Average Grade 8 English Proficiency",
    "Average Grade 8 Math Proficiency",
    "Percent English Language Learners",
    "Percent Students with Disabilities",
    "Percent Self-Contained",
    "Economic Need Index",
    "Percent Overage/Undercredited",
    "Percent in Temp Housing",
    "Percent HRA Eligible",
    "Percent Asian",
    "Percent Black",
    "Percent Hispanic",
    "Percent White",
    "Years of principal experience at this school",
    "Percent of teachers with 3 or more years of experience",
    "Student Attendance Rate",
    "Percent of Students Chronically Absent",
    "Teacher Attendance Rate"
  ],
  "columns": [
    {
      "column_name": "Rigorous Instruction - Percent Positive",
      "number_non_empty_cells": 494,
      "number_empty_cells": 0,
      "number_distinct_values": 44,
      "frequent_values": [
        "0.85",
        "0.87",
        "0.83",
        "0.8",
        "0.76"
      ],
      "data_types": [
        {
          "type": "REAL",
          "count": 494,
          "max_value": 0.97,
          "min_value": 0.51,
          "mean": 0.8083198380566811
        }
      ]
    },
    {
      "column_name": "School Type",
      "number_non_empty_cells": 494,
      "number_empty_cells": 0,
      "number_distinct_values": 1,
      "frequent_values": [
        "High School"
      ],
      "data_types": [
        {
          "type": "TEXT",
          "count": 494,
          "shortest_values": "High School",
          "longest_values": "High School",
          "average_length": 11.0
        }
      ]
    },
    {
      "column_name": "Effective School Leadership Rating",
      "number_non_empty_cells": 474,
      "number_empty_cells": 20,
      "number_distinct_values": 5,
      "frequent_values": [
        "Meeting Target",
        "Exceeding Target",
        "Approaching Target",
        "Not Meeting Target",
        ""
      ],
      "data_types": [
        {
          "type": "TEXT",
          "count": 474,
          "shortest_values": "Meeting Target",
          "longest_values": "Not Meeting Target",
          "average_length": 15.556962025316455
        }
      ]
    },
    {
      "column_name": "Percent English Language Learners",
      "number_non_empty_cells": 493,
      "number_empty_cells": 1,
      "number_distinct_values": 208,
      "frequent_values": [
        "0",
        "0.002",
        "0.017",
        "0.008",
        "0.044"
      ],
      "data_types": [
        {
          "type": "INTEGER (LONG)",
          "count": 29,
          "max_value": 0,
          "min_value": 0,
          "mean": 0.0
        },
        {
          "type": "REAL",
          "count": 464,
          "max_value": 0.947,
          "min_value": 0.002,
          "mean": 0.12017025862068977
        }
      ]
    },
    {
      "column_name": "Percent Overage/Undercredited",
      "number_non_empty_cells": 493,
      "number_empty_cells": 1,
      "number_distinct_values": 203,
      "frequent_values": [
        "0",
        "0.094",
        "0.015",
        "0.025",
        "0.056"
      ],
      "data_types": [
        {
          "type": "REAL",
          "count": 472,
          "max_value": 0.392,
          "min_value": 0.001,
          "mean": 0.08818644067796605
        },
        {
          "type": "INTEGER (LONG)",
          "count": 21,
          "max_value": 0,
          "min_value": 0,
          "mean": 0.0
        }
      ]
    },
    {
      "column_name": "Years of principal experience at this school",
      "number_non_empty_cells": 439,
      "number_empty_cells": 55,
      "number_distinct_values": 95,
      "frequent_values": [
        "",
        "3",
        "4.8",
        "2",
        "11"
      ],
      "data_types": [
        {
          "type": "INTEGER (LONG)",
          "count": 176,
          "max_value": 19,
          "min_value": 1,
          "mean": 6.2272727272727275
        },
        {
          "type": "REAL",
          "count": 263,
          "max_value": 23.8,
          "min_value": 0.2,
          "mean": 4.7384030418250855
        }
      ]
    },
    {
      "column_name": "Quality Review - Dates of Review",
      "number_non_empty_cells": 439,
      "number_empty_cells": 55,
      "number_distinct_values": 203,
      "frequent_values": [
        "",
        "April 12, 2016",
        "January 14, 2015",
        "February 25, 2015",
        "April 21, 2015"
      ],
      "data_types": [
        {
          "type": "DATE/TIME",
          "count": 439,
          "max_value": "February 5, 2105",
          "min_value": "October 27, 2014"
        }
      ]
    },
    {
      "column_name": "Percent of Students Chronically Absent",
      "number_non_empty_cells": 488,
      "number_empty_cells": 6,
      "number_distinct_values": 340,
      "frequent_values": [
        "",
        "0.462",
        "0.442",
        "0.452",
        "0.446"
      ],
      "data_types": [
        {
          "type": "REAL",
          "count": 488,
          "max_value": 0.806,
          "min_value": 0.014,
          "mean": 0.3468012295081964
        }
      ]
    },
    {
      "column_name": "Effective School Leadership - Percent Positive",
      "number_non_empty_cells": 494,
      "number_empty_cells": 0,
      "number_distinct_values": 50,
      "frequent_values": [
        "0.87",
        "0.86",
        "0.88",
        "0.89",
        "0.85"
      ],
      "data_types": [
        {
          "type": "REAL",
          "count": 493,
          "max_value": 0.99,
          "min_value": 0.42,
          "mean": 0.8356186612576071
        },
        {
          "type": "INTEGER (LONG)",
          "count": 1,
          "max_value": 1,
          "min_value": 1,
          "mean": 1.0
        }
      ]
    },
    {
      "column_name": "Student Attendance Rate",
      "number_non_empty_cells": 489,
      "number_empty_cells": 5,
      "number_distinct_values": 196,
      "frequent_values": [
        "0.867",
        "0.86",
        "0.846",
        "0.837",
        "0.92"
      ],
      "data_types": [
        {
          "type": "REAL",
          "count": 489,
          "max_value": 0.98,
          "min_value": 0.663,
          "mean": 0.8743558282208591
        }
      ]
    },
    {
      "column_name": "Percent White",
      "number_non_empty_cells": 493,
      "number_empty_cells": 1,
      "number_distinct_values": 172,
      "frequent_values": [
        "0",
        "0.024",
        "0.009",
        "0.015",
        "0.016"
      ],
      "data_types": [
        {
          "type": "INTEGER (LONG)",
          "count": 30,
          "max_value": 0,
          "min_value": 0,
          "mean": 0.0
        },
        {
          "type": "REAL",
          "count": 463,
          "max_value": 0.79,
          "min_value": 0.002,
          "mean": 0.0824794816414687
        }
      ]
    },
    {
      "column_name": "Strong Family-Community Ties Rating",
      "number_non_empty_cells": 467,
      "number_empty_cells": 27,
      "number_distinct_values": 5,
      "frequent_values": [
        "Meeting Target",
        "Approaching Target",
        "Exceeding Target",
        "",
        "Not Meeting Target"
      ],
      "data_types": [
        {
          "type": "TEXT",
          "count": 467,
          "shortest_values": "Meeting Target",
          "longest_values": "Approaching Target",
          "average_length": 15.062098501070663
        }
      ]
    },
    {
      "column_name": "Teacher Attendance Rate",
      "number_non_empty_cells": 439,
      "number_empty_cells": 55,
      "number_distinct_values": 52,
      "frequent_values": [
        "",
        "0.963",
        "0.966",
        "0.962",
        "0.968"
      ],
      "data_types": [
        {
          "type": "REAL",
          "count": 439,
          "max_value": 0.994,
          "min_value": 0.937,
          "mean": 0.9661776765375867
        }
      ]
    },
    {
      "column_name": "Collaborative Teachers - Percent Positive",
      "number_non_empty_cells": 494,
      "number_empty_cells": 0,
      "number_distinct_values": 48,
      "frequent_values": [
        "0.81",
        "0.76",
        "0.85",
        "0.82",
        "0.88"
      ],
      "data_types": [
        {
          "type": "REAL",
          "count": 494,
          "max_value": 0.98,
          "min_value": 0.43,
          "mean": 0.7923076923076919
        }
      ]
    },
    {
      "column_name": "Quality Review - How well do teachers work with each other?",
      "number_non_empty_cells": 439,
      "number_empty_cells": 55,
      "number_distinct_values": 5,
      "frequent_values": [
        "Proficient",
        "Well Developed",
        "",
        "Developing",
        "Under Developed"
      ],
      "data_types": [
        {
          "type": "TEXT",
          "count": 439,
          "shortest_values": "Proficient",
          "longest_values": "Under Developed",
          "average_length": 11.596810933940775
        }
      ]
    },
    {
      "column_name": "Strong Family-Community Ties - Percent Positive",
      "number_non_empty_cells": 494,
      "number_empty_cells": 0,
      "number_distinct_values": 34,
      "frequent_values": [
        "0.83",
        "0.8",
        "0.81",
        "0.84",
        "0.82"
      ],
      "data_types": [
        {
          "type": "REAL",
          "count": 494,
          "max_value": 0.99,
          "min_value": 0.51,
          "mean": 0.827287449392712
        }
      ]
    },
    {
      "column_name": "Quality Review - How interesting and challenging is the curriculum?",
      "number_non_empty_cells": 439,
      "number_empty_cells": 55,
      "number_distinct_values": 4,
      "frequent_values": [
        "Proficient",
        "Well Developed",
        "Developing",
        ""
      ],
      "data_types": [
        {
          "type": "TEXT",
          "count": 439,
          "shortest_values": "Developing",
          "longest_values": "Well Developed",
          "average_length": 11.430523917995444
        }
      ]
    },
    {
      "column_name": "Quality Review - How effective is the teaching and learning?",
      "number_non_empty_cells": 439,
      "number_empty_cells": 55,
      "number_distinct_values": 4,
      "frequent_values": [
        "Proficient",
        "Developing",
        "Well Developed",
        ""
      ],
      "data_types": [
        {
          "type": "TEXT",
          "count": 439,
          "shortest_values": "Developing",
          "longest_values": "Well Developed",
          "average_length": 10.601366742596811
        }
      ]
    },
    {
      "column_name": "Average Grade 8 English Proficiency",
      "number_non_empty_cells": 493,
      "number_empty_cells": 1,
      "number_distinct_values": 162,
      "frequent_values": [
        "2.48",
        "2.54",
        "2.43",
        "2.57",
        "2.46"
      ],
      "data_types": [
        {
          "type": "INTEGER (LONG)",
          "count": 1,
          "max_value": 3,
          "min_value": 3,
          "mean": 3.0
        },
        {
          "type": "REAL",
          "count": 492,
          "max_value": 4.17,
          "min_value": 1.77,
          "mean": 2.649756097560974
        }
      ]
    },
    {
      "column_name": "Percent of teachers with 3 or more years of experience",
      "number_non_empty_cells": 439,
      "number_empty_cells": 55,
      "number_distinct_values": 232,
      "frequent_values": [
        "",
        "1",
        "0.667",
        "0.75",
        "0.857"
      ],
      "data_types": [
        {
          "type": "REAL",
          "count": 428,
          "max_value": 0.976,
          "min_value": 0.182,
          "mean": 0.7195210280373826
        },
        {
          "type": "INTEGER (LONG)",
          "count": 11,
          "max_value": 1,
          "min_value": 1,
          "mean": 1.0
        }
      ]
    },
    {
      "column_name": "Average Grade 8 Math Proficiency",
      "number_non_empty_cells": 493,
      "number_empty_cells": 1,
      "number_distinct_values": 154,
      "frequent_values": [
        "2.18",
        "2.13",
        "2.31",
        "2.2",
        "2.14"
      ],
      "data_types": [
        {
          "type": "REAL",
          "count": 490,
          "max_value": 4.3,
          "min_value": 1.84,
          "mean": 2.5115918367346923
        },
        {
          "type": "INTEGER (LONG)",
          "count": 3,
          "max_value": 2,
          "min_value": 2,
          "mean": 2.0
        }
      ]
    },
    {
      "column_name": "Percent Students with Disabilities",
      "number_non_empty_cells": 493,
      "number_empty_cells": 1,
      "number_distinct_values": 236,
      "frequent_values": [
        "0.231",
        "0.157",
        "0.236",
        "0.149",
        "0.246"
      ],
      "data_types": [
        {
          "type": "REAL",
          "count": 492,
          "max_value": 0.547,
          "min_value": 0.005,
          "mean": 0.1835670731707318
        },
        {
          "type": "INTEGER (LONG)",
          "count": 1,
          "max_value": 0,
          "min_value": 0,
          "mean": 0.0
        }
      ]
    },
    {
      "column_name": "Economic Need Index",
      "number_non_empty_cells": 493,
      "number_empty_cells": 1,
      "number_distinct_values": 322,
      "frequent_values": [
        "0.735",
        "0.72",
        "0.783",
        "0.779",
        "0.753"
      ],
      "data_types": [
        {
          "type": "REAL",
          "count": 493,
          "max_value": 0.976,
          "min_value": 0.189,
          "mean": 0.6817870182555784
        }
      ]
    },
    {
      "column_name": "Student Achievement Rating",
      "number_non_empty_cells": 427,
      "number_empty_cells": 67,
      "number_distinct_values": 5,
      "frequent_values": [
        "Meeting Target",
        "Approaching Target",
        "Exceeding Target",
        "",
        "Not Meeting Target"
      ],
      "data_types": [
        {
          "type": "TEXT",
          "count": 427,
          "shortest_values": "Meeting Target",
          "longest_values": "Approaching Target",
          "average_length": 15.840749414519907
        }
      ]
    },
    {
      "column_name": "Quality Review - How clearly are high expectations communicated to students and staff?",
      "number_non_empty_cells": 439,
      "number_empty_cells": 55,
      "number_distinct_values": 4,
      "frequent_values": [
        "Well Developed",
        "Proficient",
        "",
        "Developing"
      ],
      "data_types": [
        {
          "type": "TEXT",
          "count": 439,
          "shortest_values": "Proficient",
          "longest_values": "Well Developed",
          "average_length": 11.995444191343964
        }
      ]
    },
    {
      "column_name": "Percent in Temp Housing",
      "number_non_empty_cells": 493,
      "number_empty_cells": 1,
      "number_distinct_values": 207,
      "frequent_values": [
        "0.097",
        "0.071",
        "0.033",
        "0.075",
        "0.091"
      ],
      "data_types": [
        {
          "type": "REAL",
          "count": 489,
          "max_value": 0.427,
          "min_value": 0.008,
          "mean": 0.10519836400818003
        },
        {
          "type": "INTEGER (LONG)",
          "count": 4,
          "max_value": 0,
          "min_value": 0,
          "mean": 0.0
        }
      ]
    },
    {
      "column_name": "Enrollment",
      "number_non_empty_cells": 494,
      "number_empty_cells": 0,
      "number_distinct_values": 353,
      "frequent_values": [
        "410",
        "356",
        "353",
        "441",
        "333"
      ],
      "data_types": [
        {
          "type": "INTEGER (LONG)",
          "count": 494,
          "max_value": 5534,
          "min_value": 8,
          "mean": 596.2368421052631
        }
      ]
    },
    {
      "column_name": "DBN",
      "number_non_empty_cells": 494,
      "number_empty_cells": 0,
      "number_distinct_values": 494,
      "frequent_values": [
        "01M292",
        "01M448",
        "01M450",
        "01M509",
        "01M539"
      ],
      "data_types": [
        {
          "type": "TEXT",
          "count": 493,
          "shortest_values": "01M292",
          "longest_values": "01M292",
          "average_length": 6.0
        },
        {
          "type": "DATE/TIME",
          "count": 1,
          "max_value": "02M047",
          "min_value": "02M047"
        }
      ]
    },
    {
      "column_name": "Percent Hispanic",
      "number_non_empty_cells": 493,
      "number_empty_cells": 1,
      "number_distinct_values": 365,
      "frequent_values": [
        "0.414",
        "0.634",
        "0.64",
        "0.612",
        "0.186"
      ],
      "data_types": [
        {
          "type": "REAL",
          "count": 490,
          "max_value": 0.997,
          "min_value": 0.005,
          "mean": 0.43188367346938755
        },
        {
          "type": "INTEGER (LONG)",
          "count": 3,
          "max_value": 1,
          "min_value": 1,
          "mean": 1.0
        }
      ]
    },
    {
      "column_name": "Rigorous Instruction Rating",
      "number_non_empty_cells": 474,
      "number_empty_cells": 20,
      "number_distinct_values": 5,
      "frequent_values": [
        "Meeting Target",
        "Exceeding Target",
        "Approaching Target",
        "",
        "Not Meeting Target"
      ],
      "data_types": [
        {
          "type": "TEXT",
          "count": 474,
          "shortest_values": "Meeting Target",
          "longest_values": "Approaching Target",
          "average_length": 15.50210970464135
        }
      ]
    },
    {
      "column_name": "Collaborative Teachers Rating",
      "number_non_empty_cells": 474,
      "number_empty_cells": 20,
      "number_distinct_values": 5,
      "frequent_values": [
        "Meeting Target",
        "Exceeding Target",
        "Approaching Target",
        "",
        "Not Meeting Target"
      ],
      "data_types": [
        {
          "type": "TEXT",
          "count": 474,
          "shortest_values": "Meeting Target",
          "longest_values": "Approaching Target",
          "average_length": 15.350210970464135
        }
      ]
    },
    {
      "column_name": "Trust Rating",
      "number_non_empty_cells": 467,
      "number_empty_cells": 27,
      "number_distinct_values": 5,
      "frequent_values": [
        "Meeting Target",
        "Exceeding Target",
        "Approaching Target",
        "",
        "Not Meeting Target"
      ],
      "data_types": [
        {
          "type": "TEXT",
          "count": 467,
          "shortest_values": "Meeting Target",
          "longest_values": "Approaching Target",
          "average_length": 15.130620985010706
        }
      ]
    },
    {
      "column_name": "Percent HRA Eligible",
      "number_non_empty_cells": 493,
      "number_empty_cells": 1,
      "number_distinct_values": 313,
      "frequent_values": [
        "0.524",
        "0.451",
        "0.44",
        "0.568",
        "0.232"
      ],
      "data_types": [
        {
          "type": "REAL",
          "count": 493,
          "max_value": 0.74,
          "min_value": 0.106,
          "mean": 0.4798904665314401
        }
      ]
    },
    {
      "column_name": "Percent Black",
      "number_non_empty_cells": 493,
      "number_empty_cells": 1,
      "number_distinct_values": 367,
      "frequent_values": [
        "0.279",
        "0.264",
        "0.316",
        "0",
        "0.051"
      ],
      "data_types": [
        {
          "type": "INTEGER (LONG)",
          "count": 4,
          "max_value": 0,
          "min_value": 0,
          "mean": 0.0
        },
        {
          "type": "REAL",
          "count": 489,
          "max_value": 0.99,
          "min_value": 0.002,
          "mean": 0.37712269938650295
        }
      ]
    },
    {
      "column_name": "School Name",
      "number_non_empty_cells": 494,
      "number_empty_cells": 0,
      "number_distinct_values": 489,
      "frequent_values": [
        "New Visions Charter High School for Advanced Math",
        "New Visions Charter High School for the Humanities",
        "Henry Street School for International Studies",
        "University Neighborhood High School",
        "East Side Community School"
      ],
      "data_types": [
        {
          "type": "TEXT",
          "count": 494,
          "shortest_values": "NYC iSchool",
          "longest_values": "New Explorations into Science, Technology and Math",
          "average_length": 35.850202429149796
        }
      ]
    },
    {
      "column_name": "Percent Asian",
      "number_non_empty_cells": 493,
      "number_empty_cells": 1,
      "number_distinct_values": 194,
      "frequent_values": [
        "0",
        "0.013",
        "0.012",
        "0.003",
        "0.006"
      ],
      "data_types": [
        {
          "type": "REAL",
          "count": 461,
          "max_value": 0.855,
          "min_value": 0.002,
          "mean": 0.09695010845986997
        },
        {
          "type": "INTEGER (LONG)",
          "count": 32,
          "max_value": 0,
          "min_value": 0,
          "mean": 0.0
        }
      ]
    },
    {
      "column_name": "Quality Review - How well does the school assess what students are learning?",
      "number_non_empty_cells": 439,
      "number_empty_cells": 55,
      "number_distinct_values": 4,
      "frequent_values": [
        "Proficient",
        "Developing",
        "Well Developed",
        ""
      ],
      "data_types": [
        {
          "type": "TEXT",
          "count": 439,
          "shortest_values": "Developing",
          "longest_values": "Well Developed",
          "average_length": 10.91116173120729
        }
      ]
    },
    {
      "column_name": "Trust - Percent Positive",
      "number_non_empty_cells": 494,
      "number_empty_cells": 0,
      "number_distinct_values": 35,
      "frequent_values": [
        "0.9",
        "0.87",
        "0.88",
        "0.91",
        "0.86"
      ],
      "data_types": [
        {
          "type": "REAL",
          "count": 494,
          "max_value": 0.98,
          "min_value": 0.6,
          "mean": 0.8633400809716598
        }
      ]
    },
    {
      "column_name": "Supportive Environment Rating",
      "number_non_empty_cells": 471,
      "number_empty_cells": 23,
      "number_distinct_values": 5,
      "frequent_values": [
        "Meeting Target",
        "Approaching Target",
        "Exceeding Target",
        "",
        "Not Meeting Target"
      ],
      "data_types": [
        {
          "type": "TEXT",
          "count": 471,
          "shortest_values": "Meeting Target",
          "longest_values": "Approaching Target",
          "average_length": 15.511677282377919
        }
      ]
    },
    {
      "column_name": "Percent Self-Contained",
      "number_non_empty_cells": 493,
      "number_empty_cells": 1,
      "number_distinct_values": 100,
      "frequent_values": [
        "0",
        "0.002",
        "0.003",
        "0.005",
        "0.004"
      ],
      "data_types": [
        {
          "type": "REAL",
          "count": 400,
          "max_value": 0.214,
          "min_value": 0.001,
          "mean": 0.029109999999999987
        },
        {
          "type": "INTEGER (LONG)",
          "count": 93,
          "max_value": 0,
          "min_value": 0,
          "mean": 0.0
        }
      ]
    },
    {
      "column_name": "Supportive Environment - Percent Positive",
      "number_non_empty_cells": 494,
      "number_empty_cells": 0,
      "number_distinct_values": 46,
      "frequent_values": [
        "0.68",
        "0.69",
        "0.73",
        "0.63",
        "0.65"
      ],
      "data_types": [
        {
          "type": "REAL",
          "count": 494,
          "max_value": 0.98,
          "min_value": 0.39,
          "mean": 0.6979149797570855
        }
      ]
    }
  ]
}