{
  "dataset_name": "ncre-qhxs.tsv.gz",
  "key_column_candidates": [
    "the_geom",
    "BIN_NUMBER",
    "BBL",
    "BoroughID",
    "BLOCK",
    "LOT",
    "LP_NUMBER",
    "LM_NAME",
    "PLUTO_ADDR",
    "DESIG_ADDR",
    "PUBLIC_HEA",
    "LM_TYPE",
    "HIST_DISTR",
    "OTHER_HEAR",
    "BOUNDARIES",
    "MOST_CURRE",
    "STATUS",
    "LAST_ACTIO",
    "COUNT_BLDG",
    "NON_BLDG",
    "VACANT_LOT",
    "SECND_BLDG",
    "DESDATE",
    "CALDATE",
    "Zip Codes",
    "Community Districts",
    "Borough Boundaries",
    "City Council Districts",
    "Police Precincts"
  ],
  "columns": [
    {
      "column_name": "Zip Codes",
      "number_non_empty_cells": 37964,
      "number_empty_cells": 184,
      "number_distinct_values": 157,
      "frequent_values": [
        "16865",
        "17617",
        "12077",
        "17619",
        "17618"
      ],
      "data_types": [
        {
          "type": "INTEGER (LONG)",
          "count": 37964,
          "max_value": 24670,
          "min_value": 10090,
          "mean": 14429.037114108103
        }
      ]
    },
    {
      "column_name": "OTHER_HEAR",
      "number_non_empty_cells": 97,
      "number_empty_cells": 38051,
      "number_distinct_values": 10,
      "frequent_values": [
        "",
        "2/10/2004",
        "2/23/2016",
        "7/12/1984",
        "<Null>"
      ],
      "data_types": [
        {
          "type": "DATE/TIME",
          "count": 93,
          "max_value": "2/23/2106",
          "min_value": "7/12/1984"
        },
        {
          "type": "TEXT",
          "count": 4,
          "shortest_values": "<Null>",
          "longest_values": "<Null>",
          "average_length": 6.0
        }
      ]
    },
    {
      "column_name": "BBL",
      "number_non_empty_cells": 38147,
      "number_empty_cells": 1,
      "number_distinct_values": 32822,
      "frequent_values": [
        "1000010010",
        "4059170001",
        "1011110001",
        "1000000000",
        "5009550001"
      ],
      "data_types": [
        {
          "type": "INTEGER (LONG)",
          "count": 38140,
          "max_value": 5080500013,
          "min_value": 1000000000,
          "mean": 2359412578.4802833
        },
        {
          "type": "TEXT",
          "count": 7,
          "shortest_values": "<Null>",
          "longest_values": "<Null>",
          "average_length": 6.0
        }
      ]
    },
    {
      "column_name": "HIST_DISTR",
      "number_non_empty_cells": 38091,
      "number_empty_cells": 57,
      "number_distinct_values": 153,
      "frequent_values": [
        "No",
        "Yes, Greenwich Village",
        "Yes, Park Slope",
        "Yes, Upper West Side/Central Park West",
        "Yes, Brooklyn Heights"
      ],
      "data_types": [
        {
          "type": "TEXT",
          "count": 38091,
          "shortest_values": "No",
          "longest_values": "Yes, Upper West Side/Central Park West & Central Park West - West 73rd-74th Street",
          "average_length": 23.791446798456327
        }
      ]
    },
    {
      "column_name": "the_geom",
      "number_non_empty_cells": 38148,
      "number_empty_cells": 0,
      "number_distinct_values": 38145,
      "frequent_values": [
        "POINT (-73.97641328756926 40.767395138334514)",
        "POINT (-73.95555999070419 40.795637351926615)",
        "POINT (-73.9790263524746 40.77035984541485)",
        "POINT (-73.97643827649311 40.79225261375137)",
        "POINT (-73.98710841998673 40.688789869793716)"
      ],
      "data_types": [
        {
          "type": "TEXT",
          "count": 38148,
          "shortest_values": "POINT (-74.137441824919 40.59506533971)",
          "longest_values": "POINT (-73.98710841998673 40.688789869793716)",
          "average_length": 44.05649051064276
        }
      ]
    },
    {
      "column_name": "BoroughID",
      "number_non_empty_cells": 38148,
      "number_empty_cells": 0,
      "number_distinct_values": 5,
      "frequent_values": [
        "BK",
        "MN",
        "QN",
        "BX",
        "SI"
      ],
      "data_types": [
        {
          "type": "TEXT",
          "count": 38148,
          "shortest_values": "MN",
          "longest_values": "MN",
          "average_length": 2.0
        }
      ]
    },
    {
      "column_name": "Community Districts",
      "number_non_empty_cells": 38139,
      "number_empty_cells": 9,
      "number_distinct_values": 68,
      "frequent_values": [
        "68",
        "57",
        "14",
        "20",
        "16"
      ],
      "data_types": [
        {
          "type": "INTEGER (LONG)",
          "count": 38139,
          "max_value": 71,
          "min_value": 1,
          "mean": 38.60664936154593
        }
      ]
    },
    {
      "column_name": "Police Precincts",
      "number_non_empty_cells": 38139,
      "number_empty_cells": 9,
      "number_distinct_values": 75,
      "frequent_values": [
        "50",
        "3",
        "12",
        "54",
        "49"
      ],
      "data_types": [
        {
          "type": "INTEGER (LONG)",
          "count": 38139,
          "max_value": 77,
          "min_value": 1,
          "mean": 35.8762946065707
        }
      ]
    },
    {
      "column_name": "MOST_CURRE",
      "number_non_empty_cells": 38148,
      "number_empty_cells": 0,
      "number_distinct_values": 1,
      "frequent_values": [
        "1"
      ],
      "data_types": [
        {
          "type": "INTEGER (LONG)",
          "count": 38148,
          "max_value": 1,
          "min_value": 1,
          "mean": 1.0
        }
      ]
    },
    {
      "column_name": "BLOCK",
      "number_non_empty_cells": 38148,
      "number_empty_cells": 0,
      "number_distinct_values": 1722,
      "frequent_values": [
        "1",
        "1144",
        "1244",
        "0",
        "5917"
      ],
      "data_types": [
        {
          "type": "INTEGER (LONG)",
          "count": 38148,
          "max_value": 16212,
          "min_value": 0,
          "mean": 1895.1838366362588
        }
      ]
    },
    {
      "column_name": "DESDATE",
      "number_non_empty_cells": 38137,
      "number_empty_cells": 11,
      "number_distinct_values": 506,
      "frequent_values": [
        "04/29/1969",
        "04/24/1990",
        "07/17/1973",
        "11/23/1965",
        "05/19/1981"
      ],
      "data_types": [
        {
          "type": "DATE/TIME",
          "count": 38137,
          "max_value": "06/25/2019",
          "min_value": "10/14/1965"
        }
      ]
    },
    {
      "column_name": "STATUS",
      "number_non_empty_cells": 38148,
      "number_empty_cells": 0,
      "number_distinct_values": 2,
      "frequent_values": [
        "DESIGNATED",
        "CALENDARED"
      ],
      "data_types": [
        {
          "type": "TEXT",
          "count": 38148,
          "shortest_values": "DESIGNATED",
          "longest_values": "DESIGNATED",
          "average_length": 10.0
        }
      ]
    },
    {
      "column_name": "COUNT_BLDG",
      "number_non_empty_cells": 38148,
      "number_empty_cells": 0,
      "number_distinct_values": 2,
      "frequent_values": [
        "1",
        "0"
      ],
      "data_types": [
        {
          "type": "INTEGER (LONG)",
          "count": 38148,
          "max_value": 1,
          "min_value": 0,
          "mean": 0.8847646010275768
        }
      ]
    },
    {
      "column_name": "NON_BLDG",
      "number_non_empty_cells": 1498,
      "number_empty_cells": 36650,
      "number_distinct_values": 117,
      "frequent_values": [
        "",
        "0",
        "Already counted",
        "Interior, exterior already counted",
        "Already counted as part of LP-0861"
      ],
      "data_types": [
        {
          "type": "INTEGER (LONG)",
          "count": 299,
          "max_value": 0,
          "min_value": 0,
          "mean": 0.0
        },
        {
          "type": "TEXT",
          "count": 1199,
          "shortest_values": "Park",
          "longest_values": "Swimming pool (now play area), lot already counted",
          "average_length": 20.640533778148455
        }
      ]
    },
    {
      "column_name": "CALDATE",
      "number_non_empty_cells": 14814,
      "number_empty_cells": 23334,
      "number_distinct_values": 195,
      "frequent_values": [
        "",
        "06/23/2009",
        "06/28/2011",
        "10/26/2010",
        "11/19/1996"
      ],
      "data_types": [
        {
          "type": "DATE/TIME",
          "count": 14814,
          "max_value": "06/25/2019",
          "min_value": "11/19/1996"
        }
      ]
    },
    {
      "column_name": "BOUNDARIES",
      "number_non_empty_cells": 38147,
      "number_empty_cells": 1,
      "number_distinct_values": 13,
      "frequent_values": [
        "Block & Lot",
        "See designation report",
        "Block and Lot",
        "Partial lot",
        "Irregular"
      ],
      "data_types": [
        {
          "type": "TEXT",
          "count": 38147,
          "shortest_values": "Irregular",
          "longest_values": "See publich hearing record",
          "average_length": 11.327496264450678
        }
      ]
    },
    {
      "column_name": "BIN_NUMBER",
      "number_non_empty_cells": 38148,
      "number_empty_cells": 0,
      "number_distinct_values": 35545,
      "frequent_values": [
        "1000000",
        "3000000",
        "4000000",
        "0",
        "5000000"
      ],
      "data_types": [
        {
          "type": "INTEGER (LONG)",
          "count": 38148,
          "max_value": 5163515,
          "min_value": 0,
          "mean": 2403155.0042204047
        }
      ]
    },
    {
      "column_name": "SECND_BLDG",
      "number_non_empty_cells": 38148,
      "number_empty_cells": 0,
      "number_distinct_values": 2,
      "frequent_values": [
        "0",
        "1"
      ],
      "data_types": [
        {
          "type": "INTEGER (LONG)",
          "count": 38148,
          "max_value": 1,
          "min_value": 0,
          "mean": 0.061208975568837164
        }
      ]
    },
    {
      "column_name": "City Council Districts",
      "number_non_empty_cells": 38101,
      "number_empty_cells": 47,
      "number_distinct_values": 51,
      "frequent_values": [
        "27",
        "19",
        "48",
        "10",
        "49"
      ],
      "data_types": [
        {
          "type": "INTEGER (LONG)",
          "count": 38101,
          "max_value": 51,
          "min_value": 1,
          "mean": 30.418991627516338
        }
      ]
    },
    {
      "column_name": "DESIG_ADDR",
      "number_non_empty_cells": 34678,
      "number_empty_cells": 3470,
      "number_distinct_values": 29957,
      "frequent_values": [
        "",
        "1 GOVERNORS ISLAND",
        "318 CROSS ISLAND PARKWAY",
        "CENTRAL PARK",
        "460 BRIELLE AVENUE"
      ],
      "data_types": [
        {
          "type": "TEXT",
          "count": 34678,
          "shortest_values": "NA",
          "longest_values": "39 1/2 WASHINGTON SQUARE SOUTH (AKA 130 WEST 4TH STREET; 141 MACDOUGAL STREET; 39A WASHINGTON SQUARE SOUTH; 39 1/2 WASHINGTON SQUARE WEST; 39A WASHIN*",
          "average_length": 18.374444893015745
        }
      ]
    },
    {
      "column_name": "LM_NAME",
      "number_non_empty_cells": 38148,
      "number_empty_cells": 0,
      "number_distinct_values": 1655,
      "frequent_values": [
        "Greenwich Village Historic District",
        "Upper West Side/Central Park West Historic District",
        "Park Slope Historic District",
        "Brooklyn Heights Historic District",
        "Upper East Side Historic District"
      ],
      "data_types": [
        {
          "type": "TEXT",
          "count": 38148,
          "shortest_values": "Fort Jay",
          "longest_values": "Bell Telephone Laboratories Complex, including former Western Electric Company & Hook's Steam-powered Factory Buildings, now Westbeth Artists' Housing",
          "average_length": 36.029988465974625
        }
      ]
    },
    {
      "column_name": "PLUTO_ADDR",
      "number_non_empty_cells": 38117,
      "number_empty_cells": 31,
      "number_distinct_values": 32806,
      "frequent_values": [
        "1 GOVERNORS ISLAND",
        "423 ABBOT ROAD",
        "1000 5 AVENUE",
        "[NO ADDRESS]",
        "460 BRIELLE AVENUE"
      ],
      "data_types": [
        {
          "type": "TEXT",
          "count": 38117,
          "shortest_values": "<Null>",
          "longest_values": "[NO NUMBER] GREENWICH STREET, CHRISTOPHER STREET AND 6 AVENUE",
          "average_length": 17.07461237767925
        }
      ]
    },
    {
      "column_name": "Borough Boundaries",
      "number_non_empty_cells": 38139,
      "number_empty_cells": 9,
      "number_distinct_values": 6,
      "frequent_values": [
        "2",
        "4",
        "3",
        "5",
        "1"
      ],
      "data_types": [
        {
          "type": "INTEGER (LONG)",
          "count": 38139,
          "max_value": 5,
          "min_value": 1,
          "mean": 2.9866278612443957
        }
      ]
    },
    {
      "column_name": "LOT",
      "number_non_empty_cells": 38148,
      "number_empty_cells": 0,
      "number_distinct_values": 596,
      "frequent_values": [
        "1",
        "10",
        "7501",
        "12",
        "13"
      ],
      "data_types": [
        {
          "type": "INTEGER (LONG)",
          "count": 38148,
          "max_value": 7512,
          "min_value": 0,
          "mean": 328.38450246408723
        }
      ]
    },
    {
      "column_name": "VACANT_LOT",
      "number_non_empty_cells": 38148,
      "number_empty_cells": 0,
      "number_distinct_values": 2,
      "frequent_values": [
        "0",
        "1"
      ],
      "data_types": [
        {
          "type": "INTEGER (LONG)",
          "count": 38148,
          "max_value": 1,
          "min_value": 0,
          "mean": 0.012582573136206355
        }
      ]
    },
    {
      "column_name": "LP_NUMBER",
      "number_non_empty_cells": 38148,
      "number_empty_cells": 0,
      "number_distinct_values": 1727,
      "frequent_values": [
        "LP-00489",
        "LP-01647",
        "LP-00709",
        "LP-00099",
        "LP-01051"
      ],
      "data_types": [
        {
          "type": "TEXT",
          "count": 38148,
          "shortest_values": "LP-01626",
          "longest_values": "LP-00397-J",
          "average_length": 8.001677676418161
        }
      ]
    },
    {
      "column_name": "PUBLIC_HEA",
      "number_non_empty_cells": 38141,
      "number_empty_cells": 7,
      "number_distinct_values": 520,
      "frequent_values": [
        "12/21/1966; 2/7/1967; 2/28/1967",
        "1/12/1988",
        "5/26/1970; 6/23/1970",
        "11/17/1965",
        "3/22/2011"
      ],
      "data_types": [
        {
          "type": "DATE/TIME",
          "count": 31013,
          "max_value": "6/4/2019",
          "min_value": "9/21/1965"
        },
        {
          "type": "TEXT",
          "count": 7128,
          "shortest_values": "2/8/1966; 3/8/1966",
          "longest_values": "05/30/1974; 06/25/1974; 07/23/1974/; 10/08/1974; 09/14/1982; 01/11/1983; 02/08/1983; 07/10/1990; 09/11/1990",
          "average_length": 23.554854096520764
        }
      ]
    },
    {
      "column_name": "LM_TYPE",
      "number_non_empty_cells": 38148,
      "number_empty_cells": 0,
      "number_distinct_values": 4,
      "frequent_values": [
        "Historic District",
        "Individual Landmark",
        "Scenic Landmark",
        "Interior Landmark"
      ],
      "data_types": [
        {
          "type": "TEXT",
          "count": 38148,
          "shortest_values": "Scenic Landmark",
          "longest_values": "Individual Landmark",
          "average_length": 17.096413966656183
        }
      ]
    },
    {
      "column_name": "LAST_ACTIO",
      "number_non_empty_cells": 38148,
      "number_empty_cells": 0,
      "number_distinct_values": 4,
      "frequent_values": [
        "DESIGNATED",
        "DESIGNATED (AMENDMENT/MODIFICATION ACCEPTED)",
        "CALENDARED",
        "HEARD"
      ],
      "data_types": [
        {
          "type": "TEXT",
          "count": 38148,
          "shortest_values": "HEARD",
          "longest_values": "DESIGNATED (AMENDMENT/MODIFICATION ACCEPTED)",
          "average_length": 10.024300094369298
        }
      ]
    }
  ]
}