{
  "dataset_name": "nhca-vme6.tsv.gz",
  "key_column_candidates": [
    "ProviderType",
    "DFTA ID",
    "ContractYear",
    "SponsorName",
    "ProgramName",
    "ServiceID",
    "ServiceName",
    "ReportedMonth",
    "ReportedUnits"
  ],
  "columns": [
    {
      "column_name": "ContractYear",
      "number_non_empty_cells": 4,
      "number_empty_cells": 1,
      "number_distinct_values": 2,
      "frequent_values": [
        "2020",
        ""
      ],
      "data_types": [
        {
          "type": "INTEGER (LONG)",
          "count": 4,
          "max_value": 2020,
          "min_value": 2020,
          "mean": 2020.0
        }
      ]
    },
    {
      "column_name": "SponsorName",
      "number_non_empty_cells": 4,
      "number_empty_cells": 1,
      "number_distinct_values": 2,
      "frequent_values": [
        "WEILL MEDICAL COLLEGE OF CORNELL UNIVERSITY",
        ""
      ],
      "data_types": [
        {
          "type": "TEXT",
          "count": 4,
          "shortest_values": "WEILL MEDICAL COLLEGE OF CORNELL UNIVERSITY",
          "longest_values": "WEILL MEDICAL COLLEGE OF CORNELL UNIVERSITY",
          "average_length": 43.0
        }
      ]
    },
    {
      "column_name": "ProgramName",
      "number_non_empty_cells": 4,
      "number_empty_cells": 1,
      "number_distinct_values": 2,
      "frequent_values": [
        "WEILL CORNELL MENTAL HEALTH",
        ""
      ],
      "data_types": [
        {
          "type": "TEXT",
          "count": 4,
          "shortest_values": "WEILL CORNELL MENTAL HEALTH",
          "longest_values": "WEILL CORNELL MENTAL HEALTH",
          "average_length": 27.0
        }
      ]
    },
    {
      "column_name": "ProviderType",
      "number_non_empty_cells": 5,
      "number_empty_cells": 0,
      "number_distinct_values": 2,
      "frequent_values": [
        "GERIATRIC MENTAL HEALTH SERVICES CONTRACTS",
        "\u001a"
      ],
      "data_types": [
        {
          "type": "TEXT",
          "count": 5,
          "shortest_values": "\u001a",
          "longest_values": "GERIATRIC MENTAL HEALTH SERVICES CONTRACTS",
          "average_length": 33.8
        }
      ]
    },
    {
      "column_name": "ReportedMonth",
      "number_non_empty_cells": 4,
      "number_empty_cells": 1,
      "number_distinct_values": 2,
      "frequent_values": [
        "Jul 2019",
        ""
      ],
      "data_types": [
        {
          "type": "DATE/TIME",
          "count": 4,
          "max_value": "Jul 2019",
          "min_value": "Jul 2019"
        }
      ]
    },
    {
      "column_name": "ServiceName",
      "number_non_empty_cells": 4,
      "number_empty_cells": 1,
      "number_distinct_values": 5,
      "frequent_values": [
        "",
        "MH THERA CLINICAL",
        "MH SCREENINGS",
        "MH STRUCT ENGAGE PARTICIP",
        "MH STRUCT ENGAGE SESSION"
      ],
      "data_types": [
        {
          "type": "TEXT",
          "count": 4,
          "shortest_values": "MH SCREENINGS",
          "longest_values": "MH STRUCT ENGAGE PARTICIP",
          "average_length": 19.75
        }
      ]
    },
    {
      "column_name": "ServiceID",
      "number_non_empty_cells": 4,
      "number_empty_cells": 1,
      "number_distinct_values": 5,
      "frequent_values": [
        "",
        "MHCL",
        "MHSC",
        "MHEP",
        "MHES"
      ],
      "data_types": [
        {
          "type": "TEXT",
          "count": 4,
          "shortest_values": "MHCL",
          "longest_values": "MHCL",
          "average_length": 4.0
        }
      ]
    },
    {
      "column_name": "DFTA ID",
      "number_non_empty_cells": 4,
      "number_empty_cells": 1,
      "number_distinct_values": 2,
      "frequent_values": [
        "5G301",
        ""
      ],
      "data_types": [
        {
          "type": "TEXT",
          "count": 4,
          "shortest_values": "5G301",
          "longest_values": "5G301",
          "average_length": 5.0
        }
      ]
    },
    {
      "column_name": "ReportedUnits",
      "number_non_empty_cells": 4,
      "number_empty_cells": 1,
      "number_distinct_values": 5,
      "frequent_values": [
        "",
        "53",
        "13",
        "251",
        "31"
      ],
      "data_types": [
        {
          "type": "INTEGER (LONG)",
          "count": 4,
          "max_value": 251,
          "min_value": 13,
          "mean": 87.0
        }
      ]
    }
  ]
}