{
  "dataset_name": "nzjr-3966.tsv.gz",
  "key_column_candidates": [
    "Title Code",
    "Title Description",
    "Standard Hours",
    "Assignment Level",
    "Union Code",
    "Union Description",
    "Bargaining Unit Short Name",
    "Bargaining Unit Description",
    "Minimum Salary Rate",
    "Maximum Salary Rate"
  ],
  "columns": [
    {
      "column_name": "Standard Hours",
      "number_non_empty_cells": 3093,
      "number_empty_cells": 0,
      "number_distinct_values": 14,
      "frequent_values": [
        "35",
        "40",
        "37.5",
        "32",
        "1"
      ],
      "data_types": [
        {
          "type": "INTEGER (LONG)",
          "count": 3016,
          "max_value": 60,
          "min_value": 1,
          "mean": 35.629641909814325
        },
        {
          "type": "REAL",
          "count": 77,
          "max_value": 37.5,
          "min_value": 21.5,
          "mean": 36.9025974025974
        }
      ]
    },
    {
      "column_name": "Bargaining Unit Description",
      "number_non_empty_cells": 3093,
      "number_empty_cells": 0,
      "number_distinct_values": 42,
      "frequent_values": [
        "Non-Union",
        "District Council 37",
        "Intl Brotherhood of Teamsters",
        "Service Employees Int'l Union",
        "Communication Wrkrs of America"
      ],
      "data_types": [
        {
          "type": "TEXT",
          "count": 3093,
          "shortest_values": "Lodge 5",
          "longest_values": "Communication Wrkrs of America",
          "average_length": 16.325250565793727
        }
      ]
    },
    {
      "column_name": "Union Code",
      "number_non_empty_cells": 3093,
      "number_empty_cells": 0,
      "number_distinct_values": 173,
      "frequent_values": [
        "772",
        "773",
        "004",
        "003",
        "129"
      ],
      "data_types": [
        {
          "type": "INTEGER (LONG)",
          "count": 3093,
          "max_value": 995,
          "min_value": 1,
          "mean": 420.64856126737794
        }
      ]
    },
    {
      "column_name": "Minimum Salary Rate",
      "number_non_empty_cells": 3093,
      "number_empty_cells": 0,
      "number_distinct_values": 1295,
      "frequent_values": [
        "61457.00",
        "33000.00",
        "44558.00",
        "3000.00",
        "75651.00"
      ],
      "data_types": [
        {
          "type": "REAL",
          "count": 3093,
          "max_value": 190000.0,
          "min_value": 0.0,
          "mean": 55784.88615906884
        }
      ]
    },
    {
      "column_name": "Bargaining Unit Short Name",
      "number_non_empty_cells": 3093,
      "number_empty_cells": 0,
      "number_distinct_values": 42,
      "frequent_values": [
        "N/U",
        "DC37",
        "IBT",
        "SEIU",
        "CWA"
      ],
      "data_types": [
        {
          "type": "TEXT",
          "count": 3093,
          "shortest_values": "CWA",
          "longest_values": "DC37",
          "average_length": 3.3976721629485938
        }
      ]
    },
    {
      "column_name": "Union Description",
      "number_non_empty_cells": 3093,
      "number_empty_cells": 0,
      "number_distinct_values": 173,
      "frequent_values": [
        "NON COMPETITIVE MANAGER",
        "EXEMPT MANAGER",
        "ENGINEERS DC 37 L375 CSTG",
        "SOCIAL SERVICE TITLES DC 37L37",
        "ACCOUNTING AND EDP TITLES DC37"
      ],
      "data_types": [
        {
          "type": "TEXT",
          "count": 3093,
          "shortest_values": "UFT",
          "longest_values": "PRINCIPAL ADMINISTRATIVE ASSOC",
          "average_length": 23.287746524409958
        }
      ]
    },
    {
      "column_name": "Maximum Salary Rate",
      "number_non_empty_cells": 3093,
      "number_empty_cells": 0,
      "number_distinct_values": 1308,
      "frequent_values": [
        "244820.00",
        "113500.00",
        "137387.00",
        "95270.00",
        "234738.00"
      ],
      "data_types": [
        {
          "type": "REAL",
          "count": 3093,
          "max_value": 258750.0,
          "min_value": 0.0,
          "mean": 131010.25521500177
        }
      ]
    },
    {
      "column_name": "Assignment Level",
      "number_non_empty_cells": 3093,
      "number_empty_cells": 0,
      "number_distinct_values": 14,
      "frequent_values": [
        "00",
        "01",
        "02",
        "03",
        "04"
      ],
      "data_types": [
        {
          "type": "DATE/TIME",
          "count": 11,
          "max_value": "4A",
          "min_value": "1A"
        },
        {
          "type": "INTEGER (LONG)",
          "count": 3073,
          "max_value": 5,
          "min_value": 0,
          "mean": 0.5174096973641393
        },
        {
          "type": "TEXT",
          "count": 9,
          "shortest_values": "1B",
          "longest_values": "1B",
          "average_length": 2.0
        }
      ]
    },
    {
      "column_name": "Title Description",
      "number_non_empty_cells": 3093,
      "number_empty_cells": 0,
      "number_distinct_values": 2175,
      "frequent_values": [
        "EXECUTIVE PROGRAM SPECIALIST (",
        "STRATEGIC INITIATIVE SPECIALIS",
        "CONFIDENTIAL STRATEGY PLANNER",
        "INVESTIGATOR (EMPLOYEE DISCIPL",
        "EXECUTIVE ASSISTANT TO THE COM"
      ],
      "data_types": [
        {
          "type": "TEXT",
          "count": 3093,
          "shortest_values": "COOK",
          "longest_values": "SPECIAL ASSISTANT TO THE BOROU",
          "average_length": 25.97316521176851
        }
      ]
    },
    {
      "column_name": "Title Code",
      "number_non_empty_cells": 3093,
      "number_empty_cells": 0,
      "number_distinct_values": 2434,
      "frequent_values": [
        "91639",
        "10251",
        "50960",
        "53039",
        "10252"
      ],
      "data_types": [
        {
          "type": "DATE/TIME",
          "count": 1,
          "max_value": "7026T",
          "min_value": "7026T"
        },
        {
          "type": "INTEGER (LONG)",
          "count": 2881,
          "max_value": 98801,
          "min_value": 31,
          "mean": 51613.32835820896
        },
        {
          "type": "TEXT",
          "count": 211,
          "shortest_values": "0527A",
          "longest_values": "0527A",
          "average_length": 5.0
        }
      ]
    }
  ]
}