{
  "dataset_name": "p5v2-fwzn.tsv.gz",
  "key_column_candidates": [
    "Borough",
    "Grade Level",
    "Category",
    "Average Frequency ",
    "Average Minutes",
    "# of students who are receiving the required amount of physical education instruction",
    "% of students who are receiving the required amount of physical education instruction",
    "# of students who are receiving less than the required amount of physical education instruction",
    "% of students who are receiving less than the required amount of physical education instruction",
    "# of students who have an IEP that recommends adaptive physical education",
    "% of students who have an IEP that recommends adaptive physical education"
  ],
  "columns": [
    {
      "column_name": "% of students who are receiving the required amount of physical education instruction",
      "number_non_empty_cells": 650,
      "number_empty_cells": 0,
      "number_distinct_values": 617,
      "frequent_values": [
        "65.94%",
        "84.59%",
        "54.07%",
        "47.46%",
        "50.52%"
      ],
      "data_types": [
        {
          "type": "TEXT",
          "count": 650,
          "shortest_values": "s",
          "longest_values": "54.09%",
          "average_length": 5.984615384615385
        }
      ]
    },
    {
      "column_name": "% of students who are receiving less than the required amount of physical education instruction",
      "number_non_empty_cells": 650,
      "number_empty_cells": 0,
      "number_distinct_values": 617,
      "frequent_values": [
        "34.06%",
        "15.41%",
        "45.93%",
        "52.54%",
        "49.48%"
      ],
      "data_types": [
        {
          "type": "TEXT",
          "count": 650,
          "shortest_values": "s",
          "longest_values": "45.91%",
          "average_length": 5.909230769230769
        }
      ]
    },
    {
      "column_name": "Borough",
      "number_non_empty_cells": 650,
      "number_empty_cells": 0,
      "number_distinct_values": 5,
      "frequent_values": [
        "Bronx",
        "Brooklyn",
        "Manhattan",
        "Queens",
        "Staten Island"
      ],
      "data_types": [
        {
          "type": "TEXT",
          "count": 650,
          "shortest_values": "Bronx",
          "longest_values": "Staten Island",
          "average_length": 8.2
        }
      ]
    },
    {
      "column_name": "# of students who are receiving less than the required amount of physical education instruction",
      "number_non_empty_cells": 650,
      "number_empty_cells": 0,
      "number_distinct_values": 580,
      "frequent_values": [
        "99",
        "40",
        "136",
        "1,101",
        "132"
      ],
      "data_types": [
        {
          "type": "DATE/TIME",
          "count": 283,
          "max_value": "3,065",
          "min_value": "1,101"
        },
        {
          "type": "INTEGER (LONG)",
          "count": 363,
          "max_value": 999,
          "min_value": 7,
          "mean": 398.6280991735537
        },
        {
          "type": "TEXT",
          "count": 4,
          "shortest_values": "s",
          "longest_values": "10,162",
          "average_length": 3.25
        }
      ]
    },
    {
      "column_name": "Grade Level",
      "number_non_empty_cells": 650,
      "number_empty_cells": 0,
      "number_distinct_values": 13,
      "frequent_values": [
        "1",
        "2",
        "3",
        "4",
        "5"
      ],
      "data_types": [
        {
          "type": "INTEGER (LONG)",
          "count": 600,
          "max_value": 12,
          "min_value": 1,
          "mean": 6.5
        },
        {
          "type": "TEXT",
          "count": 50,
          "shortest_values": "0K",
          "longest_values": "0K",
          "average_length": 2.0
        }
      ]
    },
    {
      "column_name": "% of students who have an IEP that recommends adaptive physical education",
      "number_non_empty_cells": 650,
      "number_empty_cells": 0,
      "number_distinct_values": 275,
      "frequent_values": [
        "s",
        "0.89%",
        "0.91%",
        "0.95%",
        "1.31%"
      ],
      "data_types": [
        {
          "type": "TEXT",
          "count": 650,
          "shortest_values": "s",
          "longest_values": "10.92%",
          "average_length": 4.269230769230769
        }
      ]
    },
    {
      "column_name": "Category",
      "number_non_empty_cells": 650,
      "number_empty_cells": 0,
      "number_distinct_values": 10,
      "frequent_values": [
        "All Students",
        "Asian",
        "Black",
        "Hispanic",
        "Other"
      ],
      "data_types": [
        {
          "type": "TEXT",
          "count": 650,
          "shortest_values": "IEP",
          "longest_values": "All Students",
          "average_length": 5.6
        }
      ]
    },
    {
      "column_name": "# of students who are receiving the required amount of physical education instruction",
      "number_non_empty_cells": 650,
      "number_empty_cells": 0,
      "number_distinct_values": 621,
      "frequent_values": [
        "414",
        "297",
        "2,096",
        "2,540",
        "2,726"
      ],
      "data_types": [
        {
          "type": "DATE/TIME",
          "count": 422,
          "max_value": "5,068",
          "min_value": "7,100"
        },
        {
          "type": "INTEGER (LONG)",
          "count": 191,
          "max_value": 988,
          "min_value": 26,
          "mean": 429.130890052356
        },
        {
          "type": "TEXT",
          "count": 37,
          "shortest_values": "s",
          "longest_values": "10,675",
          "average_length": 5.675675675675675
        }
      ]
    },
    {
      "column_name": "Average Minutes",
      "number_non_empty_cells": 650,
      "number_empty_cells": 0,
      "number_distinct_values": 65,
      "frequent_values": [
        "-",
        "118.48",
        "125.68",
        "126.27",
        "123.70"
      ],
      "data_types": [
        {
          "type": "REAL",
          "count": 65,
          "max_value": 199.29,
          "min_value": 102.61,
          "mean": 136.33138461538465
        },
        {
          "type": "TEXT",
          "count": 585,
          "shortest_values": "-",
          "longest_values": "-",
          "average_length": 1.0
        }
      ]
    },
    {
      "column_name": "# of students who have an IEP that recommends adaptive physical education",
      "number_non_empty_cells": 650,
      "number_empty_cells": 0,
      "number_distinct_values": 173,
      "frequent_values": [
        "s",
        "6",
        "9",
        "7",
        "73"
      ],
      "data_types": [
        {
          "type": "INTEGER (LONG)",
          "count": 530,
          "max_value": 442,
          "min_value": 6,
          "mean": 82.37924528301886
        },
        {
          "type": "TEXT",
          "count": 120,
          "shortest_values": "s",
          "longest_values": "s",
          "average_length": 1.0
        }
      ]
    },
    {
      "column_name": "Average Frequency ",
      "number_non_empty_cells": 650,
      "number_empty_cells": 0,
      "number_distinct_values": 56,
      "frequent_values": [
        "-",
        "3.56",
        "3.61",
        "3.48",
        "2.82"
      ],
      "data_types": [
        {
          "type": "REAL",
          "count": 65,
          "max_value": 4.3,
          "min_value": 1.99,
          "mean": 3.130461538461539
        },
        {
          "type": "TEXT",
          "count": 585,
          "shortest_values": "-",
          "longest_values": "-",
          "average_length": 1.0
        }
      ]
    }
  ]
}