{
  "dataset_name": "p6bh-gqsg.tsv.gz",
  "key_column_candidates": [
    "Category",
    "Type of Business",
    "Business",
    "Address",
    "City/State",
    "Zip Code",
    "Phone Number",
    "Borough",
    "Latitude",
    "Longitude",
    "Community Board",
    "Council District",
    "Census Tract",
    "BIN",
    "BBL",
    "NTA",
    "Location 1"
  ],
  "columns": [
    {
      "column_name": "Business",
      "number_non_empty_cells": 880,
      "number_empty_cells": 0,
      "number_distinct_values": 817,
      "frequent_values": [
        "Subway",
        "Duane Reade",
        "Starbucks",
        "Bank of America",
        "Verizon Wireless"
      ],
      "data_types": [
        {
          "type": "TEXT",
          "count": 880,
          "shortest_values": "Qi",
          "longest_values": "New York Public Library - Andrew Heiskell Braille and Talking Book Library",
          "average_length": 14.88409090909091
        }
      ]
    },
    {
      "column_name": "Borough",
      "number_non_empty_cells": 875,
      "number_empty_cells": 5,
      "number_distinct_values": 2,
      "frequent_values": [
        "MANHATTAN",
        ""
      ],
      "data_types": [
        {
          "type": "TEXT",
          "count": 875,
          "shortest_values": "MANHATTAN",
          "longest_values": "MANHATTAN",
          "average_length": 9.0
        }
      ]
    },
    {
      "column_name": "Latitude",
      "number_non_empty_cells": 875,
      "number_empty_cells": 5,
      "number_distinct_values": 654,
      "frequent_values": [
        "40.735859",
        "40.733117",
        "40.736203",
        "",
        "40.734243"
      ],
      "data_types": [
        {
          "type": "REAL",
          "count": 875,
          "max_value": 40.740855,
          "min_value": 40.730199,
          "mean": 40.73573489371429
        }
      ]
    },
    {
      "column_name": "Council District",
      "number_non_empty_cells": 875,
      "number_empty_cells": 5,
      "number_distinct_values": 3,
      "frequent_values": [
        "2",
        "3",
        ""
      ],
      "data_types": [
        {
          "type": "INTEGER (LONG)",
          "count": 875,
          "max_value": 3,
          "min_value": 2,
          "mean": 2.2697142857142856
        }
      ]
    },
    {
      "column_name": "BIN",
      "number_non_empty_cells": 867,
      "number_empty_cells": 13,
      "number_distinct_values": 527,
      "frequent_values": [
        "1083247",
        "",
        "1016062",
        "1077569",
        "1009717"
      ],
      "data_types": [
        {
          "type": "INTEGER (LONG)",
          "count": 867,
          "max_value": 1089484,
          "min_value": 1000000,
          "mean": 1028496.877739331
        }
      ]
    },
    {
      "column_name": "BBL",
      "number_non_empty_cells": 867,
      "number_empty_cells": 13,
      "number_distinct_values": 502,
      "frequent_values": [
        "1008707501",
        "",
        "1008420007",
        "1005590009",
        "1005770039"
      ],
      "data_types": [
        {
          "type": "INTEGER (LONG)",
          "count": 867,
          "max_value": 1009250141,
          "min_value": 1004540001,
          "mean": 1007398382.4901961
        }
      ]
    },
    {
      "column_name": "Longitude",
      "number_non_empty_cells": 875,
      "number_empty_cells": 5,
      "number_distinct_values": 650,
      "frequent_values": [
        "-73.993245",
        "-73.994104",
        "",
        "-73.990896",
        "-73.986649"
      ],
      "data_types": [
        {
          "type": "REAL",
          "count": 875,
          "max_value": -73.979844,
          "min_value": -73.997727,
          "mean": -73.99006178742859
        }
      ]
    },
    {
      "column_name": "Location 1",
      "number_non_empty_cells": 875,
      "number_empty_cells": 5,
      "number_distinct_values": 688,
      "frequent_values": [
        "(40.735859, -73.993245)",
        "(40.736203, -73.994104)",
        "",
        "(40.734243, -73.990896)",
        "(40.736907, -73.986649)"
      ],
      "data_types": [
        {
          "type": "TEXT",
          "count": 875,
          "shortest_values": "(40.73414, -73.9804)",
          "longest_values": "(40.736441, -73.992502)",
          "average_length": 22.777142857142856
        }
      ]
    },
    {
      "column_name": "Census Tract",
      "number_non_empty_cells": 875,
      "number_empty_cells": 5,
      "number_distinct_values": 13,
      "frequent_values": [
        "52",
        "54",
        "50",
        "61",
        "48"
      ],
      "data_types": [
        {
          "type": "INTEGER (LONG)",
          "count": 875,
          "max_value": 87,
          "min_value": 40,
          "mean": 53.116571428571426
        }
      ]
    },
    {
      "column_name": "City/State",
      "number_non_empty_cells": 880,
      "number_empty_cells": 0,
      "number_distinct_values": 2,
      "frequent_values": [
        "New York, NY",
        "New York, NY "
      ],
      "data_types": [
        {
          "type": "TEXT",
          "count": 880,
          "shortest_values": "New York, NY",
          "longest_values": "New York, NY ",
          "average_length": 12.002272727272727
        }
      ]
    },
    {
      "column_name": "NTA",
      "number_non_empty_cells": 875,
      "number_empty_cells": 5,
      "number_distinct_values": 5,
      "frequent_values": [
        "Hudson Yards-Chelsea-Flatiron-Union Square                                 ",
        "Gramercy                                                                   ",
        "West Village                                                               ",
        "East Village                                                               ",
        ""
      ],
      "data_types": [
        {
          "type": "TEXT",
          "count": 875,
          "shortest_values": "Hudson Yards-Chelsea-Flatiron-Union Square                                 ",
          "longest_values": "Hudson Yards-Chelsea-Flatiron-Union Square                                 ",
          "average_length": 75.0
        }
      ]
    },
    {
      "column_name": "Address",
      "number_non_empty_cells": 879,
      "number_empty_cells": 1,
      "number_distinct_values": 695,
      "frequent_values": [
        "7 East 14th Street",
        "2 West 14th Street",
        "841 Broadway",
        "77 Irving Place",
        "873 Broadway"
      ],
      "data_types": [
        {
          "type": "TEXT",
          "count": 879,
          "shortest_values": "43 A West ",
          "longest_values": "228-230 Park Avenue South",
          "average_length": 17.00113765642776
        }
      ]
    },
    {
      "column_name": "Phone Number",
      "number_non_empty_cells": 802,
      "number_empty_cells": 78,
      "number_distinct_values": 779,
      "frequent_values": [
        "",
        "917-408-5580",
        "212-229-5600",
        "212-229-9313",
        "212-420-1179"
      ],
      "data_types": [
        {
          "type": "TEXT",
          "count": 802,
          "shortest_values": "---",
          "longest_values": "212- 982-4227",
          "average_length": 11.987531172069826
        }
      ]
    },
    {
      "column_name": "Category",
      "number_non_empty_cells": 880,
      "number_empty_cells": 0,
      "number_distinct_values": 5,
      "frequent_values": [
        "Food and Drink",
        "Retail",
        "Services",
        "Points of Interest",
        "Parking"
      ],
      "data_types": [
        {
          "type": "TEXT",
          "count": 880,
          "shortest_values": "Retail",
          "longest_values": "Points of Interest",
          "average_length": 10.311363636363636
        }
      ]
    },
    {
      "column_name": "Type of Business",
      "number_non_empty_cells": 880,
      "number_empty_cells": 0,
      "number_distinct_values": 28,
      "frequent_values": [
        "Casual Eateries",
        "Restaurants",
        "Apparel and Footwear",
        "Spas and Salons",
        "Home Furnishings"
      ],
      "data_types": [
        {
          "type": "TEXT",
          "count": 880,
          "shortest_values": "Beauty",
          "longest_values": "Office Supplies and Stationary",
          "average_length": 16.088636363636365
        }
      ]
    },
    {
      "column_name": "Zip Code",
      "number_non_empty_cells": 880,
      "number_empty_cells": 0,
      "number_distinct_values": 4,
      "frequent_values": [
        "10003",
        "10011",
        "10010",
        "10013"
      ],
      "data_types": [
        {
          "type": "INTEGER (LONG)",
          "count": 880,
          "max_value": 10013,
          "min_value": 10003,
          "mean": 10005.310227272726
        }
      ]
    },
    {
      "column_name": "Community Board",
      "number_non_empty_cells": 875,
      "number_empty_cells": 5,
      "number_distinct_values": 6,
      "frequent_values": [
        "5",
        "2",
        "6",
        "3",
        "4"
      ],
      "data_types": [
        {
          "type": "INTEGER (LONG)",
          "count": 875,
          "max_value": 6,
          "min_value": 2,
          "mean": 4.2057142857142855
        }
      ]
    }
  ]
}