{
  "dataset_name": "pcgw-s47c.tsv.gz",
  "key_column_candidates": [
    "Grade",
    "Year",
    "Category",
    "Number Tested",
    "Mean Scale Score",
    "Level 1 #",
    "Level 1 %",
    "Level 2 #",
    "Level 2 %",
    "Level 3 #",
    "Level 3 %",
    "Level 4 #",
    "Level 4 %",
    "Level 3+4 #",
    "Level 3+4 %"
  ],
  "columns": [
    {
      "column_name": "Level 3+4 #",
      "number_non_empty_cells": 84,
      "number_empty_cells": 0,
      "number_distinct_values": 84,
      "frequent_values": [
        "35599",
        "37391",
        "38185",
        "44324",
        "30075"
      ],
      "data_types": [
        {
          "type": "INTEGER (LONG)",
          "count": 84,
          "max_value": 259173,
          "min_value": 616,
          "mean": 31151.071428571428
        }
      ]
    },
    {
      "column_name": "Level 3+4 %",
      "number_non_empty_cells": 84,
      "number_empty_cells": 0,
      "number_distinct_values": 79,
      "frequent_values": [
        "76.4",
        "63.2",
        "56.5",
        "17.5",
        "8.9"
      ],
      "data_types": [
        {
          "type": "REAL",
          "count": 76,
          "max_value": 81.9,
          "min_value": 5.9,
          "mean": 39.564473684210526
        },
        {
          "type": "INTEGER (LONG)",
          "count": 8,
          "max_value": 57,
          "min_value": 17,
          "mean": 38.375
        }
      ]
    },
    {
      "column_name": "Level 1 %",
      "number_non_empty_cells": 84,
      "number_empty_cells": 0,
      "number_distinct_values": 73,
      "frequent_values": [
        "9.9",
        "6.4",
        "7.7",
        "5.8",
        "0.3"
      ],
      "data_types": [
        {
          "type": "REAL",
          "count": 80,
          "max_value": 48.4,
          "min_value": 0.1,
          "mean": 18.592499999999998
        },
        {
          "type": "INTEGER (LONG)",
          "count": 4,
          "max_value": 5,
          "min_value": 2,
          "mean": 3.75
        }
      ]
    },
    {
      "column_name": "Level 2 %",
      "number_non_empty_cells": 84,
      "number_empty_cells": 0,
      "number_distinct_values": 75,
      "frequent_values": [
        "42.5",
        "43.4",
        "21.2",
        "36.6",
        "22.5"
      ],
      "data_types": [
        {
          "type": "REAL",
          "count": 78,
          "max_value": 72.7,
          "min_value": 17.7,
          "mean": 42.57435897435896
        },
        {
          "type": "INTEGER (LONG)",
          "count": 6,
          "max_value": 71,
          "min_value": 29,
          "mean": 43.666666666666664
        }
      ]
    },
    {
      "column_name": "Level 3 #",
      "number_non_empty_cells": 84,
      "number_empty_cells": 0,
      "number_distinct_values": 84,
      "frequent_values": [
        "32492",
        "33143",
        "32881",
        "38974",
        "21484"
      ],
      "data_types": [
        {
          "type": "INTEGER (LONG)",
          "count": 84,
          "max_value": 234641,
          "min_value": 600,
          "mean": 28140.404761904763
        }
      ]
    },
    {
      "column_name": "Level 1 #",
      "number_non_empty_cells": 84,
      "number_empty_cells": 0,
      "number_distinct_values": 84,
      "frequent_values": [
        "3355",
        "4573",
        "2665",
        "1597",
        "6548"
      ],
      "data_types": [
        {
          "type": "INTEGER (LONG)",
          "count": 84,
          "max_value": 32240,
          "min_value": 43,
          "mean": 5741.928571428572
        }
      ]
    },
    {
      "column_name": "Level 4 %",
      "number_non_empty_cells": 84,
      "number_empty_cells": 0,
      "number_distinct_values": 45,
      "frequent_values": [
        "0.5",
        "0.2",
        "0.3",
        "0.1",
        "3.4"
      ],
      "data_types": [
        {
          "type": "REAL",
          "count": 80,
          "max_value": 15.1,
          "min_value": 0.1,
          "mean": 3.392500000000001
        },
        {
          "type": "INTEGER (LONG)",
          "count": 4,
          "max_value": 4,
          "min_value": 0,
          "mean": 2.0
        }
      ]
    },
    {
      "column_name": "Category",
      "number_non_empty_cells": 84,
      "number_empty_cells": 0,
      "number_distinct_values": 2,
      "frequent_values": [
        "General Ed",
        "Special Ed"
      ],
      "data_types": [
        {
          "type": "TEXT",
          "count": 84,
          "shortest_values": "General Ed",
          "longest_values": "General Ed",
          "average_length": 10.0
        }
      ]
    },
    {
      "column_name": "Level 3 %",
      "number_non_empty_cells": 84,
      "number_empty_cells": 0,
      "number_distinct_values": 81,
      "frequent_values": [
        "55.7",
        "46.9",
        "17",
        "62.2",
        "57.1"
      ],
      "data_types": [
        {
          "type": "REAL",
          "count": 76,
          "max_value": 73.4,
          "min_value": 5.7,
          "mean": 36.63552631578947
        },
        {
          "type": "INTEGER (LONG)",
          "count": 8,
          "max_value": 62,
          "min_value": 14,
          "mean": 31.375
        }
      ]
    },
    {
      "column_name": "Level 4 #",
      "number_non_empty_cells": 84,
      "number_empty_cells": 0,
      "number_distinct_values": 79,
      "frequent_values": [
        "70",
        "68",
        "60",
        "19",
        "16"
      ],
      "data_types": [
        {
          "type": "INTEGER (LONG)",
          "count": 84,
          "max_value": 29396,
          "min_value": 2,
          "mean": 3010.6666666666665
        }
      ]
    },
    {
      "column_name": "Grade",
      "number_non_empty_cells": 84,
      "number_empty_cells": 0,
      "number_distinct_values": 7,
      "frequent_values": [
        "3",
        "4",
        "5",
        "6",
        "7"
      ],
      "data_types": [
        {
          "type": "INTEGER (LONG)",
          "count": 72,
          "max_value": 8,
          "min_value": 3,
          "mean": 5.5
        },
        {
          "type": "TEXT",
          "count": 12,
          "shortest_values": "All Grades",
          "longest_values": "All Grades",
          "average_length": 10.0
        }
      ]
    },
    {
      "column_name": "Year",
      "number_non_empty_cells": 84,
      "number_empty_cells": 0,
      "number_distinct_values": 6,
      "frequent_values": [
        "2006",
        "2007",
        "2008",
        "2009",
        "2010"
      ],
      "data_types": [
        {
          "type": "INTEGER (LONG)",
          "count": 84,
          "max_value": 2011,
          "min_value": 2006,
          "mean": 2008.5
        }
      ]
    },
    {
      "column_name": "Number Tested",
      "number_non_empty_cells": 84,
      "number_empty_cells": 0,
      "number_distinct_values": 83,
      "frequent_values": [
        "12311",
        "52245",
        "59452",
        "57545",
        "58009"
      ],
      "data_types": [
        {
          "type": "INTEGER (LONG)",
          "count": 84,
          "max_value": 359515,
          "min_value": 9259,
          "mean": 59516.71428571428
        }
      ]
    },
    {
      "column_name": "Mean Scale Score",
      "number_non_empty_cells": 84,
      "number_empty_cells": 0,
      "number_distinct_values": 48,
      "frequent_values": [
        "643",
        "664",
        "661",
        "666",
        "670"
      ],
      "data_types": [
        {
          "type": "INTEGER (LONG)",
          "count": 84,
          "max_value": 674,
          "min_value": 600,
          "mean": 646.0
        }
      ]
    },
    {
      "column_name": "Level 2 #",
      "number_non_empty_cells": 84,
      "number_empty_cells": 0,
      "number_distinct_values": 84,
      "frequent_values": [
        "13291",
        "17488",
        "16695",
        "12088",
        "20363"
      ],
      "data_types": [
        {
          "type": "INTEGER (LONG)",
          "count": 84,
          "max_value": 141459,
          "min_value": 3066,
          "mean": 22623.714285714286
        }
      ]
    }
  ]
}