{
  "dataset_name": "pchn-eaxn.tsv.gz",
  "key_column_candidates": [
    "DBN",
    "School Name",
    "Total Parent Response Rate",
    "Total Teacher Response Rate",
    "Total Student Response Rate"
  ],
  "columns": [
    {
      "column_name": "Total Parent Response Rate",
      "number_non_empty_cells": 3254,
      "number_empty_cells": 0,
      "number_distinct_values": 101,
      "frequent_values": [
        "1",
        "0.5",
        "0.33",
        "0.38",
        "0.29"
      ],
      "data_types": [
        {
          "type": "INTEGER (LONG)",
          "count": 124,
          "max_value": 1,
          "min_value": 0,
          "mean": 0.6048387096774194
        },
        {
          "type": "REAL",
          "count": 3130,
          "max_value": 0.99,
          "min_value": 0.01,
          "mean": 0.4768753993610233
        }
      ]
    },
    {
      "column_name": "Total Teacher Response Rate",
      "number_non_empty_cells": 3254,
      "number_empty_cells": 0,
      "number_distinct_values": 87,
      "frequent_values": [
        "1",
        "0",
        "0.5",
        "0.96",
        "0.95"
      ],
      "data_types": [
        {
          "type": "INTEGER (LONG)",
          "count": 1406,
          "max_value": 1,
          "min_value": 0,
          "mean": 0.7638691322901849
        },
        {
          "type": "REAL",
          "count": 1848,
          "max_value": 0.99,
          "min_value": 0.07,
          "mean": 0.7417911255411286
        }
      ]
    },
    {
      "column_name": "DBN",
      "number_non_empty_cells": 3254,
      "number_empty_cells": 0,
      "number_distinct_values": 3253,
      "frequent_values": [
        "84X486",
        "01M015",
        "01M019",
        "01M020",
        "01M034"
      ],
      "data_types": [
        {
          "type": "DATE/TIME",
          "count": 34,
          "max_value": "06M052",
          "min_value": "01M015"
        },
        {
          "type": "TEXT",
          "count": 3220,
          "shortest_values": "QAKT",
          "longest_values": "02M391M281",
          "average_length": 5.250310559006211
        }
      ]
    },
    {
      "column_name": "Total Student Response Rate",
      "number_non_empty_cells": 3254,
      "number_empty_cells": 0,
      "number_distinct_values": 79,
      "frequent_values": [
        "N/A",
        "0.99",
        "0.98",
        "0.97",
        "1.00"
      ],
      "data_types": [
        {
          "type": "TEXT",
          "count": 2117,
          "shortest_values": "N/A",
          "longest_values": "N/A",
          "average_length": 3.0
        },
        {
          "type": "REAL",
          "count": 1137,
          "max_value": 1.0,
          "min_value": 0.0,
          "mean": 0.8345998240985089
        }
      ]
    },
    {
      "column_name": "School Name",
      "number_non_empty_cells": 3254,
      "number_empty_cells": 0,
      "number_distinct_values": 3188,
      "frequent_values": [
        "MI NUEVO MUNDO",
        "TRABAJAMOS COMMUNITY HEAD START",
        "IVY LEAGUE EARLY LEARNING ACADEMY",
        "JEWISH COMMUNITY CENTER OF STATEN ISLAND",
        "YELED V'YALDA ECC, INC."
      ],
      "data_types": [
        {
          "type": "TEXT",
          "count": 3254,
          "shortest_values": "YDE",
          "longest_values": "NYC CHARTER HIGH SCHOOL FOR ARCHITECTURE, ENGINEERING AND CONSTRUCTION INDUSTRIES (AECI)",
          "average_length": 29.251690227412414
        }
      ]
    }
  ]
}