{
  "dataset_name": "pkhy-wwga.tsv.gz",
  "key_column_candidates": [
    "District",
    "Grade Level",
    "Program Type",
    "Number of Students",
    "Number of Classes",
    "Average Class Size"
  ],
  "columns": [
    {
      "column_name": "Program Type",
      "number_non_empty_cells": 825,
      "number_empty_cells": 0,
      "number_distinct_values": 9,
      "frequent_values": [
        "Gen Ed",
        "ICT",
        "G&T",
        "SC 12:1:1",
        "SC 12:1"
      ],
      "data_types": [
        {
          "type": "TEXT",
          "count": 825,
          "shortest_values": "G&T",
          "longest_values": "ICT & G&T",
          "average_length": 4.648484848484848
        }
      ]
    },
    {
      "column_name": "Number of Students",
      "number_non_empty_cells": 825,
      "number_empty_cells": 0,
      "number_distinct_values": 638,
      "frequent_values": [
        "32",
        "29",
        "21",
        "28",
        "23"
      ],
      "data_types": [
        {
          "type": "INTEGER (LONG)",
          "count": 825,
          "max_value": 3407,
          "min_value": 2,
          "mean": 752.4133333333333
        }
      ]
    },
    {
      "column_name": "Average Class Size",
      "number_non_empty_cells": 825,
      "number_empty_cells": 0,
      "number_distinct_values": 180,
      "frequent_values": [
        "26.0",
        "27.0",
        "23.0",
        "28.0",
        "22.5"
      ],
      "data_types": [
        {
          "type": "REAL",
          "count": 825,
          "max_value": 33.0,
          "min_value": 2.0,
          "mean": 23.24993939393938
        }
      ]
    },
    {
      "column_name": "Number of Classes",
      "number_non_empty_cells": 825,
      "number_empty_cells": 0,
      "number_distinct_values": 121,
      "frequent_values": [
        "1",
        "6",
        "2",
        "4",
        "3"
      ],
      "data_types": [
        {
          "type": "INTEGER (LONG)",
          "count": 825,
          "max_value": 204,
          "min_value": 1,
          "mean": 32.402424242424246
        }
      ]
    },
    {
      "column_name": "Grade Level",
      "number_non_empty_cells": 825,
      "number_empty_cells": 0,
      "number_distinct_values": 10,
      "frequent_values": [
        "3",
        "4",
        "5",
        "1",
        "2"
      ],
      "data_types": [
        {
          "type": "INTEGER (LONG)",
          "count": 655,
          "max_value": 8,
          "min_value": 1,
          "mean": 4.184732824427481
        },
        {
          "type": "TEXT",
          "count": 170,
          "shortest_values": "K",
          "longest_values": "K-8 SC",
          "average_length": 3.4411764705882355
        }
      ]
    },
    {
      "column_name": "District",
      "number_non_empty_cells": 825,
      "number_empty_cells": 0,
      "number_distinct_values": 32,
      "frequent_values": [
        "1",
        "4",
        "25",
        "26",
        "31"
      ],
      "data_types": [
        {
          "type": "INTEGER (LONG)",
          "count": 825,
          "max_value": 32,
          "min_value": 1,
          "mean": 16.606060606060606
        }
      ]
    }
  ]
}