{
  "dataset_name": "pxfd-dpcz.tsv.gz",
  "key_column_candidates": [
    "DBN",
    "Grade",
    "Year",
    "Category",
    "Number Tested",
    "Mean Scale Score",
    "Level 1 #",
    "Level 1 %",
    "Level 2 #",
    "Level 2 %",
    "Level 3 #",
    "Level 3 %",
    "Level 4 #",
    "Level 4 %",
    "Level 3+4 #",
    "Level 3+4 %"
  ],
  "columns": [
    {
      "column_name": "Level 3+4 #",
      "number_non_empty_cells": 55768,
      "number_empty_cells": 2715,
      "number_distinct_values": 627,
      "frequent_values": [
        "",
        "25",
        "21",
        "23",
        "26"
      ],
      "data_types": [
        {
          "type": "INTEGER (LONG)",
          "count": 55768,
          "max_value": 856,
          "min_value": 0,
          "mean": 60.02314947640224
        }
      ]
    },
    {
      "column_name": "Level 1 %",
      "number_non_empty_cells": 55768,
      "number_empty_cells": 2715,
      "number_distinct_values": 739,
      "frequent_values": [
        "0",
        "",
        "2.9",
        "4.3",
        "2.6"
      ],
      "data_types": [
        {
          "type": "INTEGER (LONG)",
          "count": 16809,
          "max_value": 100,
          "min_value": 0,
          "mean": 4.5610684752216075
        },
        {
          "type": "REAL",
          "count": 38959,
          "max_value": 94.7,
          "min_value": 0.1,
          "mean": 11.236363869708924
        }
      ]
    },
    {
      "column_name": "Level 3+4 %",
      "number_non_empty_cells": 55768,
      "number_empty_cells": 2715,
      "number_distinct_values": 984,
      "frequent_values": [
        "",
        "100",
        "50",
        "66.7",
        "75"
      ],
      "data_types": [
        {
          "type": "REAL",
          "count": 46179,
          "max_value": 99.8,
          "min_value": 0.7,
          "mean": 64.93094480174973
        },
        {
          "type": "INTEGER (LONG)",
          "count": 9589,
          "max_value": 100,
          "min_value": 0,
          "mean": 68.19334654291376
        }
      ]
    },
    {
      "column_name": "Level 2 %",
      "number_non_empty_cells": 55768,
      "number_empty_cells": 2715,
      "number_distinct_values": 748,
      "frequent_values": [
        "",
        "0",
        "50",
        "33.3",
        "25"
      ],
      "data_types": [
        {
          "type": "REAL",
          "count": 46203,
          "max_value": 91.7,
          "min_value": 0.2,
          "mean": 26.10560786096246
        },
        {
          "type": "INTEGER (LONG)",
          "count": 9565,
          "max_value": 84,
          "min_value": 0,
          "mean": 21.321066387872452
        }
      ]
    },
    {
      "column_name": "Level 3 #",
      "number_non_empty_cells": 55768,
      "number_empty_cells": 2715,
      "number_distinct_values": 442,
      "frequent_values": [
        "",
        "13",
        "15",
        "14",
        "18"
      ],
      "data_types": [
        {
          "type": "INTEGER (LONG)",
          "count": 55768,
          "max_value": 648,
          "min_value": 0,
          "mean": 40.50104002295223
        }
      ]
    },
    {
      "column_name": "Level 1 #",
      "number_non_empty_cells": 55768,
      "number_empty_cells": 2715,
      "number_distinct_values": 185,
      "frequent_values": [
        "0",
        "1",
        "2",
        "3",
        "4"
      ],
      "data_types": [
        {
          "type": "INTEGER (LONG)",
          "count": 55768,
          "max_value": 278,
          "min_value": 0,
          "mean": 7.92506455314876
        }
      ]
    },
    {
      "column_name": "Level 4 %",
      "number_non_empty_cells": 55768,
      "number_empty_cells": 2715,
      "number_distinct_values": 945,
      "frequent_values": [
        "0",
        "",
        "20",
        "16.7",
        "33.3"
      ],
      "data_types": [
        {
          "type": "INTEGER (LONG)",
          "count": 11322,
          "max_value": 100,
          "min_value": 0,
          "mean": 13.95009715597951
        },
        {
          "type": "REAL",
          "count": 44446,
          "max_value": 99.4,
          "min_value": 0.2,
          "mean": 22.347162849300314
        }
      ]
    },
    {
      "column_name": "Category",
      "number_non_empty_cells": 58483,
      "number_empty_cells": 0,
      "number_distinct_values": 2,
      "frequent_values": [
        "Male",
        "Female"
      ],
      "data_types": [
        {
          "type": "TEXT",
          "count": 58483,
          "shortest_values": "Male",
          "longest_values": "Female",
          "average_length": 4.961304994613819
        }
      ]
    },
    {
      "column_name": "Level 3 %",
      "number_non_empty_cells": 55768,
      "number_empty_cells": 2715,
      "number_distinct_values": 882,
      "frequent_values": [
        "",
        "50",
        "33.3",
        "66.7",
        "0"
      ],
      "data_types": [
        {
          "type": "REAL",
          "count": 47293,
          "max_value": 96.3,
          "min_value": 0.6,
          "mean": 45.11631108197882
        },
        {
          "type": "INTEGER (LONG)",
          "count": 8475,
          "max_value": 100,
          "min_value": 0,
          "mean": 43.36188790560472
        }
      ]
    },
    {
      "column_name": "Level 4 #",
      "number_non_empty_cells": 55768,
      "number_empty_cells": 2715,
      "number_distinct_values": 335,
      "frequent_values": [
        "0",
        "1",
        "2",
        "3",
        "4"
      ],
      "data_types": [
        {
          "type": "INTEGER (LONG)",
          "count": 55768,
          "max_value": 531,
          "min_value": 0,
          "mean": 19.522109453450007
        }
      ]
    },
    {
      "column_name": "DBN",
      "number_non_empty_cells": 58483,
      "number_empty_cells": 0,
      "number_distinct_values": 1132,
      "frequent_values": [
        "20K104",
        "17K138",
        "10X020",
        "10X279",
        "03M333"
      ],
      "data_types": [
        {
          "type": "DATE/TIME",
          "count": 2014,
          "max_value": "06M052",
          "min_value": "01M015"
        },
        {
          "type": "TEXT",
          "count": 56469,
          "shortest_values": "01M063",
          "longest_values": "01M063",
          "average_length": 6.0
        }
      ]
    },
    {
      "column_name": "Grade",
      "number_non_empty_cells": 58483,
      "number_empty_cells": 0,
      "number_distinct_values": 7,
      "frequent_values": [
        "All Grades",
        "3",
        "4",
        "5",
        "6"
      ],
      "data_types": [
        {
          "type": "TEXT",
          "count": 14040,
          "shortest_values": "All Grades",
          "longest_values": "All Grades",
          "average_length": 10.0
        },
        {
          "type": "INTEGER (LONG)",
          "count": 44443,
          "max_value": 8,
          "min_value": 3,
          "mean": 5.143599666989177
        }
      ]
    },
    {
      "column_name": "Level 2 #",
      "number_non_empty_cells": 55768,
      "number_empty_cells": 2715,
      "number_distinct_values": 324,
      "frequent_values": [
        "",
        "2",
        "3",
        "0",
        "4"
      ],
      "data_types": [
        {
          "type": "INTEGER (LONG)",
          "count": 55768,
          "max_value": 477,
          "min_value": 0,
          "mean": 23.066848371826136
        }
      ]
    },
    {
      "column_name": "Number Tested",
      "number_non_empty_cells": 58483,
      "number_empty_cells": 0,
      "number_distinct_values": 818,
      "frequent_values": [
        "1",
        "35",
        "34",
        "37",
        "31"
      ],
      "data_types": [
        {
          "type": "INTEGER (LONG)",
          "count": 58483,
          "max_value": 1213,
          "min_value": 1,
          "mean": 86.88877109587402
        }
      ]
    },
    {
      "column_name": "Year",
      "number_non_empty_cells": 58483,
      "number_empty_cells": 0,
      "number_distinct_values": 6,
      "frequent_values": [
        "2010",
        "2011",
        "2009",
        "2008",
        "2007"
      ],
      "data_types": [
        {
          "type": "INTEGER (LONG)",
          "count": 58483,
          "max_value": 2011,
          "min_value": 2006,
          "mean": 2008.6056460851871
        }
      ]
    },
    {
      "column_name": "Mean Scale Score",
      "number_non_empty_cells": 44554,
      "number_empty_cells": 13929,
      "number_distinct_values": 208,
      "frequent_values": [
        "",
        "675",
        "672",
        "673",
        "676"
      ],
      "data_types": [
        {
          "type": "INTEGER (LONG)",
          "count": 44554,
          "max_value": 766,
          "min_value": 533,
          "mean": 673.4454818871482
        }
      ]
    }
  ]
}