{
  "dataset_name": "pz9j-6fgq.tsv.gz",
  "key_column_candidates": [
    "ProviderType",
    "DFTA ID",
    "ContractYear",
    "SponsorName",
    "ProgramName",
    "DFTAFunded",
    "BudgetPeriod",
    "TotalBudgetAmount",
    "ServicesBudgetAmount",
    "Equipment+OneTimePaymentAmount"
  ],
  "columns": [
    {
      "column_name": "ProviderType",
      "number_non_empty_cells": 9,
      "number_empty_cells": 0,
      "number_distinct_values": 2,
      "frequent_values": [
        "TRANSPORTATION SERVICES CONTRACTS",
        "\u001a"
      ],
      "data_types": [
        {
          "type": "TEXT",
          "count": 9,
          "shortest_values": "\u001a",
          "longest_values": "TRANSPORTATION SERVICES CONTRACTS",
          "average_length": 29.444444444444443
        }
      ]
    },
    {
      "column_name": "SponsorName",
      "number_non_empty_cells": 8,
      "number_empty_cells": 1,
      "number_distinct_values": 9,
      "frequent_values": [
        "",
        "NEW YORK FOUNDATION FOR SENIOR CITIZENS INC",
        "REGIONAL AID FOR INTERIM NEEDS INC",
        "JAMAICA SERVICE PROGRAM FOR OLDER ADULTS INC",
        "MID BRONX SENIOR CITIZENS COUNCIL INC"
      ],
      "data_types": [
        {
          "type": "TEXT",
          "count": 8,
          "shortest_values": "HANAC INC.",
          "longest_values": "JEWISH COMMUNITY COUNCIL OF GREATER CONEY ISLAND INC",
          "average_length": 35.875
        }
      ]
    },
    {
      "column_name": "ProgramName",
      "number_non_empty_cells": 8,
      "number_empty_cells": 1,
      "number_distinct_values": 9,
      "frequent_values": [
        "",
        "NEW YORK FOUNDATION TRANSPORTATION",
        "RAIN EASTCHESTER TRANSPORTATION",
        "JSPOA TRANSPORTATION PROGRAM",
        "MID BRONX TRANSPORTATION"
      ],
      "data_types": [
        {
          "type": "TEXT",
          "count": 8,
          "shortest_values": "CASC TRANSPORTATION",
          "longest_values": "NEW YORK FOUNDATION TRANSPORTATION",
          "average_length": 26.375
        }
      ]
    },
    {
      "column_name": "ContractYear",
      "number_non_empty_cells": 8,
      "number_empty_cells": 1,
      "number_distinct_values": 2,
      "frequent_values": [
        "2020",
        ""
      ],
      "data_types": [
        {
          "type": "INTEGER (LONG)",
          "count": 8,
          "max_value": 2020,
          "min_value": 2020,
          "mean": 2020.0
        }
      ]
    },
    {
      "column_name": "TotalBudgetAmount",
      "number_non_empty_cells": 8,
      "number_empty_cells": 1,
      "number_distinct_values": 9,
      "frequent_values": [
        "",
        "769649",
        "415679",
        "577098",
        "529128"
      ],
      "data_types": [
        {
          "type": "INTEGER (LONG)",
          "count": 8,
          "max_value": 900948,
          "min_value": 415679,
          "mean": 652626.375
        }
      ]
    },
    {
      "column_name": "DFTA ID",
      "number_non_empty_cells": 8,
      "number_empty_cells": 1,
      "number_distinct_values": 9,
      "frequent_values": [
        "",
        "36701",
        "19601",
        "46201",
        "10601"
      ],
      "data_types": [
        {
          "type": "INTEGER (LONG)",
          "count": 8,
          "max_value": 53801,
          "min_value": 10601,
          "mean": 33376.0
        }
      ]
    },
    {
      "column_name": "ServicesBudgetAmount",
      "number_non_empty_cells": 8,
      "number_empty_cells": 1,
      "number_distinct_values": 9,
      "frequent_values": [
        "",
        "769649",
        "415679",
        "577098",
        "529128"
      ],
      "data_types": [
        {
          "type": "INTEGER (LONG)",
          "count": 8,
          "max_value": 900948,
          "min_value": 415679,
          "mean": 652626.375
        }
      ]
    },
    {
      "column_name": "BudgetPeriod",
      "number_non_empty_cells": 8,
      "number_empty_cells": 1,
      "number_distinct_values": 2,
      "frequent_values": [
        "07/01/2019 - 06/30/2020",
        ""
      ],
      "data_types": [
        {
          "type": "TEXT",
          "count": 8,
          "shortest_values": "07/01/2019 - 06/30/2020",
          "longest_values": "07/01/2019 - 06/30/2020",
          "average_length": 23.0
        }
      ]
    },
    {
      "column_name": "Equipment+OneTimePaymentAmount",
      "number_non_empty_cells": 8,
      "number_empty_cells": 1,
      "number_distinct_values": 2,
      "frequent_values": [
        "0",
        ""
      ],
      "data_types": [
        {
          "type": "INTEGER (LONG)",
          "count": 8,
          "max_value": 0,
          "min_value": 0,
          "mean": 0.0
        }
      ]
    },
    {
      "column_name": "DFTAFunded",
      "number_non_empty_cells": 8,
      "number_empty_cells": 1,
      "number_distinct_values": 2,
      "frequent_values": [
        "Y",
        ""
      ],
      "data_types": [
        {
          "type": "TEXT",
          "count": 8,
          "shortest_values": "Y",
          "longest_values": "Y",
          "average_length": 1.0
        }
      ]
    }
  ]
}