{
  "dataset_name": "q5hp-72f8.tsv.gz",
  "key_column_candidates": [
    "DBN",
    "School Name",
    "Cohort Year",
    "Category",
    "SWD Status",
    "Total Cohort #",
    "Total Grads #",
    "Total Grads % of cohort",
    " Total Regents #",
    " Total Regents % of cohort",
    " Total Regents % of grads",
    " Advanced Regents #",
    " Advanced Regents % of cohort",
    " Advanced Regents % of grads",
    "Regents w/o Advanced #",
    "Regents w/o Advanced % of cohort",
    "Regents w/o Advanced % of grads",
    "Local #",
    "Local % of cohort",
    "Local % of grads",
    "Still Enrolled #",
    "Still Enrolled % of cohort",
    "Dropped Out #",
    "Dropped Out % of cohort"
  ],
  "columns": [
    {
      "column_name": " Total Regents % of grads",
      "number_non_empty_cells": 32390,
      "number_empty_cells": 16,
      "number_distinct_values": 4149,
      "frequent_values": [
        "s",
        "1",
        "0",
        "0.5",
        "0.333333333"
      ],
      "data_types": [
        {
          "type": "REAL",
          "count": 15293,
          "max_value": 0.999094203,
          "min_value": 0.00543478,
          "mean": 0.6442941729730541
        },
        {
          "type": "INTEGER (LONG)",
          "count": 5057,
          "max_value": 1,
          "min_value": 0,
          "mean": 0.8726517698240063
        },
        {
          "type": "TEXT",
          "count": 12040,
          "shortest_values": "s",
          "longest_values": "s",
          "average_length": 1.0
        }
      ]
    },
    {
      "column_name": "Regents w/o Advanced % of cohort",
      "number_non_empty_cells": 32406,
      "number_empty_cells": 0,
      "number_distinct_values": 6380,
      "frequent_values": [
        "s",
        "0",
        "0.5",
        "0.333333333",
        "0.666666667"
      ],
      "data_types": [
        {
          "type": "TEXT",
          "count": 12040,
          "shortest_values": "s",
          "longest_values": "s",
          "average_length": 1.0
        },
        {
          "type": "REAL",
          "count": 19627,
          "max_value": 0.996598639,
          "min_value": 0.00170648,
          "mean": 0.41414836285295736
        },
        {
          "type": "INTEGER (LONG)",
          "count": 739,
          "max_value": 1,
          "min_value": 0,
          "mean": 0.017591339648173207
        }
      ]
    },
    {
      "column_name": "Still Enrolled #",
      "number_non_empty_cells": 32406,
      "number_empty_cells": 0,
      "number_distinct_values": 264,
      "frequent_values": [
        "s",
        "0",
        "1",
        "2",
        "3"
      ],
      "data_types": [
        {
          "type": "INTEGER (LONG)",
          "count": 20366,
          "max_value": 361,
          "min_value": 0,
          "mean": 18.103456741628204
        },
        {
          "type": "TEXT",
          "count": 12040,
          "shortest_values": "s",
          "longest_values": "s",
          "average_length": 1.0
        }
      ]
    },
    {
      "column_name": "Total Grads #",
      "number_non_empty_cells": 32406,
      "number_empty_cells": 0,
      "number_distinct_values": 857,
      "frequent_values": [
        "s",
        "10",
        "11",
        "9",
        "14"
      ],
      "data_types": [
        {
          "type": "TEXT",
          "count": 12040,
          "shortest_values": "s",
          "longest_values": "s",
          "average_length": 1.0
        },
        {
          "type": "INTEGER (LONG)",
          "count": 20366,
          "max_value": 1284,
          "min_value": 0,
          "mean": 100.73927133457724
        }
      ]
    },
    {
      "column_name": " Advanced Regents % of grads",
      "number_non_empty_cells": 32390,
      "number_empty_cells": 16,
      "number_distinct_values": 3949,
      "frequent_values": [
        "s",
        "0",
        "0.066666667",
        "0.071428571",
        "0.076923077"
      ],
      "data_types": [
        {
          "type": "INTEGER (LONG)",
          "count": 8640,
          "max_value": 1,
          "min_value": 0,
          "mean": 0.0006944444444444445
        },
        {
          "type": "REAL",
          "count": 11710,
          "max_value": 0.998254799,
          "min_value": 0.00242131,
          "mean": 0.19029964362596083
        },
        {
          "type": "TEXT",
          "count": 12040,
          "shortest_values": "s",
          "longest_values": "s",
          "average_length": 1.0
        }
      ]
    },
    {
      "column_name": "SWD Status",
      "number_non_empty_cells": 32406,
      "number_empty_cells": 0,
      "number_distinct_values": 2,
      "frequent_values": [
        "Not Student with Disability",
        "Student with Disability"
      ],
      "data_types": [
        {
          "type": "TEXT",
          "count": 32406,
          "shortest_values": "Student with Disability",
          "longest_values": "Not Student with Disability",
          "average_length": 25.076282169968525
        }
      ]
    },
    {
      "column_name": "Dropped Out #",
      "number_non_empty_cells": 32406,
      "number_empty_cells": 0,
      "number_distinct_values": 257,
      "frequent_values": [
        "s",
        "0",
        "5",
        "1",
        "3"
      ],
      "data_types": [
        {
          "type": "TEXT",
          "count": 12040,
          "shortest_values": "s",
          "longest_values": "s",
          "average_length": 1.0
        },
        {
          "type": "INTEGER (LONG)",
          "count": 20366,
          "max_value": 324,
          "min_value": 0,
          "mean": 21.467298438574094
        }
      ]
    },
    {
      "column_name": " Total Regents % of cohort",
      "number_non_empty_cells": 32406,
      "number_empty_cells": 0,
      "number_distinct_values": 6548,
      "frequent_values": [
        "s",
        "0",
        "1",
        "0.5",
        "0.666666667"
      ],
      "data_types": [
        {
          "type": "REAL",
          "count": 19414,
          "max_value": 0.998763906,
          "min_value": 0.00288184,
          "mean": 0.5002636014131101
        },
        {
          "type": "INTEGER (LONG)",
          "count": 952,
          "max_value": 1,
          "min_value": 0,
          "mean": 0.3067226890756303
        },
        {
          "type": "TEXT",
          "count": 12040,
          "shortest_values": "s",
          "longest_values": "s",
          "average_length": 1.0
        }
      ]
    },
    {
      "column_name": "Total Grads % of cohort",
      "number_non_empty_cells": 32406,
      "number_empty_cells": 0,
      "number_distinct_values": 6541,
      "frequent_values": [
        "s",
        "1",
        "0.5",
        "0.666666667",
        "0.75"
      ],
      "data_types": [
        {
          "type": "REAL",
          "count": 19929,
          "max_value": 0.998763906,
          "min_value": 0.0111111,
          "mean": 0.6321842190327126
        },
        {
          "type": "INTEGER (LONG)",
          "count": 437,
          "max_value": 1,
          "min_value": 0,
          "mean": 0.9633867276887872
        },
        {
          "type": "TEXT",
          "count": 12040,
          "shortest_values": "s",
          "longest_values": "s",
          "average_length": 1.0
        }
      ]
    },
    {
      "column_name": "Category",
      "number_non_empty_cells": 32406,
      "number_empty_cells": 0,
      "number_distinct_values": 5,
      "frequent_values": [
        "4 Year  June",
        "5 Year  June",
        "6 Year",
        "4 Year August",
        "5 Year August"
      ],
      "data_types": [
        {
          "type": "TEXT",
          "count": 32406,
          "shortest_values": "6 Year",
          "longest_values": "4 Year August",
          "average_length": 11.101092390298094
        }
      ]
    },
    {
      "column_name": " Total Regents #",
      "number_non_empty_cells": 32406,
      "number_empty_cells": 0,
      "number_distinct_values": 821,
      "frequent_values": [
        "s",
        "0",
        "2",
        "1",
        "3"
      ],
      "data_types": [
        {
          "type": "INTEGER (LONG)",
          "count": 20366,
          "max_value": 1284,
          "min_value": 0,
          "mean": 82.92963763134637
        },
        {
          "type": "TEXT",
          "count": 12040,
          "shortest_values": "s",
          "longest_values": "s",
          "average_length": 1.0
        }
      ]
    },
    {
      "column_name": "Local #",
      "number_non_empty_cells": 32406,
      "number_empty_cells": 0,
      "number_distinct_values": 267,
      "frequent_values": [
        "s",
        "0",
        "1",
        "2",
        "3"
      ],
      "data_types": [
        {
          "type": "INTEGER (LONG)",
          "count": 20366,
          "max_value": 330,
          "min_value": 0,
          "mean": 17.826082686830993
        },
        {
          "type": "TEXT",
          "count": 12040,
          "shortest_values": "s",
          "longest_values": "s",
          "average_length": 1.0
        }
      ]
    },
    {
      "column_name": "Local % of grads",
      "number_non_empty_cells": 32390,
      "number_empty_cells": 16,
      "number_distinct_values": 4172,
      "frequent_values": [
        "s",
        "0",
        "1",
        "0.5",
        "0.666666667"
      ],
      "data_types": [
        {
          "type": "INTEGER (LONG)",
          "count": 5048,
          "max_value": 1,
          "min_value": 0,
          "mean": 0.12579239302694137
        },
        {
          "type": "REAL",
          "count": 15302,
          "max_value": 1.2,
          "min_value": 0.000905797,
          "mean": 0.3563819663397612
        },
        {
          "type": "TEXT",
          "count": 12040,
          "shortest_values": "s",
          "longest_values": "s",
          "average_length": 1.0
        }
      ]
    },
    {
      "column_name": "Still Enrolled % of cohort",
      "number_non_empty_cells": 32406,
      "number_empty_cells": 0,
      "number_distinct_values": 5233,
      "frequent_values": [
        "s",
        "0",
        "0.142857143",
        "0.333333333",
        "0.25"
      ],
      "data_types": [
        {
          "type": "REAL",
          "count": 18447,
          "max_value": 0.983606557,
          "min_value": 0.00107066,
          "mean": 0.16478263690291345
        },
        {
          "type": "INTEGER (LONG)",
          "count": 1919,
          "max_value": 0,
          "min_value": 0,
          "mean": 0.0
        },
        {
          "type": "TEXT",
          "count": 12040,
          "shortest_values": "s",
          "longest_values": "s",
          "average_length": 1.0
        }
      ]
    },
    {
      "column_name": "DBN",
      "number_non_empty_cells": 32406,
      "number_empty_cells": 0,
      "number_distinct_values": 546,
      "frequent_values": [
        "01M448",
        "01M450",
        "01M509",
        "01M650",
        "02M407"
      ],
      "data_types": [
        {
          "type": "DATE/TIME",
          "count": 89,
          "max_value": "02M047",
          "min_value": "01M056"
        },
        {
          "type": "TEXT",
          "count": 32317,
          "shortest_values": "01M292",
          "longest_values": "01M292",
          "average_length": 6.0
        }
      ]
    },
    {
      "column_name": " Advanced Regents #",
      "number_non_empty_cells": 32406,
      "number_empty_cells": 0,
      "number_distinct_values": 455,
      "frequent_values": [
        "s",
        "0",
        "1",
        "2",
        "3"
      ],
      "data_types": [
        {
          "type": "INTEGER (LONG)",
          "count": 20366,
          "max_value": 1187,
          "min_value": 0,
          "mean": 25.690955514092114
        },
        {
          "type": "TEXT",
          "count": 12040,
          "shortest_values": "s",
          "longest_values": "s",
          "average_length": 1.0
        }
      ]
    },
    {
      "column_name": "Local % of cohort",
      "number_non_empty_cells": 32406,
      "number_empty_cells": 0,
      "number_distinct_values": 4624,
      "frequent_values": [
        "s",
        "0",
        "0.333333333",
        "0.25",
        "0.285714286"
      ],
      "data_types": [
        {
          "type": "TEXT",
          "count": 12040,
          "shortest_values": "s",
          "longest_values": "s",
          "average_length": 1.0
        },
        {
          "type": "REAL",
          "count": 15937,
          "max_value": 0.958333333,
          "min_value": 0.000899281,
          "mean": 0.18934370085831811
        },
        {
          "type": "INTEGER (LONG)",
          "count": 4429,
          "max_value": 0,
          "min_value": 0,
          "mean": 0.0
        }
      ]
    },
    {
      "column_name": "Dropped Out % of cohort",
      "number_non_empty_cells": 32406,
      "number_empty_cells": 0,
      "number_distinct_values": 4448,
      "frequent_values": [
        "s",
        "0",
        "0.142857143",
        "0.166666667",
        "0.333333333"
      ],
      "data_types": [
        {
          "type": "REAL",
          "count": 19232,
          "max_value": 0.797468354,
          "min_value": 0.00123609,
          "mean": 0.1744669683426088
        },
        {
          "type": "INTEGER (LONG)",
          "count": 1134,
          "max_value": 0,
          "min_value": 0,
          "mean": 0.0
        },
        {
          "type": "TEXT",
          "count": 12040,
          "shortest_values": "s",
          "longest_values": "s",
          "average_length": 1.0
        }
      ]
    },
    {
      "column_name": "Regents w/o Advanced #",
      "number_non_empty_cells": 32406,
      "number_empty_cells": 0,
      "number_distinct_values": 493,
      "frequent_values": [
        "s",
        "0",
        "2",
        "1",
        "3"
      ],
      "data_types": [
        {
          "type": "INTEGER (LONG)",
          "count": 20366,
          "max_value": 545,
          "min_value": 0,
          "mean": 57.23868211725425
        },
        {
          "type": "TEXT",
          "count": 12040,
          "shortest_values": "s",
          "longest_values": "s",
          "average_length": 1.0
        }
      ]
    },
    {
      "column_name": "Cohort Year",
      "number_non_empty_cells": 32406,
      "number_empty_cells": 0,
      "number_distinct_values": 11,
      "frequent_values": [
        "2009",
        "2008",
        "2007",
        "2006",
        "2010"
      ],
      "data_types": [
        {
          "type": "INTEGER (LONG)",
          "count": 32406,
          "max_value": 2011,
          "min_value": 2001,
          "mean": 2006.683268530519
        }
      ]
    },
    {
      "column_name": "Regents w/o Advanced % of grads",
      "number_non_empty_cells": 32390,
      "number_empty_cells": 16,
      "number_distinct_values": 4897,
      "frequent_values": [
        "s",
        "1",
        "0",
        "0.5",
        "0.333333333"
      ],
      "data_types": [
        {
          "type": "INTEGER (LONG)",
          "count": 2402,
          "max_value": 1,
          "min_value": 0,
          "mean": 0.704412989175687
        },
        {
          "type": "REAL",
          "count": 17948,
          "max_value": 0.994117647,
          "min_value": 0.0017452,
          "mean": 0.5760966098161873
        },
        {
          "type": "TEXT",
          "count": 12040,
          "shortest_values": "s",
          "longest_values": "s",
          "average_length": 1.0
        }
      ]
    },
    {
      "column_name": "School Name",
      "number_non_empty_cells": 32406,
      "number_empty_cells": 0,
      "number_distinct_values": 545,
      "frequent_values": [
        "UNIVERSITY NEIGHBORHOOD HIGH SCHOOL",
        "EAST SIDE COMMUNITY SCHOOL",
        "MARTA VALLE HIGH SCHOOL",
        "CASCADES HIGH SCHOOL",
        "INSTITUTE FOR COLLABORATIVE EDUCATION"
      ],
      "data_types": [
        {
          "type": "TEXT",
          "count": 32406,
          "shortest_values": "NYC ISCHOOL",
          "longest_values": "NEW EXPLORATIONS INTO SCIENCE, TECHNOLOGY AND MATH HIG",
          "average_length": 35.087298648398445
        }
      ]
    },
    {
      "column_name": "Total Cohort #",
      "number_non_empty_cells": 32406,
      "number_empty_cells": 0,
      "number_distinct_values": 887,
      "frequent_values": [
        "1",
        "2",
        "3",
        "8",
        "10"
      ],
      "data_types": [
        {
          "type": "INTEGER (LONG)",
          "count": 32406,
          "max_value": 1316,
          "min_value": 1,
          "mean": 93.9551009072394
        }
      ]
    },
    {
      "column_name": " Advanced Regents % of cohort",
      "number_non_empty_cells": 32406,
      "number_empty_cells": 0,
      "number_distinct_values": 3298,
      "frequent_values": [
        "s",
        "0",
        "0.0357143",
        "0.0434783",
        "0.0384615"
      ],
      "data_types": [
        {
          "type": "TEXT",
          "count": 12040,
          "shortest_values": "s",
          "longest_values": "s",
          "average_length": 1.0
        },
        {
          "type": "INTEGER (LONG)",
          "count": 8653,
          "max_value": 1,
          "min_value": 0,
          "mean": 0.0003467005662775916
        },
        {
          "type": "REAL",
          "count": 11713,
          "max_value": 0.996309963,
          "min_value": 0.00165563,
          "mean": 0.15876612582421318
        }
      ]
    }
  ]
}