{
  "dataset_name": "q5za-zqz7.tsv.gz",
  "key_column_candidates": [
    "Agency",
    "PMMR Goal",
    "Critical",
    "Performance Indicator",
    "FY13",
    "FY14",
    "FY15",
    "TGT16",
    "TGT17",
    "4-Month Actual FY15",
    "4-Month Actual FY16"
  ],
  "columns": [
    {
      "column_name": "Agency",
      "number_non_empty_cells": 1649,
      "number_empty_cells": 0,
      "number_distinct_values": 45,
      "frequent_values": [
        "DOE",
        "ACS",
        "HRA",
        "DOT",
        "NYPD"
      ],
      "data_types": [
        {
          "type": "INTEGER (LONG)",
          "count": 12,
          "max_value": 311,
          "min_value": 311,
          "mean": 311.0
        },
        {
          "type": "TEXT",
          "count": 1637,
          "shortest_values": "ACS",
          "longest_values": "DOHMH",
          "average_length": 3.439828955406231
        }
      ]
    },
    {
      "column_name": "4-Month Actual FY15",
      "number_non_empty_cells": 1649,
      "number_empty_cells": 0,
      "number_distinct_values": 941,
      "frequent_values": [
        "NA",
        "100%",
        "100.00%",
        "97%",
        "91%"
      ],
      "data_types": [
        {
          "type": "INTEGER (LONG)",
          "count": 316,
          "max_value": 990,
          "min_value": 0,
          "mean": 217.2594936708861
        },
        {
          "type": "REAL",
          "count": 135,
          "max_value": 869.3,
          "min_value": 0.01,
          "mean": 43.53325185185186
        },
        {
          "type": "TEXT",
          "count": 960,
          "shortest_values": "NA",
          "longest_values": "$3,192,908 ",
          "average_length": 3.7916666666666665
        },
        {
          "type": "DATE/TIME",
          "count": 238,
          "max_value": "1,068",
          "min_value": "4,100"
        }
      ]
    },
    {
      "column_name": "PMMR Goal",
      "number_non_empty_cells": 1649,
      "number_empty_cells": 0,
      "number_distinct_values": 23,
      "frequent_values": [
        "1a",
        "1b",
        "2a",
        "3a",
        "4a"
      ],
      "data_types": [
        {
          "type": "DATE/TIME",
          "count": 1083,
          "max_value": "8a",
          "min_value": "1a"
        },
        {
          "type": "TEXT",
          "count": 566,
          "shortest_values": "1b",
          "longest_values": "1b",
          "average_length": 2.0
        }
      ]
    },
    {
      "column_name": "FY13",
      "number_non_empty_cells": 1649,
      "number_empty_cells": 0,
      "number_distinct_values": 1150,
      "frequent_values": [
        "NA",
        "100%",
        "91%",
        "97%",
        "94%"
      ],
      "data_types": [
        {
          "type": "DATE/TIME",
          "count": 278,
          "max_value": "2,063",
          "min_value": "100,327"
        },
        {
          "type": "REAL",
          "count": 143,
          "max_value": 810.6,
          "min_value": 0.02,
          "mean": 45.760510489510494
        },
        {
          "type": "INTEGER (LONG)",
          "count": 298,
          "max_value": 999,
          "min_value": 0,
          "mean": 236.78187919463087
        },
        {
          "type": "TEXT",
          "count": 930,
          "shortest_values": "NA",
          "longest_values": "$11,077,244 ",
          "average_length": 4.684946236559139
        }
      ]
    },
    {
      "column_name": "FY14",
      "number_non_empty_cells": 1649,
      "number_empty_cells": 0,
      "number_distinct_values": 1181,
      "frequent_values": [
        "NA",
        "100%",
        "94%",
        "99%",
        "97"
      ],
      "data_types": [
        {
          "type": "DATE/TIME",
          "count": 290,
          "max_value": "1,064",
          "min_value": "1,101"
        },
        {
          "type": "REAL",
          "count": 142,
          "max_value": 589.1,
          "min_value": 0.04,
          "mean": 46.03267605633804
        },
        {
          "type": "INTEGER (LONG)",
          "count": 324,
          "max_value": 995,
          "min_value": 0,
          "mean": 237.44444444444446
        },
        {
          "type": "TEXT",
          "count": 893,
          "shortest_values": "NA",
          "longest_values": "$11,360,685 ",
          "average_length": 4.891377379619261
        }
      ]
    },
    {
      "column_name": "FY15",
      "number_non_empty_cells": 1649,
      "number_empty_cells": 0,
      "number_distinct_values": 1210,
      "frequent_values": [
        "100%",
        "NA",
        "84%",
        "99%",
        "95%"
      ],
      "data_types": [
        {
          "type": "DATE/TIME",
          "count": 305,
          "max_value": "4,068",
          "min_value": "1,101"
        },
        {
          "type": "REAL",
          "count": 143,
          "max_value": 591.1,
          "min_value": 0.05,
          "mean": 44.08643356643358
        },
        {
          "type": "INTEGER (LONG)",
          "count": 317,
          "max_value": 976,
          "min_value": 0,
          "mean": 228.62145110410094
        },
        {
          "type": "TEXT",
          "count": 884,
          "shortest_values": "NA",
          "longest_values": "$11,234,213 ",
          "average_length": 5.002262443438914
        }
      ]
    },
    {
      "column_name": "4-Month Actual FY16",
      "number_non_empty_cells": 1649,
      "number_empty_cells": 0,
      "number_distinct_values": 953,
      "frequent_values": [
        "NA",
        "100%",
        "100.00%",
        "0",
        "99%"
      ],
      "data_types": [
        {
          "type": "DATE/TIME",
          "count": 243,
          "max_value": "5,064",
          "min_value": "100,430"
        },
        {
          "type": "INTEGER (LONG)",
          "count": 313,
          "max_value": 989,
          "min_value": 0,
          "mean": 225.13418530351439
        },
        {
          "type": "REAL",
          "count": 143,
          "max_value": 605.7,
          "min_value": 0.02,
          "mean": 43.58531468531467
        },
        {
          "type": "TEXT",
          "count": 950,
          "shortest_values": "NA",
          "longest_values": "$4,024,073 ",
          "average_length": 3.8621052631578947
        }
      ]
    },
    {
      "column_name": "Performance Indicator",
      "number_non_empty_cells": 1649,
      "number_empty_cells": 0,
      "number_distinct_values": 1399,
      "frequent_values": [
        "Letters responded to in 14 days (%)",
        "E-mails responded to in 14 days (%)",
        "Completed requests for interpretation",
        "Completed customer requests for interpretation",
        "CORE facility rating"
      ],
      "data_types": [
        {
          "type": "TEXT",
          "count": 1649,
          "shortest_values": "Lead",
          "longest_values": "Youth who are out-of-school, attend a DYCD-funded training or employment program, and are placed in post-secondary education, employment, or advanced training in the 1st quarter after exiting the program (%)",
          "average_length": 49.1764705882353
        }
      ]
    },
    {
      "column_name": "TGT16",
      "number_non_empty_cells": 1649,
      "number_empty_cells": 0,
      "number_distinct_values": 330,
      "frequent_values": [
        "*",
        "DOWN",
        "UP",
        "85%",
        "90%"
      ],
      "data_types": [
        {
          "type": "DATE/TIME",
          "count": 64,
          "max_value": "7:00",
          "min_value": "5,100"
        },
        {
          "type": "REAL",
          "count": 34,
          "max_value": 683.3,
          "min_value": 0.03,
          "mean": 31.045882352941174
        },
        {
          "type": "INTEGER (LONG)",
          "count": 143,
          "max_value": 900,
          "min_value": 0,
          "mean": 100.51748251748252
        },
        {
          "type": "TEXT",
          "count": 1408,
          "shortest_values": "*",
          "longest_values": "$3,687.00 ",
          "average_length": 2.109375
        }
      ]
    },
    {
      "column_name": "TGT17",
      "number_non_empty_cells": 1649,
      "number_empty_cells": 0,
      "number_distinct_values": 310,
      "frequent_values": [
        "*",
        "DOWN",
        "UP",
        "85%",
        "90%"
      ],
      "data_types": [
        {
          "type": "DATE/TIME",
          "count": 62,
          "max_value": "2,065,260",
          "min_value": "5,100"
        },
        {
          "type": "REAL",
          "count": 34,
          "max_value": 683.3,
          "min_value": 0.03,
          "mean": 31.00764705882353
        },
        {
          "type": "INTEGER (LONG)",
          "count": 136,
          "max_value": 857,
          "min_value": 0,
          "mean": 97.01470588235294
        },
        {
          "type": "TEXT",
          "count": 1417,
          "shortest_values": "*",
          "longest_values": "$3,752.40 ",
          "average_length": 2.1058574453069867
        }
      ]
    },
    {
      "column_name": "Critical",
      "number_non_empty_cells": 1649,
      "number_empty_cells": 0,
      "number_distinct_values": 2,
      "frequent_values": [
        "FALSE",
        "TRUE"
      ],
      "data_types": [
        {
          "type": "TEXT",
          "count": 1649,
          "shortest_values": "TRUE",
          "longest_values": "FALSE",
          "average_length": 4.683444511825349
        }
      ]
    }
  ]
}