{
  "dataset_name": "q6p2-9srw.tsv.gz",
  "key_column_candidates": [
    "DBN",
    "LOCATION NAME",
    "LOCATION CATEGORY",
    "ADMINISTRATIVE DISTRICT",
    "AMERICAN INDIAN/ALASKAN NATIVE STUDENTS With 2 or More Suspensions or Removals",
    "ASIAN STUDENTS With 2 or More Suspensions or Removals",
    "BLACK STUDENTS With 2 or More Suspensions or Removals",
    "HISPANIC STUDENTS With 2 or More Suspensions or Removals",
    "WHITE STUDENTS With 2 or More Suspensions or Removals",
    "MULTI-RACIAL STUDENTS With 2 or More Suspensions or Removals",
    "UNKNOWN STUDENTS With 2 or More Suspensions or Removals",
    "TOTAL STUDENTS With 2 or More Suspensions or Removals"
  ],
  "columns": [
    {
      "column_name": "LOCATION NAME",
      "number_non_empty_cells": 1742,
      "number_empty_cells": 1,
      "number_distinct_values": 1706,
      "frequent_values": [
        "Home Schooling",
        "P.S. 360",
        "P.S. 212",
        "P.S. 253",
        "P.S. 015 Roberto Clemente"
      ],
      "data_types": [
        {
          "type": "TEXT",
          "count": 1742,
          "shortest_values": "LYFE",
          "longest_values": "Collaborative Academy of Science, Technology, & La",
          "average_length": 27.66934557979334
        }
      ]
    },
    {
      "column_name": "ADMINISTRATIVE DISTRICT",
      "number_non_empty_cells": 1742,
      "number_empty_cells": 1,
      "number_distinct_values": 36,
      "frequent_values": [
        "2",
        "10",
        "9",
        "31",
        "75"
      ],
      "data_types": [
        {
          "type": "INTEGER (LONG)",
          "count": 1742,
          "max_value": 97,
          "min_value": 1,
          "mean": 18.69862227324914
        }
      ]
    },
    {
      "column_name": "ASIAN STUDENTS With 2 or More Suspensions or Removals",
      "number_non_empty_cells": 1743,
      "number_empty_cells": 0,
      "number_distinct_values": 5,
      "frequent_values": [
        "*",
        "7",
        "9",
        "10",
        "279"
      ],
      "data_types": [
        {
          "type": "INTEGER (LONG)",
          "count": 7,
          "max_value": 279,
          "min_value": 7,
          "mean": 46.857142857142854
        },
        {
          "type": "TEXT",
          "count": 1736,
          "shortest_values": "*",
          "longest_values": "*",
          "average_length": 1.0
        }
      ]
    },
    {
      "column_name": "WHITE STUDENTS With 2 or More Suspensions or Removals",
      "number_non_empty_cells": 1743,
      "number_empty_cells": 0,
      "number_distinct_values": 11,
      "frequent_values": [
        "*",
        "6",
        "8",
        "7",
        "9"
      ],
      "data_types": [
        {
          "type": "INTEGER (LONG)",
          "count": 13,
          "max_value": 685,
          "min_value": 6,
          "mean": 62.23076923076923
        },
        {
          "type": "TEXT",
          "count": 1730,
          "shortest_values": "*",
          "longest_values": "*",
          "average_length": 1.0
        }
      ]
    },
    {
      "column_name": "MULTI-RACIAL STUDENTS With 2 or More Suspensions or Removals",
      "number_non_empty_cells": 1743,
      "number_empty_cells": 0,
      "number_distinct_values": 2,
      "frequent_values": [
        "*",
        "43"
      ],
      "data_types": [
        {
          "type": "INTEGER (LONG)",
          "count": 1,
          "max_value": 43,
          "min_value": 43,
          "mean": 43.0
        },
        {
          "type": "TEXT",
          "count": 1742,
          "shortest_values": "*",
          "longest_values": "*",
          "average_length": 1.0
        }
      ]
    },
    {
      "column_name": "UNKNOWN STUDENTS With 2 or More Suspensions or Removals",
      "number_non_empty_cells": 1743,
      "number_empty_cells": 0,
      "number_distinct_values": 2,
      "frequent_values": [
        "*",
        "19"
      ],
      "data_types": [
        {
          "type": "INTEGER (LONG)",
          "count": 1,
          "max_value": 19,
          "min_value": 19,
          "mean": 19.0
        },
        {
          "type": "TEXT",
          "count": 1742,
          "shortest_values": "*",
          "longest_values": "*",
          "average_length": 1.0
        }
      ]
    },
    {
      "column_name": "LOCATION CATEGORY",
      "number_non_empty_cells": 1742,
      "number_empty_cells": 1,
      "number_distinct_values": 11,
      "frequent_values": [
        "Elementary",
        "High school",
        "Junior High-Intermediate-Middle",
        "K-8",
        "Secondary School"
      ],
      "data_types": [
        {
          "type": "TEXT",
          "count": 1742,
          "shortest_values": "K-8",
          "longest_values": "Junior High-Intermediate-Middle",
          "average_length": 13.689437428243398
        }
      ]
    },
    {
      "column_name": "DBN",
      "number_non_empty_cells": 1743,
      "number_empty_cells": 0,
      "number_distinct_values": 1743,
      "frequent_values": [
        "01M015",
        "01M019",
        "01M020",
        "01M034",
        "01M063"
      ],
      "data_types": [
        {
          "type": "TEXT",
          "count": 1709,
          "shortest_values": "01M063",
          "longest_values": "CITYWIDE",
          "average_length": 6.001170275014628
        },
        {
          "type": "DATE/TIME",
          "count": 34,
          "max_value": "06M052",
          "min_value": "01M015"
        }
      ]
    },
    {
      "column_name": "AMERICAN INDIAN/ALASKAN NATIVE STUDENTS With 2 or More Suspensions or Removals",
      "number_non_empty_cells": 1743,
      "number_empty_cells": 0,
      "number_distinct_values": 2,
      "frequent_values": [
        "*",
        "81"
      ],
      "data_types": [
        {
          "type": "INTEGER (LONG)",
          "count": 1,
          "max_value": 81,
          "min_value": 81,
          "mean": 81.0
        },
        {
          "type": "TEXT",
          "count": 1742,
          "shortest_values": "*",
          "longest_values": "*",
          "average_length": 1.0
        }
      ]
    },
    {
      "column_name": "BLACK STUDENTS With 2 or More Suspensions or Removals",
      "number_non_empty_cells": 1743,
      "number_empty_cells": 0,
      "number_distinct_values": 32,
      "frequent_values": [
        "*",
        "6",
        "8",
        "9",
        "7"
      ],
      "data_types": [
        {
          "type": "TEXT",
          "count": 1526,
          "shortest_values": "*",
          "longest_values": "*",
          "average_length": 1.0
        },
        {
          "type": "INTEGER (LONG)",
          "count": 217,
          "max_value": 4802,
          "min_value": 6,
          "mean": 34.87557603686636
        }
      ]
    },
    {
      "column_name": "HISPANIC STUDENTS With 2 or More Suspensions or Removals",
      "number_non_empty_cells": 1743,
      "number_empty_cells": 0,
      "number_distinct_values": 29,
      "frequent_values": [
        "*",
        "6",
        "7",
        "10",
        "8"
      ],
      "data_types": [
        {
          "type": "INTEGER (LONG)",
          "count": 120,
          "max_value": 3230,
          "min_value": 6,
          "mean": 39.141666666666666
        },
        {
          "type": "TEXT",
          "count": 1623,
          "shortest_values": "*",
          "longest_values": "*",
          "average_length": 1.0
        }
      ]
    },
    {
      "column_name": "TOTAL STUDENTS With 2 or More Suspensions or Removals",
      "number_non_empty_cells": 1743,
      "number_empty_cells": 0,
      "number_distinct_values": 53,
      "frequent_values": [
        "*",
        "6",
        "7",
        "9",
        "8"
      ],
      "data_types": [
        {
          "type": "INTEGER (LONG)",
          "count": 493,
          "max_value": 9139,
          "min_value": 6,
          "mean": 33.973630831643
        },
        {
          "type": "TEXT",
          "count": 1250,
          "shortest_values": "*",
          "longest_values": "*",
          "average_length": 1.0
        }
      ]
    }
  ]
}