{
  "dataset_name": "q9kp-jvxv.tsv.gz",
  "key_column_candidates": [
    "RECORD TYPE",
    "UCC COLLATERAL CODE",
    "DESCRIPTION"
  ],
  "columns": [
    {
      "column_name": "RECORD TYPE",
      "number_non_empty_cells": 8,
      "number_empty_cells": 0,
      "number_distinct_values": 1,
      "frequent_values": [
        "U"
      ],
      "data_types": [
        {
          "type": "TEXT",
          "count": 8,
          "shortest_values": "U",
          "longest_values": "U",
          "average_length": 1.0
        }
      ]
    },
    {
      "column_name": "DESCRIPTION",
      "number_non_empty_cells": 8,
      "number_empty_cells": 0,
      "number_distinct_values": 8,
      "frequent_values": [
        "TRANSMITTING UTILITIES DBTR",
        "CROPS/EXTRACTED/COLLATERAL/TIMBER TO BE CUT",
        "COOPERATIVE",
        "FIXTURE FILING",
        "MANUFACTURED HOUSING"
      ],
      "data_types": [
        {
          "type": "TEXT",
          "count": 8,
          "shortest_values": "OTHER",
          "longest_values": "CROPS/EXTRACTED/COLLATERAL/TIMBER TO BE CUT",
          "average_length": 19.875
        }
      ]
    },
    {
      "column_name": "UCC COLLATERAL CODE",
      "number_non_empty_cells": 8,
      "number_empty_cells": 0,
      "number_distinct_values": 8,
      "frequent_values": [
        "D",
        "R",
        "C",
        "F",
        "M"
      ],
      "data_types": [
        {
          "type": "TEXT",
          "count": 8,
          "shortest_values": "D",
          "longest_values": "D",
          "average_length": 1.0
        }
      ]
    }
  ]
}