{
  "dataset_name": "qbjq-atxv.tsv.gz",
  "key_column_candidates": [
    "Agency Code",
    "Agency",
    "Agency Name",
    "Unit of Appropriation",
    "Unit of Appropriation Name",
    "PS_OTPS_Ind",
    "Expenditures FY17($000,000)",
    "February 2018 Financial Plan FY18 ($000,000)",
    "Applicable PMMR Goals",
    "Notes"
  ],
  "columns": [
    {
      "column_name": "Agency",
      "number_non_empty_cells": 278,
      "number_empty_cells": 0,
      "number_distinct_values": 45,
      "frequent_values": [
        "DOE",
        "DCLA",
        "DOHMH",
        "DCAS",
        "DOF"
      ],
      "data_types": [
        {
          "type": "INTEGER (LONG)",
          "count": 1,
          "max_value": 311,
          "min_value": 311,
          "mean": 311.0
        },
        {
          "type": "TEXT",
          "count": 277,
          "shortest_values": "BOE",
          "longest_values": "NYCEM",
          "average_length": 3.5812274368231045
        }
      ]
    },
    {
      "column_name": "Unit of Appropriation",
      "number_non_empty_cells": 278,
      "number_empty_cells": 0,
      "number_distinct_values": 100,
      "frequent_values": [
        "001",
        "002",
        "004",
        "003",
        "006"
      ],
      "data_types": [
        {
          "type": "INTEGER (LONG)",
          "count": 275,
          "max_value": 890,
          "min_value": 1,
          "mean": 107.9890909090909
        },
        {
          "type": "TEXT",
          "count": 3,
          "shortest_values": "NA",
          "longest_values": "NA",
          "average_length": 2.0
        }
      ]
    },
    {
      "column_name": "Unit of Appropriation Name",
      "number_non_empty_cells": 278,
      "number_empty_cells": 0,
      "number_distinct_values": 233,
      "frequent_values": [
        "OTHER THAN PERSONAL SERVICES            ",
        "PERSONAL SERVICES                       ",
        "LUMP SUM                                ",
        "OPERATIONS                              ",
        "ADMINISTRATION-OTPS                     "
      ],
      "data_types": [
        {
          "type": "TEXT",
          "count": 278,
          "shortest_values": "NA",
          "longest_values": "PERSONAL SERVICES                       ",
          "average_length": 39.384892086330936
        }
      ]
    },
    {
      "column_name": "Expenditures FY17($000,000)",
      "number_non_empty_cells": 278,
      "number_empty_cells": 0,
      "number_distinct_values": 235,
      "frequent_values": [
        "NA",
        "0.1",
        "3.7",
        "26.0",
        "1.4"
      ],
      "data_types": [
        {
          "type": "DATE/TIME",
          "count": 14,
          "max_value": "1,007.1",
          "min_value": "6,107.5"
        },
        {
          "type": "REAL",
          "count": 258,
          "max_value": 986.4,
          "min_value": 0.0,
          "mean": 111.49689922480623
        },
        {
          "type": "TEXT",
          "count": 6,
          "shortest_values": "NA",
          "longest_values": "NA",
          "average_length": 2.0
        }
      ]
    },
    {
      "column_name": "February 2018 Financial Plan FY18 ($000,000)",
      "number_non_empty_cells": 278,
      "number_empty_cells": 0,
      "number_distinct_values": 249,
      "frequent_values": [
        "1.4",
        "3.4",
        "15.8",
        "NA",
        "2.3"
      ],
      "data_types": [
        {
          "type": "DATE/TIME",
          "count": 16,
          "max_value": "1,047.3",
          "min_value": "1,118.6"
        },
        {
          "type": "REAL",
          "count": 259,
          "max_value": 930.9,
          "min_value": 0.1,
          "mean": 109.62277992278
        },
        {
          "type": "TEXT",
          "count": 3,
          "shortest_values": "NA",
          "longest_values": "NA",
          "average_length": 2.0
        }
      ]
    },
    {
      "column_name": "Agency Code",
      "number_non_empty_cells": 278,
      "number_empty_cells": 0,
      "number_distinct_values": 44,
      "frequent_values": [
        "040",
        "126",
        "816",
        "856",
        "836"
      ],
      "data_types": [
        {
          "type": "INTEGER (LONG)",
          "count": 275,
          "max_value": 866,
          "min_value": 3,
          "mean": 429.59636363636366
        },
        {
          "type": "TEXT",
          "count": 3,
          "shortest_values": "NA",
          "longest_values": "NA",
          "average_length": 2.0
        }
      ]
    },
    {
      "column_name": "PS_OTPS_Ind",
      "number_non_empty_cells": 278,
      "number_empty_cells": 0,
      "number_distinct_values": 3,
      "frequent_values": [
        "Other Than Personal Services",
        "Personal Services",
        "NA"
      ],
      "data_types": [
        {
          "type": "TEXT",
          "count": 278,
          "shortest_values": "NA",
          "longest_values": "Other Than Personal Services",
          "average_length": 23.010791366906474
        }
      ]
    },
    {
      "column_name": "Applicable PMMR Goals",
      "number_non_empty_cells": 278,
      "number_empty_cells": 0,
      "number_distinct_values": 63,
      "frequent_values": [
        "All",
        "NA",
        "1a, 1b",
        "1a, 2b",
        "2a"
      ],
      "data_types": [
        {
          "type": "DATE/TIME",
          "count": 23,
          "max_value": "1a, 2a, 6a",
          "min_value": "1a"
        },
        {
          "type": "TEXT",
          "count": 255,
          "shortest_values": "NA",
          "longest_values": "1a, 1b, 2a, 2b, 2c, 3a, 4a, 4b",
          "average_length": 7.03921568627451
        }
      ]
    },
    {
      "column_name": "Notes",
      "number_non_empty_cells": 23,
      "number_empty_cells": 255,
      "number_distinct_values": 9,
      "frequent_values": [
        "",
        "These figures are limited to the City\u2019s contribution and planned contribution respectively. ",
        "These figures are limited to the City\u2019s contribution and planned contribution respectively, to CUNY.",
        "OCME is contained within the Department of Health and Mental Hygiene and appropriations are made through that agency.",
        "EDC is contained within the Department of Small Business Services and appropriations are made through that agency. These figures are limited to the City's contribution and planned contribution respectively, to EDC"
      ],
      "data_types": [
        {
          "type": "TEXT",
          "count": 23,
          "shortest_values": "This UA originated in Fiscal 2018.",
          "longest_values": "EDC is contained within the Department of Small Business Services and appropriations are made through that agency. These figures are limited to the City's contribution and planned contribution respectively, to EDC",
          "average_length": 104.21739130434783
        }
      ]
    },
    {
      "column_name": "Agency Name",
      "number_non_empty_cells": 278,
      "number_empty_cells": 0,
      "number_distinct_values": 46,
      "frequent_values": [
        "DEPARTMENT OF EDUCATION                 ",
        "DEPARTMENT OF CULTURAL AFFAIRS          ",
        "DEPARTMENT OF HEALTH AND MENTAL HYGIENE ",
        "DEPARTMENT OF CITYWIDE ADMIN SERVICE    ",
        "DEPARTMENT OF FINANCE                   "
      ],
      "data_types": [
        {
          "type": "INTEGER (LONG)",
          "count": 1,
          "max_value": 311,
          "min_value": 311,
          "mean": 311.0
        },
        {
          "type": "TEXT",
          "count": 277,
          "shortest_values": "HUMAN RESOURCES ADMINISTRATION",
          "longest_values": "DEPARTMENT OF EDUCATION - SCHOOL CONSTRUCTION AUTHORITY                ",
          "average_length": 40.12274368231047
        }
      ]
    }
  ]
}