{
  "dataset_name": "qem4-8xtj.tsv.gz",
  "key_column_candidates": [
    "DBN",
    "LOCATION NAME",
    "LOCATION CATEGORY",
    "ADMINISTRATIVE DISTRICT",
    "5 STUDENTS With 2 or More Suspensions or Removals",
    "6 STUDENTS With 2 or More Suspensions or Removals",
    "7 STUDENTS With 2 or More Suspensions or Removals",
    "8 STUDENTS With 2 or More Suspensions or Removals",
    "9 STUDENTS With 2 or More Suspensions or Removals",
    "10 STUDENTS With 2 or More Suspensions or Removals",
    "11 STUDENTS With 2 or More Suspensions or Removals",
    "12 STUDENTS With 2 or More Suspensions or Removals",
    "13 STUDENTS With 2 or More Suspensions or Removals",
    "14 STUDENTS With 2 or More Suspensions or Removals",
    "15 STUDENTS With 2 or More Suspensions or Removals",
    "16 STUDENTS With 2 or More Suspensions or Removals",
    "17 STUDENTS With 2 or More Suspensions or Removals",
    "18 STUDENTS With 2 or More Suspensions or Removals",
    "19 STUDENTS With 2 or More Suspensions or Removals",
    "20 STUDENTS With 2 or More Suspensions or Removals",
    "21 STUDENTS With 2 or More Suspensions or Removals",
    "TOTAL STUDENTS With 2 or More Suspensions or Removals"
  ],
  "columns": [
    {
      "column_name": "LOCATION NAME",
      "number_non_empty_cells": 1742,
      "number_empty_cells": 1,
      "number_distinct_values": 1706,
      "frequent_values": [
        "Home Schooling",
        "P.S. 360",
        "P.S. 212",
        "P.S. 253",
        "P.S. 015 Roberto Clemente"
      ],
      "data_types": [
        {
          "type": "TEXT",
          "count": 1742,
          "shortest_values": "LYFE",
          "longest_values": "Collaborative Academy of Science, Technology, & La",
          "average_length": 27.66934557979334
        }
      ]
    },
    {
      "column_name": "13 STUDENTS With 2 or More Suspensions or Removals",
      "number_non_empty_cells": 1743,
      "number_empty_cells": 0,
      "number_distinct_values": 15,
      "frequent_values": [
        "*",
        "6",
        "7",
        "8",
        "10"
      ],
      "data_types": [
        {
          "type": "INTEGER (LONG)",
          "count": 70,
          "max_value": 1297,
          "min_value": 6,
          "mean": 27.414285714285715
        },
        {
          "type": "TEXT",
          "count": 1673,
          "shortest_values": "*",
          "longest_values": "*",
          "average_length": 1.0
        }
      ]
    },
    {
      "column_name": "ADMINISTRATIVE DISTRICT",
      "number_non_empty_cells": 1742,
      "number_empty_cells": 1,
      "number_distinct_values": 36,
      "frequent_values": [
        "2",
        "10",
        "9",
        "31",
        "75"
      ],
      "data_types": [
        {
          "type": "INTEGER (LONG)",
          "count": 1742,
          "max_value": 97,
          "min_value": 1,
          "mean": 18.69862227324914
        }
      ]
    },
    {
      "column_name": "6 STUDENTS With 2 or More Suspensions or Removals",
      "number_non_empty_cells": 1743,
      "number_empty_cells": 0,
      "number_distinct_values": 3,
      "frequent_values": [
        "*",
        "6",
        "161"
      ],
      "data_types": [
        {
          "type": "INTEGER (LONG)",
          "count": 2,
          "max_value": 161,
          "min_value": 6,
          "mean": 83.5
        },
        {
          "type": "TEXT",
          "count": 1741,
          "shortest_values": "*",
          "longest_values": "*",
          "average_length": 1.0
        }
      ]
    },
    {
      "column_name": "10 STUDENTS With 2 or More Suspensions or Removals",
      "number_non_empty_cells": 1743,
      "number_empty_cells": 0,
      "number_distinct_values": 4,
      "frequent_values": [
        "*",
        "12",
        "6",
        "320"
      ],
      "data_types": [
        {
          "type": "INTEGER (LONG)",
          "count": 3,
          "max_value": 320,
          "min_value": 6,
          "mean": 112.66666666666667
        },
        {
          "type": "TEXT",
          "count": 1740,
          "shortest_values": "*",
          "longest_values": "*",
          "average_length": 1.0
        }
      ]
    },
    {
      "column_name": "14 STUDENTS With 2 or More Suspensions or Removals",
      "number_non_empty_cells": 1743,
      "number_empty_cells": 0,
      "number_distinct_values": 10,
      "frequent_values": [
        "*",
        "6",
        "7",
        "8",
        "9"
      ],
      "data_types": [
        {
          "type": "INTEGER (LONG)",
          "count": 42,
          "max_value": 1168,
          "min_value": 6,
          "mean": 35.333333333333336
        },
        {
          "type": "TEXT",
          "count": 1701,
          "shortest_values": "*",
          "longest_values": "*",
          "average_length": 1.0
        }
      ]
    },
    {
      "column_name": "16 STUDENTS With 2 or More Suspensions or Removals",
      "number_non_empty_cells": 1743,
      "number_empty_cells": 0,
      "number_distinct_values": 15,
      "frequent_values": [
        "*",
        "6",
        "8",
        "9",
        "7"
      ],
      "data_types": [
        {
          "type": "INTEGER (LONG)",
          "count": 59,
          "max_value": 1167,
          "min_value": 6,
          "mean": 29.271186440677965
        },
        {
          "type": "TEXT",
          "count": 1684,
          "shortest_values": "*",
          "longest_values": "*",
          "average_length": 1.0
        }
      ]
    },
    {
      "column_name": "19 STUDENTS With 2 or More Suspensions or Removals",
      "number_non_empty_cells": 1743,
      "number_empty_cells": 0,
      "number_distinct_values": 3,
      "frequent_values": [
        "*",
        "6",
        "77"
      ],
      "data_types": [
        {
          "type": "INTEGER (LONG)",
          "count": 2,
          "max_value": 77,
          "min_value": 6,
          "mean": 41.5
        },
        {
          "type": "TEXT",
          "count": 1741,
          "shortest_values": "*",
          "longest_values": "*",
          "average_length": 1.0
        }
      ]
    },
    {
      "column_name": "20 STUDENTS With 2 or More Suspensions or Removals",
      "number_non_empty_cells": 1743,
      "number_empty_cells": 0,
      "number_distinct_values": 2,
      "frequent_values": [
        "*",
        "12"
      ],
      "data_types": [
        {
          "type": "INTEGER (LONG)",
          "count": 1,
          "max_value": 12,
          "min_value": 12,
          "mean": 12.0
        },
        {
          "type": "TEXT",
          "count": 1742,
          "shortest_values": "*",
          "longest_values": "*",
          "average_length": 1.0
        }
      ]
    },
    {
      "column_name": "7 STUDENTS With 2 or More Suspensions or Removals",
      "number_non_empty_cells": 1743,
      "number_empty_cells": 0,
      "number_distinct_values": 4,
      "frequent_values": [
        "*",
        "7",
        "9",
        "245"
      ],
      "data_types": [
        {
          "type": "INTEGER (LONG)",
          "count": 3,
          "max_value": 245,
          "min_value": 7,
          "mean": 87.0
        },
        {
          "type": "TEXT",
          "count": 1740,
          "shortest_values": "*",
          "longest_values": "*",
          "average_length": 1.0
        }
      ]
    },
    {
      "column_name": "12 STUDENTS With 2 or More Suspensions or Removals",
      "number_non_empty_cells": 1743,
      "number_empty_cells": 0,
      "number_distinct_values": 15,
      "frequent_values": [
        "*",
        "6",
        "9",
        "7",
        "8"
      ],
      "data_types": [
        {
          "type": "INTEGER (LONG)",
          "count": 51,
          "max_value": 1043,
          "min_value": 6,
          "mean": 30.19607843137255
        },
        {
          "type": "TEXT",
          "count": 1692,
          "shortest_values": "*",
          "longest_values": "*",
          "average_length": 1.0
        }
      ]
    },
    {
      "column_name": "17 STUDENTS With 2 or More Suspensions or Removals",
      "number_non_empty_cells": 1743,
      "number_empty_cells": 0,
      "number_distinct_values": 11,
      "frequent_values": [
        "*",
        "6",
        "7",
        "8",
        "9"
      ],
      "data_types": [
        {
          "type": "INTEGER (LONG)",
          "count": 45,
          "max_value": 840,
          "min_value": 6,
          "mean": 26.644444444444446
        },
        {
          "type": "TEXT",
          "count": 1698,
          "shortest_values": "*",
          "longest_values": "*",
          "average_length": 1.0
        }
      ]
    },
    {
      "column_name": "18 STUDENTS With 2 or More Suspensions or Removals",
      "number_non_empty_cells": 1743,
      "number_empty_cells": 0,
      "number_distinct_values": 4,
      "frequent_values": [
        "*",
        "7",
        "6",
        "274"
      ],
      "data_types": [
        {
          "type": "INTEGER (LONG)",
          "count": 4,
          "max_value": 274,
          "min_value": 6,
          "mean": 73.5
        },
        {
          "type": "TEXT",
          "count": 1739,
          "shortest_values": "*",
          "longest_values": "*",
          "average_length": 1.0
        }
      ]
    },
    {
      "column_name": "11 STUDENTS With 2 or More Suspensions or Removals",
      "number_non_empty_cells": 1743,
      "number_empty_cells": 0,
      "number_distinct_values": 9,
      "frequent_values": [
        "*",
        "9",
        "8",
        "6",
        "7"
      ],
      "data_types": [
        {
          "type": "INTEGER (LONG)",
          "count": 14,
          "max_value": 637,
          "min_value": 6,
          "mean": 54.142857142857146
        },
        {
          "type": "TEXT",
          "count": 1729,
          "shortest_values": "*",
          "longest_values": "*",
          "average_length": 1.0
        }
      ]
    },
    {
      "column_name": "9 STUDENTS With 2 or More Suspensions or Removals",
      "number_non_empty_cells": 1743,
      "number_empty_cells": 0,
      "number_distinct_values": 4,
      "frequent_values": [
        "*",
        "6",
        "7",
        "274"
      ],
      "data_types": [
        {
          "type": "INTEGER (LONG)",
          "count": 3,
          "max_value": 274,
          "min_value": 6,
          "mean": 95.66666666666667
        },
        {
          "type": "TEXT",
          "count": 1740,
          "shortest_values": "*",
          "longest_values": "*",
          "average_length": 1.0
        }
      ]
    },
    {
      "column_name": "DBN",
      "number_non_empty_cells": 1743,
      "number_empty_cells": 0,
      "number_distinct_values": 1743,
      "frequent_values": [
        "01M015",
        "01M019",
        "01M020",
        "01M034",
        "01M063"
      ],
      "data_types": [
        {
          "type": "DATE/TIME",
          "count": 34,
          "max_value": "06M052",
          "min_value": "01M015"
        },
        {
          "type": "TEXT",
          "count": 1709,
          "shortest_values": "01M063",
          "longest_values": "CITYWIDE",
          "average_length": 6.001170275014628
        }
      ]
    },
    {
      "column_name": "LOCATION CATEGORY",
      "number_non_empty_cells": 1742,
      "number_empty_cells": 1,
      "number_distinct_values": 11,
      "frequent_values": [
        "Elementary",
        "High school",
        "Junior High-Intermediate-Middle",
        "K-8",
        "Secondary School"
      ],
      "data_types": [
        {
          "type": "TEXT",
          "count": 1742,
          "shortest_values": "K-8",
          "longest_values": "Junior High-Intermediate-Middle",
          "average_length": 13.689437428243398
        }
      ]
    },
    {
      "column_name": "5 STUDENTS With 2 or More Suspensions or Removals",
      "number_non_empty_cells": 1743,
      "number_empty_cells": 0,
      "number_distinct_values": 2,
      "frequent_values": [
        "*",
        "105"
      ],
      "data_types": [
        {
          "type": "INTEGER (LONG)",
          "count": 1,
          "max_value": 105,
          "min_value": 105,
          "mean": 105.0
        },
        {
          "type": "TEXT",
          "count": 1742,
          "shortest_values": "*",
          "longest_values": "*",
          "average_length": 1.0
        }
      ]
    },
    {
      "column_name": "15 STUDENTS With 2 or More Suspensions or Removals",
      "number_non_empty_cells": 1743,
      "number_empty_cells": 0,
      "number_distinct_values": 16,
      "frequent_values": [
        "*",
        "6",
        "7",
        "8",
        "9"
      ],
      "data_types": [
        {
          "type": "INTEGER (LONG)",
          "count": 65,
          "max_value": 1279,
          "min_value": 6,
          "mean": 29.43076923076923
        },
        {
          "type": "TEXT",
          "count": 1678,
          "shortest_values": "*",
          "longest_values": "*",
          "average_length": 1.0
        }
      ]
    },
    {
      "column_name": "8 STUDENTS With 2 or More Suspensions or Removals",
      "number_non_empty_cells": 1743,
      "number_empty_cells": 0,
      "number_distinct_values": 3,
      "frequent_values": [
        "*",
        "7",
        "237"
      ],
      "data_types": [
        {
          "type": "INTEGER (LONG)",
          "count": 2,
          "max_value": 237,
          "min_value": 7,
          "mean": 122.0
        },
        {
          "type": "TEXT",
          "count": 1741,
          "shortest_values": "*",
          "longest_values": "*",
          "average_length": 1.0
        }
      ]
    },
    {
      "column_name": "21 STUDENTS With 2 or More Suspensions or Removals",
      "number_non_empty_cells": 1743,
      "number_empty_cells": 0,
      "number_distinct_values": 1,
      "frequent_values": [
        "*"
      ],
      "data_types": [
        {
          "type": "TEXT",
          "count": 1743,
          "shortest_values": "*",
          "longest_values": "*",
          "average_length": 1.0
        }
      ]
    },
    {
      "column_name": "TOTAL STUDENTS With 2 or More Suspensions or Removals",
      "number_non_empty_cells": 1743,
      "number_empty_cells": 0,
      "number_distinct_values": 53,
      "frequent_values": [
        "*",
        "6",
        "7",
        "9",
        "8"
      ],
      "data_types": [
        {
          "type": "INTEGER (LONG)",
          "count": 493,
          "max_value": 9139,
          "min_value": 6,
          "mean": 33.973630831643
        },
        {
          "type": "TEXT",
          "count": 1250,
          "shortest_values": "*",
          "longest_values": "*",
          "average_length": 1.0
        }
      ]
    }
  ]
}