{
  "dataset_name": "qjx7-9mep.tsv.gz",
  "key_column_candidates": [
    "Borough",
    "Grade",
    "Year",
    "Category",
    "Number Tested",
    "Mean Scale Score",
    "Level1_N",
    "Level1_%",
    "Level2_N",
    "Level2_%",
    "Level3_N",
    "Level3_%",
    "Level4_N",
    "Level4_%",
    "Level3+4_N",
    "Level3+4_%"
  ],
  "columns": [
    {
      "column_name": "Level1_N",
      "number_non_empty_cells": 175,
      "number_empty_cells": 0,
      "number_distinct_values": 171,
      "frequent_values": [
        "6813",
        "6256",
        "2496",
        "1117",
        "7153"
      ],
      "data_types": [
        {
          "type": "INTEGER (LONG)",
          "count": 175,
          "max_value": 47238,
          "min_value": 1001,
          "mean": 7723.828571428571
        }
      ]
    },
    {
      "column_name": "Borough",
      "number_non_empty_cells": 175,
      "number_empty_cells": 0,
      "number_distinct_values": 5,
      "frequent_values": [
        "BRONX",
        "BROOKLYN",
        "MANHATTAN",
        "QUEENS",
        "STATEN ISLAND"
      ],
      "data_types": [
        {
          "type": "TEXT",
          "count": 175,
          "shortest_values": "BRONX",
          "longest_values": "STATEN ISLAND",
          "average_length": 8.2
        }
      ]
    },
    {
      "column_name": "Level3+4_N",
      "number_non_empty_cells": 175,
      "number_empty_cells": 0,
      "number_distinct_values": 174,
      "frequent_values": [
        "1574",
        "3019",
        "3801",
        "3717",
        "4002"
      ],
      "data_types": [
        {
          "type": "INTEGER (LONG)",
          "count": 175,
          "max_value": 52353,
          "min_value": 826,
          "mean": 7971.954285714286
        }
      ]
    },
    {
      "column_name": "Level1_%",
      "number_non_empty_cells": 175,
      "number_empty_cells": 0,
      "number_distinct_values": 128,
      "frequent_values": [
        "30.2",
        "23.9",
        "29.6",
        "34.3",
        "27.0"
      ],
      "data_types": [
        {
          "type": "REAL",
          "count": 175,
          "max_value": 60.1,
          "min_value": 19.8,
          "mean": 33.32342857142857
        }
      ]
    },
    {
      "column_name": "Level3_N",
      "number_non_empty_cells": 175,
      "number_empty_cells": 0,
      "number_distinct_values": 170,
      "frequent_values": [
        "2565",
        "1369",
        "5157",
        "1845",
        "1053"
      ],
      "data_types": [
        {
          "type": "INTEGER (LONG)",
          "count": 175,
          "max_value": 28249,
          "min_value": 597,
          "mean": 4479.794285714286
        }
      ]
    },
    {
      "column_name": "Level3+4_%",
      "number_non_empty_cells": 175,
      "number_empty_cells": 0,
      "number_distinct_values": 133,
      "frequent_values": [
        "39.8",
        "45.8",
        "45.7",
        "23.7",
        "25.6"
      ],
      "data_types": [
        {
          "type": "REAL",
          "count": 175,
          "max_value": 54.5,
          "min_value": 11.7,
          "mean": 35.118857142857124
        }
      ]
    },
    {
      "column_name": "Level2_N",
      "number_non_empty_cells": 175,
      "number_empty_cells": 0,
      "number_distinct_values": 173,
      "frequent_values": [
        "6004",
        "5729",
        "5674",
        "5332",
        "5513"
      ],
      "data_types": [
        {
          "type": "INTEGER (LONG)",
          "count": 175,
          "max_value": 42536,
          "min_value": 1185,
          "mean": 7218.308571428572
        }
      ]
    },
    {
      "column_name": "Level4_N",
      "number_non_empty_cells": 175,
      "number_empty_cells": 0,
      "number_distinct_values": 172,
      "frequent_values": [
        "1437",
        "1784",
        "710",
        "803",
        "1017"
      ],
      "data_types": [
        {
          "type": "INTEGER (LONG)",
          "count": 175,
          "max_value": 25666,
          "min_value": 219,
          "mean": 3492.16
        }
      ]
    },
    {
      "column_name": "Category",
      "number_non_empty_cells": 175,
      "number_empty_cells": 0,
      "number_distinct_values": 1,
      "frequent_values": [
        "All Students"
      ],
      "data_types": [
        {
          "type": "TEXT",
          "count": 175,
          "shortest_values": "All Students",
          "longest_values": "All Students",
          "average_length": 12.0
        }
      ]
    },
    {
      "column_name": "Grade",
      "number_non_empty_cells": 175,
      "number_empty_cells": 0,
      "number_distinct_values": 7,
      "frequent_values": [
        "3",
        "4",
        "5",
        "6",
        "7"
      ],
      "data_types": [
        {
          "type": "INTEGER (LONG)",
          "count": 150,
          "max_value": 8,
          "min_value": 3,
          "mean": 5.5
        },
        {
          "type": "TEXT",
          "count": 25,
          "shortest_values": "All Grades",
          "longest_values": "All Grades",
          "average_length": 10.0
        }
      ]
    },
    {
      "column_name": "Level2_%",
      "number_non_empty_cells": 175,
      "number_empty_cells": 0,
      "number_distinct_values": 108,
      "frequent_values": [
        "32.5",
        "31.2",
        "32.6",
        "30.5",
        "33.6"
      ],
      "data_types": [
        {
          "type": "REAL",
          "count": 175,
          "max_value": 42.4,
          "min_value": 20.9,
          "mean": 31.551999999999985
        }
      ]
    },
    {
      "column_name": "Level4_%",
      "number_non_empty_cells": 175,
      "number_empty_cells": 0,
      "number_distinct_values": 129,
      "frequent_values": [
        "15.0",
        "9.8",
        "7.9",
        "7.2",
        "21.8"
      ],
      "data_types": [
        {
          "type": "REAL",
          "count": 175,
          "max_value": 31.7,
          "min_value": 2.0,
          "mean": 15.320000000000007
        }
      ]
    },
    {
      "column_name": "Year",
      "number_non_empty_cells": 175,
      "number_empty_cells": 0,
      "number_distinct_values": 5,
      "frequent_values": [
        "2013",
        "2014",
        "2015",
        "2016",
        "2017"
      ],
      "data_types": [
        {
          "type": "INTEGER (LONG)",
          "count": 175,
          "max_value": 2017,
          "min_value": 2013,
          "mean": 2015.0
        }
      ]
    },
    {
      "column_name": "Number Tested",
      "number_non_empty_cells": 175,
      "number_empty_cells": 0,
      "number_distinct_values": 174,
      "frequent_values": [
        "8298",
        "15901",
        "16039",
        "15678",
        "15637"
      ],
      "data_types": [
        {
          "type": "INTEGER (LONG)",
          "count": 175,
          "max_value": 126911,
          "min_value": 3195,
          "mean": 22914.091428571428
        }
      ]
    },
    {
      "column_name": "Mean Scale Score",
      "number_non_empty_cells": 175,
      "number_empty_cells": 0,
      "number_distinct_values": 37,
      "frequent_values": [
        "306",
        "309",
        "307",
        "310",
        "304"
      ],
      "data_types": [
        {
          "type": "INTEGER (LONG)",
          "count": 175,
          "max_value": 316,
          "min_value": 280,
          "mean": 301.89142857142855
        }
      ]
    },
    {
      "column_name": "Level3_%",
      "number_non_empty_cells": 175,
      "number_empty_cells": 0,
      "number_distinct_values": 108,
      "frequent_values": [
        "18.4",
        "15.7",
        "21.2",
        "19.3",
        "20.5"
      ],
      "data_types": [
        {
          "type": "REAL",
          "count": 175,
          "max_value": 29.2,
          "min_value": 9.1,
          "mean": 19.795428571428577
        }
      ]
    }
  ]
}