{
  "dataset_name": "qk7d-gecv.tsv.gz",
  "key_column_candidates": [
    "Cohort Year",
    "Cohort Category",
    "Demographic",
    "# Total Cohort",
    "# Total Grads",
    "% of cohort Total Grads",
    "# of cohort Total Grads",
    "% of cohort Total Regents",
    "% of grads  Total Regents",
    "# of grads  Total Regents",
    "% of cohort  Advanced Regents",
    "% of grads  Advanced Regents",
    "# of grads  Advanced Regents",
    "% of cohort  Regents w/o Advanced",
    "% of grads  Regents w/o Advanced",
    "# of grads  Regents w/o Advanced",
    "% of cohort Local",
    "% of grads Local",
    "# Still Enrolled",
    "% of cohort Still Enrolled",
    "# Dropped Out",
    "% of cohort Dropped Out"
  ],
  "columns": [
    {
      "column_name": "% of cohort  Advanced Regents",
      "number_non_empty_cells": 420,
      "number_empty_cells": 10,
      "number_distinct_values": 162,
      "frequent_values": [
        "1.1",
        "",
        "1",
        "14.3",
        "19.3"
      ],
      "data_types": [
        {
          "type": "INTEGER (LONG)",
          "count": 51,
          "max_value": 45,
          "min_value": 1,
          "mean": 13.235294117647058
        },
        {
          "type": "REAL",
          "count": 369,
          "max_value": 47.1,
          "min_value": 0.4,
          "mean": 16.98780487804876
        }
      ]
    },
    {
      "column_name": "% of cohort Still Enrolled",
      "number_non_empty_cells": 430,
      "number_empty_cells": 0,
      "number_distinct_values": 247,
      "frequent_values": [
        "4.9",
        "7",
        "17.9",
        "8.7",
        "5.5"
      ],
      "data_types": [
        {
          "type": "INTEGER (LONG)",
          "count": 45,
          "max_value": 39,
          "min_value": 3,
          "mean": 15.71111111111111
        },
        {
          "type": "REAL",
          "count": 385,
          "max_value": 48.3,
          "min_value": 1.1,
          "mean": 15.610389610389616
        }
      ]
    },
    {
      "column_name": "# of cohort Total Grads",
      "number_non_empty_cells": 430,
      "number_empty_cells": 0,
      "number_distinct_values": 430,
      "frequent_values": [
        "992",
        "1233",
        "1291",
        "639",
        "794"
      ],
      "data_types": [
        {
          "type": "INTEGER (LONG)",
          "count": 430,
          "max_value": 52374,
          "min_value": 256,
          "mean": 16250.748837209303
        }
      ]
    },
    {
      "column_name": "% of cohort Total Regents",
      "number_non_empty_cells": 430,
      "number_empty_cells": 0,
      "number_distinct_values": 332,
      "frequent_values": [
        "35.7",
        "54",
        "63.2",
        "26.6",
        "39.8"
      ],
      "data_types": [
        {
          "type": "INTEGER (LONG)",
          "count": 58,
          "max_value": 83,
          "min_value": 3,
          "mean": 50.91379310344828
        },
        {
          "type": "REAL",
          "count": 372,
          "max_value": 85.5,
          "min_value": 2.9,
          "mean": 49.25940860215053
        }
      ]
    },
    {
      "column_name": "# of grads  Advanced Regents",
      "number_non_empty_cells": 420,
      "number_empty_cells": 10,
      "number_distinct_values": 418,
      "frequent_values": [
        "",
        "1984",
        "2097",
        "677",
        "862"
      ],
      "data_types": [
        {
          "type": "INTEGER (LONG)",
          "count": 420,
          "max_value": 38895,
          "min_value": 218,
          "mean": 11331.492857142857
        }
      ]
    },
    {
      "column_name": "# of grads  Regents w/o Advanced",
      "number_non_empty_cells": 430,
      "number_empty_cells": 0,
      "number_distinct_values": 417,
      "frequent_values": [
        "6101",
        "1957",
        "1396",
        "1573",
        "1872"
      ],
      "data_types": [
        {
          "type": "INTEGER (LONG)",
          "count": 430,
          "max_value": 17392,
          "min_value": 117,
          "mean": 3839.4
        }
      ]
    },
    {
      "column_name": "# Still Enrolled",
      "number_non_empty_cells": 430,
      "number_empty_cells": 0,
      "number_distinct_values": 423,
      "frequent_values": [
        "1355",
        "2143",
        "2528",
        "578",
        "2966"
      ],
      "data_types": [
        {
          "type": "INTEGER (LONG)",
          "count": 430,
          "max_value": 18972,
          "min_value": 129,
          "mean": 4519.990697674419
        }
      ]
    },
    {
      "column_name": "% of cohort Total Grads",
      "number_non_empty_cells": 430,
      "number_empty_cells": 0,
      "number_distinct_values": 287,
      "frequent_values": [
        "65.4",
        "68.5",
        "75.2",
        "55.9",
        "75.5"
      ],
      "data_types": [
        {
          "type": "INTEGER (LONG)",
          "count": 36,
          "max_value": 86,
          "min_value": 31,
          "mean": 66.25
        },
        {
          "type": "REAL",
          "count": 394,
          "max_value": 87.7,
          "min_value": 17.1,
          "mean": 61.96065989847716
        }
      ]
    },
    {
      "column_name": "% of grads  Advanced Regents",
      "number_non_empty_cells": 420,
      "number_empty_cells": 10,
      "number_distinct_values": 231,
      "frequent_values": [
        "",
        "26.7",
        "13.3",
        "25.6",
        "24.5"
      ],
      "data_types": [
        {
          "type": "INTEGER (LONG)",
          "count": 42,
          "max_value": 57,
          "min_value": 3,
          "mean": 24.38095238095238
        },
        {
          "type": "REAL",
          "count": 378,
          "max_value": 58.6,
          "min_value": 1.9,
          "mean": 23.681216931216944
        }
      ]
    },
    {
      "column_name": "% of cohort  Regents w/o Advanced",
      "number_non_empty_cells": 420,
      "number_empty_cells": 10,
      "number_distinct_values": 297,
      "frequent_values": [
        "",
        "22.6",
        "34.4",
        "47.7",
        "35.3"
      ],
      "data_types": [
        {
          "type": "REAL",
          "count": 384,
          "max_value": 58.1,
          "min_value": 2.3,
          "mean": 33.271614583333346
        },
        {
          "type": "INTEGER (LONG)",
          "count": 36,
          "max_value": 55,
          "min_value": 6,
          "mean": 32.05555555555556
        }
      ]
    },
    {
      "column_name": "Cohort Category",
      "number_non_empty_cells": 430,
      "number_empty_cells": 0,
      "number_distinct_values": 5,
      "frequent_values": [
        "4 Year  June",
        "5 Year  June",
        "6 Year",
        "4 Year August",
        "5 Year August"
      ],
      "data_types": [
        {
          "type": "TEXT",
          "count": 430,
          "shortest_values": "6 Year",
          "longest_values": "4 Year August",
          "average_length": 11.046511627906977
        }
      ]
    },
    {
      "column_name": "Demographic",
      "number_non_empty_cells": 430,
      "number_empty_cells": 0,
      "number_distinct_values": 10,
      "frequent_values": [
        "English Language Learner",
        "Male",
        "English Language Proficient",
        "Not Student with Disability",
        "Student with Disability"
      ],
      "data_types": [
        {
          "type": "TEXT",
          "count": 430,
          "shortest_values": "Male",
          "longest_values": "English Language Proficient",
          "average_length": 13.4
        }
      ]
    },
    {
      "column_name": "# Total Cohort",
      "number_non_empty_cells": 430,
      "number_empty_cells": 0,
      "number_distinct_values": 248,
      "frequent_values": [
        "10540",
        "7454",
        "63603",
        "67057",
        "64593"
      ],
      "data_types": [
        {
          "type": "INTEGER (LONG)",
          "count": 430,
          "max_value": 70545,
          "min_value": 6974,
          "mean": 30728.83023255814
        }
      ]
    },
    {
      "column_name": "% of grads  Regents w/o Advanced",
      "number_non_empty_cells": 420,
      "number_empty_cells": 10,
      "number_distinct_values": 281,
      "frequent_values": [
        "",
        "69.3",
        "30.5",
        "73",
        "41.3"
      ],
      "data_types": [
        {
          "type": "REAL",
          "count": 370,
          "max_value": 82.5,
          "min_value": 11.9,
          "mean": 51.68837837837841
        },
        {
          "type": "INTEGER (LONG)",
          "count": 50,
          "max_value": 82,
          "min_value": 22,
          "mean": 53.68
        }
      ]
    },
    {
      "column_name": "% of cohort Dropped Out",
      "number_non_empty_cells": 430,
      "number_empty_cells": 0,
      "number_distinct_values": 203,
      "frequent_values": [
        "9.8",
        "21.5",
        "10.9",
        "16.5",
        "10.3"
      ],
      "data_types": [
        {
          "type": "REAL",
          "count": 388,
          "max_value": 43.6,
          "min_value": 4.6,
          "mean": 17.26546391752577
        },
        {
          "type": "INTEGER (LONG)",
          "count": 42,
          "max_value": 45,
          "min_value": 6,
          "mean": 18.476190476190474
        }
      ]
    },
    {
      "column_name": "% of grads  Total Regents",
      "number_non_empty_cells": 430,
      "number_empty_cells": 0,
      "number_distinct_values": 296,
      "frequent_values": [
        "92.2",
        "98.8",
        "98.6",
        "93.1",
        "98.3"
      ],
      "data_types": [
        {
          "type": "INTEGER (LONG)",
          "count": 45,
          "max_value": 99,
          "min_value": 36,
          "mean": 78.5111111111111
        },
        {
          "type": "REAL",
          "count": 385,
          "max_value": 99.2,
          "min_value": 13.8,
          "mean": 75.09012987012984
        }
      ]
    },
    {
      "column_name": "# of grads  Total Regents",
      "number_non_empty_cells": 420,
      "number_empty_cells": 10,
      "number_distinct_values": 364,
      "frequent_values": [
        "",
        "113",
        "135",
        "633",
        "1690"
      ],
      "data_types": [
        {
          "type": "INTEGER (LONG)",
          "count": 420,
          "max_value": 13479,
          "min_value": 35,
          "mean": 5002.169047619048
        }
      ]
    },
    {
      "column_name": "# Total Grads",
      "number_non_empty_cells": 430,
      "number_empty_cells": 0,
      "number_distinct_values": 428,
      "frequent_values": [
        "8074",
        "8342",
        "2791",
        "3920",
        "4296"
      ],
      "data_types": [
        {
          "type": "INTEGER (LONG)",
          "count": 430,
          "max_value": 53974,
          "min_value": 1287,
          "mean": 20082.302325581397
        }
      ]
    },
    {
      "column_name": "Cohort Year",
      "number_non_empty_cells": 430,
      "number_empty_cells": 0,
      "number_distinct_values": 11,
      "frequent_values": [
        "2006",
        "2007",
        "2008",
        "2009",
        "2004"
      ],
      "data_types": [
        {
          "type": "INTEGER (LONG)",
          "count": 430,
          "max_value": 2011,
          "min_value": 2001,
          "mean": 2006.1860465116279
        }
      ]
    },
    {
      "column_name": "# Dropped Out",
      "number_non_empty_cells": 430,
      "number_empty_cells": 0,
      "number_distinct_values": 400,
      "frequent_values": [
        "2740",
        "1840",
        "1700",
        "2729",
        "5982"
      ],
      "data_types": [
        {
          "type": "INTEGER (LONG)",
          "count": 430,
          "max_value": 19482,
          "min_value": 513,
          "mean": 5014.179069767441
        }
      ]
    },
    {
      "column_name": "% of cohort Local",
      "number_non_empty_cells": 430,
      "number_empty_cells": 0,
      "number_distinct_values": 207,
      "frequent_values": [
        "5.2",
        "1.1",
        "3.1",
        "3.8",
        "4.4"
      ],
      "data_types": [
        {
          "type": "REAL",
          "count": 391,
          "max_value": 30.4,
          "min_value": 0.6,
          "mean": 12.864194373401533
        },
        {
          "type": "INTEGER (LONG)",
          "count": 39,
          "max_value": 28,
          "min_value": 1,
          "mean": 12.820512820512821
        }
      ]
    },
    {
      "column_name": "% of grads Local",
      "number_non_empty_cells": 430,
      "number_empty_cells": 0,
      "number_distinct_values": 306,
      "frequent_values": [
        "7.8",
        "1.2",
        "1.4",
        "6.9",
        "1.7"
      ],
      "data_types": [
        {
          "type": "REAL",
          "count": 384,
          "max_value": 86.9,
          "min_value": 0.8,
          "mean": 25.016927083333353
        },
        {
          "type": "INTEGER (LONG)",
          "count": 46,
          "max_value": 67,
          "min_value": 1,
          "mean": 21.130434782608695
        }
      ]
    }
  ]
}