{
  "dataset_name": "qm5f-frjb.tsv.gz",
  "key_column_candidates": [
    "Vote Year",
    "Fiscal Year",
    "Council District",
    "Project",
    "Ballot Price",
    "Subproject Cost",
    "Brooklyn Borough President Funding",
    "Total Appropriated",
    "Number of Subprojects",
    "Agency",
    "Non-City?",
    "Implementing CBO",
    "Description",
    "Installation Location",
    "Mapping Location",
    "Status Summary",
    "Postcode",
    "Borough",
    "Community Board",
    "Census Tract",
    "BIN",
    "BBL",
    "NTA"
  ],
  "columns": [
    {
      "column_name": "Subproject Cost",
      "number_non_empty_cells": 675,
      "number_empty_cells": 3,
      "number_distinct_values": 122,
      "frequent_values": [
        "500000.00",
        "50000.00",
        "100000.00",
        "300000.00",
        "200000.00"
      ],
      "data_types": [
        {
          "type": "REAL",
          "count": 675,
          "max_value": 1000000.0,
          "min_value": 5000.0,
          "mean": 202651.9022222222
        }
      ]
    },
    {
      "column_name": "Council District",
      "number_non_empty_cells": 678,
      "number_empty_cells": 0,
      "number_distinct_values": 34,
      "frequent_values": [
        "8",
        "32",
        "39",
        "15",
        "33"
      ],
      "data_types": [
        {
          "type": "DATE/TIME",
          "count": 8,
          "max_value": "32S",
          "min_value": "32S"
        },
        {
          "type": "INTEGER (LONG)",
          "count": 653,
          "max_value": 49,
          "min_value": 3,
          "mean": 25.834609494640123
        },
        {
          "type": "TEXT",
          "count": 17,
          "shortest_values": "32N",
          "longest_values": "32N",
          "average_length": 3.0
        }
      ]
    },
    {
      "column_name": "Agency",
      "number_non_empty_cells": 678,
      "number_empty_cells": 0,
      "number_distinct_values": 20,
      "frequent_values": [
        "SCA",
        "DPR",
        "DOT",
        "NYCHA",
        "NYPD"
      ],
      "data_types": [
        {
          "type": "TEXT",
          "count": 678,
          "shortest_values": "H+H",
          "longest_values": "Non-City",
          "average_length": 3.297935103244838
        }
      ]
    },
    {
      "column_name": "Borough",
      "number_non_empty_cells": 421,
      "number_empty_cells": 257,
      "number_distinct_values": 6,
      "frequent_values": [
        "",
        "QUEENS   ",
        "BROOKLYN ",
        "MANHATTAN",
        "BRONX    "
      ],
      "data_types": [
        {
          "type": "TEXT",
          "count": 421,
          "shortest_values": "MANHATTAN",
          "longest_values": "MANHATTAN",
          "average_length": 9.0
        }
      ]
    },
    {
      "column_name": "BIN",
      "number_non_empty_cells": 412,
      "number_empty_cells": 266,
      "number_distinct_values": 320,
      "frequent_values": [
        "",
        "4303853",
        "3104598",
        "1053152",
        "4303722"
      ],
      "data_types": [
        {
          "type": "INTEGER (LONG)",
          "count": 412,
          "max_value": 5027641,
          "min_value": 1000000,
          "mean": 2994851.0776699027
        }
      ]
    },
    {
      "column_name": "BBL",
      "number_non_empty_cells": 412,
      "number_empty_cells": 266,
      "number_distinct_values": 317,
      "frequent_values": [
        "",
        "4161810001",
        "3047420001",
        "1017130001",
        "4161590012"
      ],
      "data_types": [
        {
          "type": "INTEGER (LONG)",
          "count": 412,
          "max_value": 5012180001,
          "min_value": 1005850041,
          "mean": 2909572432.0898056
        }
      ]
    },
    {
      "column_name": "Project",
      "number_non_empty_cells": 678,
      "number_empty_cells": 0,
      "number_distinct_values": 665,
      "frequent_values": [
        "Bus Countdown Clocks",
        "NYPD Security Cameras",
        "Safe Streets for Seniors",
        "Real Time Passenger Information",
        "Security Cameras"
      ],
      "data_types": [
        {
          "type": "TEXT",
          "count": 678,
          "shortest_values": "Mobi-mats",
          "longest_values": "Remove asphalt in All-American park in Broad Channel to allow for creation of another baseball/softball field.",
          "average_length": 43.70796460176991
        }
      ]
    },
    {
      "column_name": "Number of Subprojects",
      "number_non_empty_cells": 320,
      "number_empty_cells": 358,
      "number_distinct_values": 10,
      "frequent_values": [
        "",
        "1",
        "3",
        "5",
        "4"
      ],
      "data_types": [
        {
          "type": "INTEGER (LONG)",
          "count": 320,
          "max_value": 9,
          "min_value": 1,
          "mean": 3.615625
        }
      ]
    },
    {
      "column_name": "Description",
      "number_non_empty_cells": 661,
      "number_empty_cells": 17,
      "number_distinct_values": 495,
      "frequent_values": [
        "",
        "New Laptops and Technology for 8 schools.",
        "Technology upgrades for the following schools P.S. 139, P.S. 220, P.S. 175, P.S. 196, P.S. 206, P.S. 99, J.H.S. 157, J.H.S. 190 and Forest Hills High School.",
        "Installation of tamper-proof security cameras with high picture quality in public housing complexes.",
        "Install Smartboards in local schools: Fordham High School for the Arts,M.S. 45, P.S. 59, P.S. 32, P.S. 163, P.S. 57, FDA V and TAPCO."
      ],
      "data_types": [
        {
          "type": "TEXT",
          "count": 661,
          "shortest_values": "Exact Location TBD",
          "longest_values": "An installment towards the total cost of providing security cameras in the following developments: East River Houses ($200,000), Douglass I, II, and Addition ($100,000), Johnson Houses ($100,000), and Millbrook Houses ($100,000). This funding allocation would only cover a portion of the overall cost for these cameras, with a significant cost remaining for each development.",
          "average_length": 132.63993948562785
        }
      ]
    },
    {
      "column_name": "Installation Location",
      "number_non_empty_cells": 676,
      "number_empty_cells": 2,
      "number_distinct_values": 592,
      "frequent_values": [
        "TBD",
        "District Wide",
        "(Bronx - Mott Haven & Longwood)",
        "628 Tinton Ave, 345 Brook Ave. (Bronx - Mott Haven & Longwood)",
        "(Throughout District 15)"
      ],
      "data_types": [
        {
          "type": "TEXT",
          "count": 676,
          "shortest_values": "TBD",
          "longest_values": "East 46th Street and Glenwood Road; Farragut Road between East 57th and East 58th Streets; East 29th Street between Foster Avenue and Farragut Road, Nostrand Avenue and Winthrop Street; Newkirk and Nostrand Avenues; East 29th Street between Farragut Road and Foster Avenue.",
          "average_length": 31.21153846153846
        }
      ]
    },
    {
      "column_name": "Mapping Location",
      "number_non_empty_cells": 678,
      "number_empty_cells": 0,
      "number_distinct_values": 640,
      "frequent_values": [
        "40.633506, -73.983255",
        "40.561519, -73.914076",
        "40.602384, -73.763189",
        "40.757265, -73.933930",
        "40.806205, -73.918578"
      ],
      "data_types": [
        {
          "type": "TEXT",
          "count": 678,
          "shortest_values": "40.790182, -73.943608",
          "longest_values": "40.790182, -73.943608",
          "average_length": 21.0
        }
      ]
    },
    {
      "column_name": "Brooklyn Borough President Funding",
      "number_non_empty_cells": 19,
      "number_empty_cells": 659,
      "number_distinct_values": 3,
      "frequent_values": [
        "",
        "100000.00",
        "50000.00"
      ],
      "data_types": [
        {
          "type": "REAL",
          "count": 19,
          "max_value": 100000.0,
          "min_value": 50000.0,
          "mean": 97368.42105263157
        }
      ]
    },
    {
      "column_name": "Status Summary",
      "number_non_empty_cells": 678,
      "number_empty_cells": 0,
      "number_distinct_values": 14,
      "frequent_values": [
        "Part of Capital Plan- Funding Approved",
        "COMPLETE",
        "SCOPING",
        "FUNDS APPROPRIATED",
        "IN DESIGN"
      ],
      "data_types": [
        {
          "type": "TEXT",
          "count": 678,
          "shortest_values": "SCOPING",
          "longest_values": "Part of Capital Plan- Funding Approved",
          "average_length": 30.902654867256636
        }
      ]
    },
    {
      "column_name": "Postcode",
      "number_non_empty_cells": 421,
      "number_empty_cells": 257,
      "number_distinct_values": 107,
      "frequent_values": [
        "",
        "10029",
        "11694",
        "11203",
        "11218"
      ],
      "data_types": [
        {
          "type": "INTEGER (LONG)",
          "count": 421,
          "max_value": 11697,
          "min_value": 10001,
          "mean": 10955.627078384798
        }
      ]
    },
    {
      "column_name": "Census Tract",
      "number_non_empty_cells": 421,
      "number_empty_cells": 257,
      "number_distinct_values": 246,
      "frequent_values": [
        "",
        "938",
        "43",
        "170",
        "172"
      ],
      "data_types": [
        {
          "type": "INTEGER (LONG)",
          "count": 421,
          "max_value": 157902,
          "min_value": 1,
          "mean": 9494.244655581948
        }
      ]
    },
    {
      "column_name": "NTA",
      "number_non_empty_cells": 421,
      "number_empty_cells": 257,
      "number_distinct_values": 106,
      "frequent_values": [
        "",
        "East Harlem South                                                          ",
        "Breezy Point-Belle Harbor-Rockaway Park-Broad Channel                      ",
        "East Harlem North                                                          ",
        "Carroll Gardens-Columbia Street-Red Hook                                   "
      ],
      "data_types": [
        {
          "type": "TEXT",
          "count": 421,
          "shortest_values": "East Harlem South                                                          ",
          "longest_values": "East Harlem South                                                          ",
          "average_length": 75.0
        }
      ]
    },
    {
      "column_name": "Non-City?",
      "number_non_empty_cells": 675,
      "number_empty_cells": 3,
      "number_distinct_values": 3,
      "frequent_values": [
        "N",
        "Y",
        ""
      ],
      "data_types": [
        {
          "type": "TEXT",
          "count": 675,
          "shortest_values": "Y",
          "longest_values": "Y",
          "average_length": 1.0
        }
      ]
    },
    {
      "column_name": "Vote Year",
      "number_non_empty_cells": 678,
      "number_empty_cells": 0,
      "number_distinct_values": 6,
      "frequent_values": [
        "2017",
        "2016",
        "2015",
        "2014",
        "2013"
      ],
      "data_types": [
        {
          "type": "INTEGER (LONG)",
          "count": 678,
          "max_value": 2017,
          "min_value": 2012,
          "mean": 2015.3702064896754
        }
      ]
    },
    {
      "column_name": "Fiscal Year",
      "number_non_empty_cells": 678,
      "number_empty_cells": 0,
      "number_distinct_values": 6,
      "frequent_values": [
        "FY18",
        "FY17",
        "FY16",
        "FY15",
        "FY14"
      ],
      "data_types": [
        {
          "type": "TEXT",
          "count": 678,
          "shortest_values": "FY13",
          "longest_values": "FY13",
          "average_length": 4.0
        }
      ]
    },
    {
      "column_name": "Ballot Price",
      "number_non_empty_cells": 678,
      "number_empty_cells": 0,
      "number_distinct_values": 115,
      "frequent_values": [
        "500000.00",
        "200000.00",
        "300000.00",
        "250000.00",
        "150000.00"
      ],
      "data_types": [
        {
          "type": "REAL",
          "count": 678,
          "max_value": 1000000.0,
          "min_value": 5000.0,
          "mean": 273776.42182890855
        }
      ]
    },
    {
      "column_name": "Total Appropriated",
      "number_non_empty_cells": 678,
      "number_empty_cells": 0,
      "number_distinct_values": 112,
      "frequent_values": [
        "500000.00",
        "200000.00",
        "250000.00",
        "300000.00",
        "450000.00"
      ],
      "data_types": [
        {
          "type": "REAL",
          "count": 678,
          "max_value": 1050000.0,
          "min_value": 5000.0,
          "mean": 289288.1932153392
        }
      ]
    },
    {
      "column_name": "Implementing CBO",
      "number_non_empty_cells": 25,
      "number_empty_cells": 653,
      "number_distinct_values": 24,
      "frequent_values": [
        "",
        "Volunteer Fire Department- Broad Channel",
        "CityMeals on Wheels",
        "Harlem RBI",
        "Knights of Columbus"
      ],
      "data_types": [
        {
          "type": "TEXT",
          "count": 25,
          "shortest_values": "CHiPS",
          "longest_values": "Institute for the Puerto Rican/Hispanic Elderly, Inc.",
          "average_length": 26.48
        }
      ]
    },
    {
      "column_name": "Community Board",
      "number_non_empty_cells": 421,
      "number_empty_cells": 257,
      "number_distinct_values": 17,
      "frequent_values": [
        "",
        "11",
        "1",
        "6",
        "14"
      ],
      "data_types": [
        {
          "type": "INTEGER (LONG)",
          "count": 421,
          "max_value": 17,
          "min_value": 1,
          "mean": 8.106888361045131
        }
      ]
    }
  ]
}