{
  "dataset_name": "qmc5-z72r.tsv.gz",
  "key_column_candidates": [
    "DBN",
    "School Name",
    "School Type",
    "Enrollment",
    "Rigorous Instruction Rating",
    "Collaborative Teachers Rating",
    "Supportive Environment Rating",
    "Effective School Leadership Rating",
    "Strong Family-Community Ties Rating",
    "Trust Rating",
    "Student Achievement Rating",
    "Rigorous Instruction - Percent Positive",
    "Collaborative Teachers - Percent Positive",
    "Supportive Environment - Percent Positive",
    "Effective School Leadership - Percent Positive",
    "Strong Family-Community Ties - Percent Positive",
    "Trust - Percent Positive",
    "Quality Review - How interesting and challenging is the curriculum?",
    "Quality Review - How effective is the teaching and learning?",
    "Quality Review - How well does the school assess what students are learning?",
    "Quality Review - How clearly are high expectations communicated to students and staff?",
    "Quality Review - How well do teachers work with each other?",
    "Quality Review - How safe and inclusive is the school while supporting social-emotional growth?",
    "Quality Review - How well does the school allocate and manage resources?",
    "Quality Review - How well does the school identify, track, and meet its goals?",
    "Quality Review - How thoughtful is the school\u2019s approach to teacher development and evaluation?",
    "Quality Review - How well are school decisions evaluated and adjusted?",
    "Quality Review - Dates of Review",
    "Average Grade 8 English Proficiency",
    "Average Grade 8 Math Proficiency",
    "Percent English Language Learners",
    "Percent Students with Disabilities",
    "Percent Self-Contained",
    "Percent Overage/ Undercredit",
    "Economic Need Index",
    "Percent in Temp Housing",
    "Percent HRA Eligible",
    "Percent Asian",
    "Percent Black",
    "Percent Hispanic",
    "Percent White",
    "Years of principal experience at this school",
    "Percent of teachers with 3 or more years of experience",
    "Average Change in Student Attendance",
    "Teacher Attendance Rate"
  ],
  "columns": [
    {
      "column_name": "Rigorous Instruction - Percent Positive",
      "number_non_empty_cells": 58,
      "number_empty_cells": 1,
      "number_distinct_values": 27,
      "frequent_values": [
        "0.86",
        "0.8",
        "0.83",
        "0.88",
        "0.84"
      ],
      "data_types": [
        {
          "type": "REAL",
          "count": 58,
          "max_value": 0.93,
          "min_value": 0.59,
          "mean": 0.804137931034483
        }
      ]
    },
    {
      "column_name": "Quality Review - How well does the school identify, track, and meet its goals?",
      "number_non_empty_cells": 12,
      "number_empty_cells": 47,
      "number_distinct_values": 3,
      "frequent_values": [
        "",
        "Proficient",
        "Developing"
      ],
      "data_types": [
        {
          "type": "TEXT",
          "count": 12,
          "shortest_values": "Developing",
          "longest_values": "Developing",
          "average_length": 10.0
        }
      ]
    },
    {
      "column_name": "Average Change in Student Attendance",
      "number_non_empty_cells": 53,
      "number_empty_cells": 6,
      "number_distinct_values": 47,
      "frequent_values": [
        "",
        "-0.038",
        "-0.053",
        "-0.069",
        "-0.109"
      ],
      "data_types": [
        {
          "type": "REAL",
          "count": 53,
          "max_value": 0.033,
          "min_value": -0.167,
          "mean": -0.05933962264150944
        }
      ]
    },
    {
      "column_name": "School Type",
      "number_non_empty_cells": 59,
      "number_empty_cells": 0,
      "number_distinct_values": 1,
      "frequent_values": [
        "High School Transfer"
      ],
      "data_types": [
        {
          "type": "TEXT",
          "count": 59,
          "shortest_values": "High School Transfer",
          "longest_values": "High School Transfer",
          "average_length": 20.0
        }
      ]
    },
    {
      "column_name": "Effective School Leadership Rating",
      "number_non_empty_cells": 58,
      "number_empty_cells": 1,
      "number_distinct_values": 5,
      "frequent_values": [
        "Exceeding Target",
        "Meeting Target",
        "Approaching Target",
        "Not Meeting Target",
        ""
      ],
      "data_types": [
        {
          "type": "TEXT",
          "count": 58,
          "shortest_values": "Meeting Target",
          "longest_values": "Approaching Target",
          "average_length": 15.758620689655173
        }
      ]
    },
    {
      "column_name": "Percent English Language Learners",
      "number_non_empty_cells": 59,
      "number_empty_cells": 0,
      "number_distinct_values": 44,
      "frequent_values": [
        "0.04",
        "0.052",
        "0",
        "0.054",
        "0.033"
      ],
      "data_types": [
        {
          "type": "INTEGER (LONG)",
          "count": 3,
          "max_value": 0,
          "min_value": 0,
          "mean": 0.0
        },
        {
          "type": "REAL",
          "count": 56,
          "max_value": 0.86,
          "min_value": 0.006,
          "mean": 0.12185714285714286
        }
      ]
    },
    {
      "column_name": "Years of principal experience at this school",
      "number_non_empty_cells": 51,
      "number_empty_cells": 8,
      "number_distinct_values": 33,
      "frequent_values": [
        "",
        "4",
        "7",
        "8",
        "6"
      ],
      "data_types": [
        {
          "type": "INTEGER (LONG)",
          "count": 22,
          "max_value": 13,
          "min_value": 4,
          "mean": 7.045454545454546
        },
        {
          "type": "REAL",
          "count": 29,
          "max_value": 18.8,
          "min_value": 0.4,
          "mean": 5.410344827586207
        }
      ]
    },
    {
      "column_name": "Effective School Leadership - Percent Positive",
      "number_non_empty_cells": 58,
      "number_empty_cells": 1,
      "number_distinct_values": 26,
      "frequent_values": [
        "0.99",
        "0.98",
        "0.95",
        "0.97",
        "0.93"
      ],
      "data_types": [
        {
          "type": "REAL",
          "count": 56,
          "max_value": 0.99,
          "min_value": 0.52,
          "mean": 0.8908928571428572
        },
        {
          "type": "INTEGER (LONG)",
          "count": 2,
          "max_value": 1,
          "min_value": 1,
          "mean": 1.0
        }
      ]
    },
    {
      "column_name": "Quality Review - Dates of Review",
      "number_non_empty_cells": 53,
      "number_empty_cells": 6,
      "number_distinct_values": 43,
      "frequent_values": [
        "",
        "02/23/2016 12:00:00 AM",
        "03/01/2017 12:00:00 AM",
        "01/21/2016 12:00:00 AM",
        "12/01/2016 12:00:00 AM"
      ],
      "data_types": [
        {
          "type": "DATE/TIME",
          "count": 53,
          "max_value": "06/01/2017 12:00:00 AM",
          "min_value": "11/19/2014 12:00:00 AM"
        }
      ]
    },
    {
      "column_name": "Quality Review - How thoughtful is the school\u2019s approach to teacher development and evaluation?",
      "number_non_empty_cells": 12,
      "number_empty_cells": 47,
      "number_distinct_values": 3,
      "frequent_values": [
        "",
        "Proficient",
        "Well Developed"
      ],
      "data_types": [
        {
          "type": "TEXT",
          "count": 12,
          "shortest_values": "Proficient",
          "longest_values": "Well Developed",
          "average_length": 10.666666666666666
        }
      ]
    },
    {
      "column_name": "Percent White",
      "number_non_empty_cells": 59,
      "number_empty_cells": 0,
      "number_distinct_values": 39,
      "frequent_values": [
        "0.004",
        "0.055",
        "0",
        "0.005",
        "0.01"
      ],
      "data_types": [
        {
          "type": "INTEGER (LONG)",
          "count": 3,
          "max_value": 0,
          "min_value": 0,
          "mean": 0.0
        },
        {
          "type": "REAL",
          "count": 56,
          "max_value": 0.473,
          "min_value": 0.004,
          "mean": 0.057107142857142815
        }
      ]
    },
    {
      "column_name": "Strong Family-Community Ties - Percent Positive",
      "number_non_empty_cells": 58,
      "number_empty_cells": 1,
      "number_distinct_values": 26,
      "frequent_values": [
        "0.88",
        "0.9",
        "0.85",
        "0.89",
        "0.83"
      ],
      "data_types": [
        {
          "type": "REAL",
          "count": 58,
          "max_value": 0.98,
          "min_value": 0.69,
          "mean": 0.8601724137931034
        }
      ]
    },
    {
      "column_name": "Quality Review - How well do teachers work with each other?",
      "number_non_empty_cells": 53,
      "number_empty_cells": 6,
      "number_distinct_values": 4,
      "frequent_values": [
        "Proficient",
        "Well Developed",
        "",
        "Developing"
      ],
      "data_types": [
        {
          "type": "TEXT",
          "count": 53,
          "shortest_values": "Developing",
          "longest_values": "Well Developed",
          "average_length": 11.584905660377359
        }
      ]
    },
    {
      "column_name": "Quality Review - How well does the school allocate and manage resources?",
      "number_non_empty_cells": 12,
      "number_empty_cells": 47,
      "number_distinct_values": 3,
      "frequent_values": [
        "",
        "Proficient",
        "Well Developed"
      ],
      "data_types": [
        {
          "type": "TEXT",
          "count": 12,
          "shortest_values": "Proficient",
          "longest_values": "Well Developed",
          "average_length": 10.333333333333334
        }
      ]
    },
    {
      "column_name": "Percent Overage/ Undercredit",
      "number_non_empty_cells": 59,
      "number_empty_cells": 0,
      "number_distinct_values": 51,
      "frequent_values": [
        "0.713",
        "0.71",
        "0.521",
        "0.667",
        "0.869"
      ],
      "data_types": [
        {
          "type": "REAL",
          "count": 58,
          "max_value": 0.883,
          "min_value": 0.14,
          "mean": 0.6867586206896552
        },
        {
          "type": "INTEGER (LONG)",
          "count": 1,
          "max_value": 1,
          "min_value": 1,
          "mean": 1.0
        }
      ]
    },
    {
      "column_name": "Teacher Attendance Rate",
      "number_non_empty_cells": 53,
      "number_empty_cells": 6,
      "number_distinct_values": 35,
      "frequent_values": [
        "",
        "0.961",
        "0.976",
        "0.965",
        "0.966"
      ],
      "data_types": [
        {
          "type": "INTEGER (LONG)",
          "count": 1,
          "max_value": 1,
          "min_value": 1,
          "mean": 1.0
        },
        {
          "type": "REAL",
          "count": 52,
          "max_value": 0.989,
          "min_value": 0.937,
          "mean": 0.9660384615384614
        }
      ]
    },
    {
      "column_name": "Strong Family-Community Ties Rating",
      "number_non_empty_cells": 56,
      "number_empty_cells": 3,
      "number_distinct_values": 5,
      "frequent_values": [
        "Meeting Target",
        "Approaching Target",
        "Exceeding Target",
        "",
        "Not Meeting Target"
      ],
      "data_types": [
        {
          "type": "TEXT",
          "count": 56,
          "shortest_values": "Meeting Target",
          "longest_values": "Approaching Target",
          "average_length": 15.5
        }
      ]
    },
    {
      "column_name": "Collaborative Teachers - Percent Positive",
      "number_non_empty_cells": 58,
      "number_empty_cells": 1,
      "number_distinct_values": 27,
      "frequent_values": [
        "0.95",
        "0.93",
        "0.9",
        "0.85",
        "0.91"
      ],
      "data_types": [
        {
          "type": "REAL",
          "count": 58,
          "max_value": 0.99,
          "min_value": 0.49,
          "mean": 0.8660344827586206
        }
      ]
    },
    {
      "column_name": "Quality Review - How interesting and challenging is the curriculum?",
      "number_non_empty_cells": 53,
      "number_empty_cells": 6,
      "number_distinct_values": 4,
      "frequent_values": [
        "Proficient",
        "Well Developed",
        "",
        "Developing"
      ],
      "data_types": [
        {
          "type": "TEXT",
          "count": 53,
          "shortest_values": "Proficient",
          "longest_values": "Well Developed",
          "average_length": 10.90566037735849
        }
      ]
    },
    {
      "column_name": "Quality Review - How effective is the teaching and learning?",
      "number_non_empty_cells": 53,
      "number_empty_cells": 6,
      "number_distinct_values": 4,
      "frequent_values": [
        "Proficient",
        "Developing",
        "Well Developed",
        ""
      ],
      "data_types": [
        {
          "type": "TEXT",
          "count": 53,
          "shortest_values": "Developing",
          "longest_values": "Well Developed",
          "average_length": 10.452830188679245
        }
      ]
    },
    {
      "column_name": "Average Grade 8 English Proficiency",
      "number_non_empty_cells": 59,
      "number_empty_cells": 0,
      "number_distinct_values": 43,
      "frequent_values": [
        "2.55",
        "2.53",
        "2.65",
        "2.48",
        "2.41"
      ],
      "data_types": [
        {
          "type": "REAL",
          "count": 59,
          "max_value": 3.14,
          "min_value": 1.79,
          "mean": 2.46728813559322
        }
      ]
    },
    {
      "column_name": "Percent of teachers with 3 or more years of experience",
      "number_non_empty_cells": 53,
      "number_empty_cells": 6,
      "number_distinct_values": 39,
      "frequent_values": [
        "",
        "1",
        "0.643",
        "0.833",
        "0.786"
      ],
      "data_types": [
        {
          "type": "REAL",
          "count": 48,
          "max_value": 0.952,
          "min_value": 0.286,
          "mean": 0.747
        },
        {
          "type": "INTEGER (LONG)",
          "count": 5,
          "max_value": 1,
          "min_value": 1,
          "mean": 1.0
        }
      ]
    },
    {
      "column_name": "Average Grade 8 Math Proficiency",
      "number_non_empty_cells": 59,
      "number_empty_cells": 0,
      "number_distinct_values": 40,
      "frequent_values": [
        "2.08",
        "2.06",
        "1.97",
        "2",
        "2.07"
      ],
      "data_types": [
        {
          "type": "REAL",
          "count": 56,
          "max_value": 2.71,
          "min_value": 1.78,
          "mean": 2.1258928571428566
        },
        {
          "type": "INTEGER (LONG)",
          "count": 3,
          "max_value": 2,
          "min_value": 2,
          "mean": 2.0
        }
      ]
    },
    {
      "column_name": "Percent Students with Disabilities",
      "number_non_empty_cells": 59,
      "number_empty_cells": 0,
      "number_distinct_values": 57,
      "frequent_values": [
        "0.327",
        "0.182",
        "0.212",
        "0.054",
        "0.121"
      ],
      "data_types": [
        {
          "type": "REAL",
          "count": 58,
          "max_value": 0.497,
          "min_value": 0.008,
          "mean": 0.22687931034482756
        },
        {
          "type": "INTEGER (LONG)",
          "count": 1,
          "max_value": 0,
          "min_value": 0,
          "mean": 0.0
        }
      ]
    },
    {
      "column_name": "Economic Need Index",
      "number_non_empty_cells": 59,
      "number_empty_cells": 0,
      "number_distinct_values": 52,
      "frequent_values": [
        "0.784",
        "0.954",
        "0.708",
        "0.726",
        "0.754"
      ],
      "data_types": [
        {
          "type": "REAL",
          "count": 59,
          "max_value": 0.956,
          "min_value": 0.454,
          "mean": 0.7119322033898303
        }
      ]
    },
    {
      "column_name": "Quality Review - How clearly are high expectations communicated to students and staff?",
      "number_non_empty_cells": 53,
      "number_empty_cells": 6,
      "number_distinct_values": 3,
      "frequent_values": [
        "Proficient",
        "Well Developed",
        ""
      ],
      "data_types": [
        {
          "type": "TEXT",
          "count": 53,
          "shortest_values": "Proficient",
          "longest_values": "Well Developed",
          "average_length": 11.962264150943396
        }
      ]
    },
    {
      "column_name": "Percent in Temp Housing",
      "number_non_empty_cells": 59,
      "number_empty_cells": 0,
      "number_distinct_values": 52,
      "frequent_values": [
        "0.151",
        "0.101",
        "0.048",
        "0.076",
        "0.139"
      ],
      "data_types": [
        {
          "type": "REAL",
          "count": 59,
          "max_value": 0.3,
          "min_value": 0.048,
          "mean": 0.12984745762711863
        }
      ]
    },
    {
      "column_name": "Enrollment",
      "number_non_empty_cells": 59,
      "number_empty_cells": 0,
      "number_distinct_values": 56,
      "frequent_values": [
        "236",
        "214",
        "212",
        "559",
        "239"
      ],
      "data_types": [
        {
          "type": "INTEGER (LONG)",
          "count": 59,
          "max_value": 764,
          "min_value": 74,
          "mean": 255.20338983050848
        }
      ]
    },
    {
      "column_name": "Student Achievement Rating",
      "number_non_empty_cells": 55,
      "number_empty_cells": 4,
      "number_distinct_values": 5,
      "frequent_values": [
        "Meeting Target",
        "Approaching Target",
        "Exceeding Target",
        "",
        "Not Meeting Target"
      ],
      "data_types": [
        {
          "type": "TEXT",
          "count": 55,
          "shortest_values": "Meeting Target",
          "longest_values": "Approaching Target",
          "average_length": 15.709090909090909
        }
      ]
    },
    {
      "column_name": "DBN",
      "number_non_empty_cells": 59,
      "number_empty_cells": 0,
      "number_distinct_values": 59,
      "frequent_values": [
        "01M458",
        "01M515",
        "01M650",
        "02M313",
        "02M394"
      ],
      "data_types": [
        {
          "type": "TEXT",
          "count": 59,
          "shortest_values": "01M458",
          "longest_values": "01M458",
          "average_length": 6.0
        }
      ]
    },
    {
      "column_name": "Percent Hispanic",
      "number_non_empty_cells": 59,
      "number_empty_cells": 0,
      "number_distinct_values": 58,
      "frequent_values": [
        "0.301",
        "0.599",
        "0.249",
        "0.548",
        "0.487"
      ],
      "data_types": [
        {
          "type": "REAL",
          "count": 59,
          "max_value": 0.86,
          "min_value": 0.044,
          "mean": 0.43086440677966087
        }
      ]
    },
    {
      "column_name": "Rigorous Instruction Rating",
      "number_non_empty_cells": 58,
      "number_empty_cells": 1,
      "number_distinct_values": 5,
      "frequent_values": [
        "Meeting Target",
        "Approaching Target",
        "Exceeding Target",
        "Not Meeting Target",
        ""
      ],
      "data_types": [
        {
          "type": "TEXT",
          "count": 58,
          "shortest_values": "Meeting Target",
          "longest_values": "Approaching Target",
          "average_length": 15.344827586206897
        }
      ]
    },
    {
      "column_name": "Collaborative Teachers Rating",
      "number_non_empty_cells": 58,
      "number_empty_cells": 1,
      "number_distinct_values": 5,
      "frequent_values": [
        "Meeting Target",
        "Exceeding Target",
        "Approaching Target",
        "Not Meeting Target",
        ""
      ],
      "data_types": [
        {
          "type": "TEXT",
          "count": 58,
          "shortest_values": "Meeting Target",
          "longest_values": "Approaching Target",
          "average_length": 15.344827586206897
        }
      ]
    },
    {
      "column_name": "Trust Rating",
      "number_non_empty_cells": 56,
      "number_empty_cells": 3,
      "number_distinct_values": 5,
      "frequent_values": [
        "Exceeding Target",
        "Meeting Target",
        "Approaching Target",
        "",
        "Not Meeting Target"
      ],
      "data_types": [
        {
          "type": "TEXT",
          "count": 56,
          "shortest_values": "Meeting Target",
          "longest_values": "Not Meeting Target",
          "average_length": 15.5
        }
      ]
    },
    {
      "column_name": "Quality Review - How safe and inclusive is the school while supporting social-emotional growth?",
      "number_non_empty_cells": 12,
      "number_empty_cells": 47,
      "number_distinct_values": 4,
      "frequent_values": [
        "",
        "Proficient",
        "Well Developed",
        "Developing"
      ],
      "data_types": [
        {
          "type": "TEXT",
          "count": 12,
          "shortest_values": "Proficient",
          "longest_values": "Well Developed",
          "average_length": 11.666666666666666
        }
      ]
    },
    {
      "column_name": "Quality Review - How well are school decisions evaluated and adjusted?",
      "number_non_empty_cells": 12,
      "number_empty_cells": 47,
      "number_distinct_values": 3,
      "frequent_values": [
        "",
        "Proficient",
        "Developing"
      ],
      "data_types": [
        {
          "type": "TEXT",
          "count": 12,
          "shortest_values": "Developing",
          "longest_values": "Developing",
          "average_length": 10.0
        }
      ]
    },
    {
      "column_name": "Percent HRA Eligible",
      "number_non_empty_cells": 59,
      "number_empty_cells": 0,
      "number_distinct_values": 53,
      "frequent_values": [
        "0.49",
        "0.156",
        "0.595",
        "0.547",
        "0.602"
      ],
      "data_types": [
        {
          "type": "REAL",
          "count": 59,
          "max_value": 0.682,
          "min_value": 0.097,
          "mean": 0.4804237288135593
        }
      ]
    },
    {
      "column_name": "Percent Black",
      "number_non_empty_cells": 59,
      "number_empty_cells": 0,
      "number_distinct_values": 54,
      "frequent_values": [
        "0.358",
        "0.107",
        "0.343",
        "0.284",
        "0.853"
      ],
      "data_types": [
        {
          "type": "REAL",
          "count": 59,
          "max_value": 0.912,
          "min_value": 0.084,
          "mean": 0.4444237288135594
        }
      ]
    },
    {
      "column_name": "School Name",
      "number_non_empty_cells": 59,
      "number_empty_cells": 0,
      "number_distinct_values": 59,
      "frequent_values": [
        "Forsyth Satellite Academy",
        "Lower East Side Preparatory High School",
        "Cascades High School",
        "James Baldwin School, The: A School for Expedition",
        "Emma Lazarus High School"
      ],
      "data_types": [
        {
          "type": "TEXT",
          "count": 59,
          "shortest_values": "Olympus Academy",
          "longest_values": "James Baldwin School, The: A School for Expedition",
          "average_length": 31.47457627118644
        }
      ]
    },
    {
      "column_name": "Supportive Environment Rating",
      "number_non_empty_cells": 49,
      "number_empty_cells": 10,
      "number_distinct_values": 4,
      "frequent_values": [
        "Meeting Target",
        "",
        "Exceeding Target",
        "Approaching Target"
      ],
      "data_types": [
        {
          "type": "TEXT",
          "count": 49,
          "shortest_values": "Meeting Target",
          "longest_values": "Approaching Target",
          "average_length": 14.979591836734693
        }
      ]
    },
    {
      "column_name": "Quality Review - How well does the school assess what students are learning?",
      "number_non_empty_cells": 53,
      "number_empty_cells": 6,
      "number_distinct_values": 4,
      "frequent_values": [
        "Proficient",
        "Developing",
        "Well Developed",
        ""
      ],
      "data_types": [
        {
          "type": "TEXT",
          "count": 53,
          "shortest_values": "Developing",
          "longest_values": "Well Developed",
          "average_length": 10.679245283018869
        }
      ]
    },
    {
      "column_name": "Percent Self-Contained",
      "number_non_empty_cells": 59,
      "number_empty_cells": 0,
      "number_distinct_values": 15,
      "frequent_values": [
        "0",
        "0.004",
        "0.005",
        "0.028",
        "0.01"
      ],
      "data_types": [
        {
          "type": "INTEGER (LONG)",
          "count": 40,
          "max_value": 0,
          "min_value": 0,
          "mean": 0.0
        },
        {
          "type": "REAL",
          "count": 19,
          "max_value": 0.083,
          "min_value": 0.004,
          "mean": 0.02215789473684211
        }
      ]
    },
    {
      "column_name": "Percent Asian",
      "number_non_empty_cells": 59,
      "number_empty_cells": 0,
      "number_distinct_values": 35,
      "frequent_values": [
        "0",
        "0.005",
        "0.011",
        "0.006",
        "0.009"
      ],
      "data_types": [
        {
          "type": "REAL",
          "count": 49,
          "max_value": 0.621,
          "min_value": 0.004,
          "mean": 0.05724489795918366
        },
        {
          "type": "INTEGER (LONG)",
          "count": 10,
          "max_value": 0,
          "min_value": 0,
          "mean": 0.0
        }
      ]
    },
    {
      "column_name": "Supportive Environment - Percent Positive",
      "number_non_empty_cells": 58,
      "number_empty_cells": 1,
      "number_distinct_values": 26,
      "frequent_values": [
        "0.87",
        "0.81",
        "0.89",
        "0.82",
        "0.79"
      ],
      "data_types": [
        {
          "type": "REAL",
          "count": 58,
          "max_value": 0.99,
          "min_value": 0.6,
          "mean": 0.8231034482758622
        }
      ]
    },
    {
      "column_name": "Trust - Percent Positive",
      "number_non_empty_cells": 58,
      "number_empty_cells": 1,
      "number_distinct_values": 20,
      "frequent_values": [
        "0.97",
        "0.96",
        "0.91",
        "0.95",
        "0.94"
      ],
      "data_types": [
        {
          "type": "REAL",
          "count": 58,
          "max_value": 0.99,
          "min_value": 0.61,
          "mean": 0.920344827586207
        }
      ]
    }
  ]
}