{
  "dataset_name": "qt67-786k.tsv.gz",
  "key_column_candidates": [
    "Premium Categories",
    "Family Size 1 Monthly Income",
    "Family Size 1 Annual Income",
    "Family Size 2 Monthly Income",
    "Family Size 2  Annual Income"
  ],
  "columns": [
    {
      "column_name": "Family Size 1 Annual Income",
      "number_non_empty_cells": 3,
      "number_empty_cells": 0,
      "number_distinct_values": 3,
      "frequent_values": [
        "14568",
        "16392",
        "12410"
      ],
      "data_types": [
        {
          "type": "INTEGER (LONG)",
          "count": 3,
          "max_value": 16392,
          "min_value": 12410,
          "mean": 14456.666666666666
        }
      ]
    },
    {
      "column_name": "Family Size 2 Monthly Income",
      "number_non_empty_cells": 3,
      "number_empty_cells": 0,
      "number_distinct_values": 3,
      "frequent_values": [
        "1646",
        "1852",
        "1372"
      ],
      "data_types": [
        {
          "type": "INTEGER (LONG)",
          "count": 3,
          "max_value": 1852,
          "min_value": 1372,
          "mean": 1623.3333333333333
        }
      ]
    },
    {
      "column_name": "Family Size 2  Annual Income",
      "number_non_empty_cells": 3,
      "number_empty_cells": 0,
      "number_distinct_values": 3,
      "frequent_values": [
        "19752",
        "22224",
        "16460"
      ],
      "data_types": [
        {
          "type": "INTEGER (LONG)",
          "count": 3,
          "max_value": 22224,
          "min_value": 16460,
          "mean": 19478.666666666668
        }
      ]
    },
    {
      "column_name": "Premium Categories",
      "number_non_empty_cells": 3,
      "number_empty_cells": 0,
      "number_distinct_values": 3,
      "frequent_values": [
        "SLIMB 120% FPL",
        "QI-1 135% FPL",
        "QMB  100% FPL"
      ],
      "data_types": [
        {
          "type": "TEXT",
          "count": 3,
          "shortest_values": "QI-1 135% FPL",
          "longest_values": "SLIMB 120% FPL",
          "average_length": 13.333333333333334
        }
      ]
    },
    {
      "column_name": "Family Size 1 Monthly Income",
      "number_non_empty_cells": 3,
      "number_empty_cells": 0,
      "number_distinct_values": 3,
      "frequent_values": [
        "1214",
        "1366",
        "1012"
      ],
      "data_types": [
        {
          "type": "INTEGER (LONG)",
          "count": 3,
          "max_value": 1366,
          "min_value": 1012,
          "mean": 1197.3333333333333
        }
      ]
    }
  ]
}