{
  "dataset_name": "r63n-8hf3.tsv.gz",
  "key_column_candidates": [
    "Year",
    "Race/Ethnicity",
    "Citywide        number (rate)",
    "Manhattan                   number (rate)",
    "Bronx                   number (rate)",
    "Brooklyn            number (rate)",
    "Queens               number (rate)",
    "Staten Island                  number  (rate)"
  ],
  "columns": [
    {
      "column_name": "Year",
      "number_non_empty_cells": 119,
      "number_empty_cells": 0,
      "number_distinct_values": 17,
      "frequent_values": [
        "2011",
        "2014",
        "2016",
        "2012",
        "2015"
      ],
      "data_types": [
        {
          "type": "INTEGER (LONG)",
          "count": 119,
          "max_value": 2016,
          "min_value": 2000,
          "mean": 2009.1344537815125
        }
      ]
    }
  ]
}