{
  "dataset_name": "rp8m-vm93.tsv.gz",
  "key_column_candidates": [
    "NEIGHBORHOOD",
    "TYPE OF HOME",
    "NUMBER OF SALES",
    "LOWEST SALE PRICE",
    "AVERAGE SALE PRICE",
    "MEDIAN SALE PRICE",
    "HIGHEST SALE PRICE"
  ],
  "columns": [
    {
      "column_name": "TYPE OF HOME",
      "number_non_empty_cells": 119,
      "number_empty_cells": 0,
      "number_distinct_values": 3,
      "frequent_values": [
        "01 ONE FAMILY HOMES                        ",
        "02 TWO FAMILY HOMES                        ",
        "03 THREE FAMILY HOMES                      "
      ],
      "data_types": [
        {
          "type": "TEXT",
          "count": 119,
          "shortest_values": "01 ONE FAMILY HOMES                        ",
          "longest_values": "01 ONE FAMILY HOMES                        ",
          "average_length": 43.0
        }
      ]
    },
    {
      "column_name": "LOWEST SALE PRICE",
      "number_non_empty_cells": 119,
      "number_empty_cells": 0,
      "number_distinct_values": 88,
      "frequent_values": [
        "150000.00",
        "200000.00",
        "180000.00",
        "300000.00",
        "260000.00"
      ],
      "data_types": [
        {
          "type": "REAL",
          "count": 119,
          "max_value": 3100000.0,
          "min_value": 150000.0,
          "mean": 306290.9411764706
        }
      ]
    },
    {
      "column_name": "AVERAGE SALE PRICE",
      "number_non_empty_cells": 119,
      "number_empty_cells": 0,
      "number_distinct_values": 118,
      "frequent_values": [
        "150000.00",
        "566350.00",
        "616840.00",
        "334236.00",
        "536761.00"
      ],
      "data_types": [
        {
          "type": "REAL",
          "count": 119,
          "max_value": 3100000.0,
          "min_value": 150000.0,
          "mean": 509896.9075630252
        }
      ]
    },
    {
      "column_name": "NUMBER OF SALES",
      "number_non_empty_cells": 119,
      "number_empty_cells": 0,
      "number_distinct_values": 56,
      "frequent_values": [
        "1",
        "4",
        "2",
        "3",
        "26"
      ],
      "data_types": [
        {
          "type": "INTEGER (LONG)",
          "count": 119,
          "max_value": 204,
          "min_value": 1,
          "mean": 27.899159663865547
        }
      ]
    },
    {
      "column_name": "NEIGHBORHOOD",
      "number_non_empty_cells": 119,
      "number_empty_cells": 0,
      "number_distinct_values": 55,
      "frequent_values": [
        "CASTLETON CORNERS        ",
        "DONGAN HILLS             ",
        "DONGAN HILLS-COLONY      ",
        "MIDLAND BEACH            ",
        "NEW BRIGHTON             "
      ],
      "data_types": [
        {
          "type": "TEXT",
          "count": 119,
          "shortest_values": "ANNADALE                 ",
          "longest_values": "ANNADALE                 ",
          "average_length": 25.0
        }
      ]
    },
    {
      "column_name": "MEDIAN SALE PRICE",
      "number_non_empty_cells": 119,
      "number_empty_cells": 0,
      "number_distinct_values": 107,
      "frequent_values": [
        "440000.00",
        "510000.00",
        "390000.00",
        "422500.00",
        "460000.00"
      ],
      "data_types": [
        {
          "type": "REAL",
          "count": 119,
          "max_value": 3100000.0,
          "min_value": 150000.0,
          "mean": 491363.7226890756
        }
      ]
    },
    {
      "column_name": "HIGHEST SALE PRICE",
      "number_non_empty_cells": 119,
      "number_empty_cells": 0,
      "number_distinct_values": 106,
      "frequent_values": [
        "995000.00",
        "700000.00",
        "1300000.00",
        "865512.00",
        "150000.00"
      ],
      "data_types": [
        {
          "type": "REAL",
          "count": 119,
          "max_value": 7700000.0,
          "min_value": 150000.0,
          "mean": 892932.6134453781
        }
      ]
    }
  ]
}