{
  "dataset_name": "rzd6-qsmn.tsv.gz",
  "key_column_candidates": [
    "DBN",
    "School Name",
    "Grade",
    "Year",
    "Category",
    "Number Tested",
    "Mean Scale Score",
    "Level 1: #",
    "Level 1: %",
    "Level 2: #",
    "Level 2: %",
    "Level 3: #",
    "Level 3: %",
    "Level 4: #",
    "Level 4: %",
    "Level 3+4: #",
    "Level 3+4: %"
  ],
  "columns": [
    {
      "column_name": "Level 3+4: %",
      "number_non_empty_cells": 67443,
      "number_empty_cells": 0,
      "number_distinct_values": 6555,
      "frequent_values": [
        "s",
        "0",
        "33.33333",
        "50",
        "16.66667"
      ],
      "data_types": [
        {
          "type": "TEXT",
          "count": 18604,
          "shortest_values": "s",
          "longest_values": "s",
          "average_length": 1.0
        },
        {
          "type": "INTEGER (LONG)",
          "count": 8330,
          "max_value": 100,
          "min_value": 0,
          "mean": 30.092557022809125
        },
        {
          "type": "REAL",
          "count": 40509,
          "max_value": 99.0991,
          "min_value": 0.806452,
          "mean": 32.607970715643816
        }
      ]
    },
    {
      "column_name": "Level 3+4: #",
      "number_non_empty_cells": 67443,
      "number_empty_cells": 0,
      "number_distinct_values": 377,
      "frequent_values": [
        "s",
        "2",
        "3",
        "1",
        "4"
      ],
      "data_types": [
        {
          "type": "INTEGER (LONG)",
          "count": 48839,
          "max_value": 746,
          "min_value": 0,
          "mean": 19.563852658735847
        },
        {
          "type": "TEXT",
          "count": 18604,
          "shortest_values": "s",
          "longest_values": "s",
          "average_length": 1.0
        }
      ]
    },
    {
      "column_name": "Level 2: #",
      "number_non_empty_cells": 67443,
      "number_empty_cells": 0,
      "number_distinct_values": 362,
      "frequent_values": [
        "s",
        "3",
        "4",
        "5",
        "2"
      ],
      "data_types": [
        {
          "type": "INTEGER (LONG)",
          "count": 48839,
          "max_value": 867,
          "min_value": 0,
          "mean": 22.693032207866665
        },
        {
          "type": "TEXT",
          "count": 18604,
          "shortest_values": "s",
          "longest_values": "s",
          "average_length": 1.0
        }
      ]
    },
    {
      "column_name": "Level 4: #",
      "number_non_empty_cells": 67443,
      "number_empty_cells": 0,
      "number_distinct_values": 224,
      "frequent_values": [
        "s",
        "0",
        "1",
        "2",
        "3"
      ],
      "data_types": [
        {
          "type": "INTEGER (LONG)",
          "count": 48839,
          "max_value": 524,
          "min_value": 0,
          "mean": 6.027498515530621
        },
        {
          "type": "TEXT",
          "count": 18604,
          "shortest_values": "s",
          "longest_values": "s",
          "average_length": 1.0
        }
      ]
    },
    {
      "column_name": "Level 2: %",
      "number_non_empty_cells": 67443,
      "number_empty_cells": 0,
      "number_distinct_values": 5131,
      "frequent_values": [
        "s",
        "33.33333",
        "50",
        "25",
        "40"
      ],
      "data_types": [
        {
          "type": "TEXT",
          "count": 18604,
          "shortest_values": "s",
          "longest_values": "s",
          "average_length": 1.0
        },
        {
          "type": "INTEGER (LONG)",
          "count": 7535,
          "max_value": 100,
          "min_value": 0,
          "mean": 35.45892501658925
        },
        {
          "type": "REAL",
          "count": 41304,
          "max_value": 91.66667,
          "min_value": 0.769231,
          "mean": 36.71520617494817
        }
      ]
    },
    {
      "column_name": "Level 1: #",
      "number_non_empty_cells": 67443,
      "number_empty_cells": 0,
      "number_distinct_values": 325,
      "frequent_values": [
        "s",
        "2",
        "1",
        "0",
        "3"
      ],
      "data_types": [
        {
          "type": "INTEGER (LONG)",
          "count": 48839,
          "max_value": 933,
          "min_value": 0,
          "mean": 19.259382870247137
        },
        {
          "type": "TEXT",
          "count": 18604,
          "shortest_values": "s",
          "longest_values": "s",
          "average_length": 1.0
        }
      ]
    },
    {
      "column_name": "Level 1: %",
      "number_non_empty_cells": 67443,
      "number_empty_cells": 0,
      "number_distinct_values": 6323,
      "frequent_values": [
        "s",
        "0",
        "50",
        "33.33333",
        "25"
      ],
      "data_types": [
        {
          "type": "INTEGER (LONG)",
          "count": 9251,
          "max_value": 100,
          "min_value": 0,
          "mean": 24.17846719273592
        },
        {
          "type": "REAL",
          "count": 39588,
          "max_value": 97.67442,
          "min_value": 0.118203,
          "mean": 32.96377269857092
        },
        {
          "type": "TEXT",
          "count": 18604,
          "shortest_values": "s",
          "longest_values": "s",
          "average_length": 1.0
        }
      ]
    },
    {
      "column_name": "Category",
      "number_non_empty_cells": 67443,
      "number_empty_cells": 0,
      "number_distinct_values": 4,
      "frequent_values": [
        "Hispanic",
        "Black",
        "White",
        "Asian"
      ],
      "data_types": [
        {
          "type": "TEXT",
          "count": 67443,
          "shortest_values": "Asian",
          "longest_values": "Hispanic",
          "average_length": 5.847026377830168
        }
      ]
    },
    {
      "column_name": "Level 4: %",
      "number_non_empty_cells": 67443,
      "number_empty_cells": 0,
      "number_distinct_values": 4695,
      "frequent_values": [
        "s",
        "0",
        "16.66667",
        "14.28571",
        "12.5"
      ],
      "data_types": [
        {
          "type": "INTEGER (LONG)",
          "count": 18111,
          "max_value": 100,
          "min_value": 0,
          "mean": 3.445199050300922
        },
        {
          "type": "REAL",
          "count": 30728,
          "max_value": 96.875,
          "min_value": 0.244499,
          "mean": 13.383902331294323
        },
        {
          "type": "TEXT",
          "count": 18604,
          "shortest_values": "s",
          "longest_values": "s",
          "average_length": 1.0
        }
      ]
    },
    {
      "column_name": "DBN",
      "number_non_empty_cells": 67443,
      "number_empty_cells": 0,
      "number_distinct_values": 1130,
      "frequent_values": [
        "01M539",
        "02M217",
        "03M333",
        "08X071",
        "10X095"
      ],
      "data_types": [
        {
          "type": "DATE/TIME",
          "count": 2090,
          "max_value": "06M052",
          "min_value": "01M015"
        },
        {
          "type": "TEXT",
          "count": 65353,
          "shortest_values": "01M063",
          "longest_values": "01M063",
          "average_length": 6.0
        }
      ]
    },
    {
      "column_name": "Level 3: #",
      "number_non_empty_cells": 67443,
      "number_empty_cells": 0,
      "number_distinct_values": 260,
      "frequent_values": [
        "s",
        "2",
        "1",
        "3",
        "4"
      ],
      "data_types": [
        {
          "type": "INTEGER (LONG)",
          "count": 48839,
          "max_value": 380,
          "min_value": 0,
          "mean": 13.536354143205225
        },
        {
          "type": "TEXT",
          "count": 18604,
          "shortest_values": "s",
          "longest_values": "s",
          "average_length": 1.0
        }
      ]
    },
    {
      "column_name": "Grade",
      "number_non_empty_cells": 67443,
      "number_empty_cells": 0,
      "number_distinct_values": 7,
      "frequent_values": [
        "All Grades",
        "3",
        "4",
        "5",
        "6"
      ],
      "data_types": [
        {
          "type": "INTEGER (LONG)",
          "count": 50651,
          "max_value": 8,
          "min_value": 3,
          "mean": 5.179542358492428
        },
        {
          "type": "TEXT",
          "count": 16792,
          "shortest_values": "All Grades",
          "longest_values": "All Grades",
          "average_length": 10.0
        }
      ]
    },
    {
      "column_name": "School Name",
      "number_non_empty_cells": 67443,
      "number_empty_cells": 0,
      "number_distinct_values": 1128,
      "frequent_values": [
        "P.S. 212",
        "P.S. 253",
        "NEW EXPLORATIONS INTO SCIENCE, TECHNOLOGY AND MATH HIGH SCHOOL",
        "P.S./I.S. 217 ROOSEVELT ISLAND",
        "P.S. 333 MANHATTAN SCHOOL FOR CHILDREN"
      ],
      "data_types": [
        {
          "type": "TEXT",
          "count": 67443,
          "shortest_values": "KAPPA",
          "longest_values": "ACADEMY FOR COLLEGE PREPARATION AND CAREER EXPLORATION: A COLLEGE BOARD SCHOOL",
          "average_length": 26.476150230565068
        }
      ]
    },
    {
      "column_name": "Year",
      "number_non_empty_cells": 67443,
      "number_empty_cells": 0,
      "number_distinct_values": 4,
      "frequent_values": [
        "2016",
        "2015",
        "2014",
        "2013"
      ],
      "data_types": [
        {
          "type": "INTEGER (LONG)",
          "count": 67443,
          "max_value": 2016,
          "min_value": 2013,
          "mean": 2014.5206322375932
        }
      ]
    },
    {
      "column_name": "Number Tested",
      "number_non_empty_cells": 67443,
      "number_empty_cells": 0,
      "number_distinct_values": 724,
      "frequent_values": [
        "1",
        "2",
        "3",
        "4",
        "5"
      ],
      "data_types": [
        {
          "type": "INTEGER (LONG)",
          "count": 67443,
          "max_value": 1950,
          "min_value": 1,
          "mean": 45.20875405898314
        }
      ]
    },
    {
      "column_name": "Mean Scale Score",
      "number_non_empty_cells": 67443,
      "number_empty_cells": 0,
      "number_distinct_values": 29862,
      "frequent_values": [
        "s",
        "294",
        "301",
        "297",
        "305"
      ],
      "data_types": [
        {
          "type": "REAL",
          "count": 46652,
          "max_value": 375.3333,
          "min_value": 216.5,
          "mean": 300.25094136157423
        },
        {
          "type": "INTEGER (LONG)",
          "count": 2187,
          "max_value": 370,
          "min_value": 235,
          "mean": 301.74439871970736
        },
        {
          "type": "TEXT",
          "count": 18604,
          "shortest_values": "s",
          "longest_values": "s",
          "average_length": 1.0
        }
      ]
    },
    {
      "column_name": "Level 3: %",
      "number_non_empty_cells": 67443,
      "number_empty_cells": 0,
      "number_distinct_values": 5496,
      "frequent_values": [
        "s",
        "0",
        "33.33333",
        "16.66667",
        "25"
      ],
      "data_types": [
        {
          "type": "REAL",
          "count": 40424,
          "max_value": 90.90909,
          "min_value": 0.806452,
          "mean": 23.28494793612778
        },
        {
          "type": "INTEGER (LONG)",
          "count": 8415,
          "max_value": 100,
          "min_value": 0,
          "mean": 18.616755793226382
        },
        {
          "type": "TEXT",
          "count": 18604,
          "shortest_values": "s",
          "longest_values": "s",
          "average_length": 1.0
        }
      ]
    }
  ]
}