{
  "dataset_name": "s3zn-tf7c.tsv.gz",
  "key_column_candidates": [
    "QUEENS CONDOMINIUM PROPERTY Boro-Block-Lot",
    "QUEENS CONDOMINIUM PROPERTY Condo Section",
    "QUEENS CONDOMINIUM PROPERTY Address",
    "Borough",
    "Postcode",
    "Latitude",
    "Longitude",
    "Community Board",
    "Council District",
    "Census Tract",
    "BIN",
    "BBL",
    "NTA",
    "QUEENS CONDOMINIUM PROPERTY Neighborhood",
    "QUEENS CONDOMINIUM PROPERTY Building Classification",
    "QUEENS CONDOMINIUM PROPERTY Total Units",
    "QUEENS CONDOMINIUM PROPERTY Year Built",
    "QUEENS CONDOMINIUM PROPERTY Gross SqFt",
    "QUEENS CONDOMINIUM PROPERTY Est. Gross Income",
    "QUEENS CONDOMINIUM PROPERTY Gross Income per SqFt",
    "QUEENS CONDOMINIUM PROPERTY Full Market Value",
    "QUEENS CONDOMINIUM PROPERTY Market Value per SqFt",
    " COMPARABLE RENTAL 1 Boro-Block-Lot",
    "COMPARABLE RENTAL 1 Address",
    "COMPARABLE RENTAL 1  Neighborhood",
    "COMPARABLE RENTAL 1  Building Classification",
    "COMPARABLE RENTAL 1  Total Units",
    "COMPARABLE RENTAL 1  Year Built",
    "COMPARABLE RENTAL 1  Gross SqFt",
    "COMPARABLE RENTAL 1  Est. Gross Income",
    "COMPARABLE RENTAL 1  Gross Income per SqFt",
    "COMPARABLE RENTAL 1 Full Market Value",
    "COMPARABLE RENTAL 1  Market Value per SqFt",
    "COMPARABLE RENTAL 1  Dist. from Coop in miles",
    "COMPARABLE RENTAL 2  Boro-Block-Lot",
    "COMPARABLE RENTAL 2  Address",
    "COMPARABLE RENTAL 2  Neighborhood",
    "COMPARABLE RENTAL 2  Building Classification",
    "COMPARABLE RENTAL 2  Total Units",
    "COMPARABLE RENTAL 2  Year Built",
    "COMPARABLE RENTAL 2  Gross SqFt",
    "COMPARABLE RENTAL 2  Est. Gross Income",
    "COMPARABLE RENTAL 2  Gross Income per SqFt",
    "COMPARABLE RENTAL 2  Full Market Value",
    "COMPARABLE RENTAL 2  Market Value per SqFt",
    "COMPARABLE RENTAL 2  Dist. from Coop in miles"
  ],
  "columns": [
    {
      "column_name": "Borough",
      "number_non_empty_cells": 353,
      "number_empty_cells": 0,
      "number_distinct_values": 1,
      "frequent_values": [
        "4"
      ],
      "data_types": [
        {
          "type": "INTEGER (LONG)",
          "count": 353,
          "max_value": 4,
          "min_value": 4,
          "mean": 4.0
        }
      ]
    },
    {
      "column_name": "Latitude",
      "number_non_empty_cells": 336,
      "number_empty_cells": 17,
      "number_distinct_values": 326,
      "frequent_values": [
        "",
        "40.779083",
        "40.727758",
        "40.719087",
        "40.76654"
      ],
      "data_types": [
        {
          "type": "REAL",
          "count": 336,
          "max_value": 40.790933,
          "min_value": 40.570817,
          "mean": 40.739436354166656
        }
      ]
    },
    {
      "column_name": "Council District",
      "number_non_empty_cells": 336,
      "number_empty_cells": 17,
      "number_distinct_values": 15,
      "frequent_values": [
        "20",
        "25",
        "29",
        "26",
        "22"
      ],
      "data_types": [
        {
          "type": "INTEGER (LONG)",
          "count": 336,
          "max_value": 34,
          "min_value": 19,
          "mean": 24.133928571428573
        }
      ]
    },
    {
      "column_name": "BIN",
      "number_non_empty_cells": 327,
      "number_empty_cells": 26,
      "number_distinct_values": 320,
      "frequent_values": [
        "",
        "4131229",
        "4000000",
        "4112574",
        "4312522"
      ],
      "data_types": [
        {
          "type": "INTEGER (LONG)",
          "count": 327,
          "max_value": 4593918,
          "min_value": 4000000,
          "mean": 4300341.339449542
        }
      ]
    },
    {
      "column_name": "BBL",
      "number_non_empty_cells": 327,
      "number_empty_cells": 26,
      "number_distinct_values": 322,
      "frequent_values": [
        "",
        "4058937501",
        "4049817501",
        "4091777501",
        "4000157501"
      ],
      "data_types": [
        {
          "type": "INTEGER (LONG)",
          "count": 327,
          "max_value": 4162287501,
          "min_value": 4000157501,
          "mean": 4037603617.7492356
        }
      ]
    },
    {
      "column_name": "COMPARABLE RENTAL 1  Gross SqFt",
      "number_non_empty_cells": 353,
      "number_empty_cells": 0,
      "number_distinct_values": 160,
      "frequent_values": [
        "52477",
        "53860",
        "24464",
        "22662",
        "46333"
      ],
      "data_types": [
        {
          "type": "INTEGER (LONG)",
          "count": 353,
          "max_value": 466000,
          "min_value": 7316,
          "mean": 74694.71671388102
        }
      ]
    },
    {
      "column_name": "COMPARABLE RENTAL 1 Full Market Value",
      "number_non_empty_cells": 353,
      "number_empty_cells": 0,
      "number_distinct_values": 149,
      "frequent_values": [
        "5470000",
        "3540000",
        "2590000",
        "2280000",
        "4870000"
      ],
      "data_types": [
        {
          "type": "INTEGER (LONG)",
          "count": 353,
          "max_value": 36200000,
          "min_value": 256000,
          "mean": 4661575.07082153
        }
      ]
    },
    {
      "column_name": "COMPARABLE RENTAL 2  Address",
      "number_non_empty_cells": 352,
      "number_empty_cells": 1,
      "number_distinct_values": 161,
      "frequent_values": [
        "90-05 161 STREET",
        "99-22 67 ROAD",
        "10-28 JACKSON AVENUE",
        "31-64 21 STREET",
        "14-56 31 DRIVE"
      ],
      "data_types": [
        {
          "type": "TEXT",
          "count": 352,
          "shortest_values": "99-22 67 ROAD",
          "longest_values": "136-14 NORTHERN BOULEVARD",
          "average_length": 17.985795454545453
        }
      ]
    },
    {
      "column_name": "COMPARABLE RENTAL 2  Dist. from Coop in miles",
      "number_non_empty_cells": 352,
      "number_empty_cells": 1,
      "number_distinct_values": 94,
      "frequent_values": [
        "0.2",
        "0.15",
        "0.45",
        "0.5",
        "0.65"
      ],
      "data_types": [
        {
          "type": "INTEGER (LONG)",
          "count": 25,
          "max_value": 9,
          "min_value": 0,
          "mean": 2.4
        },
        {
          "type": "REAL",
          "count": 327,
          "max_value": 13.8,
          "min_value": 0.05,
          "mean": 1.6148318042813454
        }
      ]
    },
    {
      "column_name": "COMPARABLE RENTAL 2  Gross Income per SqFt",
      "number_non_empty_cells": 352,
      "number_empty_cells": 1,
      "number_distinct_values": 147,
      "frequent_values": [
        "26.9",
        "24.29",
        "25.6",
        "25.4",
        "22.2"
      ],
      "data_types": [
        {
          "type": "INTEGER (LONG)",
          "count": 1,
          "max_value": 14,
          "min_value": 14,
          "mean": 14.0
        },
        {
          "type": "REAL",
          "count": 351,
          "max_value": 31.6,
          "min_value": 9.78,
          "mean": 18.812564102564096
        }
      ]
    },
    {
      "column_name": "COMPARABLE RENTAL 1  Neighborhood",
      "number_non_empty_cells": 353,
      "number_empty_cells": 0,
      "number_distinct_values": 33,
      "frequent_values": [
        "FLUSHING-NORTH",
        "REGO PARK",
        "ASTORIA",
        "LONG ISLAND CITY",
        "ELMHURST"
      ],
      "data_types": [
        {
          "type": "TEXT",
          "count": 353,
          "shortest_values": "CORONA",
          "longest_values": "SPRINGFIELD GARDENS",
          "average_length": 11.376770538243626
        }
      ]
    },
    {
      "column_name": "COMPARABLE RENTAL 2  Neighborhood",
      "number_non_empty_cells": 352,
      "number_empty_cells": 1,
      "number_distinct_values": 31,
      "frequent_values": [
        "FLUSHING-NORTH",
        "REGO PARK",
        "ASTORIA",
        "JAMAICA",
        "ELMHURST"
      ],
      "data_types": [
        {
          "type": "TEXT",
          "count": 352,
          "shortest_values": "CORONA",
          "longest_values": "SPRINGFIELD GARDENS",
          "average_length": 10.78125
        }
      ]
    },
    {
      "column_name": "COMPARABLE RENTAL 2  Est. Gross Income",
      "number_non_empty_cells": 352,
      "number_empty_cells": 1,
      "number_distinct_values": 161,
      "frequent_values": [
        "1465042",
        "550569",
        "625842",
        "1176751",
        "1369718"
      ],
      "data_types": [
        {
          "type": "INTEGER (LONG)",
          "count": 352,
          "max_value": 21217873,
          "min_value": 128645,
          "mean": 1157333.5681818181
        }
      ]
    },
    {
      "column_name": "COMPARABLE RENTAL 2  Market Value per SqFt",
      "number_non_empty_cells": 352,
      "number_empty_cells": 1,
      "number_distinct_values": 78,
      "frequent_values": [
        "111",
        "101",
        "51",
        "54",
        "75"
      ],
      "data_types": [
        {
          "type": "REAL",
          "count": 80,
          "max_value": 49.9,
          "min_value": 23.28,
          "mean": 43.39475000000002
        },
        {
          "type": "INTEGER (LONG)",
          "count": 272,
          "max_value": 148,
          "min_value": 36,
          "mean": 77.70220588235294
        }
      ]
    },
    {
      "column_name": "COMPARABLE RENTAL 1  Dist. from Coop in miles",
      "number_non_empty_cells": 353,
      "number_empty_cells": 0,
      "number_distinct_values": 86,
      "frequent_values": [
        "0.15",
        "0.2",
        "0.4",
        "0.5",
        "0.25"
      ],
      "data_types": [
        {
          "type": "REAL",
          "count": 328,
          "max_value": 13.1,
          "min_value": 0.05,
          "mean": 1.310518292682926
        },
        {
          "type": "INTEGER (LONG)",
          "count": 25,
          "max_value": 9,
          "min_value": 0,
          "mean": 1.28
        }
      ]
    },
    {
      "column_name": "COMPARABLE RENTAL 1  Total Units",
      "number_non_empty_cells": 353,
      "number_empty_cells": 0,
      "number_distinct_values": 92,
      "frequent_values": [
        "63",
        "54",
        "25",
        "66",
        "52"
      ],
      "data_types": [
        {
          "type": "INTEGER (LONG)",
          "count": 353,
          "max_value": 495,
          "min_value": 12,
          "mean": 82.23512747875354
        }
      ]
    },
    {
      "column_name": "QUEENS CONDOMINIUM PROPERTY Condo Section",
      "number_non_empty_cells": 353,
      "number_empty_cells": 0,
      "number_distinct_values": 353,
      "frequent_values": [
        "608-R1",
        "597-R1",
        "639-R1",
        "558-R1",
        "478-R1"
      ],
      "data_types": [
        {
          "type": "TEXT",
          "count": 353,
          "shortest_values": "8-R1",
          "longest_values": "608-R1",
          "average_length": 5.8441926345609065
        }
      ]
    },
    {
      "column_name": "Longitude",
      "number_non_empty_cells": 336,
      "number_empty_cells": 17,
      "number_distinct_values": 329,
      "frequent_values": [
        "",
        "-73.781518",
        "-73.883091",
        "-73.826956",
        "-73.848086"
      ],
      "data_types": [
        {
          "type": "REAL",
          "count": 336,
          "max_value": -73.741238,
          "min_value": -73.958434,
          "mean": -73.85689491964288
        }
      ]
    },
    {
      "column_name": "COMPARABLE RENTAL 2  Gross SqFt",
      "number_non_empty_cells": 352,
      "number_empty_cells": 1,
      "number_distinct_values": 158,
      "frequent_values": [
        "54496",
        "22662",
        "24464",
        "46333",
        "61700"
      ],
      "data_types": [
        {
          "type": "INTEGER (LONG)",
          "count": 352,
          "max_value": 1228778,
          "min_value": 7761,
          "mean": 63823.10227272727
        }
      ]
    },
    {
      "column_name": "QUEENS CONDOMINIUM PROPERTY Market Value per SqFt",
      "number_non_empty_cells": 353,
      "number_empty_cells": 0,
      "number_distinct_values": 71,
      "frequent_values": [
        "51",
        "54",
        "52",
        "116",
        "108"
      ],
      "data_types": [
        {
          "type": "INTEGER (LONG)",
          "count": 287,
          "max_value": 200,
          "min_value": 42,
          "mean": 75.55400696864112
        },
        {
          "type": "REAL",
          "count": 66,
          "max_value": 49.9,
          "min_value": 29.6,
          "mean": 44.07272727272725
        }
      ]
    },
    {
      "column_name": "COMPARABLE RENTAL 1  Year Built",
      "number_non_empty_cells": 353,
      "number_empty_cells": 0,
      "number_distinct_values": 59,
      "frequent_values": [
        "2000",
        "1999",
        "2001",
        "2005",
        "1963"
      ],
      "data_types": [
        {
          "type": "INTEGER (LONG)",
          "count": 353,
          "max_value": 2007,
          "min_value": 1926,
          "mean": 1976.9518413597734
        }
      ]
    },
    {
      "column_name": "COMPARABLE RENTAL 2  Building Classification",
      "number_non_empty_cells": 352,
      "number_empty_cells": 1,
      "number_distinct_values": 10,
      "frequent_values": [
        "D1-ELEVATOR",
        "D6-ELEVATOR",
        "C1-WALK-UP",
        "D3-ELEVATOR",
        "D7-ELEVATOR"
      ],
      "data_types": [
        {
          "type": "TEXT",
          "count": 352,
          "shortest_values": "C7-WALK-UP",
          "longest_values": "D1-ELEVATOR",
          "average_length": 10.798295454545455
        }
      ]
    },
    {
      "column_name": "QUEENS CONDOMINIUM PROPERTY Est. Gross Income",
      "number_non_empty_cells": 353,
      "number_empty_cells": 0,
      "number_distinct_values": 352,
      "frequent_values": [
        "216000",
        "1503180",
        "3944745",
        "7020160",
        "3176600"
      ],
      "data_types": [
        {
          "type": "INTEGER (LONG)",
          "count": 353,
          "max_value": 9792638,
          "min_value": 0,
          "mean": 1113412.3512747874
        }
      ]
    },
    {
      "column_name": "COMPARABLE RENTAL 2  Total Units",
      "number_non_empty_cells": 352,
      "number_empty_cells": 1,
      "number_distinct_values": 95,
      "frequent_values": [
        "96",
        "29",
        "63",
        "27",
        "25"
      ],
      "data_types": [
        {
          "type": "INTEGER (LONG)",
          "count": 352,
          "max_value": 1201,
          "min_value": 12,
          "mean": 74.46306818181819
        }
      ]
    },
    {
      "column_name": "COMPARABLE RENTAL 2  Full Market Value",
      "number_non_empty_cells": 352,
      "number_empty_cells": 1,
      "number_distinct_values": 146,
      "frequent_values": [
        "6070000",
        "2280000",
        "2590000",
        "4870000",
        "5670000"
      ],
      "data_types": [
        {
          "type": "INTEGER (LONG)",
          "count": 352,
          "max_value": 79300000,
          "min_value": 435000,
          "mean": 4113840.909090909
        }
      ]
    },
    {
      "column_name": "QUEENS CONDOMINIUM PROPERTY Building Classification",
      "number_non_empty_cells": 353,
      "number_empty_cells": 0,
      "number_distinct_values": 3,
      "frequent_values": [
        "R4-ELEVATOR",
        "R2-WALK-UP",
        "R9-CONDOPS"
      ],
      "data_types": [
        {
          "type": "TEXT",
          "count": 353,
          "shortest_values": "R2-WALK-UP",
          "longest_values": "R4-ELEVATOR",
          "average_length": 10.69971671388102
        }
      ]
    },
    {
      "column_name": "COMPARABLE RENTAL 1  Building Classification",
      "number_non_empty_cells": 353,
      "number_empty_cells": 0,
      "number_distinct_values": 9,
      "frequent_values": [
        "D1-ELEVATOR",
        "C1-WALK-UP",
        "D6-ELEVATOR",
        "D7-ELEVATOR",
        "D3-ELEVATOR"
      ],
      "data_types": [
        {
          "type": "TEXT",
          "count": 353,
          "shortest_values": "C1-WALK-UP",
          "longest_values": "D8-ELEVATOR",
          "average_length": 10.81586402266289
        }
      ]
    },
    {
      "column_name": "Postcode",
      "number_non_empty_cells": 336,
      "number_empty_cells": 17,
      "number_distinct_values": 39,
      "frequent_values": [
        "11355",
        "11354",
        "11373",
        "11375",
        "11101"
      ],
      "data_types": [
        {
          "type": "INTEGER (LONG)",
          "count": 336,
          "max_value": 11694,
          "min_value": 11101,
          "mean": 11343.770833333334
        }
      ]
    },
    {
      "column_name": "COMPARABLE RENTAL 2  Boro-Block-Lot",
      "number_non_empty_cells": 352,
      "number_empty_cells": 1,
      "number_distinct_values": 161,
      "frequent_values": [
        "4-09760-0022",
        "4-03169-0021",
        "4-00040-0015",
        "4-00531-0060",
        "4-00531-0059"
      ],
      "data_types": [
        {
          "type": "TEXT",
          "count": 352,
          "shortest_values": "4-00531-0060",
          "longest_values": "4-00531-0060",
          "average_length": 12.0
        }
      ]
    },
    {
      "column_name": "Census Tract",
      "number_non_empty_cells": 336,
      "number_empty_cells": 17,
      "number_distinct_values": 147,
      "frequent_values": [
        "",
        "7",
        "317",
        "863",
        "859"
      ],
      "data_types": [
        {
          "type": "INTEGER (LONG)",
          "count": 336,
          "max_value": 145102,
          "min_value": 1,
          "mean": 17909.14880952381
        }
      ]
    },
    {
      "column_name": "QUEENS CONDOMINIUM PROPERTY Address",
      "number_non_empty_cells": 353,
      "number_empty_cells": 0,
      "number_distinct_values": 347,
      "frequent_values": [
        "209-90 23 AVENUE",
        "140-55 34 AVENUE",
        "84-10 101 STREET",
        "2-40 51 AVENUE",
        "50-09 2 STREET"
      ],
      "data_types": [
        {
          "type": "TEXT",
          "count": 353,
          "shortest_values": "110 73 ROAD",
          "longest_values": "64-05 YELLOWSTONE BOULEVA",
          "average_length": 17.69971671388102
        }
      ]
    },
    {
      "column_name": "NTA",
      "number_non_empty_cells": 336,
      "number_empty_cells": 17,
      "number_distinct_values": 41,
      "frequent_values": [
        "Flushing                                                                   ",
        "Elmhurst                                                                   ",
        "Hunters Point-Sunnyside-West Maspeth                                       ",
        "Forest Hills                                                               ",
        "Murray Hill                                                                "
      ],
      "data_types": [
        {
          "type": "TEXT",
          "count": 336,
          "shortest_values": "Hunters Point-Sunnyside-West Maspeth                                       ",
          "longest_values": "Hunters Point-Sunnyside-West Maspeth                                       ",
          "average_length": 75.0
        }
      ]
    },
    {
      "column_name": "QUEENS CONDOMINIUM PROPERTY Total Units",
      "number_non_empty_cells": 353,
      "number_empty_cells": 0,
      "number_distinct_values": 124,
      "frequent_values": [
        "16",
        "20",
        "12",
        "24",
        "15"
      ],
      "data_types": [
        {
          "type": "INTEGER (LONG)",
          "count": 353,
          "max_value": 618,
          "min_value": 11,
          "mean": 64.54674220963173
        }
      ]
    },
    {
      "column_name": "QUEENS CONDOMINIUM PROPERTY Gross SqFt",
      "number_non_empty_cells": 353,
      "number_empty_cells": 0,
      "number_distinct_values": 351,
      "frequent_values": [
        "14000",
        "14400",
        "53685",
        "187845",
        "250720"
      ],
      "data_types": [
        {
          "type": "INTEGER (LONG)",
          "count": 353,
          "max_value": 515402,
          "min_value": 6920,
          "mean": 63798.555240793205
        }
      ]
    },
    {
      "column_name": "QUEENS CONDOMINIUM PROPERTY Neighborhood",
      "number_non_empty_cells": 353,
      "number_empty_cells": 0,
      "number_distinct_values": 34,
      "frequent_values": [
        "FLUSHING-NORTH",
        "ELMHURST",
        "REGO PARK",
        "ASTORIA",
        "LONG ISLAND CITY"
      ],
      "data_types": [
        {
          "type": "TEXT",
          "count": 353,
          "shortest_values": "CORONA",
          "longest_values": "FLUSHING MEADOW PARK",
          "average_length": 11.388101983002834
        }
      ]
    },
    {
      "column_name": " COMPARABLE RENTAL 1 Boro-Block-Lot",
      "number_non_empty_cells": 353,
      "number_empty_cells": 0,
      "number_distinct_values": 163,
      "frequent_values": [
        "4-04977-0017",
        "4-05182-0009",
        "4-00040-0015",
        "4-03169-0021",
        "4-00531-0060"
      ],
      "data_types": [
        {
          "type": "TEXT",
          "count": 353,
          "shortest_values": "4-00021-0060",
          "longest_values": "4-00021-0060",
          "average_length": 12.0
        }
      ]
    },
    {
      "column_name": "QUEENS CONDOMINIUM PROPERTY Year Built",
      "number_non_empty_cells": 353,
      "number_empty_cells": 0,
      "number_distinct_values": 68,
      "frequent_values": [
        "2006",
        "1987",
        "2007",
        "2005",
        "1988"
      ],
      "data_types": [
        {
          "type": "INTEGER (LONG)",
          "count": 353,
          "max_value": 2008,
          "min_value": 0,
          "mean": 1947.1954674220963
        }
      ]
    },
    {
      "column_name": "COMPARABLE RENTAL 1 Address",
      "number_non_empty_cells": 353,
      "number_empty_cells": 0,
      "number_distinct_values": 163,
      "frequent_values": [
        "136-14 NORTHERN BOULEVARD",
        "140-26 FRANKLIN AVENUE",
        "10-28 JACKSON AVENUE",
        "99-22 67 ROAD",
        "31-64 21 STREET"
      ],
      "data_types": [
        {
          "type": "TEXT",
          "count": 353,
          "shortest_values": "99-22 67 ROAD",
          "longest_values": "136-14 NORTHERN BOULEVARD",
          "average_length": 18.38526912181303
        }
      ]
    },
    {
      "column_name": "COMPARABLE RENTAL 1  Est. Gross Income",
      "number_non_empty_cells": 353,
      "number_empty_cells": 0,
      "number_distinct_values": 163,
      "frequent_values": [
        "1320010",
        "947099",
        "625842",
        "550569",
        "1176751"
      ],
      "data_types": [
        {
          "type": "INTEGER (LONG)",
          "count": 353,
          "max_value": 17060015,
          "min_value": 98617,
          "mean": 1491472.2124645892
        }
      ]
    },
    {
      "column_name": "Community Board",
      "number_non_empty_cells": 336,
      "number_empty_cells": 17,
      "number_distinct_values": 14,
      "frequent_values": [
        "7",
        "4",
        "6",
        "2",
        "1"
      ],
      "data_types": [
        {
          "type": "INTEGER (LONG)",
          "count": 336,
          "max_value": 14,
          "min_value": 1,
          "mean": 5.6726190476190474
        }
      ]
    },
    {
      "column_name": "QUEENS CONDOMINIUM PROPERTY Full Market Value",
      "number_non_empty_cells": 353,
      "number_empty_cells": 0,
      "number_distinct_values": 345,
      "frequent_values": [
        "2729997",
        "3230004",
        "3490000",
        "3300000",
        "1190000"
      ],
      "data_types": [
        {
          "type": "INTEGER (LONG)",
          "count": 353,
          "max_value": 36600068,
          "min_value": 384995,
          "mean": 4077434.3286118982
        }
      ]
    },
    {
      "column_name": "COMPARABLE RENTAL 1  Gross Income per SqFt",
      "number_non_empty_cells": 353,
      "number_empty_cells": 0,
      "number_distinct_values": 148,
      "frequent_values": [
        "25.2",
        "17.58",
        "25.6",
        "24.29",
        "25.4"
      ],
      "data_types": [
        {
          "type": "REAL",
          "count": 351,
          "max_value": 37.1,
          "min_value": 10.29,
          "mean": 18.658176638176627
        },
        {
          "type": "INTEGER (LONG)",
          "count": 2,
          "max_value": 21,
          "min_value": 14,
          "mean": 17.5
        }
      ]
    },
    {
      "column_name": "COMPARABLE RENTAL 1  Market Value per SqFt",
      "number_non_empty_cells": 353,
      "number_empty_cells": 0,
      "number_distinct_values": 84,
      "frequent_values": [
        "66",
        "104",
        "54",
        "53",
        "106"
      ],
      "data_types": [
        {
          "type": "INTEGER (LONG)",
          "count": 259,
          "max_value": 155,
          "min_value": 29,
          "mean": 75.74903474903475
        },
        {
          "type": "REAL",
          "count": 94,
          "max_value": 49.9,
          "min_value": 26.6,
          "mean": 42.831914893617004
        }
      ]
    },
    {
      "column_name": "QUEENS CONDOMINIUM PROPERTY Gross Income per SqFt",
      "number_non_empty_cells": 353,
      "number_empty_cells": 0,
      "number_distinct_values": 53,
      "frequent_values": [
        "15",
        "14.5",
        "14",
        "28",
        "25"
      ],
      "data_types": [
        {
          "type": "INTEGER (LONG)",
          "count": 222,
          "max_value": 30,
          "min_value": 0,
          "mean": 20.135135135135137
        },
        {
          "type": "REAL",
          "count": 131,
          "max_value": 26.8,
          "min_value": 10.5,
          "mean": 15.610152671755722
        }
      ]
    },
    {
      "column_name": "COMPARABLE RENTAL 2  Year Built",
      "number_non_empty_cells": 352,
      "number_empty_cells": 1,
      "number_distinct_values": 62,
      "frequent_values": [
        "2001",
        "2003",
        "2000",
        "1963",
        "1964"
      ],
      "data_types": [
        {
          "type": "INTEGER (LONG)",
          "count": 352,
          "max_value": 2007,
          "min_value": 1920,
          "mean": 1975.7244318181818
        }
      ]
    },
    {
      "column_name": "QUEENS CONDOMINIUM PROPERTY Boro-Block-Lot",
      "number_non_empty_cells": 353,
      "number_empty_cells": 0,
      "number_distinct_values": 330,
      "frequent_values": [
        "4-00946-7501",
        "4-05598-7501",
        "4-05893-7501",
        "4-01910-7501",
        "4-04981-7501"
      ],
      "data_types": [
        {
          "type": "TEXT",
          "count": 353,
          "shortest_values": "4-00015-7501",
          "longest_values": "4-00015-7501",
          "average_length": 12.0
        }
      ]
    }
  ]
}