{
  "dataset_name": "s5mq-f5ie.tsv.gz",
  "key_column_candidates": [
    "ProviderType",
    "DFTA ID",
    "ContractYear",
    "SponsorName",
    "ProgramName",
    "ServiceID",
    "ServiceName",
    "ReportedMonth",
    "ReportedUnits"
  ],
  "columns": [
    {
      "column_name": "ProviderType",
      "number_non_empty_cells": 1,
      "number_empty_cells": 0,
      "number_distinct_values": 1,
      "frequent_values": [
        "\u001a"
      ],
      "data_types": [
        {
          "type": "TEXT",
          "count": 1,
          "shortest_values": "\u001a",
          "longest_values": "\u001a",
          "average_length": 1.0
        }
      ]
    }
  ]
}