{
  "dataset_name": "s6dm-mdan.tsv.gz",
  "key_column_candidates": [
    "Type",
    "Inspection ID",
    "Type Key",
    "LastFieldInspectionDate",
    "DateTimeEntered",
    "iaAddedDate",
    "OtherComments",
    "Priority",
    "Feature",
    "WorkOrderNumber",
    "Extended",
    "SignedOff",
    "orgtbl"
  ],
  "columns": [
    {
      "column_name": "LastFieldInspectionDate",
      "number_non_empty_cells": 64503,
      "number_empty_cells": 2933,
      "number_distinct_values": 4216,
      "frequent_values": [
        "",
        "20160722000000.000000000",
        "20081205000000.000000000",
        "20140827000000.000000000",
        "20090122000000.000000000"
      ],
      "data_types": [
        {
          "type": "REAL",
          "count": 64503,
          "max_value": 20191031000000.0,
          "min_value": 20011203000000.0,
          "mean": 20137228631039.953
        }
      ]
    },
    {
      "column_name": "Type",
      "number_non_empty_cells": 67436,
      "number_empty_cells": 0,
      "number_distinct_values": 6,
      "frequent_values": [
        "IA",
        "Graffiti Hazard",
        "Graffiti",
        "NBF",
        "Drinking Fountain"
      ],
      "data_types": [
        {
          "type": "TEXT",
          "count": 67436,
          "shortest_values": "IA",
          "longest_values": "Drinking Fountain",
          "average_length": 3.0636455305771397
        }
      ]
    },
    {
      "column_name": "Extended",
      "number_non_empty_cells": 67436,
      "number_empty_cells": 0,
      "number_distinct_values": 2,
      "frequent_values": [
        "No",
        "Yes"
      ],
      "data_types": [
        {
          "type": "TEXT",
          "count": 67436,
          "shortest_values": "No",
          "longest_values": "Yes",
          "average_length": 2.00020760424699
        }
      ]
    },
    {
      "column_name": "SignedOff",
      "number_non_empty_cells": 67252,
      "number_empty_cells": 184,
      "number_distinct_values": 3,
      "frequent_values": [
        "Yes",
        "No",
        ""
      ],
      "data_types": [
        {
          "type": "TEXT",
          "count": 67252,
          "shortest_values": "No",
          "longest_values": "Yes",
          "average_length": 2.9940522214952714
        }
      ]
    },
    {
      "column_name": "orgtbl",
      "number_non_empty_cells": 67436,
      "number_empty_cells": 0,
      "number_distinct_values": 2,
      "frequent_values": [
        "Resolved",
        "Unresolved"
      ],
      "data_types": [
        {
          "type": "TEXT",
          "count": 67436,
          "shortest_values": "Resolved",
          "longest_values": "Unresolved",
          "average_length": 8.005457025920872
        }
      ]
    },
    {
      "column_name": "Feature",
      "number_non_empty_cells": 67345,
      "number_empty_cells": 91,
      "number_distinct_values": 22,
      "frequent_values": [
        "Paved Surfaces",
        "Trees",
        "Litter",
        "Benches",
        "Graffiti"
      ],
      "data_types": [
        {
          "type": "TEXT",
          "count": 67345,
          "shortest_values": "Z",
          "longest_values": "Horticultural Areas",
          "average_length": 8.622540648897468
        }
      ]
    },
    {
      "column_name": "iaAddedDate",
      "number_non_empty_cells": 58166,
      "number_empty_cells": 9270,
      "number_distinct_values": 2242,
      "frequent_values": [
        "",
        "20170830230000.000000000",
        "20140625230000.000000000",
        "20171129230000.000000000",
        "20160708230000.000000000"
      ],
      "data_types": [
        {
          "type": "REAL",
          "count": 58166,
          "max_value": 20190625230000.0,
          "min_value": 20090330230000.0,
          "mean": 20143497363666.297
        }
      ]
    },
    {
      "column_name": "Priority",
      "number_non_empty_cells": 67366,
      "number_empty_cells": 70,
      "number_distinct_values": 6,
      "frequent_values": [
        "2",
        "1",
        "Z",
        "",
        "P"
      ],
      "data_types": [
        {
          "type": "INTEGER (LONG)",
          "count": 64181,
          "max_value": 2,
          "min_value": 1,
          "mean": 1.9411975506769916
        },
        {
          "type": "TEXT",
          "count": 3185,
          "shortest_values": "Z",
          "longest_values": "Z",
          "average_length": 1.0
        }
      ]
    },
    {
      "column_name": "DateTimeEntered",
      "number_non_empty_cells": 67252,
      "number_empty_cells": 184,
      "number_distinct_values": 67253,
      "frequent_values": [
        "",
        "20090323153620.797000000",
        "20171221141638.093000000",
        "20140128133400.333000000",
        "20170407113017.553000000"
      ],
      "data_types": [
        {
          "type": "REAL",
          "count": 67252,
          "max_value": 20190830122636.22,
          "min_value": 20080404085702.33,
          "mean": 20136021208383.19
        }
      ]
    },
    {
      "column_name": "OtherComments",
      "number_non_empty_cells": 61510,
      "number_empty_cells": 5926,
      "number_distinct_values": 59699,
      "frequent_values": [
        "",
        "removed",
        "painted over",
        "none",
        "Graffiti removed"
      ],
      "data_types": [
        {
          "type": "TEXT",
          "count": 61510,
          "shortest_values": "Y",
          "longest_values": "the ia's for battery park p/g 2\" gaps were addressed in june, 2009.\u00a0 we applied a product called \"crack stix\"\u00a0 and it worked for a short time.\u00a0 the underlying problem is the age of the safety surface...the center of each pad is very worn, causing the edge",
          "average_length": 98.35451146155097
        }
      ]
    },
    {
      "column_name": "Inspection ID",
      "number_non_empty_cells": 67436,
      "number_empty_cells": 0,
      "number_distinct_values": 26351,
      "frequent_values": [
        "101327",
        "88703",
        "116348",
        "111404",
        "117003"
      ],
      "data_types": [
        {
          "type": "INTEGER (LONG)",
          "count": 67436,
          "max_value": 123481,
          "min_value": 54915,
          "mean": 89029.87035114775
        }
      ]
    },
    {
      "column_name": "Type Key",
      "number_non_empty_cells": 67436,
      "number_empty_cells": 0,
      "number_distinct_values": 67436,
      "frequent_values": [
        "37817",
        "97033",
        "65056",
        "89934",
        "39524"
      ],
      "data_types": [
        {
          "type": "INTEGER (LONG)",
          "count": 67436,
          "max_value": 221562,
          "min_value": 30452,
          "mean": 73944.55029954328
        }
      ]
    },
    {
      "column_name": "WorkOrderNumber",
      "number_non_empty_cells": 24783,
      "number_empty_cells": 42653,
      "number_distinct_values": 21304,
      "frequent_values": [
        "",
        "N/A",
        "n/a",
        "NA",
        "none"
      ],
      "data_types": [
        {
          "type": "INTEGER (LONG)",
          "count": 18319,
          "max_value": 40002124,
          "min_value": 0,
          "mean": 1239101.4737158143
        },
        {
          "type": "REAL",
          "count": 5,
          "max_value": 1878930.0,
          "min_value": 9.16452,
          "mean": 653219.7030559999
        },
        {
          "type": "DATE/TIME",
          "count": 176,
          "max_value": "09-09904",
          "min_value": "09-00239"
        },
        {
          "type": "TEXT",
          "count": 6283,
          "shortest_values": ",",
          "longest_values": "DOT MSG# 1005359",
          "average_length": 7.505968486391851
        }
      ]
    }
  ]
}