{
  "dataset_name": "scfi-iv96.tsv.gz",
  "key_column_candidates": [
    "district",
    "Grade",
    "Year",
    "Category",
    "Number Tested",
    "Mean Scale Score",
    "Level1_N",
    "Level1_%",
    "Level2_N",
    "Level2_%",
    "Level3_N",
    "Level3_%",
    "Level4_N",
    "Level4_%",
    "Level3+4_N",
    "Level3+4_%"
  ],
  "columns": [
    {
      "column_name": "Level1_N",
      "number_non_empty_cells": 1120,
      "number_empty_cells": 0,
      "number_distinct_values": 794,
      "frequent_values": [
        "472",
        "335",
        "387",
        "536",
        "807"
      ],
      "data_types": [
        {
          "type": "INTEGER (LONG)",
          "count": 1120,
          "max_value": 10991,
          "min_value": 102,
          "mean": 1143.8964285714285
        }
      ]
    },
    {
      "column_name": "Level3+4_N",
      "number_non_empty_cells": 1120,
      "number_empty_cells": 0,
      "number_distinct_values": 836,
      "frequent_values": [
        "322",
        "327",
        "288",
        "442",
        "301"
      ],
      "data_types": [
        {
          "type": "INTEGER (LONG)",
          "count": 1120,
          "max_value": 12099,
          "min_value": 50,
          "mean": 1183.830357142857
        }
      ]
    },
    {
      "column_name": "Level1_%",
      "number_non_empty_cells": 1120,
      "number_empty_cells": 0,
      "number_distinct_values": 436,
      "frequent_values": [
        "29.4",
        "25.0",
        "29.1",
        "40.3",
        "42.1"
      ],
      "data_types": [
        {
          "type": "REAL",
          "count": 1120,
          "max_value": 66.7,
          "min_value": 5.6,
          "mean": 33.23205357142846
        }
      ]
    },
    {
      "column_name": "Level3_N",
      "number_non_empty_cells": 1120,
      "number_empty_cells": 0,
      "number_distinct_values": 760,
      "frequent_values": [
        "232",
        "162",
        "436",
        "224",
        "144"
      ],
      "data_types": [
        {
          "type": "INTEGER (LONG)",
          "count": 1120,
          "max_value": 7639,
          "min_value": 37,
          "mean": 802.6964285714286
        }
      ]
    },
    {
      "column_name": "Level3+4_%",
      "number_non_empty_cells": 1120,
      "number_empty_cells": 0,
      "number_distinct_values": 463,
      "frequent_values": [
        "20.4",
        "41.6",
        "32.7",
        "35.1",
        "13.4"
      ],
      "data_types": [
        {
          "type": "REAL",
          "count": 1120,
          "max_value": 74.5,
          "min_value": 7.9,
          "mean": 31.048214285714252
        }
      ]
    },
    {
      "column_name": "Level2_N",
      "number_non_empty_cells": 1120,
      "number_empty_cells": 0,
      "number_distinct_values": 842,
      "frequent_values": [
        "385",
        "875",
        "606",
        "272",
        "436"
      ],
      "data_types": [
        {
          "type": "INTEGER (LONG)",
          "count": 1120,
          "max_value": 10424,
          "min_value": 137,
          "mean": 1293.925
        }
      ]
    },
    {
      "column_name": "Level4_N",
      "number_non_empty_cells": 1120,
      "number_empty_cells": 0,
      "number_distinct_values": 565,
      "frequent_values": [
        "18",
        "25",
        "49",
        "64",
        "39"
      ],
      "data_types": [
        {
          "type": "INTEGER (LONG)",
          "count": 1120,
          "max_value": 5304,
          "min_value": 2,
          "mean": 381.13392857142856
        }
      ]
    },
    {
      "column_name": "Category",
      "number_non_empty_cells": 1120,
      "number_empty_cells": 0,
      "number_distinct_values": 1,
      "frequent_values": [
        "All Students"
      ],
      "data_types": [
        {
          "type": "TEXT",
          "count": 1120,
          "shortest_values": "All Students",
          "longest_values": "All Students",
          "average_length": 12.0
        }
      ]
    },
    {
      "column_name": "Grade",
      "number_non_empty_cells": 1120,
      "number_empty_cells": 0,
      "number_distinct_values": 7,
      "frequent_values": [
        "3",
        "4",
        "5",
        "6",
        "7"
      ],
      "data_types": [
        {
          "type": "INTEGER (LONG)",
          "count": 960,
          "max_value": 8,
          "min_value": 3,
          "mean": 5.5
        },
        {
          "type": "TEXT",
          "count": 160,
          "shortest_values": "All Grades",
          "longest_values": "All Grades",
          "average_length": 10.0
        }
      ]
    },
    {
      "column_name": "Level2_%",
      "number_non_empty_cells": 1120,
      "number_empty_cells": 0,
      "number_distinct_values": 234,
      "frequent_values": [
        "36.9",
        "38.1",
        "36.2",
        "37.3",
        "33.1"
      ],
      "data_types": [
        {
          "type": "REAL",
          "count": 1120,
          "max_value": 49.6,
          "min_value": 18.7,
          "mean": 35.718482142857134
        }
      ]
    },
    {
      "column_name": "Level4_%",
      "number_non_empty_cells": 1120,
      "number_empty_cells": 0,
      "number_distinct_values": 280,
      "frequent_values": [
        "3.3",
        "4.4",
        "3.8",
        "5.4",
        "2.2"
      ],
      "data_types": [
        {
          "type": "REAL",
          "count": 1120,
          "max_value": 43.1,
          "min_value": 0.2,
          "mean": 9.974017857142856
        }
      ]
    },
    {
      "column_name": "Year",
      "number_non_empty_cells": 1120,
      "number_empty_cells": 0,
      "number_distinct_values": 5,
      "frequent_values": [
        "2013",
        "2014",
        "2015",
        "2016",
        "2017"
      ],
      "data_types": [
        {
          "type": "INTEGER (LONG)",
          "count": 1120,
          "max_value": 2017,
          "min_value": 2013,
          "mean": 2015.0
        }
      ]
    },
    {
      "column_name": "Number Tested",
      "number_non_empty_cells": 1120,
      "number_empty_cells": 0,
      "number_distinct_values": 991,
      "frequent_values": [
        "2641",
        "1149",
        "1234",
        "1740",
        "2069"
      ],
      "data_types": [
        {
          "type": "INTEGER (LONG)",
          "count": 1120,
          "max_value": 26934,
          "min_value": 370,
          "mean": 3621.651785714286
        }
      ]
    },
    {
      "column_name": "Mean Scale Score",
      "number_non_empty_cells": 1120,
      "number_empty_cells": 0,
      "number_distinct_values": 61,
      "frequent_values": [
        "303",
        "301",
        "299",
        "300",
        "293"
      ],
      "data_types": [
        {
          "type": "INTEGER (LONG)",
          "count": 1120,
          "max_value": 333,
          "min_value": 272,
          "mean": 298.49017857142854
        }
      ]
    },
    {
      "column_name": "district",
      "number_non_empty_cells": 1120,
      "number_empty_cells": 0,
      "number_distinct_values": 32,
      "frequent_values": [
        "1",
        "2",
        "7",
        "3",
        "4"
      ],
      "data_types": [
        {
          "type": "INTEGER (LONG)",
          "count": 1120,
          "max_value": 32,
          "min_value": 1,
          "mean": 16.5
        }
      ]
    },
    {
      "column_name": "Level3_%",
      "number_non_empty_cells": 1120,
      "number_empty_cells": 0,
      "number_distinct_values": 316,
      "frequent_values": [
        "24.2",
        "18.5",
        "16.8",
        "26.2",
        "12.8"
      ],
      "data_types": [
        {
          "type": "REAL",
          "count": 1120,
          "max_value": 51.1,
          "min_value": 5.8,
          "mean": 21.075089285714274
        }
      ]
    }
  ]
}