{
  "dataset_name": "sg6c-6sse.tsv.gz",
  "key_column_candidates": [
    "District",
    "Category Type",
    "Category Values",
    "Total#",
    "Total%",
    "Male#",
    "Male%",
    "Female#",
    "Female%"
  ],
  "columns": [
    {
      "column_name": "Male#",
      "number_non_empty_cells": 529,
      "number_empty_cells": 0,
      "number_distinct_values": 32,
      "frequent_values": [
        "s",
        "22",
        "18",
        "16",
        "27"
      ],
      "data_types": [
        {
          "type": "INTEGER (LONG)",
          "count": 38,
          "max_value": 117,
          "min_value": 10,
          "mean": 41.473684210526315
        },
        {
          "type": "TEXT",
          "count": 491,
          "shortest_values": "s",
          "longest_values": "s",
          "average_length": 1.0
        }
      ]
    },
    {
      "column_name": "Male%",
      "number_non_empty_cells": 529,
      "number_empty_cells": 0,
      "number_distinct_values": 39,
      "frequent_values": [
        "s",
        "51.2",
        "79.2",
        "73.2",
        "14.0"
      ],
      "data_types": [
        {
          "type": "REAL",
          "count": 38,
          "max_value": 97.0,
          "min_value": 9.4,
          "mean": 49.01842105263158
        },
        {
          "type": "TEXT",
          "count": 491,
          "shortest_values": "s",
          "longest_values": "s",
          "average_length": 1.0
        }
      ]
    },
    {
      "column_name": "Total%",
      "number_non_empty_cells": 529,
      "number_empty_cells": 0,
      "number_distinct_values": 85,
      "frequent_values": [
        "s",
        "33.8",
        "10.9",
        "6.5",
        "66.7"
      ],
      "data_types": [
        {
          "type": "REAL",
          "count": 94,
          "max_value": 96.9,
          "min_value": 4.2,
          "mean": 34.35212765957447
        },
        {
          "type": "TEXT",
          "count": 435,
          "shortest_values": "s",
          "longest_values": "s",
          "average_length": 1.0
        }
      ]
    },
    {
      "column_name": "Category Values",
      "number_non_empty_cells": 529,
      "number_empty_cells": 0,
      "number_distinct_values": 313,
      "frequent_values": [
        "81-100% Attendance Rate",
        "Not SWD",
        "SWD",
        "Transferred to another DOE school or pro",
        "No Credit Recovery"
      ],
      "data_types": [
        {
          "type": "TEXT",
          "count": 529,
          "shortest_values": "SWD",
          "longest_values": "Transferred to a part-time DOE GED progr",
          "average_length": 11.168241965973534
        }
      ]
    },
    {
      "column_name": "Female#",
      "number_non_empty_cells": 529,
      "number_empty_cells": 0,
      "number_distinct_values": 25,
      "frequent_values": [
        "s",
        "23",
        "15",
        "18",
        "14"
      ],
      "data_types": [
        {
          "type": "INTEGER (LONG)",
          "count": 37,
          "max_value": 127,
          "min_value": 10,
          "mean": 37.21621621621622
        },
        {
          "type": "TEXT",
          "count": 492,
          "shortest_values": "s",
          "longest_values": "s",
          "average_length": 1.0
        }
      ]
    },
    {
      "column_name": "Total#",
      "number_non_empty_cells": 529,
      "number_empty_cells": 0,
      "number_distinct_values": 52,
      "frequent_values": [
        "s",
        "15",
        "11",
        "14",
        "23"
      ],
      "data_types": [
        {
          "type": "INTEGER (LONG)",
          "count": 94,
          "max_value": 244,
          "min_value": 10,
          "mean": 46.148936170212764
        },
        {
          "type": "TEXT",
          "count": 435,
          "shortest_values": "s",
          "longest_values": "s",
          "average_length": 1.0
        }
      ]
    },
    {
      "column_name": "District",
      "number_non_empty_cells": 529,
      "number_empty_cells": 0,
      "number_distinct_values": 12,
      "frequent_values": [
        "14",
        "7",
        "9",
        "2",
        "22"
      ],
      "data_types": [
        {
          "type": "INTEGER (LONG)",
          "count": 529,
          "max_value": 29,
          "min_value": 2,
          "mean": 12.349716446124763
        }
      ]
    },
    {
      "column_name": "Category Type",
      "number_non_empty_cells": 529,
      "number_empty_cells": 0,
      "number_distinct_values": 6,
      "frequent_values": [
        "To School",
        "Discharge",
        "Attendance",
        "GPA",
        "SWD Status"
      ],
      "data_types": [
        {
          "type": "TEXT",
          "count": 529,
          "shortest_values": "GPA",
          "longest_values": "Attendance",
          "average_length": 8.752362948960302
        }
      ]
    },
    {
      "column_name": "Female%",
      "number_non_empty_cells": 529,
      "number_empty_cells": 0,
      "number_distinct_values": 36,
      "frequent_values": [
        "s",
        "18.0",
        "75.6",
        "62.1",
        "87.2"
      ],
      "data_types": [
        {
          "type": "REAL",
          "count": 37,
          "max_value": 96.8,
          "min_value": 6.7,
          "mean": 52.43783783783784
        },
        {
          "type": "TEXT",
          "count": 492,
          "shortest_values": "s",
          "longest_values": "s",
          "average_length": 1.0
        }
      ]
    }
  ]
}