{
  "dataset_name": "sgvu-nui7.tsv.gz",
  "key_column_candidates": [
    "LIHTCDWID",
    "ProjectID",
    "Type",
    " AnnualAllocationAmount "
  ],
  "columns": [
    {
      "column_name": "Type",
      "number_non_empty_cells": 273,
      "number_empty_cells": 0,
      "number_distinct_values": 2,
      "frequent_values": [
        "4% LIHTC",
        "9% LIHTC"
      ],
      "data_types": [
        {
          "type": "TEXT",
          "count": 273,
          "shortest_values": "4% LIHTC",
          "longest_values": "4% LIHTC",
          "average_length": 8.0
        }
      ]
    },
    {
      "column_name": "LIHTCDWID",
      "number_non_empty_cells": 273,
      "number_empty_cells": 0,
      "number_distinct_values": 273,
      "frequent_values": [
        "1598",
        "1576",
        "1559",
        "1570",
        "13"
      ],
      "data_types": [
        {
          "type": "INTEGER (LONG)",
          "count": 273,
          "max_value": 2843,
          "min_value": 5,
          "mean": 1777.1245421245421
        }
      ]
    },
    {
      "column_name": " AnnualAllocationAmount ",
      "number_non_empty_cells": 273,
      "number_empty_cells": 0,
      "number_distinct_values": 273,
      "frequent_values": [
        "808017.00",
        "2246580.00",
        "1219919.00",
        "1689687.00",
        "972365.00"
      ],
      "data_types": [
        {
          "type": "REAL",
          "count": 273,
          "max_value": 40320769.0,
          "min_value": 0.0,
          "mean": 1960113.706959707
        }
      ]
    },
    {
      "column_name": "ProjectID",
      "number_non_empty_cells": 273,
      "number_empty_cells": 0,
      "number_distinct_values": 273,
      "frequent_values": [
        "49576",
        "48766",
        "48625",
        "48726",
        "46299"
      ],
      "data_types": [
        {
          "type": "INTEGER (LONG)",
          "count": 273,
          "max_value": 67079,
          "min_value": 44218,
          "mean": 54147.83516483517
        }
      ]
    }
  ]
}