{
  "dataset_name": "sk7w-byju.tsv.gz",
  "key_column_candidates": [
    "Site ID",
    "Site Name",
    "Site Type",
    "Year",
    "Total Enrollment",
    "# Asian",
    "% Asian",
    "# Black",
    "% Black",
    "# Hispanic",
    "% Hispanic",
    "# White",
    "% White",
    "# Multiple Race Categories Not Represented",
    "% Multiple Race Categories Not Represented",
    "# Female",
    "% Female",
    "# Male",
    "% Male"
  ],
  "columns": [
    {
      "column_name": "# Black",
      "number_non_empty_cells": 28,
      "number_empty_cells": 0,
      "number_distinct_values": 19,
      "frequent_values": [
        "5",
        "9",
        "2",
        "6",
        "1"
      ],
      "data_types": [
        {
          "type": "INTEGER (LONG)",
          "count": 28,
          "max_value": 55,
          "min_value": 1,
          "mean": 13.25
        }
      ]
    },
    {
      "column_name": "# White",
      "number_non_empty_cells": 28,
      "number_empty_cells": 0,
      "number_distinct_values": 3,
      "frequent_values": [
        "0",
        "1",
        "2"
      ],
      "data_types": [
        {
          "type": "INTEGER (LONG)",
          "count": 28,
          "max_value": 2,
          "min_value": 0,
          "mean": 0.21428571428571427
        }
      ]
    },
    {
      "column_name": "% Female",
      "number_non_empty_cells": 28,
      "number_empty_cells": 0,
      "number_distinct_values": 19,
      "frequent_values": [
        "66.7",
        "46.7",
        "40",
        "60",
        "56.7"
      ],
      "data_types": [
        {
          "type": "INTEGER (LONG)",
          "count": 7,
          "max_value": 100,
          "min_value": 40,
          "mean": 55.714285714285715
        },
        {
          "type": "REAL",
          "count": 21,
          "max_value": 66.7,
          "min_value": 36.6,
          "mean": 51.10952380952381
        }
      ]
    },
    {
      "column_name": "# Multiple Race Categories Not Represented",
      "number_non_empty_cells": 28,
      "number_empty_cells": 0,
      "number_distinct_values": 4,
      "frequent_values": [
        "0",
        "1",
        "2",
        "3"
      ],
      "data_types": [
        {
          "type": "INTEGER (LONG)",
          "count": 28,
          "max_value": 3,
          "min_value": 0,
          "mean": 0.4642857142857143
        }
      ]
    },
    {
      "column_name": "% Multiple Race Categories Not Represented",
      "number_non_empty_cells": 28,
      "number_empty_cells": 0,
      "number_distinct_values": 9,
      "frequent_values": [
        "0",
        "3.3",
        "6.7",
        "2.3",
        "6.3"
      ],
      "data_types": [
        {
          "type": "INTEGER (LONG)",
          "count": 19,
          "max_value": 0,
          "min_value": 0,
          "mean": 0.0
        },
        {
          "type": "REAL",
          "count": 9,
          "max_value": 7.7,
          "min_value": 2.3,
          "mean": 4.544444444444444
        }
      ]
    },
    {
      "column_name": "% Asian",
      "number_non_empty_cells": 28,
      "number_empty_cells": 0,
      "number_distinct_values": 5,
      "frequent_values": [
        "0",
        "3.3",
        "6.7",
        "8.9",
        "2"
      ],
      "data_types": [
        {
          "type": "REAL",
          "count": 5,
          "max_value": 8.9,
          "min_value": 3.3,
          "mean": 5.1
        },
        {
          "type": "INTEGER (LONG)",
          "count": 23,
          "max_value": 2,
          "min_value": 0,
          "mean": 0.08695652173913043
        }
      ]
    },
    {
      "column_name": "% Hispanic",
      "number_non_empty_cells": 28,
      "number_empty_cells": 0,
      "number_distinct_values": 24,
      "frequent_values": [
        "66.7",
        "0",
        "76.7",
        "93.3",
        "56.7"
      ],
      "data_types": [
        {
          "type": "REAL",
          "count": 22,
          "max_value": 93.3,
          "min_value": 6.7,
          "mean": 55.29545454545453
        },
        {
          "type": "INTEGER (LONG)",
          "count": 6,
          "max_value": 80,
          "min_value": 0,
          "mean": 30.0
        }
      ]
    },
    {
      "column_name": "# Hispanic",
      "number_non_empty_cells": 28,
      "number_empty_cells": 0,
      "number_distinct_values": 21,
      "frequent_values": [
        "7",
        "12",
        "13",
        "10",
        "2"
      ],
      "data_types": [
        {
          "type": "INTEGER (LONG)",
          "count": 28,
          "max_value": 69,
          "min_value": 0,
          "mean": 15.142857142857142
        }
      ]
    },
    {
      "column_name": "# Asian",
      "number_non_empty_cells": 28,
      "number_empty_cells": 0,
      "number_distinct_values": 4,
      "frequent_values": [
        "0",
        "1",
        "4",
        "2"
      ],
      "data_types": [
        {
          "type": "INTEGER (LONG)",
          "count": 28,
          "max_value": 4,
          "min_value": 0,
          "mean": 0.35714285714285715
        }
      ]
    },
    {
      "column_name": "Site Type",
      "number_non_empty_cells": 28,
      "number_empty_cells": 0,
      "number_distinct_values": 4,
      "frequent_values": [
        "PS",
        "DOE",
        "PS - PreK Center",
        "ACS"
      ],
      "data_types": [
        {
          "type": "TEXT",
          "count": 28,
          "shortest_values": "PS",
          "longest_values": "PS - PreK Center",
          "average_length": 3.2857142857142856
        }
      ]
    },
    {
      "column_name": "% Black",
      "number_non_empty_cells": 28,
      "number_empty_cells": 0,
      "number_distinct_values": 23,
      "frequent_values": [
        "33.3",
        "20",
        "100",
        "60",
        "6.7"
      ],
      "data_types": [
        {
          "type": "REAL",
          "count": 17,
          "max_value": 91.7,
          "min_value": 6.7,
          "mean": 46.21764705882353
        },
        {
          "type": "INTEGER (LONG)",
          "count": 11,
          "max_value": 100,
          "min_value": 10,
          "mean": 48.36363636363637
        }
      ]
    },
    {
      "column_name": "% White",
      "number_non_empty_cells": 28,
      "number_empty_cells": 0,
      "number_distinct_values": 4,
      "frequent_values": [
        "0",
        "3.3",
        "4.4",
        "6.7"
      ],
      "data_types": [
        {
          "type": "INTEGER (LONG)",
          "count": 24,
          "max_value": 0,
          "min_value": 0,
          "mean": 0.0
        },
        {
          "type": "REAL",
          "count": 4,
          "max_value": 6.7,
          "min_value": 3.3,
          "mean": 4.425
        }
      ]
    },
    {
      "column_name": "% Male",
      "number_non_empty_cells": 28,
      "number_empty_cells": 0,
      "number_distinct_values": 19,
      "frequent_values": [
        "33.3",
        "53.3",
        "60",
        "40",
        "43.3"
      ],
      "data_types": [
        {
          "type": "REAL",
          "count": 21,
          "max_value": 63.4,
          "min_value": 33.3,
          "mean": 48.89523809523809
        },
        {
          "type": "INTEGER (LONG)",
          "count": 7,
          "max_value": 60,
          "min_value": 0,
          "mean": 44.285714285714285
        }
      ]
    },
    {
      "column_name": "# Female",
      "number_non_empty_cells": 28,
      "number_empty_cells": 0,
      "number_distinct_values": 19,
      "frequent_values": [
        "7",
        "10",
        "11",
        "9",
        "14"
      ],
      "data_types": [
        {
          "type": "INTEGER (LONG)",
          "count": 28,
          "max_value": 48,
          "min_value": 2,
          "mean": 14.392857142857142
        }
      ]
    },
    {
      "column_name": "Site Name",
      "number_non_empty_cells": 28,
      "number_empty_cells": 0,
      "number_distinct_values": 28,
      "frequent_values": [
        "P.S. 1 Courtlandt School",
        "P.S. 25 Bilingual School",
        "P.S./M.S. 29 Melrose School",
        "P.S. 30 Wilton",
        "P.S. 43 Jonas Bronck"
      ],
      "data_types": [
        {
          "type": "TEXT",
          "count": 28,
          "shortest_values": "P.S. 277",
          "longest_values": "Learning Through Play Pre-K Center at 105 Willis Avenue",
          "average_length": 28.464285714285715
        }
      ]
    },
    {
      "column_name": "# Male",
      "number_non_empty_cells": 28,
      "number_empty_cells": 0,
      "number_distinct_values": 18,
      "frequent_values": [
        "17",
        "5",
        "6",
        "24",
        "9"
      ],
      "data_types": [
        {
          "type": "INTEGER (LONG)",
          "count": 28,
          "max_value": 53,
          "min_value": 0,
          "mean": 15.035714285714286
        }
      ]
    },
    {
      "column_name": "Year",
      "number_non_empty_cells": 28,
      "number_empty_cells": 0,
      "number_distinct_values": 1,
      "frequent_values": [
        "2017-18"
      ],
      "data_types": [
        {
          "type": "TEXT",
          "count": 28,
          "shortest_values": "2017-18",
          "longest_values": "2017-18",
          "average_length": 7.0
        }
      ]
    },
    {
      "column_name": "Total Enrollment",
      "number_non_empty_cells": 28,
      "number_empty_cells": 0,
      "number_distinct_values": 16,
      "frequent_values": [
        "15",
        "30",
        "44",
        "16",
        "13"
      ],
      "data_types": [
        {
          "type": "INTEGER (LONG)",
          "count": 28,
          "max_value": 101,
          "min_value": 2,
          "mean": 29.428571428571427
        }
      ]
    },
    {
      "column_name": "Site ID",
      "number_non_empty_cells": 28,
      "number_empty_cells": 0,
      "number_distinct_values": 28,
      "frequent_values": [
        "07X001",
        "07X025",
        "07X029",
        "07X030",
        "07X043"
      ],
      "data_types": [
        {
          "type": "TEXT",
          "count": 28,
          "shortest_values": "KBJZ",
          "longest_values": "07X001",
          "average_length": 5.285714285714286
        }
      ]
    }
  ]
}