{
  "dataset_name": "sqmu-2ixd.tsv.gz",
  "key_column_candidates": [
    "Publication Date",
    "Agency Number",
    "Report Sort",
    "Agency Name",
    "Line Number",
    "Line Number Description",
    "Fiscal Year 1",
    "Year 1 Forecast",
    "Year 2 Estimate",
    "Year 3 Estimate",
    "Year 4 Estimate"
  ],
  "columns": [
    {
      "column_name": "Year 3 Estimate",
      "number_non_empty_cells": 7560,
      "number_empty_cells": 0,
      "number_distinct_values": 1811,
      "frequent_values": [
        "0",
        "1000000",
        "3",
        "314",
        "156"
      ],
      "data_types": [
        {
          "type": "INTEGER (LONG)",
          "count": 7560,
          "max_value": 27152097,
          "min_value": -73531,
          "mean": 227586.5246031746
        }
      ]
    },
    {
      "column_name": "Year 1 Forecast",
      "number_non_empty_cells": 7560,
      "number_empty_cells": 0,
      "number_distinct_values": 2354,
      "frequent_values": [
        "0",
        "3",
        "795",
        "1059",
        "16"
      ],
      "data_types": [
        {
          "type": "INTEGER (LONG)",
          "count": 7560,
          "max_value": 25739701,
          "min_value": 0,
          "mean": 211181.35079365078
        }
      ]
    },
    {
      "column_name": "Year 2 Estimate",
      "number_non_empty_cells": 7560,
      "number_empty_cells": 0,
      "number_distinct_values": 1874,
      "frequent_values": [
        "0",
        "1000000",
        "3",
        "314",
        "156"
      ],
      "data_types": [
        {
          "type": "INTEGER (LONG)",
          "count": 7560,
          "max_value": 26515805,
          "min_value": -46281,
          "mean": 220525.25555555554
        }
      ]
    },
    {
      "column_name": "Report Sort",
      "number_non_empty_cells": 7560,
      "number_empty_cells": 0,
      "number_distinct_values": 2520,
      "frequent_values": [
        "2704",
        "2705",
        "2706",
        "2707",
        "2708"
      ],
      "data_types": [
        {
          "type": "INTEGER (LONG)",
          "count": 7560,
          "max_value": 998736,
          "min_value": 2704,
          "mean": 411374.4619047619
        }
      ]
    },
    {
      "column_name": "Agency Number",
      "number_non_empty_cells": 7560,
      "number_empty_cells": 0,
      "number_distinct_values": 84,
      "frequent_values": [
        "002",
        "003",
        "004",
        "008",
        "010"
      ],
      "data_types": [
        {
          "type": "INTEGER (LONG)",
          "count": 7560,
          "max_value": 998,
          "min_value": 2,
          "mean": 410.6547619047619
        }
      ]
    },
    {
      "column_name": "Line Number",
      "number_non_empty_cells": 7560,
      "number_empty_cells": 0,
      "number_distinct_values": 30,
      "frequent_values": [
        "704",
        "705",
        "706",
        "707",
        "708"
      ],
      "data_types": [
        {
          "type": "INTEGER (LONG)",
          "count": 7560,
          "max_value": 736,
          "min_value": 704,
          "mean": 719.7
        }
      ]
    },
    {
      "column_name": "Line Number Description",
      "number_non_empty_cells": 7560,
      "number_empty_cells": 0,
      "number_distinct_values": 46,
      "frequent_values": [
        "Federal - C.D.",
        "City Funds",
        "Other Categorical",
        "State",
        "Capital Funds-I.F.A."
      ],
      "data_types": [
        {
          "type": "TEXT",
          "count": 7560,
          "shortest_values": "State",
          "longest_values": "     710      Capital Funds-I.F.A.",
          "average_length": 19.42222222222222
        }
      ]
    },
    {
      "column_name": "Year 4 Estimate",
      "number_non_empty_cells": 7560,
      "number_empty_cells": 0,
      "number_distinct_values": 1784,
      "frequent_values": [
        "0",
        "1000000",
        "3",
        "314",
        "156"
      ],
      "data_types": [
        {
          "type": "INTEGER (LONG)",
          "count": 7560,
          "max_value": 27840216,
          "min_value": -98781,
          "mean": 232713.2380952381
        }
      ]
    },
    {
      "column_name": "Fiscal Year 1",
      "number_non_empty_cells": 7560,
      "number_empty_cells": 0,
      "number_distinct_values": 2,
      "frequent_values": [
        "2018",
        "2017"
      ],
      "data_types": [
        {
          "type": "INTEGER (LONG)",
          "count": 7560,
          "max_value": 2018,
          "min_value": 2017,
          "mean": 2017.6666666666667
        }
      ]
    },
    {
      "column_name": "Publication Date",
      "number_non_empty_cells": 7560,
      "number_empty_cells": 0,
      "number_distinct_values": 3,
      "frequent_values": [
        "20161117",
        "20171121",
        "20181108"
      ],
      "data_types": [
        {
          "type": "INTEGER (LONG)",
          "count": 7560,
          "max_value": 20181108,
          "min_value": 20161117,
          "mean": 20171115.333333332
        }
      ]
    },
    {
      "column_name": "Agency Name",
      "number_non_empty_cells": 7560,
      "number_empty_cells": 0,
      "number_distinct_values": 84,
      "frequent_values": [
        "Mayoralty",
        "Board of Elections",
        "Campaign Finance Board",
        "Office of the Actuary",
        "President,Borough of Manhattan"
      ],
      "data_types": [
        {
          "type": "TEXT",
          "count": 7560,
          "shortest_values": "Mayoralty",
          "longest_values": "President,Borough of Manhattan",
          "average_length": 24.404761904761905
        }
      ]
    }
  ]
}