{
  "dataset_name": "su6u-afcg.tsv.gz",
  "key_column_candidates": [
    "Location",
    "Contact"
  ],
  "columns": [
    {
      "column_name": "Contact",
      "number_non_empty_cells": 19,
      "number_empty_cells": 0,
      "number_distinct_values": 18,
      "frequent_values": [
        "7185375197",
        "7183451351",
        "2125103720",
        "7182863045",
        "7188024320"
      ],
      "data_types": [
        {
          "type": "INTEGER (LONG)",
          "count": 19,
          "max_value": 7188768660,
          "min_value": 2122804804,
          "mean": 5587966467.210526
        }
      ]
    },
    {
      "column_name": "Location",
      "number_non_empty_cells": 19,
      "number_empty_cells": 0,
      "number_distinct_values": 19,
      "frequent_values": [
        "Brooklyn Brownsville NeON",
        "Media Inquires",
        "Queens Adult Services",
        "Brooklyn Adult Services",
        "Manhattan Harlem NeON"
      ],
      "data_types": [
        {
          "type": "TEXT",
          "count": 19,
          "shortest_values": "Bronx NEoN",
          "longest_values": "Manhattan Adult Operations 66 John Street",
          "average_length": 24.36842105263158
        }
      ]
    }
  ]
}