{
  "dataset_name": "sybh-s59s.tsv.gz",
  "key_column_candidates": [
    "BORO",
    "CSD",
    "SCHOOL CODE",
    "SCHOOL NAME",
    "GRADE",
    "PROGRAM TYPE",
    "CORE SUBJECT (MS CORE and 9-12 ONLY)",
    "CORE COURSE (MS CORE and 9-12 ONLY)",
    "SERVICE CATEGORY(K-8 ONLY)",
    "DATA SOURCE",
    "NUMBER OF STUDENTS / SEATS FILLED",
    "NUMBER OF SECTIONS",
    "AVERAGE CLASS SIZE",
    "SIZE OF SMALLEST CLASS",
    "SIZE OF LARGEST CLASS",
    "SCHOOLWIDE PUPIL-TEACHER RATIO"
  ],
  "columns": [
    {
      "column_name": "GRADE",
      "number_non_empty_cells": 29902,
      "number_empty_cells": 1572,
      "number_distinct_values": 13,
      "frequent_values": [
        "09-12",
        "MS Core",
        "",
        "0K",
        "01"
      ],
      "data_types": [
        {
          "type": "DATE/TIME",
          "count": 12348,
          "max_value": "09-12",
          "min_value": "09-12"
        },
        {
          "type": "INTEGER (LONG)",
          "count": 9229,
          "max_value": 8,
          "min_value": 1,
          "mean": 4.092642756528335
        },
        {
          "type": "TEXT",
          "count": 8325,
          "shortest_values": "0K",
          "longest_values": "MS Core",
          "average_length": 5.862342342342342
        }
      ]
    },
    {
      "column_name": "CORE SUBJECT (MS CORE and 9-12 ONLY)",
      "number_non_empty_cells": 29902,
      "number_empty_cells": 1572,
      "number_distinct_values": 6,
      "frequent_values": [
        "-",
        "English",
        "Math",
        "Social Studies",
        "Science"
      ],
      "data_types": [
        {
          "type": "TEXT",
          "count": 29902,
          "shortest_values": "-",
          "longest_values": "Social Studies",
          "average_length": 5.152431275499967
        }
      ]
    },
    {
      "column_name": "SIZE OF SMALLEST CLASS",
      "number_non_empty_cells": 29902,
      "number_empty_cells": 1572,
      "number_distinct_values": 50,
      "frequent_values": [
        "25",
        "24",
        "23",
        "",
        "27"
      ],
      "data_types": [
        {
          "type": "INTEGER (LONG)",
          "count": 29902,
          "max_value": 70,
          "min_value": 2,
          "mean": 21.008427529931108
        }
      ]
    },
    {
      "column_name": "DATA SOURCE",
      "number_non_empty_cells": 29902,
      "number_empty_cells": 1572,
      "number_distinct_values": 3,
      "frequent_values": [
        "STARS",
        "ATS",
        ""
      ],
      "data_types": [
        {
          "type": "TEXT",
          "count": 29902,
          "shortest_values": "ATS",
          "longest_values": "STARS",
          "average_length": 4.206742023944886
        }
      ]
    },
    {
      "column_name": "NUMBER OF STUDENTS / SEATS FILLED",
      "number_non_empty_cells": 29902,
      "number_empty_cells": 1572,
      "number_distinct_values": 906,
      "frequent_values": [
        "",
        "25",
        "24",
        "27",
        "23"
      ],
      "data_types": [
        {
          "type": "INTEGER (LONG)",
          "count": 29902,
          "max_value": 4148,
          "min_value": 2,
          "mean": 89.66172831248745
        }
      ]
    },
    {
      "column_name": "PROGRAM TYPE",
      "number_non_empty_cells": 29902,
      "number_empty_cells": 1572,
      "number_distinct_values": 6,
      "frequent_values": [
        "GEN ED",
        "ICT",
        "SPEC ED",
        "",
        "G&T"
      ],
      "data_types": [
        {
          "type": "TEXT",
          "count": 29902,
          "shortest_values": "ICT",
          "longest_values": "SPEC ED",
          "average_length": 4.9800347802822555
        }
      ]
    },
    {
      "column_name": "SIZE OF LARGEST CLASS",
      "number_non_empty_cells": 29902,
      "number_empty_cells": 1572,
      "number_distinct_values": 65,
      "frequent_values": [
        "30",
        "34",
        "31",
        "32",
        "29"
      ],
      "data_types": [
        {
          "type": "INTEGER (LONG)",
          "count": 29902,
          "max_value": 94,
          "min_value": 2,
          "mean": 25.299745836398902
        }
      ]
    },
    {
      "column_name": "BORO",
      "number_non_empty_cells": 31474,
      "number_empty_cells": 0,
      "number_distinct_values": 5,
      "frequent_values": [
        "K",
        "X",
        "Q",
        "M",
        "R"
      ],
      "data_types": [
        {
          "type": "TEXT",
          "count": 31474,
          "shortest_values": "M",
          "longest_values": "M",
          "average_length": 1.0
        }
      ]
    },
    {
      "column_name": "SCHOOL CODE",
      "number_non_empty_cells": 31474,
      "number_empty_cells": 0,
      "number_distinct_values": 1572,
      "frequent_values": [
        "X242",
        "X367",
        "Q310",
        "X271",
        "M655"
      ],
      "data_types": [
        {
          "type": "DATE/TIME",
          "count": 562,
          "max_value": "M059",
          "min_value": "M001"
        },
        {
          "type": "TEXT",
          "count": 30912,
          "shortest_values": "M063",
          "longest_values": "M063",
          "average_length": 4.0
        }
      ]
    },
    {
      "column_name": "SCHOOL NAME",
      "number_non_empty_cells": 31474,
      "number_empty_cells": 0,
      "number_distinct_values": 1570,
      "frequent_values": [
        "MOTT HALL V",
        "Archimedes Academy for Math, Science and Technology Applications",
        "QUEENS COLLEGIATE: A COLLEGE BOARD SCHOOL",
        "EAST BRONX ACADEMY FOR THE FUTURE",
        "LIFE SCIENCES SECONDARY SCHOOL"
      ],
      "data_types": [
        {
          "type": "TEXT",
          "count": 31474,
          "shortest_values": "KAPPA",
          "longest_values": "English Language Learners and International Support Preparatory Academy (ELLIS)",
          "average_length": 30.609105928703055
        }
      ]
    },
    {
      "column_name": "SCHOOLWIDE PUPIL-TEACHER RATIO",
      "number_non_empty_cells": 1572,
      "number_empty_cells": 29902,
      "number_distinct_values": 886,
      "frequent_values": [
        "",
        "14.46",
        "15.87",
        "13.96",
        "12.61"
      ],
      "data_types": [
        {
          "type": "INTEGER (LONG)",
          "count": 19,
          "max_value": 22,
          "min_value": 10,
          "mean": 14.736842105263158
        },
        {
          "type": "REAL",
          "count": 1553,
          "max_value": 41.67,
          "min_value": 4.32,
          "mean": 15.057218287186116
        }
      ]
    },
    {
      "column_name": "CORE COURSE (MS CORE and 9-12 ONLY)",
      "number_non_empty_cells": 29902,
      "number_empty_cells": 1572,
      "number_distinct_values": 25,
      "frequent_values": [
        "-",
        "",
        "MS English Core",
        "MS Math Core",
        "MS Science Core"
      ],
      "data_types": [
        {
          "type": "TEXT",
          "count": 29902,
          "shortest_values": "-",
          "longest_values": "United States History Accelerated",
          "average_length": 9.504581633335563
        }
      ]
    },
    {
      "column_name": "CSD",
      "number_non_empty_cells": 31474,
      "number_empty_cells": 0,
      "number_distinct_values": 32,
      "frequent_values": [
        "2",
        "10",
        "9",
        "31",
        "11"
      ],
      "data_types": [
        {
          "type": "INTEGER (LONG)",
          "count": 31474,
          "max_value": 32,
          "min_value": 1,
          "mean": 15.882982779436995
        }
      ]
    },
    {
      "column_name": "AVERAGE CLASS SIZE",
      "number_non_empty_cells": 29902,
      "number_empty_cells": 1572,
      "number_distinct_values": 1194,
      "frequent_values": [
        "",
        "25",
        "27",
        "24",
        "26"
      ],
      "data_types": [
        {
          "type": "INTEGER (LONG)",
          "count": 16284,
          "max_value": 70,
          "min_value": 2,
          "mean": 22.930729550478997
        },
        {
          "type": "REAL",
          "count": 13618,
          "max_value": 55.5,
          "min_value": 2.5,
          "mean": 23.90176673263844
        }
      ]
    },
    {
      "column_name": "SERVICE CATEGORY(K-8 ONLY)",
      "number_non_empty_cells": 29902,
      "number_empty_cells": 1572,
      "number_distinct_values": 7,
      "frequent_values": [
        "-",
        "",
        "12:1:1",
        "12:1",
        "8:1:1"
      ],
      "data_types": [
        {
          "type": "DATE/TIME",
          "count": 1228,
          "max_value": "15:1",
          "min_value": "6:1:1"
        },
        {
          "type": "TEXT",
          "count": 28674,
          "shortest_values": "-",
          "longest_values": "-",
          "average_length": 1.0
        }
      ]
    },
    {
      "column_name": "NUMBER OF SECTIONS",
      "number_non_empty_cells": 29902,
      "number_empty_cells": 1572,
      "number_distinct_values": 67,
      "frequent_values": [
        "1",
        "2",
        "3",
        "4",
        ""
      ],
      "data_types": [
        {
          "type": "INTEGER (LONG)",
          "count": 29902,
          "max_value": 129,
          "min_value": 1,
          "mean": 3.6053775667179453
        }
      ]
    }
  ]
}