{
  "dataset_name": "szkz-syh6.tsv.gz",
  "key_column_candidates": [
    "Prequalified Vendor Master Trade Code",
    "Prequalified Vendor Trade Description",
    "Prequalified Vendor Name",
    "Prequalified Vendor Address",
    "Prequalified Vendor City Name",
    "Prequalified Vendor State Code",
    "Prequalified Vendor Zip Code",
    "Prequalified Vendor Phone Number",
    "Prequalified Vendor Fax Number",
    "Prequalified Vendor Contact Person",
    "Prequalified Vendor Minority Business Indicator",
    "Prequalified Vendor Women Business Indicator",
    "Prequalified Vendor Local Business Indicator",
    "Prequalified Vendor Over Million Dollar Revenue Indicator",
    "Prequalified Vendor Date"
  ],
  "columns": [
    {
      "column_name": "Prequalified Vendor Date",
      "number_non_empty_cells": 4678,
      "number_empty_cells": 0,
      "number_distinct_values": 612,
      "frequent_values": [
        "02/05/2022",
        "04/27/2020",
        "09/24/2021",
        "09/26/2022",
        "03/29/2020"
      ],
      "data_types": [
        {
          "type": "DATE/TIME",
          "count": 4678,
          "max_value": "09/26/2022",
          "min_value": "09/27/2019"
        }
      ]
    },
    {
      "column_name": "Prequalified Vendor Phone Number",
      "number_non_empty_cells": 4673,
      "number_empty_cells": 5,
      "number_distinct_values": 1876,
      "frequent_values": [
        "718-236-0892                  ",
        "917-655-9324                  ",
        "914-592-7275                  ",
        "201-868-6629                  ",
        "516-398-5682                  "
      ],
      "data_types": [
        {
          "type": "TEXT",
          "count": 4673,
          "shortest_values": "347-770-9634                  ",
          "longest_values": "347-770-9634                  ",
          "average_length": 30.0
        }
      ]
    },
    {
      "column_name": "Prequalified Vendor Over Million Dollar Revenue Indicator",
      "number_non_empty_cells": 4678,
      "number_empty_cells": 0,
      "number_distinct_values": 2,
      "frequent_values": [
        "Y",
        "N"
      ],
      "data_types": [
        {
          "type": "TEXT",
          "count": 4678,
          "shortest_values": "Y",
          "longest_values": "Y",
          "average_length": 1.0
        }
      ]
    },
    {
      "column_name": "Prequalified Vendor Name",
      "number_non_empty_cells": 4678,
      "number_empty_cells": 0,
      "number_distinct_values": 1899,
      "frequent_values": [
        "Sky Heights Construction Corp",
        "Pleasant Contracting Corp",
        "EASTERN EXCAVATION, INC.",
        "FAXA INC",
        "CARNAK CONSTRUCTION INC."
      ],
      "data_types": [
        {
          "type": "TEXT",
          "count": 4678,
          "shortest_values": "RI Inc",
          "longest_values": "Deborah Bradley Construction & Management Services Inc.",
          "average_length": 26.47413424540402
        }
      ]
    },
    {
      "column_name": "Prequalified Vendor Fax Number",
      "number_non_empty_cells": 3067,
      "number_empty_cells": 1611,
      "number_distinct_values": 1189,
      "frequent_values": [
        "",
        "914-592-0151   ",
        "917-731-0124   ",
        "516-398-5682   ",
        "631-756-0101   "
      ],
      "data_types": [
        {
          "type": "TEXT",
          "count": 3067,
          "shortest_values": "347-804-8306   ",
          "longest_values": "347-804-8306   ",
          "average_length": 15.0
        }
      ]
    },
    {
      "column_name": "Prequalified Vendor Women Business Indicator",
      "number_non_empty_cells": 4678,
      "number_empty_cells": 0,
      "number_distinct_values": 2,
      "frequent_values": [
        "N",
        "Y"
      ],
      "data_types": [
        {
          "type": "TEXT",
          "count": 4678,
          "shortest_values": "N",
          "longest_values": "N",
          "average_length": 1.0
        }
      ]
    },
    {
      "column_name": "Prequalified Vendor Local Business Indicator",
      "number_non_empty_cells": 4678,
      "number_empty_cells": 0,
      "number_distinct_values": 2,
      "frequent_values": [
        "N",
        "Y"
      ],
      "data_types": [
        {
          "type": "TEXT",
          "count": 4678,
          "shortest_values": "N",
          "longest_values": "N",
          "average_length": 1.0
        }
      ]
    },
    {
      "column_name": "Prequalified Vendor City Name",
      "number_non_empty_cells": 4678,
      "number_empty_cells": 0,
      "number_distinct_values": 568,
      "frequent_values": [
        "Brooklyn                      ",
        "New York                      ",
        "BROOKLYN                      ",
        "Staten Island                 ",
        "NEW YORK                      "
      ],
      "data_types": [
        {
          "type": "TEXT",
          "count": 4678,
          "shortest_values": "Brooklyn                      ",
          "longest_values": "Brooklyn                      ",
          "average_length": 30.0
        }
      ]
    },
    {
      "column_name": "Prequalified Vendor Trade Description",
      "number_non_empty_cells": 4678,
      "number_empty_cells": 0,
      "number_distinct_values": 281,
      "frequent_values": [
        "MASONRY RESTORATION/CLEANING                                                              ",
        "CAST-IN PLACE CONCRETE                                                                    ",
        "GENL CONTR - INTERIOR MODIFICATIONS                                                       ",
        "DIVISION 16 - ELECTRICAL                                                                  ",
        "PAINTING                                                                                  "
      ],
      "data_types": [
        {
          "type": "TEXT",
          "count": 4678,
          "shortest_values": "QUAL. CNTRL/FLD SMPl/TEST & INSP SRVC                                                     ",
          "longest_values": "QUAL. CNTRL/FLD SMPl/TEST & INSP SRVC                                                     ",
          "average_length": 90.0
        }
      ]
    },
    {
      "column_name": "Prequalified Vendor State Code",
      "number_non_empty_cells": 4678,
      "number_empty_cells": 0,
      "number_distinct_values": 22,
      "frequent_values": [
        "NY",
        "NJ",
        "PA",
        "CT",
        "IL"
      ],
      "data_types": [
        {
          "type": "TEXT",
          "count": 4678,
          "shortest_values": "NY",
          "longest_values": "NY",
          "average_length": 2.0
        }
      ]
    },
    {
      "column_name": "Prequalified Vendor Contact Person",
      "number_non_empty_cells": 4678,
      "number_empty_cells": 0,
      "number_distinct_values": 1879,
      "frequent_values": [
        "Narasab Ali                   ",
        "Beldon Ramadani               ",
        "Lenore Delucie                ",
        "Francisco Cifuentes           ",
        "SOTERIS zografakis            "
      ],
      "data_types": [
        {
          "type": "TEXT",
          "count": 4678,
          "shortest_values": "ine O'Dwyer             ",
          "longest_values": "Suri Wadiche                  ",
          "average_length": 29.992304403591277
        }
      ]
    },
    {
      "column_name": "Prequalified Vendor Minority Business Indicator",
      "number_non_empty_cells": 4678,
      "number_empty_cells": 0,
      "number_distinct_values": 2,
      "frequent_values": [
        "N",
        "Y"
      ],
      "data_types": [
        {
          "type": "TEXT",
          "count": 4678,
          "shortest_values": "N",
          "longest_values": "N",
          "average_length": 1.0
        }
      ]
    },
    {
      "column_name": "Prequalified Vendor Zip Code",
      "number_non_empty_cells": 4678,
      "number_empty_cells": 0,
      "number_distinct_values": 617,
      "frequent_values": [
        "11101          ",
        "11040          ",
        "10018          ",
        "10001          ",
        "11235          "
      ],
      "data_types": [
        {
          "type": "INTEGER (LONG)",
          "count": 4502,
          "max_value": 98004,
          "min_value": 1028,
          "mean": 11405.899155930698
        },
        {
          "type": "TEXT",
          "count": 176,
          "shortest_values": "11237-1223     ",
          "longest_values": "11237-1223     ",
          "average_length": 15.0
        }
      ]
    },
    {
      "column_name": "Prequalified Vendor Address",
      "number_non_empty_cells": 4678,
      "number_empty_cells": 0,
      "number_distinct_values": 1865,
      "frequent_values": [
        "2920  Coney Island Avenue ",
        "535 Wild Avenue",
        "59 Nepperhan Avenue",
        "1 Madison Street",
        "500 Ocean Avenue"
      ],
      "data_types": [
        {
          "type": "DATE/TIME",
          "count": 5,
          "max_value": "185 7th St.",
          "min_value": "185 7th St."
        },
        {
          "type": "TEXT",
          "count": 4673,
          "shortest_values": "850 Elbe",
          "longest_values": "Brooklyn Navy Yard Bldg 275-202 63 Flushing Avenue Unit 264",
          "average_length": 18.12882516584635
        }
      ]
    },
    {
      "column_name": "Prequalified Vendor Master Trade Code",
      "number_non_empty_cells": 4678,
      "number_empty_cells": 0,
      "number_distinct_values": 282,
      "frequent_values": [
        "04900  ",
        "03300  ",
        "99960  ",
        "16000  ",
        "09900  "
      ],
      "data_types": [
        {
          "type": "INTEGER (LONG)",
          "count": 4678,
          "max_value": 99999,
          "min_value": 1450,
          "mean": 24146.4127832407
        }
      ]
    }
  ]
}