{
  "dataset_name": "t9nw-j73k.tsv.gz",
  "key_column_candidates": [
    "ID",
    "GIS ID",
    "Roadway Name",
    "From",
    "To",
    "Direction",
    "Date",
    "Veh Class Type",
    "12:00-1:00 AM",
    "1:00-2:00AM",
    "2:00-3:00AM",
    "3:00-4:00AM",
    "4:00-5:00AM",
    "5:00-6:00AM",
    "6:00-7:00AM",
    "7:00-8:00AM",
    "8:00-9:00AM",
    "9:00-10:00AM",
    "10:00-11:00AM",
    "11:00-12:00PM",
    "12:00-1:00PM",
    "1:00-2:00PM",
    "2:00-3:00PM",
    "3:00-4:00PM",
    "4:00-5:00PM",
    "5:00-6:00PM",
    "6:00-7:00PM",
    "7:00-8:00PM",
    "8:00-9:00PM",
    "9:00-10:00PM",
    "10:00-11:00PM",
    "11:00-12:00AM"
  ],
  "columns": [
    {
      "column_name": "4:00-5:00AM",
      "number_non_empty_cells": 804,
      "number_empty_cells": 784,
      "number_distinct_values": 86,
      "frequent_values": [
        "",
        "0",
        "1",
        "2",
        "3"
      ],
      "data_types": [
        {
          "type": "INTEGER (LONG)",
          "count": 804,
          "max_value": 899,
          "min_value": 0,
          "mean": 16.595771144278608
        }
      ]
    },
    {
      "column_name": "10:00-11:00AM",
      "number_non_empty_cells": 804,
      "number_empty_cells": 784,
      "number_distinct_values": 212,
      "frequent_values": [
        "",
        "8",
        "1",
        "2",
        "3"
      ],
      "data_types": [
        {
          "type": "INTEGER (LONG)",
          "count": 804,
          "max_value": 1255,
          "min_value": 0,
          "mean": 69.61069651741293
        }
      ]
    },
    {
      "column_name": "2:00-3:00PM",
      "number_non_empty_cells": 804,
      "number_empty_cells": 784,
      "number_distinct_values": 226,
      "frequent_values": [
        "",
        "1",
        "9",
        "10",
        "7"
      ],
      "data_types": [
        {
          "type": "INTEGER (LONG)",
          "count": 804,
          "max_value": 1448,
          "min_value": 0,
          "mean": 85.20273631840796
        }
      ]
    },
    {
      "column_name": "GIS ID",
      "number_non_empty_cells": 1588,
      "number_empty_cells": 0,
      "number_distinct_values": 146,
      "frequent_values": [
        "122461",
        "15540",
        "12809",
        "11449",
        "15741"
      ],
      "data_types": [
        {
          "type": "INTEGER (LONG)",
          "count": 1588,
          "max_value": 194358,
          "min_value": 646,
          "mean": 36555.664987405544
        }
      ]
    },
    {
      "column_name": "Roadway Name",
      "number_non_empty_cells": 1588,
      "number_empty_cells": 0,
      "number_distinct_values": 98,
      "frequent_values": [
        "VICTORY BOULEVARD",
        "MC DONALD AVENUE",
        "Hylan Blvd",
        "MANOR ROAD",
        "3 AVE"
      ],
      "data_types": [
        {
          "type": "TEXT",
          "count": 1588,
          "shortest_values": "3 AVE",
          "longest_values": "MALCOLM X BOULEVARD",
          "average_length": 12.76574307304786
        }
      ]
    },
    {
      "column_name": "Direction",
      "number_non_empty_cells": 1588,
      "number_empty_cells": 0,
      "number_distinct_values": 5,
      "frequent_values": [
        "NB",
        "EB",
        "SB",
        "WB",
        "EB "
      ],
      "data_types": [
        {
          "type": "TEXT",
          "count": 1588,
          "shortest_values": "NB",
          "longest_values": "EB ",
          "average_length": 2.005037783375315
        }
      ]
    },
    {
      "column_name": "9:00-10:00PM",
      "number_non_empty_cells": 804,
      "number_empty_cells": 784,
      "number_distinct_values": 175,
      "frequent_values": [
        "",
        "0",
        "1",
        "2",
        "3"
      ],
      "data_types": [
        {
          "type": "INTEGER (LONG)",
          "count": 804,
          "max_value": 709,
          "min_value": 0,
          "mean": 43.233830845771145
        }
      ]
    },
    {
      "column_name": "12:00-1:00 AM",
      "number_non_empty_cells": 1588,
      "number_empty_cells": 0,
      "number_distinct_values": 117,
      "frequent_values": [
        "0",
        "1",
        "2",
        "3",
        "4"
      ],
      "data_types": [
        {
          "type": "INTEGER (LONG)",
          "count": 1588,
          "max_value": 377,
          "min_value": 0,
          "mean": 10.089420654911839
        }
      ]
    },
    {
      "column_name": "12:00-1:00PM",
      "number_non_empty_cells": 804,
      "number_empty_cells": 784,
      "number_distinct_values": 202,
      "frequent_values": [
        "",
        "2",
        "11",
        "7",
        "4"
      ],
      "data_types": [
        {
          "type": "INTEGER (LONG)",
          "count": 804,
          "max_value": 1278,
          "min_value": 0,
          "mean": 73.27860696517413
        }
      ]
    },
    {
      "column_name": "To",
      "number_non_empty_cells": 1588,
      "number_empty_cells": 0,
      "number_distinct_values": 111,
      "frequent_values": [
        "Fulton St",
        "LINCOLN AVENUE",
        "E 38 St",
        "MACON STREET",
        "Franklin Ave"
      ],
      "data_types": [
        {
          "type": "DATE/TIME",
          "count": 24,
          "max_value": "68th St",
          "min_value": "3rd St"
        },
        {
          "type": "TEXT",
          "count": 1564,
          "shortest_values": "8 AVE",
          "longest_values": "DR M L KING EP NB EN VICTORY BL",
          "average_length": 11.946291560102301
        }
      ]
    },
    {
      "column_name": "1:00-2:00AM",
      "number_non_empty_cells": 804,
      "number_empty_cells": 784,
      "number_distinct_values": 89,
      "frequent_values": [
        "",
        "0",
        "1",
        "2",
        "3"
      ],
      "data_types": [
        {
          "type": "INTEGER (LONG)",
          "count": 804,
          "max_value": 843,
          "min_value": 0,
          "mean": 15.63681592039801
        }
      ]
    },
    {
      "column_name": "11:00-12:00PM",
      "number_non_empty_cells": 804,
      "number_empty_cells": 784,
      "number_distinct_values": 211,
      "frequent_values": [
        "",
        "2",
        "0",
        "6",
        "10"
      ],
      "data_types": [
        {
          "type": "INTEGER (LONG)",
          "count": 804,
          "max_value": 1274,
          "min_value": 0,
          "mean": 70.81467661691542
        }
      ]
    },
    {
      "column_name": "1:00-2:00PM",
      "number_non_empty_cells": 804,
      "number_empty_cells": 784,
      "number_distinct_values": 209,
      "frequent_values": [
        "",
        "1",
        "6",
        "0",
        "10"
      ],
      "data_types": [
        {
          "type": "INTEGER (LONG)",
          "count": 804,
          "max_value": 1121,
          "min_value": 0,
          "mean": 74.7773631840796
        }
      ]
    },
    {
      "column_name": "8:00-9:00PM",
      "number_non_empty_cells": 804,
      "number_empty_cells": 784,
      "number_distinct_values": 185,
      "frequent_values": [
        "",
        "0",
        "2",
        "6",
        "1"
      ],
      "data_types": [
        {
          "type": "INTEGER (LONG)",
          "count": 804,
          "max_value": 914,
          "min_value": 0,
          "mean": 53.72636815920398
        }
      ]
    },
    {
      "column_name": "Date",
      "number_non_empty_cells": 1588,
      "number_empty_cells": 0,
      "number_distinct_values": 19,
      "frequent_values": [
        "01/18/2012",
        "01/11/2012",
        "01/17/2012",
        "01/10/2012",
        "01/12/2012"
      ],
      "data_types": [
        {
          "type": "DATE/TIME",
          "count": 1588,
          "max_value": "02/03/2012",
          "min_value": "01/10/2011"
        }
      ]
    },
    {
      "column_name": "4:00-5:00PM",
      "number_non_empty_cells": 804,
      "number_empty_cells": 784,
      "number_distinct_values": 227,
      "frequent_values": [
        "",
        "12",
        "1",
        "5",
        "2"
      ],
      "data_types": [
        {
          "type": "INTEGER (LONG)",
          "count": 804,
          "max_value": 1473,
          "min_value": 0,
          "mean": 93.47885572139303
        }
      ]
    },
    {
      "column_name": "2:00-3:00AM",
      "number_non_empty_cells": 804,
      "number_empty_cells": 784,
      "number_distinct_values": 78,
      "frequent_values": [
        "",
        "0",
        "1",
        "2",
        "3"
      ],
      "data_types": [
        {
          "type": "INTEGER (LONG)",
          "count": 804,
          "max_value": 1466,
          "min_value": 0,
          "mean": 15.243781094527364
        }
      ]
    },
    {
      "column_name": "7:00-8:00PM",
      "number_non_empty_cells": 804,
      "number_empty_cells": 784,
      "number_distinct_values": 211,
      "frequent_values": [
        "",
        "0",
        "6",
        "4",
        "1"
      ],
      "data_types": [
        {
          "type": "INTEGER (LONG)",
          "count": 804,
          "max_value": 1092,
          "min_value": 0,
          "mean": 67.67412935323384
        }
      ]
    },
    {
      "column_name": "5:00-6:00AM",
      "number_non_empty_cells": 804,
      "number_empty_cells": 784,
      "number_distinct_values": 123,
      "frequent_values": [
        "",
        "0",
        "1",
        "2",
        "3"
      ],
      "data_types": [
        {
          "type": "INTEGER (LONG)",
          "count": 804,
          "max_value": 915,
          "min_value": 0,
          "mean": 25.39676616915423
        }
      ]
    },
    {
      "column_name": "6:00-7:00AM",
      "number_non_empty_cells": 804,
      "number_empty_cells": 784,
      "number_distinct_values": 175,
      "frequent_values": [
        "",
        "2",
        "1",
        "6",
        "0"
      ],
      "data_types": [
        {
          "type": "INTEGER (LONG)",
          "count": 804,
          "max_value": 1280,
          "min_value": 0,
          "mean": 47.94651741293532
        }
      ]
    },
    {
      "column_name": "7:00-8:00AM",
      "number_non_empty_cells": 804,
      "number_empty_cells": 784,
      "number_distinct_values": 230,
      "frequent_values": [
        "",
        "1",
        "0",
        "12",
        "8"
      ],
      "data_types": [
        {
          "type": "INTEGER (LONG)",
          "count": 804,
          "max_value": 1457,
          "min_value": 0,
          "mean": 88.6405472636816
        }
      ]
    },
    {
      "column_name": "5:00-6:00PM",
      "number_non_empty_cells": 804,
      "number_empty_cells": 784,
      "number_distinct_values": 231,
      "frequent_values": [
        "",
        "1",
        "6",
        "0",
        "11"
      ],
      "data_types": [
        {
          "type": "INTEGER (LONG)",
          "count": 804,
          "max_value": 1738,
          "min_value": 0,
          "mean": 93.47512437810946
        }
      ]
    },
    {
      "column_name": "Veh Class Type",
      "number_non_empty_cells": 1588,
      "number_empty_cells": 0,
      "number_distinct_values": 4,
      "frequent_values": [
        "Autos",
        "Taxi",
        "Commercial",
        "Trucks"
      ],
      "data_types": [
        {
          "type": "TEXT",
          "count": 1588,
          "shortest_values": "Taxi",
          "longest_values": "Commercial",
          "average_length": 6.25
        }
      ]
    },
    {
      "column_name": "9:00-10:00AM",
      "number_non_empty_cells": 804,
      "number_empty_cells": 784,
      "number_distinct_values": 215,
      "frequent_values": [
        "",
        "2",
        "1",
        "8",
        "12"
      ],
      "data_types": [
        {
          "type": "INTEGER (LONG)",
          "count": 804,
          "max_value": 1293,
          "min_value": 0,
          "mean": 75.69278606965175
        }
      ]
    },
    {
      "column_name": "10:00-11:00PM",
      "number_non_empty_cells": 804,
      "number_empty_cells": 784,
      "number_distinct_values": 166,
      "frequent_values": [
        "",
        "1",
        "0",
        "3",
        "2"
      ],
      "data_types": [
        {
          "type": "INTEGER (LONG)",
          "count": 804,
          "max_value": 492,
          "min_value": 0,
          "mean": 34.56218905472637
        }
      ]
    },
    {
      "column_name": "ID",
      "number_non_empty_cells": 1588,
      "number_empty_cells": 0,
      "number_distinct_values": 1588,
      "frequent_values": [
        "1",
        "2",
        "3",
        "4",
        "5"
      ],
      "data_types": [
        {
          "type": "INTEGER (LONG)",
          "count": 1588,
          "max_value": 1588,
          "min_value": 1,
          "mean": 794.5
        }
      ]
    },
    {
      "column_name": "8:00-9:00AM",
      "number_non_empty_cells": 804,
      "number_empty_cells": 784,
      "number_distinct_values": 241,
      "frequent_values": [
        "",
        "1",
        "6",
        "8",
        "15"
      ],
      "data_types": [
        {
          "type": "INTEGER (LONG)",
          "count": 804,
          "max_value": 1407,
          "min_value": 0,
          "mean": 98.35696517412936
        }
      ]
    },
    {
      "column_name": "3:00-4:00PM",
      "number_non_empty_cells": 804,
      "number_empty_cells": 784,
      "number_distinct_values": 233,
      "frequent_values": [
        "",
        "0",
        "7",
        "1",
        "6"
      ],
      "data_types": [
        {
          "type": "INTEGER (LONG)",
          "count": 804,
          "max_value": 1572,
          "min_value": 0,
          "mean": 94.1181592039801
        }
      ]
    },
    {
      "column_name": "6:00-7:00PM",
      "number_non_empty_cells": 804,
      "number_empty_cells": 784,
      "number_distinct_values": 230,
      "frequent_values": [
        "",
        "0",
        "3",
        "2",
        "1"
      ],
      "data_types": [
        {
          "type": "INTEGER (LONG)",
          "count": 804,
          "max_value": 1523,
          "min_value": 0,
          "mean": 83.87810945273633
        }
      ]
    },
    {
      "column_name": "11:00-12:00AM",
      "number_non_empty_cells": 804,
      "number_empty_cells": 784,
      "number_distinct_values": 135,
      "frequent_values": [
        "",
        "0",
        "1",
        "2",
        "4"
      ],
      "data_types": [
        {
          "type": "INTEGER (LONG)",
          "count": 804,
          "max_value": 456,
          "min_value": 0,
          "mean": 26.95646766169154
        }
      ]
    },
    {
      "column_name": "From",
      "number_non_empty_cells": 1588,
      "number_empty_cells": 0,
      "number_distinct_values": 110,
      "frequent_values": [
        "Gates Ave",
        "Clove Rd",
        "RAMONA AVENUE",
        "WILLIAMS AVENUE",
        "AUTUMN AVENUE"
      ],
      "data_types": [
        {
          "type": "DATE/TIME",
          "count": 16,
          "max_value": "68 St",
          "min_value": "68 St"
        },
        {
          "type": "TEXT",
          "count": 1572,
          "shortest_values": "7 AVE",
          "longest_values": "SOUTH GANNON AVENUE",
          "average_length": 11.783715012722647
        }
      ]
    },
    {
      "column_name": "3:00-4:00AM",
      "number_non_empty_cells": 804,
      "number_empty_cells": 784,
      "number_distinct_values": 70,
      "frequent_values": [
        "",
        "0",
        "1",
        "2",
        "3"
      ],
      "data_types": [
        {
          "type": "INTEGER (LONG)",
          "count": 804,
          "max_value": 1147,
          "min_value": 0,
          "mean": 15.180348258706468
        }
      ]
    }
  ]
}