{
  "dataset_name": "tgqn-na2n.tsv.gz",
  "key_column_candidates": [
    "Borough",
    "Calendar Year",
    "Case Type",
    "Client Total"
  ],
  "columns": [
    {
      "column_name": "Calendar Year",
      "number_non_empty_cells": 195,
      "number_empty_cells": 0,
      "number_distinct_values": 13,
      "frequent_values": [
        "2006",
        "2007",
        "2008",
        "2009",
        "2010"
      ],
      "data_types": [
        {
          "type": "INTEGER (LONG)",
          "count": 195,
          "max_value": 2018,
          "min_value": 2006,
          "mean": 2012.0
        }
      ]
    },
    {
      "column_name": "Borough",
      "number_non_empty_cells": 195,
      "number_empty_cells": 0,
      "number_distinct_values": 5,
      "frequent_values": [
        "Bronx",
        "Brooklyn",
        "Manhattan",
        "Queens",
        "Staten Island"
      ],
      "data_types": [
        {
          "type": "TEXT",
          "count": 195,
          "shortest_values": "Bronx",
          "longest_values": "Staten Island",
          "average_length": 8.2
        }
      ]
    },
    {
      "column_name": "Case Type",
      "number_non_empty_cells": 195,
      "number_empty_cells": 0,
      "number_distinct_values": 3,
      "frequent_values": [
        "ACD",
        "ESP",
        "JD"
      ],
      "data_types": [
        {
          "type": "TEXT",
          "count": 195,
          "shortest_values": "JD",
          "longest_values": "ACD",
          "average_length": 2.6666666666666665
        }
      ]
    },
    {
      "column_name": "Client Total",
      "number_non_empty_cells": 195,
      "number_empty_cells": 0,
      "number_distinct_values": 142,
      "frequent_values": [
        "23",
        "28",
        "35",
        "60",
        "180"
      ],
      "data_types": [
        {
          "type": "INTEGER (LONG)",
          "count": 195,
          "max_value": 615,
          "min_value": 6,
          "mean": 140.53333333333333
        }
      ]
    }
  ]
}