{
  "dataset_name": "thrx-b6bc.tsv.gz",
  "key_column_candidates": [
    "NEIGHBORHOOD",
    "TYPE OF HOME",
    "NUMBER OF SALES",
    "LOWEST SALE PRICE",
    "AVERAGE SALE PRICE",
    "MEDIAN SALE PRICE",
    "HIGHEST SALE PRICE"
  ],
  "columns": [
    {
      "column_name": "TYPE OF HOME",
      "number_non_empty_cells": 163,
      "number_empty_cells": 0,
      "number_distinct_values": 3,
      "frequent_values": [
        "02 TWO FAMILY HOMES                        ",
        "01 ONE FAMILY HOMES                        ",
        "03 THREE FAMILY HOMES                      "
      ],
      "data_types": [
        {
          "type": "TEXT",
          "count": 163,
          "shortest_values": "01 ONE FAMILY HOMES                        ",
          "longest_values": "01 ONE FAMILY HOMES                        ",
          "average_length": 43.0
        }
      ]
    },
    {
      "column_name": "LOWEST SALE PRICE",
      "number_non_empty_cells": 163,
      "number_empty_cells": 0,
      "number_distinct_values": 116,
      "frequent_values": [
        "150000.00",
        "200000.00",
        "160000.00",
        "400000.00",
        "225000.00"
      ],
      "data_types": [
        {
          "type": "REAL",
          "count": 163,
          "max_value": 2775000.0,
          "min_value": 150000.0,
          "mean": 411924.74846625765
        }
      ]
    },
    {
      "column_name": "AVERAGE SALE PRICE",
      "number_non_empty_cells": 163,
      "number_empty_cells": 0,
      "number_distinct_values": 163,
      "frequent_values": [
        "580235.00",
        "616902.00",
        "829985.00",
        "766359.00",
        "762034.00"
      ],
      "data_types": [
        {
          "type": "REAL",
          "count": 163,
          "max_value": 4039650.0,
          "min_value": 207865.0,
          "mean": 846777.3251533742
        }
      ]
    },
    {
      "column_name": "NUMBER OF SALES",
      "number_non_empty_cells": 163,
      "number_empty_cells": 0,
      "number_distinct_values": 72,
      "frequent_values": [
        "5",
        "3",
        "2",
        "1",
        "7"
      ],
      "data_types": [
        {
          "type": "INTEGER (LONG)",
          "count": 163,
          "max_value": 268,
          "min_value": 1,
          "mean": 34.13496932515337
        }
      ]
    },
    {
      "column_name": "NEIGHBORHOOD",
      "number_non_empty_cells": 163,
      "number_empty_cells": 0,
      "number_distinct_values": 60,
      "frequent_values": [
        "BATH BEACH               ",
        "BAY RIDGE                ",
        "BEDFORD STUYVESANT       ",
        "BENSONHURST              ",
        "BERGEN BEACH             "
      ],
      "data_types": [
        {
          "type": "TEXT",
          "count": 163,
          "shortest_values": "BATH BEACH               ",
          "longest_values": "BATH BEACH               ",
          "average_length": 25.0
        }
      ]
    },
    {
      "column_name": "MEDIAN SALE PRICE",
      "number_non_empty_cells": 163,
      "number_empty_cells": 0,
      "number_distinct_values": 144,
      "frequent_values": [
        "550000.00",
        "770000.00",
        "710000.00",
        "650000.00",
        "600000.00"
      ],
      "data_types": [
        {
          "type": "REAL",
          "count": 163,
          "max_value": 3700000.0,
          "min_value": 205118.0,
          "mean": 822405.018404908
        }
      ]
    },
    {
      "column_name": "HIGHEST SALE PRICE",
      "number_non_empty_cells": 163,
      "number_empty_cells": 0,
      "number_distinct_values": 132,
      "frequent_values": [
        "800000.00",
        "1250000.00",
        "1200000.00",
        "1350000.00",
        "999000.00"
      ],
      "data_types": [
        {
          "type": "REAL",
          "count": 163,
          "max_value": 10800000.0,
          "min_value": 231222.0,
          "mean": 1527144.6687116565
        }
      ]
    }
  ]
}