{
  "dataset_name": "tjt7-rf2i.tsv.gz",
  "key_column_candidates": [
    "ProviderType",
    "DFTA ID",
    "ContractYear",
    "SponsorName",
    "ProgramName",
    "DFTAFunded",
    "BudgetPeriod",
    "TotalBudgetAmount",
    "ServicesBudgetAmount",
    "Equipment+OneTimePaymentAmount"
  ],
  "columns": [
    {
      "column_name": "ProviderType",
      "number_non_empty_cells": 5,
      "number_empty_cells": 0,
      "number_distinct_values": 2,
      "frequent_values": [
        "NEW YORK CONNECTS CONTRACTS",
        "\u001a"
      ],
      "data_types": [
        {
          "type": "TEXT",
          "count": 5,
          "shortest_values": "\u001a",
          "longest_values": "NEW YORK CONNECTS CONTRACTS",
          "average_length": 21.8
        }
      ]
    },
    {
      "column_name": "SponsorName",
      "number_non_empty_cells": 4,
      "number_empty_cells": 1,
      "number_distinct_values": 5,
      "frequent_values": [
        "",
        "THE JEWISH ASSOCIATION FOR SERVICES FOR THE AGED",
        "THE NEIGHBORHOOD SELF-HELP BY OLDER PERSONS PROJECT INC",
        "COMMUNITY AGENCY FOR SENIOR CITIZENS INC",
        "NEW YORK FOUNDATION FOR SENIOR CITIZENS INC"
      ],
      "data_types": [
        {
          "type": "TEXT",
          "count": 4,
          "shortest_values": "COMMUNITY AGENCY FOR SENIOR CITIZENS INC",
          "longest_values": "THE NEIGHBORHOOD SELF-HELP BY OLDER PERSONS PROJECT INC",
          "average_length": 46.5
        }
      ]
    },
    {
      "column_name": "ProgramName",
      "number_non_empty_cells": 4,
      "number_empty_cells": 1,
      "number_distinct_values": 5,
      "frequent_values": [
        "",
        "JASA NY CONNECTS",
        "NEIGHBORHOOD SHOPP NY CONNECTS",
        "CASC NY CONNECTS",
        "NY FOUNDATION NY CONNECTS"
      ],
      "data_types": [
        {
          "type": "TEXT",
          "count": 4,
          "shortest_values": "JASA NY CONNECTS",
          "longest_values": "NEIGHBORHOOD SHOPP NY CONNECTS",
          "average_length": 21.75
        }
      ]
    },
    {
      "column_name": "ContractYear",
      "number_non_empty_cells": 4,
      "number_empty_cells": 1,
      "number_distinct_values": 2,
      "frequent_values": [
        "2019",
        ""
      ],
      "data_types": [
        {
          "type": "INTEGER (LONG)",
          "count": 4,
          "max_value": 2019,
          "min_value": 2019,
          "mean": 2019.0
        }
      ]
    },
    {
      "column_name": "TotalBudgetAmount",
      "number_non_empty_cells": 4,
      "number_empty_cells": 1,
      "number_distinct_values": 4,
      "frequent_values": [
        "166916",
        "",
        "104578",
        "158859"
      ],
      "data_types": [
        {
          "type": "INTEGER (LONG)",
          "count": 4,
          "max_value": 166916,
          "min_value": 104578,
          "mean": 149317.25
        }
      ]
    },
    {
      "column_name": "DFTA ID",
      "number_non_empty_cells": 4,
      "number_empty_cells": 1,
      "number_distinct_values": 5,
      "frequent_values": [
        "",
        "2C401",
        "1C401",
        "5C401",
        "3C401"
      ],
      "data_types": [
        {
          "type": "TEXT",
          "count": 4,
          "shortest_values": "2C401",
          "longest_values": "2C401",
          "average_length": 5.0
        }
      ]
    },
    {
      "column_name": "ServicesBudgetAmount",
      "number_non_empty_cells": 4,
      "number_empty_cells": 1,
      "number_distinct_values": 4,
      "frequent_values": [
        "166916",
        "",
        "104578",
        "158859"
      ],
      "data_types": [
        {
          "type": "INTEGER (LONG)",
          "count": 4,
          "max_value": 166916,
          "min_value": 104578,
          "mean": 149317.25
        }
      ]
    },
    {
      "column_name": "BudgetPeriod",
      "number_non_empty_cells": 4,
      "number_empty_cells": 1,
      "number_distinct_values": 2,
      "frequent_values": [
        "04/01/2019 - 06/30/2019",
        ""
      ],
      "data_types": [
        {
          "type": "TEXT",
          "count": 4,
          "shortest_values": "04/01/2019 - 06/30/2019",
          "longest_values": "04/01/2019 - 06/30/2019",
          "average_length": 23.0
        }
      ]
    },
    {
      "column_name": "Equipment+OneTimePaymentAmount",
      "number_non_empty_cells": 4,
      "number_empty_cells": 1,
      "number_distinct_values": 2,
      "frequent_values": [
        "0",
        ""
      ],
      "data_types": [
        {
          "type": "INTEGER (LONG)",
          "count": 4,
          "max_value": 0,
          "min_value": 0,
          "mean": 0.0
        }
      ]
    },
    {
      "column_name": "DFTAFunded",
      "number_non_empty_cells": 4,
      "number_empty_cells": 1,
      "number_distinct_values": 2,
      "frequent_values": [
        "Y",
        ""
      ],
      "data_types": [
        {
          "type": "TEXT",
          "count": 4,
          "shortest_values": "Y",
          "longest_values": "Y",
          "average_length": 1.0
        }
      ]
    }
  ]
}