{
  "dataset_name": "tmha-56pf.tsv.gz",
  "key_column_candidates": [
    "Month",
    "MONTHLY MEDIATIONS CLOSED"
  ],
  "columns": [
    {
      "column_name": "MONTHLY MEDIATIONS CLOSED",
      "number_non_empty_cells": 11,
      "number_empty_cells": 0,
      "number_distinct_values": 7,
      "frequent_values": [
        "3",
        "1",
        "2",
        "7",
        "0"
      ],
      "data_types": [
        {
          "type": "INTEGER (LONG)",
          "count": 11,
          "max_value": 7,
          "min_value": 0,
          "mean": 2.8181818181818183
        }
      ]
    },
    {
      "column_name": "Month",
      "number_non_empty_cells": 11,
      "number_empty_cells": 0,
      "number_distinct_values": 11,
      "frequent_values": [
        "01/01/2018 12:00:00 AM",
        "02/01/2018 12:00:00 AM",
        "03/01/2018 12:00:00 AM",
        "04/01/2018 12:00:00 AM",
        "05/01/2018 12:00:00 AM"
      ],
      "data_types": [
        {
          "type": "DATE/TIME",
          "count": 11,
          "max_value": "11/01/2018 12:00:00 AM",
          "min_value": "01/01/2018 12:00:00 AM"
        }
      ]
    }
  ]
}