{
  "dataset_name": "tqsy-2s6w.tsv.gz",
  "key_column_candidates": [
    "PhysicalID",
    "BoroughCode",
    "FiscalYearPruned",
    "Contract",
    "FYSchedule",
    "GlobalID"
  ],
  "columns": [
    {
      "column_name": "PhysicalID",
      "number_non_empty_cells": 83103,
      "number_empty_cells": 96,
      "number_distinct_values": 47982,
      "frequent_values": [
        "",
        "52697",
        "60868",
        "84632",
        "87557"
      ],
      "data_types": [
        {
          "type": "INTEGER (LONG)",
          "count": 83103,
          "max_value": 172827,
          "min_value": 98,
          "mean": 55555.62781127035
        }
      ]
    },
    {
      "column_name": "FiscalYearPruned",
      "number_non_empty_cells": 83193,
      "number_empty_cells": 6,
      "number_distinct_values": 26,
      "frequent_values": [
        "2009",
        "2015",
        "2008",
        "2014",
        "1999"
      ],
      "data_types": [
        {
          "type": "INTEGER (LONG)",
          "count": 83193,
          "max_value": 2019,
          "min_value": 1995,
          "mean": 2008.0014664695348
        }
      ]
    },
    {
      "column_name": "Contract",
      "number_non_empty_cells": 83121,
      "number_empty_cells": 78,
      "number_distinct_values": 9,
      "frequent_values": [
        "N/A",
        "",
        "509",
        "BP-S19",
        "431"
      ],
      "data_types": [
        {
          "type": "INTEGER (LONG)",
          "count": 12,
          "max_value": 2011,
          "min_value": 431,
          "mean": 618.0833333333334
        },
        {
          "type": "TEXT",
          "count": 83109,
          "shortest_values": "hh",
          "longest_values": "BP-S19",
          "average_length": 3.0001443886943653
        }
      ]
    },
    {
      "column_name": "FYSchedule",
      "number_non_empty_cells": 15,
      "number_empty_cells": 83184,
      "number_distinct_values": 9,
      "frequent_values": [
        "",
        "2019",
        "2013",
        "2222",
        "2012"
      ],
      "data_types": [
        {
          "type": "INTEGER (LONG)",
          "count": 15,
          "max_value": 2222,
          "min_value": 2012,
          "mean": 2032.2666666666667
        }
      ]
    },
    {
      "column_name": "BoroughCode",
      "number_non_empty_cells": 82407,
      "number_empty_cells": 792,
      "number_distinct_values": 6,
      "frequent_values": [
        "4",
        "3",
        "2",
        "1",
        ""
      ],
      "data_types": [
        {
          "type": "INTEGER (LONG)",
          "count": 82407,
          "max_value": 5,
          "min_value": 1,
          "mean": 3.286747485043746
        }
      ]
    },
    {
      "column_name": "GlobalID",
      "number_non_empty_cells": 83199,
      "number_empty_cells": 0,
      "number_distinct_values": 83199,
      "frequent_values": [
        "6DB68B0C-44A3-48AC-B668-E0C5E11B8C27",
        "0BB34544-CACB-4A6C-9521-5315F28C1154",
        "71BEEE5C-9A32-4636-8FC7-3EE4DB4BE415",
        "CA547EF1-AA33-4273-90B5-BD7DD8449C85",
        "32AF2F90-51C1-4DAF-9B2A-44A84179FD90"
      ],
      "data_types": [
        {
          "type": "TEXT",
          "count": 83199,
          "shortest_values": "6DB68B0C-44A3-48AC-B668-E0C5E11B8C27",
          "longest_values": "6DB68B0C-44A3-48AC-B668-E0C5E11B8C27",
          "average_length": 36.0
        }
      ]
    }
  ]
}