{
  "dataset_name": "twvd-c9s3.tsv.gz",
  "key_column_candidates": [
    "Borough",
    "Number of residents who received financial counseling or banking services through the Financial Empowerment Center Program",
    "Number of residents who reported that their credit scores were improved through the Financial Empowerment Center Program",
    "Number of residents who reported that their debt was reduced through the Financial Empowerment Center Program",
    "Number of residents who reported that their savings increased through the Financial Empowerment Center Program",
    "Number of residents who received financial counseling or banking services through Residents CAN!",
    "Number of residents who reported that their credit scores were improved through Residents CAN!",
    "Number of residents who reported that their debt was reduced through Residents CAN!",
    "Number of residents who reported that their savings increased through Residents CAN!",
    "Number of residents who received financial counseling or banking services through La Ventanilla",
    "Number of residents who reported that their credit scores were improved through La Ventanilla",
    "Number of residents who reported that their debt was reduced through La Ventanilla",
    "Number of residents who reported that their savings increased through La Ventanilla",
    "Number of residents who received financial counseling or banking services through Ready to Rent",
    "Number of residents who reported that their credit scores were improved through Ready to Rent",
    "Number of residents who reported that their debt was reduced through Ready to Rent",
    "Number of residents who reported that their savings increased through Ready to Rent"
  ],
  "columns": [
    {
      "column_name": "Number of residents who reported that their debt was reduced through La Ventanilla",
      "number_non_empty_cells": 5,
      "number_empty_cells": 0,
      "number_distinct_values": 1,
      "frequent_values": [
        "0"
      ],
      "data_types": [
        {
          "type": "INTEGER (LONG)",
          "count": 5,
          "max_value": 0,
          "min_value": 0,
          "mean": 0.0
        }
      ]
    },
    {
      "column_name": "Number of residents who received financial counseling or banking services through Ready to Rent",
      "number_non_empty_cells": 5,
      "number_empty_cells": 0,
      "number_distinct_values": 2,
      "frequent_values": [
        "< 5",
        "0"
      ],
      "data_types": [
        {
          "type": "INTEGER (LONG)",
          "count": 2,
          "max_value": 0,
          "min_value": 0,
          "mean": 0.0
        },
        {
          "type": "TEXT",
          "count": 3,
          "shortest_values": "< 5",
          "longest_values": "< 5",
          "average_length": 3.0
        }
      ]
    },
    {
      "column_name": "Borough",
      "number_non_empty_cells": 5,
      "number_empty_cells": 0,
      "number_distinct_values": 5,
      "frequent_values": [
        "Bronx",
        "Brooklyn",
        "Mahattan",
        "Queens",
        "Staten Island"
      ],
      "data_types": [
        {
          "type": "TEXT",
          "count": 5,
          "shortest_values": "Bronx",
          "longest_values": "Staten Island",
          "average_length": 8.0
        }
      ]
    },
    {
      "column_name": "Number of residents who reported that their savings increased through Residents CAN!",
      "number_non_empty_cells": 5,
      "number_empty_cells": 0,
      "number_distinct_values": 2,
      "frequent_values": [
        "N/A",
        "< 5"
      ],
      "data_types": [
        {
          "type": "TEXT",
          "count": 5,
          "shortest_values": "< 5",
          "longest_values": "< 5",
          "average_length": 3.0
        }
      ]
    },
    {
      "column_name": "Number of residents who received financial counseling or banking services through Residents CAN!",
      "number_non_empty_cells": 5,
      "number_empty_cells": 0,
      "number_distinct_values": 2,
      "frequent_values": [
        "N/A",
        "119"
      ],
      "data_types": [
        {
          "type": "INTEGER (LONG)",
          "count": 1,
          "max_value": 119,
          "min_value": 119,
          "mean": 119.0
        },
        {
          "type": "TEXT",
          "count": 4,
          "shortest_values": "N/A",
          "longest_values": "N/A",
          "average_length": 3.0
        }
      ]
    },
    {
      "column_name": "Number of residents who reported that their credit scores were improved through Ready to Rent",
      "number_non_empty_cells": 5,
      "number_empty_cells": 0,
      "number_distinct_values": 1,
      "frequent_values": [
        "0"
      ],
      "data_types": [
        {
          "type": "INTEGER (LONG)",
          "count": 5,
          "max_value": 0,
          "min_value": 0,
          "mean": 0.0
        }
      ]
    },
    {
      "column_name": "Number of residents who reported that their credit scores were improved through La Ventanilla",
      "number_non_empty_cells": 5,
      "number_empty_cells": 0,
      "number_distinct_values": 1,
      "frequent_values": [
        "0"
      ],
      "data_types": [
        {
          "type": "INTEGER (LONG)",
          "count": 5,
          "max_value": 0,
          "min_value": 0,
          "mean": 0.0
        }
      ]
    },
    {
      "column_name": "Number of residents who reported that their savings increased through Ready to Rent",
      "number_non_empty_cells": 5,
      "number_empty_cells": 0,
      "number_distinct_values": 1,
      "frequent_values": [
        "0"
      ],
      "data_types": [
        {
          "type": "INTEGER (LONG)",
          "count": 5,
          "max_value": 0,
          "min_value": 0,
          "mean": 0.0
        }
      ]
    },
    {
      "column_name": "Number of residents who reported that their debt was reduced through Residents CAN!",
      "number_non_empty_cells": 5,
      "number_empty_cells": 0,
      "number_distinct_values": 2,
      "frequent_values": [
        "N/A",
        "24"
      ],
      "data_types": [
        {
          "type": "INTEGER (LONG)",
          "count": 1,
          "max_value": 24,
          "min_value": 24,
          "mean": 24.0
        },
        {
          "type": "TEXT",
          "count": 4,
          "shortest_values": "N/A",
          "longest_values": "N/A",
          "average_length": 3.0
        }
      ]
    },
    {
      "column_name": "Number of residents who received financial counseling or banking services through the Financial Empowerment Center Program",
      "number_non_empty_cells": 5,
      "number_empty_cells": 0,
      "number_distinct_values": 5,
      "frequent_values": [
        "52",
        "27",
        "19",
        "127",
        "< 5"
      ],
      "data_types": [
        {
          "type": "INTEGER (LONG)",
          "count": 4,
          "max_value": 127,
          "min_value": 19,
          "mean": 56.25
        },
        {
          "type": "TEXT",
          "count": 1,
          "shortest_values": "< 5",
          "longest_values": "< 5",
          "average_length": 3.0
        }
      ]
    },
    {
      "column_name": "Number of residents who reported that their credit scores were improved through Residents CAN!",
      "number_non_empty_cells": 5,
      "number_empty_cells": 0,
      "number_distinct_values": 2,
      "frequent_values": [
        "N/A",
        "13"
      ],
      "data_types": [
        {
          "type": "INTEGER (LONG)",
          "count": 1,
          "max_value": 13,
          "min_value": 13,
          "mean": 13.0
        },
        {
          "type": "TEXT",
          "count": 4,
          "shortest_values": "N/A",
          "longest_values": "N/A",
          "average_length": 3.0
        }
      ]
    },
    {
      "column_name": "Number of residents who reported that their debt was reduced through the Financial Empowerment Center Program",
      "number_non_empty_cells": 5,
      "number_empty_cells": 0,
      "number_distinct_values": 3,
      "frequent_values": [
        "< 5",
        "0",
        "8"
      ],
      "data_types": [
        {
          "type": "TEXT",
          "count": 2,
          "shortest_values": "< 5",
          "longest_values": "< 5",
          "average_length": 3.0
        },
        {
          "type": "INTEGER (LONG)",
          "count": 3,
          "max_value": 8,
          "min_value": 0,
          "mean": 2.6666666666666665
        }
      ]
    },
    {
      "column_name": "Number of residents who reported that their debt was reduced through Ready to Rent",
      "number_non_empty_cells": 5,
      "number_empty_cells": 0,
      "number_distinct_values": 1,
      "frequent_values": [
        "0"
      ],
      "data_types": [
        {
          "type": "INTEGER (LONG)",
          "count": 5,
          "max_value": 0,
          "min_value": 0,
          "mean": 0.0
        }
      ]
    },
    {
      "column_name": "Number of residents who reported that their savings increased through the Financial Empowerment Center Program",
      "number_non_empty_cells": 5,
      "number_empty_cells": 0,
      "number_distinct_values": 2,
      "frequent_values": [
        "0",
        "< 5"
      ],
      "data_types": [
        {
          "type": "INTEGER (LONG)",
          "count": 4,
          "max_value": 0,
          "min_value": 0,
          "mean": 0.0
        },
        {
          "type": "TEXT",
          "count": 1,
          "shortest_values": "< 5",
          "longest_values": "< 5",
          "average_length": 3.0
        }
      ]
    },
    {
      "column_name": "Number of residents who reported that their savings increased through La Ventanilla",
      "number_non_empty_cells": 5,
      "number_empty_cells": 0,
      "number_distinct_values": 1,
      "frequent_values": [
        "0"
      ],
      "data_types": [
        {
          "type": "INTEGER (LONG)",
          "count": 5,
          "max_value": 0,
          "min_value": 0,
          "mean": 0.0
        }
      ]
    },
    {
      "column_name": "Number of residents who reported that their credit scores were improved through the Financial Empowerment Center Program",
      "number_non_empty_cells": 5,
      "number_empty_cells": 0,
      "number_distinct_values": 2,
      "frequent_values": [
        "< 5",
        "0"
      ],
      "data_types": [
        {
          "type": "INTEGER (LONG)",
          "count": 2,
          "max_value": 0,
          "min_value": 0,
          "mean": 0.0
        },
        {
          "type": "TEXT",
          "count": 3,
          "shortest_values": "< 5",
          "longest_values": "< 5",
          "average_length": 3.0
        }
      ]
    },
    {
      "column_name": "Number of residents who received financial counseling or banking services through La Ventanilla",
      "number_non_empty_cells": 5,
      "number_empty_cells": 0,
      "number_distinct_values": 2,
      "frequent_values": [
        "0",
        "< 5"
      ],
      "data_types": [
        {
          "type": "INTEGER (LONG)",
          "count": 4,
          "max_value": 0,
          "min_value": 0,
          "mean": 0.0
        },
        {
          "type": "TEXT",
          "count": 1,
          "shortest_values": "< 5",
          "longest_values": "< 5",
          "average_length": 3.0
        }
      ]
    }
  ]
}