{
  "dataset_name": "tyjc-nqc2.tsv.gz",
  "key_column_candidates": [
    "Agency",
    "Dataset",
    "Dataset Description",
    "Update Frequency",
    "Planned Release Date",
    "Link"
  ],
  "columns": [
    {
      "column_name": "Agency",
      "number_non_empty_cells": 212,
      "number_empty_cells": 0,
      "number_distinct_values": 35,
      "frequent_values": [
        "Department of City Planning (DCP)",
        "Office of Chief Medical Examiner (OCME)",
        "Department of Transportation (DOT)",
        "Department of Finance (DOF)",
        "Department of Health and Mental Hygiene (DOHMH)"
      ],
      "data_types": [
        {
          "type": "TEXT",
          "count": 212,
          "shortest_values": "Law Department (LAW)",
          "longest_values": "Department of Information Technology and Telecommunications (DoITT)",
          "average_length": 36.49528301886792
        }
      ]
    },
    {
      "column_name": "Update Frequency",
      "number_non_empty_cells": 212,
      "number_empty_cells": 0,
      "number_distinct_values": 11,
      "frequent_values": [
        "Monthly",
        "Annually",
        "As Needed",
        "Quarterly",
        "Daily"
      ],
      "data_types": [
        {
          "type": "TEXT",
          "count": 212,
          "shortest_values": "Daily",
          "longest_values": "To Be Determined",
          "average_length": 8.19811320754717
        }
      ]
    },
    {
      "column_name": "Planned Release Date",
      "number_non_empty_cells": 212,
      "number_empty_cells": 0,
      "number_distinct_values": 35,
      "frequent_values": [
        "12/31/2018",
        "08/01/2016",
        "06/30/2017",
        "10/01/2016",
        "07/15/2016"
      ],
      "data_types": [
        {
          "type": "DATE/TIME",
          "count": 212,
          "max_value": "12/31/2018",
          "min_value": "07/15/2016"
        }
      ]
    },
    {
      "column_name": "Link",
      "number_non_empty_cells": 52,
      "number_empty_cells": 160,
      "number_distinct_values": 26,
      "frequent_values": [
        "",
        "https://data.cityofnewyork.us/City-Government/Monthly-Indicators/8r6c-ydwk",
        "https://data.cityofnewyork.us/Public-Safety/FDNY-Incidents-Responded-to-by-Fire-Companies/tm6d-hbzd",
        "https://data.cityofnewyork.us/Environment/WRP-Coastal-Zone-Boundary-Shapefile/jf36-fifp",
        "https://data.cityofnewyork.us/Transportation/Future-Protected-Streets-Intersections/yupw-u2ax"
      ],
      "data_types": [
        {
          "type": "TEXT",
          "count": 52,
          "shortest_values": "https://data.cityofnewyork.us/Transportation/Bridge-Ratings/9dux-uz3w",
          "longest_values": "https://data.cityofnewyork.us/Transportation/NYCDCP-Manhattan-Bike-Count-Locations/xiyt-f6tz?firstRun=true",
          "average_length": 82.88461538461539
        }
      ]
    },
    {
      "column_name": "Dataset",
      "number_non_empty_cells": 212,
      "number_empty_cells": 0,
      "number_distinct_values": 212,
      "frequent_values": [
        "Future Protected Streets - Intersections",
        "Water Consumption and Cost",
        "Protected Streets - Segments",
        "Electric Consumption and Cost",
        "Oil Consumption and Cost"
      ],
      "data_types": [
        {
          "type": "TEXT",
          "count": 212,
          "shortest_values": "PIMS",
          "longest_values": "Demographic Profiles of ACS 5 Year Estimates at the Neighborhood Tabulation Area (NTA) level ",
          "average_length": 33.22641509433962
        }
      ]
    },
    {
      "column_name": "Dataset Description",
      "number_non_empty_cells": 212,
      "number_empty_cells": 0,
      "number_distinct_values": 200,
      "frequent_values": [
        "Monthly consumption and cost data by borough and development. Data set includes utility vendor and meter information.   ",
        "TBD",
        "NA",
        "Number of active supervision cases closed each\u00a0 month, by supervision category.",
        "Number of active supervision cases closed each\u00a0 month, by closing type category."
      ],
      "data_types": [
        {
          "type": "TEXT",
          "count": 212,
          "shortest_values": "NA",
          "longest_values": "A Plan \"detailing the procurement actions anticipated with respect to each contract set to expire and/or planned for continuation during the upcoming fiscal year. The plan should include, but is not be limited to: \"the type of services to be provided, the authorized maximum amount of funding associated with the program, the authorized number of contracts to be let for a particular program, and the month and year of the next planned competitive solicitation\"",
          "average_length": 94.03301886792453
        }
      ]
    }
  ]
}