{
  "dataset_name": "tzwr-vksx.tsv.gz",
  "key_column_candidates": [
    "DISTRICT",
    "BOROUGH",
    "SMALL PS # BLDGS",
    "SMALL PS # SEATS",
    "SMALL PS COST",
    "PS/IS # BLDGS",
    "PS/IS # SEATS",
    "PS/IS COST",
    "IS/HS # BLDGS",
    "IS/HS # SEATS",
    "IS/HS COST"
  ],
  "columns": [
    {
      "column_name": "SMALL PS COST",
      "number_non_empty_cells": 37,
      "number_empty_cells": 0,
      "number_distinct_values": 21,
      "frequent_values": [
        "0.00",
        "71.53",
        "20.00",
        "2.82",
        "70.81"
      ],
      "data_types": [
        {
          "type": "REAL",
          "count": 37,
          "max_value": 395.79,
          "min_value": 0.0,
          "mean": 77.36729729729728
        }
      ]
    },
    {
      "column_name": "PS/IS COST",
      "number_non_empty_cells": 37,
      "number_empty_cells": 0,
      "number_distinct_values": 13,
      "frequent_values": [
        "0.00",
        "145.41",
        "106.78",
        "4.70",
        "182.02"
      ],
      "data_types": [
        {
          "type": "REAL",
          "count": 37,
          "max_value": 235.9,
          "min_value": 0.0,
          "mean": 25.673513513513512
        }
      ]
    },
    {
      "column_name": "IS/HS COST",
      "number_non_empty_cells": 37,
      "number_empty_cells": 0,
      "number_distinct_values": 3,
      "frequent_values": [
        "0.00",
        "311.00",
        "101.04"
      ],
      "data_types": [
        {
          "type": "REAL",
          "count": 37,
          "max_value": 311.0,
          "min_value": 0.0,
          "mean": 11.136216216216217
        }
      ]
    },
    {
      "column_name": "PS/IS # BLDGS",
      "number_non_empty_cells": 37,
      "number_empty_cells": 0,
      "number_distinct_values": 5,
      "frequent_values": [
        "0",
        "1",
        "2",
        "3",
        "4"
      ],
      "data_types": [
        {
          "type": "INTEGER (LONG)",
          "count": 37,
          "max_value": 4,
          "min_value": 0,
          "mean": 0.5675675675675675
        }
      ]
    },
    {
      "column_name": "DISTRICT",
      "number_non_empty_cells": 37,
      "number_empty_cells": 0,
      "number_distinct_values": 37,
      "frequent_values": [
        "1",
        "2*",
        "3",
        "4",
        "5"
      ],
      "data_types": [
        {
          "type": "INTEGER (LONG)",
          "count": 19,
          "max_value": 32,
          "min_value": 1,
          "mean": 14.526315789473685
        },
        {
          "type": "TEXT",
          "count": 18,
          "shortest_values": "2*",
          "longest_values": "QHS*",
          "average_length": 3.0
        }
      ]
    },
    {
      "column_name": "SMALL PS # BLDGS",
      "number_non_empty_cells": 37,
      "number_empty_cells": 0,
      "number_distinct_values": 8,
      "frequent_values": [
        "0",
        "1",
        "3",
        "5",
        "2"
      ],
      "data_types": [
        {
          "type": "INTEGER (LONG)",
          "count": 37,
          "max_value": 9,
          "min_value": 0,
          "mean": 1.6486486486486487
        }
      ]
    },
    {
      "column_name": "BOROUGH",
      "number_non_empty_cells": 37,
      "number_empty_cells": 0,
      "number_distinct_values": 5,
      "frequent_values": [
        "BROOKLYN",
        "QUEENS",
        "MANHATTAN",
        "BRONX",
        "STATEN ISLAND"
      ],
      "data_types": [
        {
          "type": "TEXT",
          "count": 37,
          "shortest_values": "BRONX",
          "longest_values": "STATEN ISLAND",
          "average_length": 7.45945945945946
        }
      ]
    },
    {
      "column_name": "SMALL PS # SEATS",
      "number_non_empty_cells": 37,
      "number_empty_cells": 0,
      "number_distinct_values": 20,
      "frequent_values": [
        "0",
        "924",
        "1368",
        "245",
        "456"
      ],
      "data_types": [
        {
          "type": "INTEGER (LONG)",
          "count": 37,
          "max_value": 4229,
          "min_value": 0,
          "mean": 723.6756756756756
        }
      ]
    },
    {
      "column_name": "IS/HS # BLDGS",
      "number_non_empty_cells": 37,
      "number_empty_cells": 0,
      "number_distinct_values": 3,
      "frequent_values": [
        "0",
        "5",
        "1"
      ],
      "data_types": [
        {
          "type": "INTEGER (LONG)",
          "count": 37,
          "max_value": 5,
          "min_value": 0,
          "mean": 0.16216216216216217
        }
      ]
    },
    {
      "column_name": "IS/HS # SEATS",
      "number_non_empty_cells": 37,
      "number_empty_cells": 0,
      "number_distinct_values": 3,
      "frequent_values": [
        "0",
        "3595",
        "345"
      ],
      "data_types": [
        {
          "type": "INTEGER (LONG)",
          "count": 37,
          "max_value": 3595,
          "min_value": 0,
          "mean": 106.48648648648648
        }
      ]
    },
    {
      "column_name": "PS/IS # SEATS",
      "number_non_empty_cells": 37,
      "number_empty_cells": 0,
      "number_distinct_values": 12,
      "frequent_values": [
        "0",
        "2261",
        "1782",
        "692",
        "824"
      ],
      "data_types": [
        {
          "type": "INTEGER (LONG)",
          "count": 37,
          "max_value": 2261,
          "min_value": 0,
          "mean": 376.0
        }
      ]
    }
  ]
}