{
  "dataset_name": "uaj7-9szf.tsv.gz",
  "key_column_candidates": [
    " Actual Full-Time Positions by city agency",
    "FY 2018",
    "FY 2017",
    "FY 2016",
    "FY 2015",
    "FY 2014",
    "FY 2013",
    "FY 2012",
    "FY 2011",
    "FY 2010",
    "FY 2009",
    "FY 2008",
    "FY 2007",
    "FY 2006",
    "FY 2005",
    "FY  2004",
    "FY 2003",
    "FY 2002",
    "FY 2001",
    "FY 2000",
    "FY 1999",
    "FY 1998",
    "FY 1997",
    "FY 1996",
    "FY 1995",
    "FY 1994",
    "FY 1993",
    "FY 1992",
    "FY 1991",
    "FY 1990",
    "FY 1989",
    "FY 1988",
    "FY 1987",
    "FY 1986",
    "FY 1985",
    "FY 1984",
    "FY 1983",
    "FY 1982",
    "FY 1981",
    "FY 1980"
  ],
  "columns": [
    {
      "column_name": "FY 2007",
      "number_non_empty_cells": 99,
      "number_empty_cells": 1,
      "number_distinct_values": 74,
      "frequent_values": [
        "- 0",
        "78",
        "46",
        "41",
        "8"
      ],
      "data_types": [
        {
          "type": "DATE/TIME",
          "count": 24,
          "max_value": "2,063",
          "min_value": "1,100"
        },
        {
          "type": "INTEGER (LONG)",
          "count": 48,
          "max_value": 994,
          "min_value": 5,
          "mean": 199.35416666666666
        },
        {
          "type": "TEXT",
          "count": 27,
          "shortest_values": "- 0",
          "longest_values": "10,291",
          "average_length": 3.5185185185185186
        }
      ]
    },
    {
      "column_name": "FY 2001",
      "number_non_empty_cells": 99,
      "number_empty_cells": 1,
      "number_distinct_values": 76,
      "frequent_values": [
        "- 0",
        "15",
        "8",
        "45",
        "213"
      ],
      "data_types": [
        {
          "type": "DATE/TIME",
          "count": 23,
          "max_value": "2,023",
          "min_value": "7,121"
        },
        {
          "type": "INTEGER (LONG)",
          "count": 50,
          "max_value": 869,
          "min_value": 3,
          "mean": 193.78
        },
        {
          "type": "TEXT",
          "count": 26,
          "shortest_values": "- 0",
          "longest_values": "94,397",
          "average_length": 3.576923076923077
        }
      ]
    },
    {
      "column_name": "FY 1987",
      "number_non_empty_cells": 99,
      "number_empty_cells": 1,
      "number_distinct_values": 75,
      "frequent_values": [
        "- 0",
        "30",
        "95",
        "163",
        "1,571"
      ],
      "data_types": [
        {
          "type": "DATE/TIME",
          "count": 23,
          "max_value": "8,067",
          "min_value": "3,184"
        },
        {
          "type": "INTEGER (LONG)",
          "count": 48,
          "max_value": 991,
          "min_value": 3,
          "mean": 226.875
        },
        {
          "type": "TEXT",
          "count": 28,
          "shortest_values": "- 0",
          "longest_values": "72,354",
          "average_length": 3.4285714285714284
        }
      ]
    },
    {
      "column_name": "FY 1988",
      "number_non_empty_cells": 99,
      "number_empty_cells": 1,
      "number_distinct_values": 75,
      "frequent_values": [
        "- 0",
        "36",
        "102",
        "96",
        "1,630"
      ],
      "data_types": [
        {
          "type": "DATE/TIME",
          "count": 23,
          "max_value": "1,057",
          "min_value": "4,180"
        },
        {
          "type": "INTEGER (LONG)",
          "count": 48,
          "max_value": 965,
          "min_value": 3,
          "mean": 242.16666666666666
        },
        {
          "type": "TEXT",
          "count": 28,
          "shortest_values": "- 0",
          "longest_values": "74,002",
          "average_length": 3.4285714285714284
        }
      ]
    },
    {
      "column_name": "FY 2014",
      "number_non_empty_cells": 99,
      "number_empty_cells": 1,
      "number_distinct_values": 75,
      "frequent_values": [
        "- 0",
        "35",
        "62",
        "6",
        "7"
      ],
      "data_types": [
        {
          "type": "DATE/TIME",
          "count": 24,
          "max_value": "1,037",
          "min_value": "109,901"
        },
        {
          "type": "INTEGER (LONG)",
          "count": 48,
          "max_value": 958,
          "min_value": 5,
          "mean": 191.25
        },
        {
          "type": "TEXT",
          "count": 27,
          "shortest_values": "- 0",
          "longest_values": "11,411",
          "average_length": 3.5555555555555554
        }
      ]
    },
    {
      "column_name": "FY 2003",
      "number_non_empty_cells": 99,
      "number_empty_cells": 1,
      "number_distinct_values": 76,
      "frequent_values": [
        "- 0",
        "37",
        "48",
        "12",
        "720"
      ],
      "data_types": [
        {
          "type": "DATE/TIME",
          "count": 23,
          "max_value": "9,024",
          "min_value": "7,146"
        },
        {
          "type": "INTEGER (LONG)",
          "count": 52,
          "max_value": 910,
          "min_value": 3,
          "mean": 194.8653846153846
        },
        {
          "type": "TEXT",
          "count": 24,
          "shortest_values": "- 0",
          "longest_values": "93,926",
          "average_length": 3.5
        }
      ]
    },
    {
      "column_name": "FY 2000",
      "number_non_empty_cells": 99,
      "number_empty_cells": 1,
      "number_distinct_values": 76,
      "frequent_values": [
        "- 0",
        "28",
        "44",
        "47",
        "14"
      ],
      "data_types": [
        {
          "type": "DATE/TIME",
          "count": 23,
          "max_value": "2,025",
          "min_value": "1,114"
        },
        {
          "type": "INTEGER (LONG)",
          "count": 50,
          "max_value": 883,
          "min_value": 3,
          "mean": 193.9
        },
        {
          "type": "TEXT",
          "count": 26,
          "shortest_values": "- 0",
          "longest_values": "92,790",
          "average_length": 3.576923076923077
        }
      ]
    },
    {
      "column_name": "FY 1998",
      "number_non_empty_cells": 99,
      "number_empty_cells": 1,
      "number_distinct_values": 75,
      "frequent_values": [
        "- 0",
        "35",
        "8",
        "88",
        "44"
      ],
      "data_types": [
        {
          "type": "DATE/TIME",
          "count": 23,
          "max_value": "1,026",
          "min_value": "4,118"
        },
        {
          "type": "INTEGER (LONG)",
          "count": 51,
          "max_value": 949,
          "min_value": 3,
          "mean": 191.68627450980392
        },
        {
          "type": "TEXT",
          "count": 25,
          "shortest_values": "- 0",
          "longest_values": "86,179",
          "average_length": 3.6
        }
      ]
    },
    {
      "column_name": "FY 1986",
      "number_non_empty_cells": 99,
      "number_empty_cells": 1,
      "number_distinct_values": 75,
      "frequent_values": [
        "- 0",
        "86",
        "84",
        "36",
        "1,491"
      ],
      "data_types": [
        {
          "type": "DATE/TIME",
          "count": 22,
          "max_value": "4,058",
          "min_value": "6,179"
        },
        {
          "type": "INTEGER (LONG)",
          "count": 49,
          "max_value": 997,
          "min_value": 3,
          "mean": 231.6734693877551
        },
        {
          "type": "TEXT",
          "count": 28,
          "shortest_values": "- 0",
          "longest_values": "72,034",
          "average_length": 3.4285714285714284
        }
      ]
    },
    {
      "column_name": "FY 1980",
      "number_non_empty_cells": 99,
      "number_empty_cells": 1,
      "number_distinct_values": 79,
      "frequent_values": [
        "- 0",
        "16",
        "13",
        "1,128",
        "286"
      ],
      "data_types": [
        {
          "type": "DATE/TIME",
          "count": 23,
          "max_value": "4,022",
          "min_value": "7,112"
        },
        {
          "type": "INTEGER (LONG)",
          "count": 51,
          "max_value": 996,
          "min_value": 3,
          "mean": 193.47058823529412
        },
        {
          "type": "TEXT",
          "count": 25,
          "shortest_values": "- 0",
          "longest_values": "63,554",
          "average_length": 3.48
        }
      ]
    },
    {
      "column_name": "FY 2017",
      "number_non_empty_cells": 100,
      "number_empty_cells": 0,
      "number_distinct_values": 76,
      "frequent_values": [
        "- 0",
        "38",
        "166",
        "8",
        "1,075"
      ],
      "data_types": [
        {
          "type": "DATE/TIME",
          "count": 25,
          "max_value": "1,055",
          "min_value": "118,671"
        },
        {
          "type": "INTEGER (LONG)",
          "count": 47,
          "max_value": 967,
          "min_value": 5,
          "mean": 182.40425531914894
        },
        {
          "type": "TEXT",
          "count": 28,
          "shortest_values": "- 0",
          "longest_values": "12,528",
          "average_length": 3.642857142857143
        }
      ]
    },
    {
      "column_name": "FY 2012",
      "number_non_empty_cells": 99,
      "number_empty_cells": 1,
      "number_distinct_values": 76,
      "frequent_values": [
        "- 0",
        "59",
        "39",
        "7",
        "864"
      ],
      "data_types": [
        {
          "type": "DATE/TIME",
          "count": 24,
          "max_value": "5,055",
          "min_value": "2,105"
        },
        {
          "type": "INTEGER (LONG)",
          "count": 48,
          "max_value": 976,
          "min_value": 4,
          "mean": 183.35416666666666
        },
        {
          "type": "TEXT",
          "count": 27,
          "shortest_values": "- 0",
          "longest_values": "11,091",
          "average_length": 3.5555555555555554
        }
      ]
    },
    {
      "column_name": "FY 1984",
      "number_non_empty_cells": 99,
      "number_empty_cells": 1,
      "number_distinct_values": 76,
      "frequent_values": [
        "- 0",
        "49",
        "1,350",
        "299",
        "22"
      ],
      "data_types": [
        {
          "type": "DATE/TIME",
          "count": 21,
          "max_value": "1,048",
          "min_value": "208,536"
        },
        {
          "type": "INTEGER (LONG)",
          "count": 49,
          "max_value": 999,
          "min_value": 3,
          "mean": 231.0408163265306
        },
        {
          "type": "TEXT",
          "count": 29,
          "shortest_values": "- 0",
          "longest_values": "67,352",
          "average_length": 3.413793103448276
        }
      ]
    },
    {
      "column_name": "FY 1990",
      "number_non_empty_cells": 99,
      "number_empty_cells": 1,
      "number_distinct_values": 78,
      "frequent_values": [
        "- 0",
        "29",
        "106",
        "90",
        "1,480"
      ],
      "data_types": [
        {
          "type": "DATE/TIME",
          "count": 22,
          "max_value": "7,067",
          "min_value": "1,142"
        },
        {
          "type": "INTEGER (LONG)",
          "count": 51,
          "max_value": 967,
          "min_value": 3,
          "mean": 244.90196078431373
        },
        {
          "type": "TEXT",
          "count": 26,
          "shortest_values": "- 0",
          "longest_values": "77,780",
          "average_length": 3.576923076923077
        }
      ]
    },
    {
      "column_name": "FY 2013",
      "number_non_empty_cells": 99,
      "number_empty_cells": 1,
      "number_distinct_values": 71,
      "frequent_values": [
        "- 0",
        "36",
        "55",
        "39",
        "5"
      ],
      "data_types": [
        {
          "type": "DATE/TIME",
          "count": 24,
          "max_value": "1,052",
          "min_value": "108,416"
        },
        {
          "type": "INTEGER (LONG)",
          "count": 48,
          "max_value": 950,
          "min_value": 5,
          "mean": 187.47916666666666
        },
        {
          "type": "TEXT",
          "count": 27,
          "shortest_values": "- 0",
          "longest_values": "11,202",
          "average_length": 3.5555555555555554
        }
      ]
    },
    {
      "column_name": "FY 2005",
      "number_non_empty_cells": 99,
      "number_empty_cells": 1,
      "number_distinct_values": 74,
      "frequent_values": [
        "- 0",
        "44",
        "27",
        "41",
        "4"
      ],
      "data_types": [
        {
          "type": "DATE/TIME",
          "count": 23,
          "max_value": "4,081",
          "min_value": "108,717"
        },
        {
          "type": "INTEGER (LONG)",
          "count": 50,
          "max_value": 893,
          "min_value": 4,
          "mean": 214.74
        },
        {
          "type": "TEXT",
          "count": 26,
          "shortest_values": "- 0",
          "longest_values": "10,023",
          "average_length": 3.4615384615384617
        }
      ]
    },
    {
      "column_name": "FY  2004",
      "number_non_empty_cells": 99,
      "number_empty_cells": 1,
      "number_distinct_values": 72,
      "frequent_values": [
        "- 0",
        "8",
        "51",
        "73",
        "228"
      ],
      "data_types": [
        {
          "type": "DATE/TIME",
          "count": 24,
          "max_value": "3,978",
          "min_value": "107,932"
        },
        {
          "type": "INTEGER (LONG)",
          "count": 50,
          "max_value": 844,
          "min_value": 4,
          "mean": 204.92
        },
        {
          "type": "TEXT",
          "count": 25,
          "shortest_values": "- 0",
          "longest_values": "35,442",
          "average_length": 3.36
        }
      ]
    },
    {
      "column_name": "FY 2011",
      "number_non_empty_cells": 99,
      "number_empty_cells": 1,
      "number_distinct_values": 79,
      "frequent_values": [
        "- 0",
        "8",
        "893",
        "341",
        "81"
      ],
      "data_types": [
        {
          "type": "DATE/TIME",
          "count": 24,
          "max_value": "1,068",
          "min_value": "108,343"
        },
        {
          "type": "INTEGER (LONG)",
          "count": 49,
          "max_value": 986,
          "min_value": 3,
          "mean": 189.20408163265307
        },
        {
          "type": "TEXT",
          "count": 26,
          "shortest_values": "- 0",
          "longest_values": "11,067",
          "average_length": 3.576923076923077
        }
      ]
    },
    {
      "column_name": "FY 2008",
      "number_non_empty_cells": 99,
      "number_empty_cells": 1,
      "number_distinct_values": 74,
      "frequent_values": [
        "- 0",
        "54",
        "48",
        "8",
        "5"
      ],
      "data_types": [
        {
          "type": "DATE/TIME",
          "count": 24,
          "max_value": "2,052",
          "min_value": "112,852"
        },
        {
          "type": "INTEGER (LONG)",
          "count": 47,
          "max_value": 923,
          "min_value": 5,
          "mean": 185.9787234042553
        },
        {
          "type": "TEXT",
          "count": 28,
          "shortest_values": "- 0",
          "longest_values": "10,760",
          "average_length": 3.607142857142857
        }
      ]
    },
    {
      "column_name": "FY 2006",
      "number_non_empty_cells": 99,
      "number_empty_cells": 1,
      "number_distinct_values": 75,
      "frequent_values": [
        "- 0",
        "41",
        "61",
        "57",
        "16"
      ],
      "data_types": [
        {
          "type": "DATE/TIME",
          "count": 24,
          "max_value": "1,023",
          "min_value": "2,103"
        },
        {
          "type": "INTEGER (LONG)",
          "count": 49,
          "max_value": 932,
          "min_value": 4,
          "mean": 210.3673469387755
        },
        {
          "type": "TEXT",
          "count": 26,
          "shortest_values": "- 0",
          "longest_values": "10,416",
          "average_length": 3.4615384615384617
        }
      ]
    },
    {
      "column_name": "FY 1996",
      "number_non_empty_cells": 99,
      "number_empty_cells": 1,
      "number_distinct_values": 75,
      "frequent_values": [
        "- 0",
        "154",
        "6,861",
        "104",
        "11"
      ],
      "data_types": [
        {
          "type": "DATE/TIME",
          "count": 22,
          "max_value": "1,066",
          "min_value": "1,102"
        },
        {
          "type": "INTEGER (LONG)",
          "count": 51,
          "max_value": 810,
          "min_value": 3,
          "mean": 184.4313725490196
        },
        {
          "type": "TEXT",
          "count": 26,
          "shortest_values": "- 0",
          "longest_values": "79,098",
          "average_length": 3.576923076923077
        }
      ]
    },
    {
      "column_name": "FY 1985",
      "number_non_empty_cells": 99,
      "number_empty_cells": 1,
      "number_distinct_values": 75,
      "frequent_values": [
        "- 0",
        "35",
        "86",
        "3",
        "1,486"
      ],
      "data_types": [
        {
          "type": "DATE/TIME",
          "count": 22,
          "max_value": "1,005",
          "min_value": "1,168"
        },
        {
          "type": "INTEGER (LONG)",
          "count": 49,
          "max_value": 990,
          "min_value": 3,
          "mean": 222.79591836734693
        },
        {
          "type": "TEXT",
          "count": 28,
          "shortest_values": "- 0",
          "longest_values": "69,659",
          "average_length": 3.4285714285714284
        }
      ]
    },
    {
      "column_name": "FY 1999",
      "number_non_empty_cells": 99,
      "number_empty_cells": 1,
      "number_distinct_values": 77,
      "frequent_values": [
        "- 0",
        "31",
        "7",
        "14",
        "922"
      ],
      "data_types": [
        {
          "type": "DATE/TIME",
          "count": 23,
          "max_value": "9,057",
          "min_value": "2,101"
        },
        {
          "type": "INTEGER (LONG)",
          "count": 50,
          "max_value": 922,
          "min_value": 3,
          "mean": 195.02
        },
        {
          "type": "TEXT",
          "count": 26,
          "shortest_values": "- 0",
          "longest_values": "89,281",
          "average_length": 3.576923076923077
        }
      ]
    },
    {
      "column_name": "FY 1981",
      "number_non_empty_cells": 99,
      "number_empty_cells": 1,
      "number_distinct_values": 74,
      "frequent_values": [
        "- 0",
        "81",
        "17",
        "19",
        "92"
      ],
      "data_types": [
        {
          "type": "DATE/TIME",
          "count": 22,
          "max_value": "1,021",
          "min_value": "1,133"
        },
        {
          "type": "INTEGER (LONG)",
          "count": 51,
          "max_value": 903,
          "min_value": 3,
          "mean": 186.94117647058823
        },
        {
          "type": "TEXT",
          "count": 26,
          "shortest_values": "- 0",
          "longest_values": "63,700",
          "average_length": 3.4615384615384617
        }
      ]
    },
    {
      "column_name": " Actual Full-Time Positions by city agency",
      "number_non_empty_cells": 100,
      "number_empty_cells": 0,
      "number_distinct_values": 100,
      "frequent_values": [
        "Mayoralty",
        "Board of Elections",
        "Campaign Finance Board",
        "Board of Estimate - Secretary",
        "Board of Estimate - Franchises"
      ],
      "data_types": [
        {
          "type": "TEXT",
          "count": 100,
          "shortest_values": "Total",
          "longest_values": "Office of Administrative Trials and Hearings",
          "average_length": 28.25
        }
      ]
    },
    {
      "column_name": "FY 2002",
      "number_non_empty_cells": 99,
      "number_empty_cells": 1,
      "number_distinct_values": 76,
      "frequent_values": [
        "- 0",
        "79",
        "13",
        "7",
        "4"
      ],
      "data_types": [
        {
          "type": "DATE/TIME",
          "count": 22,
          "max_value": "3,971",
          "min_value": "1,135"
        },
        {
          "type": "INTEGER (LONG)",
          "count": 50,
          "max_value": 858,
          "min_value": 4,
          "mean": 190.88
        },
        {
          "type": "TEXT",
          "count": 27,
          "shortest_values": "- 0",
          "longest_values": "94,162",
          "average_length": 3.6296296296296298
        }
      ]
    },
    {
      "column_name": "FY 1994",
      "number_non_empty_cells": 98,
      "number_empty_cells": 2,
      "number_distinct_values": 80,
      "frequent_values": [
        "0",
        "32",
        "",
        "20",
        "3"
      ],
      "data_types": [
        {
          "type": "INTEGER (LONG)",
          "count": 98,
          "max_value": 246783,
          "min_value": 0,
          "mean": 5036.3877551020405
        }
      ]
    },
    {
      "column_name": "FY 1992",
      "number_non_empty_cells": 99,
      "number_empty_cells": 1,
      "number_distinct_values": 79,
      "frequent_values": [
        "- 0",
        "19",
        "7",
        "1,337",
        "347"
      ],
      "data_types": [
        {
          "type": "DATE/TIME",
          "count": 23,
          "max_value": "2,066",
          "min_value": "1,192"
        },
        {
          "type": "INTEGER (LONG)",
          "count": 50,
          "max_value": 836,
          "min_value": 3,
          "mean": 223.46
        },
        {
          "type": "TEXT",
          "count": 26,
          "shortest_values": "- 0",
          "longest_values": "76,110",
          "average_length": 3.576923076923077
        }
      ]
    },
    {
      "column_name": "FY 2018",
      "number_non_empty_cells": 100,
      "number_empty_cells": 0,
      "number_distinct_values": 75,
      "frequent_values": [
        "- 0",
        "50",
        "40",
        "8",
        "155"
      ],
      "data_types": [
        {
          "type": "DATE/TIME",
          "count": 25,
          "max_value": "1,033",
          "min_value": "119,900"
        },
        {
          "type": "INTEGER (LONG)",
          "count": 47,
          "max_value": 999,
          "min_value": 5,
          "mean": 187.48936170212767
        },
        {
          "type": "TEXT",
          "count": 28,
          "shortest_values": "- 0",
          "longest_values": "12,799",
          "average_length": 3.642857142857143
        }
      ]
    },
    {
      "column_name": "FY 2015",
      "number_non_empty_cells": 99,
      "number_empty_cells": 1,
      "number_distinct_values": 75,
      "frequent_values": [
        "- 0",
        "367",
        "34",
        "7",
        "8"
      ],
      "data_types": [
        {
          "type": "DATE/TIME",
          "count": 24,
          "max_value": "1,042",
          "min_value": "2,100"
        },
        {
          "type": "INTEGER (LONG)",
          "count": 48,
          "max_value": 941,
          "min_value": 5,
          "mean": 199.625
        },
        {
          "type": "TEXT",
          "count": 27,
          "shortest_values": "- 0",
          "longest_values": "11,693",
          "average_length": 3.5555555555555554
        }
      ]
    },
    {
      "column_name": "FY 2010",
      "number_non_empty_cells": 99,
      "number_empty_cells": 1,
      "number_distinct_values": 77,
      "frequent_values": [
        "- 0",
        "35",
        "6",
        "907",
        "341"
      ],
      "data_types": [
        {
          "type": "DATE/TIME",
          "count": 25,
          "max_value": "1,014",
          "min_value": "110,389"
        },
        {
          "type": "INTEGER (LONG)",
          "count": 47,
          "max_value": 907,
          "min_value": 4,
          "mean": 177.4255319148936
        },
        {
          "type": "TEXT",
          "count": 27,
          "shortest_values": "- 0",
          "longest_values": "10,836",
          "average_length": 3.5555555555555554
        }
      ]
    },
    {
      "column_name": "FY 1995",
      "number_non_empty_cells": 99,
      "number_empty_cells": 1,
      "number_distinct_values": 78,
      "frequent_values": [
        "- 0",
        "81",
        "13",
        "7",
        "1,079"
      ],
      "data_types": [
        {
          "type": "DATE/TIME",
          "count": 22,
          "max_value": "1,004",
          "min_value": "1,103"
        },
        {
          "type": "INTEGER (LONG)",
          "count": 51,
          "max_value": 826,
          "min_value": 3,
          "mean": 193.37254901960785
        },
        {
          "type": "TEXT",
          "count": 26,
          "shortest_values": "- 0",
          "longest_values": "81,456",
          "average_length": 3.576923076923077
        }
      ]
    },
    {
      "column_name": "FY 1997",
      "number_non_empty_cells": 99,
      "number_empty_cells": 1,
      "number_distinct_values": 79,
      "frequent_values": [
        "- 0",
        "11",
        "955",
        "304",
        "34"
      ],
      "data_types": [
        {
          "type": "DATE/TIME",
          "count": 23,
          "max_value": "4,001",
          "min_value": "1,131"
        },
        {
          "type": "INTEGER (LONG)",
          "count": 50,
          "max_value": 955,
          "min_value": 3,
          "mean": 191.2
        },
        {
          "type": "TEXT",
          "count": 26,
          "shortest_values": "- 0",
          "longest_values": "81,086",
          "average_length": 3.576923076923077
        }
      ]
    },
    {
      "column_name": "FY 1993",
      "number_non_empty_cells": 99,
      "number_empty_cells": 1,
      "number_distinct_values": 78,
      "frequent_values": [
        "- 0",
        "320",
        "23",
        "3",
        "56"
      ],
      "data_types": [
        {
          "type": "DATE/TIME",
          "count": 23,
          "max_value": "2,001",
          "min_value": "1,101"
        },
        {
          "type": "INTEGER (LONG)",
          "count": 51,
          "max_value": 868,
          "min_value": 3,
          "mean": 219.07843137254903
        },
        {
          "type": "TEXT",
          "count": 25,
          "shortest_values": "- 0",
          "longest_values": "78,771",
          "average_length": 3.6
        }
      ]
    },
    {
      "column_name": "FY 1991",
      "number_non_empty_cells": 98,
      "number_empty_cells": 2,
      "number_distinct_values": 81,
      "frequent_values": [
        "0",
        "42",
        "104",
        "",
        "59"
      ],
      "data_types": [
        {
          "type": "INTEGER (LONG)",
          "count": 98,
          "max_value": 253112,
          "min_value": 0,
          "mean": 5165.551020408163
        }
      ]
    },
    {
      "column_name": "FY 1989",
      "number_non_empty_cells": 99,
      "number_empty_cells": 1,
      "number_distinct_values": 79,
      "frequent_values": [
        "- 0",
        "34",
        "1,697",
        "298",
        "27"
      ],
      "data_types": [
        {
          "type": "DATE/TIME",
          "count": 23,
          "max_value": "3,044",
          "min_value": "7,111"
        },
        {
          "type": "INTEGER (LONG)",
          "count": 50,
          "max_value": 979,
          "min_value": 3,
          "mean": 244.66
        },
        {
          "type": "TEXT",
          "count": 26,
          "shortest_values": "- 0",
          "longest_values": "75,980",
          "average_length": 3.4615384615384617
        }
      ]
    },
    {
      "column_name": "FY 2016",
      "number_non_empty_cells": 99,
      "number_empty_cells": 1,
      "number_distinct_values": 75,
      "frequent_values": [
        "- 0",
        "37",
        "159",
        "10",
        "8"
      ],
      "data_types": [
        {
          "type": "DATE/TIME",
          "count": 25,
          "max_value": "1,051",
          "min_value": "2,104"
        },
        {
          "type": "INTEGER (LONG)",
          "count": 47,
          "max_value": 921,
          "min_value": 5,
          "mean": 191.68085106382978
        },
        {
          "type": "TEXT",
          "count": 27,
          "shortest_values": "- 0",
          "longest_values": "12,248",
          "average_length": 3.5555555555555554
        }
      ]
    },
    {
      "column_name": "FY 2009",
      "number_non_empty_cells": 99,
      "number_empty_cells": 1,
      "number_distinct_values": 76,
      "frequent_values": [
        "- 0",
        "62",
        "38",
        "8",
        "928"
      ],
      "data_types": [
        {
          "type": "DATE/TIME",
          "count": 25,
          "max_value": "9,068",
          "min_value": "112,993"
        },
        {
          "type": "INTEGER (LONG)",
          "count": 47,
          "max_value": 928,
          "min_value": 4,
          "mean": 184.17021276595744
        },
        {
          "type": "TEXT",
          "count": 27,
          "shortest_values": "- 0",
          "longest_values": "10,733",
          "average_length": 3.5555555555555554
        }
      ]
    },
    {
      "column_name": "FY 1983",
      "number_non_empty_cells": 99,
      "number_empty_cells": 1,
      "number_distinct_values": 74,
      "frequent_values": [
        "- 0",
        "79",
        "36",
        "49",
        "7"
      ],
      "data_types": [
        {
          "type": "DATE/TIME",
          "count": 23,
          "max_value": "1,013",
          "min_value": "8,171"
        },
        {
          "type": "INTEGER (LONG)",
          "count": 48,
          "max_value": 900,
          "min_value": 3,
          "mean": 187.5625
        },
        {
          "type": "TEXT",
          "count": 28,
          "shortest_values": "- 0",
          "longest_values": "64,313",
          "average_length": 3.4285714285714284
        }
      ]
    },
    {
      "column_name": "FY 1982",
      "number_non_empty_cells": 99,
      "number_empty_cells": 1,
      "number_distinct_values": 77,
      "frequent_values": [
        "- 0",
        "7",
        "1,243",
        "301",
        "26"
      ],
      "data_types": [
        {
          "type": "DATE/TIME",
          "count": 22,
          "max_value": "1,012",
          "min_value": "6,140"
        },
        {
          "type": "INTEGER (LONG)",
          "count": 49,
          "max_value": 902,
          "min_value": 3,
          "mean": 200.3673469387755
        },
        {
          "type": "TEXT",
          "count": 28,
          "shortest_values": "- 0",
          "longest_values": "64,751",
          "average_length": 3.4285714285714284
        }
      ]
    }
  ]
}