{
  "dataset_name": "ub9e-s7ai.tsv.gz",
  "key_column_candidates": [
    "CSD",
    "BOROUGH",
    "GRADE LEVEL",
    "PROGRAM TYPE",
    "CORE SUBJECT (MS CORE and 09-12 ONLY)",
    "SERVICE CATEGORY(0K-08 ONLY)",
    "CLASS SIZE",
    "NUMBER OF CLASSES",
    "NUMBER OF STUDENTS",
    "PERCENT OF STUDENTS IN DISTRICT / PROGRAM / GRADE / SUBJECT"
  ],
  "columns": [
    {
      "column_name": "NUMBER OF STUDENTS",
      "number_non_empty_cells": 12382,
      "number_empty_cells": 0,
      "number_distinct_values": 752,
      "frequent_values": [
        "18",
        "16",
        "15",
        "30",
        "36"
      ],
      "data_types": [
        {
          "type": "INTEGER (LONG)",
          "count": 12382,
          "max_value": 7684,
          "min_value": 2,
          "mean": 216.52923598772412
        }
      ]
    },
    {
      "column_name": "PROGRAM TYPE",
      "number_non_empty_cells": 12382,
      "number_empty_cells": 0,
      "number_distinct_values": 3,
      "frequent_values": [
        "GEN ED / CTT",
        "GEN ED / CTT / G&T",
        "SPEC ED"
      ],
      "data_types": [
        {
          "type": "TEXT",
          "count": 12382,
          "shortest_values": "SPEC ED",
          "longest_values": "GEN ED / CTT / G&T",
          "average_length": 13.136811500565337
        }
      ]
    },
    {
      "column_name": "CORE SUBJECT (MS CORE and 09-12 ONLY)",
      "number_non_empty_cells": 12382,
      "number_empty_cells": 0,
      "number_distinct_values": 5,
      "frequent_values": [
        "-",
        "English",
        "Math",
        "Social Studies",
        "Science"
      ],
      "data_types": [
        {
          "type": "TEXT",
          "count": 12382,
          "shortest_values": "-",
          "longest_values": "Social Studies",
          "average_length": 5.1490066225165565
        }
      ]
    },
    {
      "column_name": "CLASS SIZE",
      "number_non_empty_cells": 12382,
      "number_empty_cells": 0,
      "number_distinct_values": 33,
      "frequent_values": [
        "25",
        "26",
        "23",
        "24",
        "27"
      ],
      "data_types": [
        {
          "type": "INTEGER (LONG)",
          "count": 11416,
          "max_value": 34,
          "min_value": 6,
          "mean": 21.648475823405747
        },
        {
          "type": "TEXT",
          "count": 966,
          "shortest_values": "<6",
          "longest_values": "<15",
          "average_length": 2.746376811594203
        }
      ]
    },
    {
      "column_name": "SERVICE CATEGORY(0K-08 ONLY)",
      "number_non_empty_cells": 12382,
      "number_empty_cells": 0,
      "number_distinct_values": 6,
      "frequent_values": [
        "-",
        "12:1:1",
        "12:1",
        "8:1:1",
        "6:1:1"
      ],
      "data_types": [
        {
          "type": "DATE/TIME",
          "count": 548,
          "max_value": "15:1",
          "min_value": "6:1:1"
        },
        {
          "type": "TEXT",
          "count": 11834,
          "shortest_values": "-",
          "longest_values": "-",
          "average_length": 1.0
        }
      ]
    },
    {
      "column_name": "BOROUGH",
      "number_non_empty_cells": 12382,
      "number_empty_cells": 0,
      "number_distinct_values": 5,
      "frequent_values": [
        "K",
        "Q",
        "X",
        "M",
        "R"
      ],
      "data_types": [
        {
          "type": "TEXT",
          "count": 12382,
          "shortest_values": "M",
          "longest_values": "M",
          "average_length": 1.0
        }
      ]
    },
    {
      "column_name": "NUMBER OF CLASSES",
      "number_non_empty_cells": 12382,
      "number_empty_cells": 0,
      "number_distinct_values": 129,
      "frequent_values": [
        "1",
        "2",
        "3",
        "4",
        "5"
      ],
      "data_types": [
        {
          "type": "INTEGER (LONG)",
          "count": 12382,
          "max_value": 226,
          "min_value": 1,
          "mean": 8.706832498788565
        }
      ]
    },
    {
      "column_name": "GRADE LEVEL",
      "number_non_empty_cells": 12382,
      "number_empty_cells": 0,
      "number_distinct_values": 12,
      "frequent_values": [
        "09-12",
        "MS Core",
        "0K-09",
        "02",
        "06"
      ],
      "data_types": [
        {
          "type": "DATE/TIME",
          "count": 3721,
          "max_value": "09-12",
          "min_value": "09-12"
        },
        {
          "type": "INTEGER (LONG)",
          "count": 4068,
          "max_value": 8,
          "min_value": 1,
          "mean": 4.4945919370698135
        },
        {
          "type": "TEXT",
          "count": 4593,
          "shortest_values": "0K",
          "longest_values": "MS Core",
          "average_length": 6.311778793816678
        }
      ]
    },
    {
      "column_name": "CSD",
      "number_non_empty_cells": 12382,
      "number_empty_cells": 0,
      "number_distinct_values": 32,
      "frequent_values": [
        "9",
        "27",
        "10",
        "31",
        "11"
      ],
      "data_types": [
        {
          "type": "INTEGER (LONG)",
          "count": 12382,
          "max_value": 32,
          "min_value": 1,
          "mean": 16.57535131642707
        }
      ]
    },
    {
      "column_name": "PERCENT OF STUDENTS IN DISTRICT / PROGRAM / GRADE / SUBJECT",
      "number_non_empty_cells": 12382,
      "number_empty_cells": 0,
      "number_distinct_values": 68,
      "frequent_values": [
        "0.01",
        "0.02",
        "0.03",
        "0.04",
        "0.05"
      ],
      "data_types": [
        {
          "type": "REAL",
          "count": 11971,
          "max_value": 0.83,
          "min_value": 0.01,
          "mean": 0.07217525687076619
        },
        {
          "type": "INTEGER (LONG)",
          "count": 411,
          "max_value": 1,
          "min_value": 0,
          "mean": 0.0413625304136253
        }
      ]
    }
  ]
}