{
  "dataset_name": "ubdi-jgw2.tsv.gz",
  "key_column_candidates": [
    "Borough Number",
    "Building Name",
    "Building Address",
    "Borough",
    "State",
    "Postcode",
    "Block",
    "Lot",
    "FY15 Energy Usage (MMBTU) [Utility energy, excluding Fuel Oil",
    "Latitude",
    "Longitude",
    "Community Board",
    "Council District",
    "Census Tract",
    "BIN",
    "BBL",
    "NTA"
  ],
  "columns": [
    {
      "column_name": "FY15 Energy Usage (MMBTU) [Utility energy, excluding Fuel Oil",
      "number_non_empty_cells": 55,
      "number_empty_cells": 0,
      "number_distinct_values": 55,
      "frequent_values": [
        "92117",
        "11385",
        "126511",
        "64582",
        "1429"
      ],
      "data_types": [
        {
          "type": "INTEGER (LONG)",
          "count": 55,
          "max_value": 126511,
          "min_value": 106,
          "mean": 23958.636363636364
        }
      ]
    },
    {
      "column_name": "Building Name",
      "number_non_empty_cells": 55,
      "number_empty_cells": 0,
      "number_distinct_values": 55,
      "frequent_values": [
        "Manhattan Municipal Building",
        "Staten Island Borough Hall",
        "Manhattan Criminal Court",
        "100 Gold St",
        "Staten Island Family Court"
      ],
      "data_types": [
        {
          "type": "TEXT",
          "count": 55,
          "shortest_values": "City Hall",
          "longest_values": "Division of Facilities Management and Construction Shops",
          "average_length": 21.945454545454545
        }
      ]
    },
    {
      "column_name": "Borough",
      "number_non_empty_cells": 55,
      "number_empty_cells": 0,
      "number_distinct_values": 5,
      "frequent_values": [
        "Manhattan",
        "Brooklyn",
        "Staten Island",
        "Bronx",
        "Queens"
      ],
      "data_types": [
        {
          "type": "TEXT",
          "count": 55,
          "shortest_values": "Bronx",
          "longest_values": "Staten Island",
          "average_length": 8.49090909090909
        }
      ]
    },
    {
      "column_name": "Latitude",
      "number_non_empty_cells": 49,
      "number_empty_cells": 6,
      "number_distinct_values": 50,
      "frequent_values": [
        "",
        "40.713001",
        "40.642197",
        "40.716084",
        "40.710353"
      ],
      "data_types": [
        {
          "type": "REAL",
          "count": 49,
          "max_value": 40.89074,
          "min_value": 40.625509,
          "mean": 40.715258673469386
        }
      ]
    },
    {
      "column_name": "Council District",
      "number_non_empty_cells": 49,
      "number_empty_cells": 6,
      "number_distinct_values": 15,
      "frequent_values": [
        "1",
        "33",
        "49",
        "",
        "16"
      ],
      "data_types": [
        {
          "type": "INTEGER (LONG)",
          "count": 49,
          "max_value": 49,
          "min_value": 1,
          "mean": 19.6734693877551
        }
      ]
    },
    {
      "column_name": "BIN",
      "number_non_empty_cells": 48,
      "number_empty_cells": 7,
      "number_distinct_values": 49,
      "frequent_values": [
        "",
        "1001394",
        "5000063",
        "1079000",
        "1001289"
      ],
      "data_types": [
        {
          "type": "INTEGER (LONG)",
          "count": 48,
          "max_value": 5151735,
          "min_value": 1001289,
          "mean": 2578315.5833333335
        }
      ]
    },
    {
      "column_name": "BBL",
      "number_non_empty_cells": 48,
      "number_empty_cells": 7,
      "number_distinct_values": 49,
      "frequent_values": [
        "",
        "1001210001",
        "5000070001",
        "1001670001",
        "1000940025"
      ],
      "data_types": [
        {
          "type": "INTEGER (LONG)",
          "count": 48,
          "max_value": 5005420009,
          "min_value": 1000940025,
          "mean": 2514993606.1041665
        }
      ]
    },
    {
      "column_name": "Block",
      "number_non_empty_cells": 55,
      "number_empty_cells": 0,
      "number_distinct_values": 48,
      "frequent_values": [
        "153",
        "7",
        "169",
        "139",
        "140"
      ],
      "data_types": [
        {
          "type": "INTEGER (LONG)",
          "count": 55,
          "max_value": 10093,
          "min_value": 6,
          "mean": 1430.8909090909092
        }
      ]
    },
    {
      "column_name": "Longitude",
      "number_non_empty_cells": 49,
      "number_empty_cells": 6,
      "number_distinct_values": 50,
      "frequent_values": [
        "",
        "-74.004181",
        "-74.075201",
        "-74.001425",
        "-74.004007"
      ],
      "data_types": [
        {
          "type": "REAL",
          "count": 49,
          "max_value": -73.803261,
          "min_value": -74.083403,
          "mean": -73.97506346938773
        }
      ]
    },
    {
      "column_name": "Building Address",
      "number_non_empty_cells": 55,
      "number_empty_cells": 0,
      "number_distinct_values": 55,
      "frequent_values": [
        "1 Centre St ",
        "10 Richmond Ter ",
        "100 Centre Street ",
        "100 Gold St ",
        "100 Richmond Ter "
      ],
      "data_types": [
        {
          "type": "TEXT",
          "count": 55,
          "shortest_values": "330 Jay St ",
          "longest_values": "66-26 Metropolitan Ave ",
          "average_length": 16.036363636363635
        }
      ]
    },
    {
      "column_name": "State",
      "number_non_empty_cells": 55,
      "number_empty_cells": 0,
      "number_distinct_values": 1,
      "frequent_values": [
        "New York"
      ],
      "data_types": [
        {
          "type": "TEXT",
          "count": 55,
          "shortest_values": "New York",
          "longest_values": "New York",
          "average_length": 8.0
        }
      ]
    },
    {
      "column_name": "Lot",
      "number_non_empty_cells": 55,
      "number_empty_cells": 0,
      "number_distinct_values": 26,
      "frequent_values": [
        "1",
        "22",
        "17",
        "6",
        "18"
      ],
      "data_types": [
        {
          "type": "INTEGER (LONG)",
          "count": 55,
          "max_value": 7503,
          "min_value": 1,
          "mean": 423.3818181818182
        }
      ]
    },
    {
      "column_name": "Postcode",
      "number_non_empty_cells": 55,
      "number_empty_cells": 0,
      "number_distinct_values": 23,
      "frequent_values": [
        "10007",
        "10013",
        "11201",
        "10301",
        "10451"
      ],
      "data_types": [
        {
          "type": "INTEGER (LONG)",
          "count": 55,
          "max_value": 11435,
          "min_value": 10002,
          "mean": 10500.690909090908
        }
      ]
    },
    {
      "column_name": "Census Tract",
      "number_non_empty_cells": 49,
      "number_empty_cells": 6,
      "number_distinct_values": 27,
      "frequent_values": [
        "31",
        "",
        "29",
        "3",
        "11"
      ],
      "data_types": [
        {
          "type": "INTEGER (LONG)",
          "count": 49,
          "max_value": 61301,
          "min_value": 3,
          "mean": 2859.877551020408
        }
      ]
    },
    {
      "column_name": "NTA",
      "number_non_empty_cells": 49,
      "number_empty_cells": 6,
      "number_distinct_values": 20,
      "frequent_values": [
        "SoHo-TriBeCa-Civic Center-Little Italy                                     ",
        "DUMBO-Vinegar Hill-Downtown Brooklyn-Boerum Hill                           ",
        "",
        "Chinatown                                                                  ",
        "West New Brighton-New Brighton-St. George                                  "
      ],
      "data_types": [
        {
          "type": "TEXT",
          "count": 49,
          "shortest_values": "Chinatown                                                                  ",
          "longest_values": "Chinatown                                                                  ",
          "average_length": 75.0
        }
      ]
    },
    {
      "column_name": "Borough Number",
      "number_non_empty_cells": 55,
      "number_empty_cells": 0,
      "number_distinct_values": 5,
      "frequent_values": [
        "1",
        "3",
        "5",
        "2",
        "4"
      ],
      "data_types": [
        {
          "type": "INTEGER (LONG)",
          "count": 55,
          "max_value": 5,
          "min_value": 1,
          "mean": 2.4909090909090907
        }
      ]
    },
    {
      "column_name": "Community Board",
      "number_non_empty_cells": 49,
      "number_empty_cells": 6,
      "number_distinct_values": 10,
      "frequent_values": [
        "1",
        "2",
        "",
        "4",
        "12"
      ],
      "data_types": [
        {
          "type": "INTEGER (LONG)",
          "count": 49,
          "max_value": 12,
          "min_value": 1,
          "mean": 3.2448979591836733
        }
      ]
    }
  ]
}