{
  "dataset_name": "uchs-jqh4.tsv.gz",
  "key_column_candidates": [
    "DBN",
    "School Name",
    "School Pupil-Teacher Ratio"
  ],
  "columns": [
    {
      "column_name": "DBN",
      "number_non_empty_cells": 1571,
      "number_empty_cells": 0,
      "number_distinct_values": 1571,
      "frequent_values": [
        "15K001",
        "12X691",
        "11X567",
        "09X555",
        "12X536"
      ],
      "data_types": [
        {
          "type": "DATE/TIME",
          "count": 34,
          "max_value": "06M052",
          "min_value": "01M015"
        },
        {
          "type": "TEXT",
          "count": 1537,
          "shortest_values": "15K001",
          "longest_values": "15K001",
          "average_length": 6.0
        }
      ]
    },
    {
      "column_name": "School Name",
      "number_non_empty_cells": 1571,
      "number_empty_cells": 0,
      "number_distinct_values": 1568,
      "frequent_values": [
        "P.S. 360",
        "P.S. 253",
        "P.S. 212",
        "P.S. 001 THE BERGEN",
        "BRONX LITTLE SCHOOL"
      ],
      "data_types": [
        {
          "type": "TEXT",
          "count": 1571,
          "shortest_values": "PS 78",
          "longest_values": "ENGLISH LANGUAGE LEARNERS AND INTERNATIONAL SUPPORT PREPARATORY ACADEMY (ELLIS)",
          "average_length": 28.86569064290261
        }
      ]
    },
    {
      "column_name": "School Pupil-Teacher Ratio",
      "number_non_empty_cells": 1571,
      "number_empty_cells": 0,
      "number_distinct_values": 1569,
      "frequent_values": [
        "10",
        "14.5",
        "13.4427",
        "12.04752",
        "16.86666"
      ],
      "data_types": [
        {
          "type": "REAL",
          "count": 1563,
          "max_value": 28.48841,
          "min_value": 4.489074,
          "mean": 14.389594286628276
        },
        {
          "type": "INTEGER (LONG)",
          "count": 8,
          "max_value": 25,
          "min_value": 8,
          "mean": 14.25
        }
      ]
    }
  ]
}