{
  "dataset_name": "ugzk-a6x4.tsv.gz",
  "key_column_candidates": [
    "Publication Date",
    "Fiscal Year",
    "Fundind Source Name",
    "FPS Group",
    "FPS Group Name",
    "Agency Number",
    "Agency Name",
    "Revenue Category",
    "Revenue Category Name",
    "Revenue Class Code",
    "Revenue Class Name",
    "Budget Code",
    "Revenue Source",
    "Revenue Source Name",
    "Revenue Structure Description",
    "Adopted Budget Amount",
    "Current Modified Budget Amount",
    "Yr1_FY",
    "Year 1 Revenue Amount",
    "Year 2 Revenue Amount",
    "Year 3 Revenue Amount",
    "Year 4 Revenue Amount",
    "Year 5 Revenue Amount"
  ],
  "columns": [
    {
      "column_name": "Revenue Category",
      "number_non_empty_cells": 20265,
      "number_empty_cells": 0,
      "number_distinct_values": 13,
      "frequent_values": [
        "25",
        "22",
        "26",
        "27",
        "24"
      ],
      "data_types": [
        {
          "type": "INTEGER (LONG)",
          "count": 20265,
          "max_value": 90,
          "min_value": 20,
          "mean": 25.022699235134468
        }
      ]
    },
    {
      "column_name": "Year 2 Revenue Amount",
      "number_non_empty_cells": 20265,
      "number_empty_cells": 0,
      "number_distinct_values": 2700,
      "frequent_values": [
        "0",
        "50000",
        "1000000",
        "150000",
        "100000"
      ],
      "data_types": [
        {
          "type": "INTEGER (LONG)",
          "count": 20265,
          "max_value": 14647000000,
          "min_value": -1357000000,
          "mean": 48518276.19195657
        }
      ]
    },
    {
      "column_name": "Budget Code",
      "number_non_empty_cells": 20265,
      "number_empty_cells": 0,
      "number_distinct_values": 1693,
      "frequent_values": [
        "0421",
        "0302",
        "0031",
        "8000",
        "8701"
      ],
      "data_types": [
        {
          "type": "TEXT",
          "count": 834,
          "shortest_values": "Z001",
          "longest_values": "Z001",
          "average_length": 4.0
        },
        {
          "type": "INTEGER (LONG)",
          "count": 19431,
          "max_value": 9988,
          "min_value": 17,
          "mean": 3473.4447017652205
        }
      ]
    },
    {
      "column_name": "Fundind Source Name",
      "number_non_empty_cells": 20265,
      "number_empty_cells": 0,
      "number_distinct_values": 7,
      "frequent_values": [
        "Federal Grants",
        "City Funds",
        "State Grants",
        "Other Categorical Grants",
        "Intra-City"
      ],
      "data_types": [
        {
          "type": "TEXT",
          "count": 20265,
          "shortest_values": "City Funds",
          "longest_values": "Other Categorical Grants",
          "average_length": 13.850283740439181
        }
      ]
    },
    {
      "column_name": "Revenue Class Code",
      "number_non_empty_cells": 20265,
      "number_empty_cells": 0,
      "number_distinct_values": 77,
      "frequent_values": [
        "013",
        "039",
        "293",
        "010",
        "214"
      ],
      "data_types": [
        {
          "type": "INTEGER (LONG)",
          "count": 20265,
          "max_value": 437,
          "min_value": 1,
          "mean": 166.6249198124846
        }
      ]
    },
    {
      "column_name": "Current Modified Budget Amount",
      "number_non_empty_cells": 20230,
      "number_empty_cells": 35,
      "number_distinct_values": 7157,
      "frequent_values": [
        "0",
        "100000",
        "50000",
        "150000",
        "1000000"
      ],
      "data_types": [
        {
          "type": "INTEGER (LONG)",
          "count": 20230,
          "max_value": 14613000000,
          "min_value": -1379000000,
          "mean": 48686765.56717746
        }
      ]
    },
    {
      "column_name": "Year 4 Revenue Amount",
      "number_non_empty_cells": 20265,
      "number_empty_cells": 0,
      "number_distinct_values": 2204,
      "frequent_values": [
        "0",
        "1000000",
        "50000",
        "150000",
        "10000"
      ],
      "data_types": [
        {
          "type": "INTEGER (LONG)",
          "count": 20265,
          "max_value": 15131000000,
          "min_value": -1425000000,
          "mean": 51318958.47915125
        }
      ]
    },
    {
      "column_name": "Revenue Category Name",
      "number_non_empty_cells": 20265,
      "number_empty_cells": 0,
      "number_distinct_values": 15,
      "frequent_values": [
        "CHARGES FOR SERVICES",
        "Federal Grants and Contracts-Categorical",
        "Federal Grants-Categorical",
        "Non-Governmental Grants",
        "State Grants and Contracts-Categorical"
      ],
      "data_types": [
        {
          "type": "TEXT",
          "count": 20265,
          "shortest_values": "TAXES",
          "longest_values": "Federal Grants and Contracts-Categorical",
          "average_length": 26.656945472489515
        }
      ]
    },
    {
      "column_name": "Revenue Class Name",
      "number_non_empty_cells": 20265,
      "number_empty_cells": 0,
      "number_distinct_values": 72,
      "frequent_values": [
        "INTRA-CITY CHARGES",
        "NONGOVT GRANTS-OTHER",
        "Health and Human Services",
        "GENERAL GOVERNMENTAL CHARGES",
        "HOUSING AND URBAN DEVELOPMENT"
      ],
      "data_types": [
        {
          "type": "TEXT",
          "count": 20265,
          "shortest_values": "FINES",
          "longest_values": "U.S. SOCIAL SECURITY ADMINISTRATION",
          "average_length": 19.07392055267703
        }
      ]
    },
    {
      "column_name": "Year 1 Revenue Amount",
      "number_non_empty_cells": 20265,
      "number_empty_cells": 0,
      "number_distinct_values": 6955,
      "frequent_values": [
        "0",
        "100000",
        "50000",
        "150000",
        "1000000"
      ],
      "data_types": [
        {
          "type": "INTEGER (LONG)",
          "count": 20265,
          "max_value": 14613000000,
          "min_value": -1379000000,
          "mean": 48724972.84983963
        }
      ]
    },
    {
      "column_name": "Agency Number",
      "number_non_empty_cells": 20265,
      "number_empty_cells": 0,
      "number_distinct_values": 81,
      "frequent_values": [
        "816",
        "806",
        "846",
        "056",
        "841"
      ],
      "data_types": [
        {
          "type": "INTEGER (LONG)",
          "count": 20265,
          "max_value": 945,
          "min_value": 2,
          "mean": 504.10821613619544
        }
      ]
    },
    {
      "column_name": "Yr1_FY",
      "number_non_empty_cells": 20265,
      "number_empty_cells": 0,
      "number_distinct_values": 4,
      "frequent_values": [
        "2019",
        "2017",
        "2018",
        "2016"
      ],
      "data_types": [
        {
          "type": "INTEGER (LONG)",
          "count": 20265,
          "max_value": 2019,
          "min_value": 2016,
          "mean": 2017.620429311621
        }
      ]
    },
    {
      "column_name": "Revenue Source",
      "number_non_empty_cells": 20265,
      "number_empty_cells": 0,
      "number_distinct_values": 664,
      "frequent_values": [
        "00595",
        "43900",
        "50002",
        "00470",
        "00859"
      ],
      "data_types": [
        {
          "type": "INTEGER (LONG)",
          "count": 20265,
          "max_value": 99993,
          "min_value": 1,
          "mean": 17006.767875647667
        }
      ]
    },
    {
      "column_name": "Revenue Source Name",
      "number_non_empty_cells": 20265,
      "number_empty_cells": 0,
      "number_distinct_values": 652,
      "frequent_values": [
        "OTHER SERVICES/FEES",
        "PRIVATE GRANTS",
        "Continuum of Care - Shelter Plus Care",
        "OTHER SERVICES AND FEES",
        "SUNDRIES"
      ],
      "data_types": [
        {
          "type": "TEXT",
          "count": 20265,
          "shortest_values": "SUNDRIES",
          "longest_values": "HHS Programs for Disaster Relief Appropriations Act - Non Co",
          "average_length": 25.41421169504071
        }
      ]
    },
    {
      "column_name": "Revenue Structure Description",
      "number_non_empty_cells": 20257,
      "number_empty_cells": 8,
      "number_distinct_values": 3951,
      "frequent_values": [
        "OTHER SERVICES/FEES",
        "SARA GRANT - LGRMIF",
        "FEMA SANDY E BUILDINGS AND EQUIPMENT",
        "STOP D. W.I. PROGRAM",
        "PLANYC ENERGY - DCAS"
      ],
      "data_types": [
        {
          "type": "TEXT",
          "count": 20257,
          "shortest_values": "TANF",
          "longest_values": "SAFE STEPS TO TRANSIT PHASE 1 INCREASE PEDESTRIAN ACCESSIBILITY TO BUS AND RAIL",
          "average_length": 26.303253196425928
        }
      ]
    },
    {
      "column_name": "FPS Group Name",
      "number_non_empty_cells": 20265,
      "number_empty_cells": 0,
      "number_distinct_values": 38,
      "frequent_values": [
        "Other - Federal",
        "Other Categorical Grants",
        "Intra-City Revenue",
        "Other - State Grants",
        "Charges for Service"
      ],
      "data_types": [
        {
          "type": "TEXT",
          "count": 20265,
          "shortest_values": "Hotel",
          "longest_values": "Reserve for Disallowance of Categorical Grants",
          "average_length": 19.528053293856402
        }
      ]
    },
    {
      "column_name": "Adopted Budget Amount",
      "number_non_empty_cells": 20244,
      "number_empty_cells": 21,
      "number_distinct_values": 2280,
      "frequent_values": [
        "0",
        "50000",
        "1000000",
        "150000",
        "100000"
      ],
      "data_types": [
        {
          "type": "INTEGER (LONG)",
          "count": 20244,
          "max_value": 13646000000,
          "min_value": -1402000000,
          "mean": 46746927.96492788
        }
      ]
    },
    {
      "column_name": "Year 3 Revenue Amount",
      "number_non_empty_cells": 20265,
      "number_empty_cells": 0,
      "number_distinct_values": 2321,
      "frequent_values": [
        "0",
        "50000",
        "1000000",
        "150000",
        "10000"
      ],
      "data_types": [
        {
          "type": "INTEGER (LONG)",
          "count": 20265,
          "max_value": 14672000000,
          "min_value": -1382000000,
          "mean": 49771411.41075747
        }
      ]
    },
    {
      "column_name": "Fiscal Year",
      "number_non_empty_cells": 20205,
      "number_empty_cells": 60,
      "number_distinct_values": 4,
      "frequent_values": [
        "2017",
        "2019",
        "2018",
        ""
      ],
      "data_types": [
        {
          "type": "INTEGER (LONG)",
          "count": 20205,
          "max_value": 2019,
          "min_value": 2017,
          "mean": 2017.8128186092551
        }
      ]
    },
    {
      "column_name": "Year 5 Revenue Amount",
      "number_non_empty_cells": 20265,
      "number_empty_cells": 0,
      "number_distinct_values": 2134,
      "frequent_values": [
        "0",
        "1000000",
        "50000",
        "150000",
        "10000"
      ],
      "data_types": [
        {
          "type": "INTEGER (LONG)",
          "count": 20265,
          "max_value": 15581000000,
          "min_value": -1475000000,
          "mean": 52624809.267061435
        }
      ]
    },
    {
      "column_name": "Publication Date",
      "number_non_empty_cells": 20265,
      "number_empty_cells": 0,
      "number_distinct_values": 11,
      "frequent_values": [
        "2016 06 14",
        "2017 6 06",
        "2016 04 26",
        "2018 6 14",
        "2019 06 19"
      ],
      "data_types": [
        {
          "type": "DATE/TIME",
          "count": 18562,
          "max_value": "2019 06 19",
          "min_value": "2016 04 26"
        },
        {
          "type": "INTEGER (LONG)",
          "count": 1703,
          "max_value": 20170124,
          "min_value": 20170124,
          "mean": 20170124.0
        }
      ]
    },
    {
      "column_name": "FPS Group",
      "number_non_empty_cells": 20265,
      "number_empty_cells": 0,
      "number_distinct_values": 37,
      "frequent_values": [
        "35",
        "30",
        "24",
        "40",
        "19"
      ],
      "data_types": [
        {
          "type": "INTEGER (LONG)",
          "count": 20265,
          "max_value": 40,
          "min_value": 1,
          "mean": 30.089217863311127
        }
      ]
    },
    {
      "column_name": "Agency Name",
      "number_non_empty_cells": 20265,
      "number_empty_cells": 0,
      "number_distinct_values": 81,
      "frequent_values": [
        "Department of Health and Mental Hygiene",
        "Housing Preservation and Development",
        "Department of Parks and Recreation",
        "Police Department",
        "Department of Transportation"
      ],
      "data_types": [
        {
          "type": "TEXT",
          "count": 20265,
          "shortest_values": "Mayoralty",
          "longest_values": "Department of Information Technology and Telecommunications",
          "average_length": 30.582778188995807
        }
      ]
    }
  ]
}