{
  "dataset_name": "uz9h-5uv2.tsv.gz",
  "key_column_candidates": [
    "Borough",
    "Category Type",
    "Category Values",
    "Total#",
    "Total%",
    "Male#",
    "Male%",
    "Female#",
    "Female%"
  ],
  "columns": [
    {
      "column_name": "Male#",
      "number_non_empty_cells": 393,
      "number_empty_cells": 0,
      "number_distinct_values": 24,
      "frequent_values": [
        "s",
        "25",
        "36",
        "21",
        "17"
      ],
      "data_types": [
        {
          "type": "INTEGER (LONG)",
          "count": 26,
          "max_value": 224,
          "min_value": 11,
          "mean": 66.07692307692308
        },
        {
          "type": "TEXT",
          "count": 367,
          "shortest_values": "s",
          "longest_values": "s",
          "average_length": 1.0
        }
      ]
    },
    {
      "column_name": "Male%",
      "number_non_empty_cells": 393,
      "number_empty_cells": 0,
      "number_distinct_values": 26,
      "frequent_values": [
        "s",
        "11.7",
        "5.9",
        "72.5",
        "11.9"
      ],
      "data_types": [
        {
          "type": "REAL",
          "count": 26,
          "max_value": 78.3,
          "min_value": 4.9,
          "mean": 34.892307692307696
        },
        {
          "type": "TEXT",
          "count": 367,
          "shortest_values": "s",
          "longest_values": "s",
          "average_length": 1.0
        }
      ]
    },
    {
      "column_name": "Borough",
      "number_non_empty_cells": 393,
      "number_empty_cells": 0,
      "number_distinct_values": 4,
      "frequent_values": [
        "Brooklyn",
        "Bronx",
        "Manhattan",
        "Queens"
      ],
      "data_types": [
        {
          "type": "TEXT",
          "count": 393,
          "shortest_values": "Bronx",
          "longest_values": "Manhattan",
          "average_length": 6.923664122137405
        }
      ]
    },
    {
      "column_name": "Total%",
      "number_non_empty_cells": 393,
      "number_empty_cells": 0,
      "number_distinct_values": 60,
      "frequent_values": [
        "s",
        "4.1",
        "10.5",
        "14.6",
        "3.4"
      ],
      "data_types": [
        {
          "type": "REAL",
          "count": 66,
          "max_value": 81.7,
          "min_value": 1.9,
          "mean": 22.36515151515152
        },
        {
          "type": "TEXT",
          "count": 327,
          "shortest_values": "s",
          "longest_values": "s",
          "average_length": 1.0
        }
      ]
    },
    {
      "column_name": "Category Values",
      "number_non_empty_cells": 393,
      "number_empty_cells": 0,
      "number_distinct_values": 313,
      "frequent_values": [
        "21-40% Attendance Rate",
        "41-60% Attendance Rate",
        "81-100% Attendance Rate",
        "61-80% Attendance Rate",
        "Not SWD"
      ],
      "data_types": [
        {
          "type": "TEXT",
          "count": 393,
          "shortest_values": "SWD",
          "longest_values": "Transferred to a part-time DOE GED progr",
          "average_length": 9.73791348600509
        }
      ]
    },
    {
      "column_name": "Female#",
      "number_non_empty_cells": 393,
      "number_empty_cells": 0,
      "number_distinct_values": 21,
      "frequent_values": [
        "s",
        "23",
        "16",
        "20",
        "19"
      ],
      "data_types": [
        {
          "type": "INTEGER (LONG)",
          "count": 25,
          "max_value": 216,
          "min_value": 11,
          "mean": 56.8
        },
        {
          "type": "TEXT",
          "count": 368,
          "shortest_values": "s",
          "longest_values": "s",
          "average_length": 1.0
        }
      ]
    },
    {
      "column_name": "Female%",
      "number_non_empty_cells": 393,
      "number_empty_cells": 0,
      "number_distinct_values": 25,
      "frequent_values": [
        "s",
        "10.6",
        "80.6",
        "79.5",
        "20.5"
      ],
      "data_types": [
        {
          "type": "REAL",
          "count": 25,
          "max_value": 84.9,
          "min_value": 7.7,
          "mean": 38.06
        },
        {
          "type": "TEXT",
          "count": 368,
          "shortest_values": "s",
          "longest_values": "s",
          "average_length": 1.0
        }
      ]
    },
    {
      "column_name": "Category Type",
      "number_non_empty_cells": 393,
      "number_empty_cells": 0,
      "number_distinct_values": 6,
      "frequent_values": [
        "To School",
        "Discharge",
        "GPA",
        "Attendance",
        "SWD Status"
      ],
      "data_types": [
        {
          "type": "TEXT",
          "count": 393,
          "shortest_values": "GPA",
          "longest_values": "Attendance",
          "average_length": 8.78117048346056
        }
      ]
    },
    {
      "column_name": "Total#",
      "number_non_empty_cells": 393,
      "number_empty_cells": 0,
      "number_distinct_values": 47,
      "frequent_values": [
        "s",
        "38",
        "14",
        "15",
        "11"
      ],
      "data_types": [
        {
          "type": "INTEGER (LONG)",
          "count": 66,
          "max_value": 440,
          "min_value": 10,
          "mean": 69.78787878787878
        },
        {
          "type": "TEXT",
          "count": 327,
          "shortest_values": "s",
          "longest_values": "s",
          "average_length": 1.0
        }
      ]
    }
  ]
}