{
  "dataset_name": "ven4-h25u.tsv.gz",
  "key_column_candidates": [
    "Fiscal_Year",
    "Location",
    "S1: Label a: FY14 Revised Base ",
    "S1: Label b: FSF & TL 09 C4E CTT ",
    "S1: Label c: FSF Over Formula",
    "S2: Label d: FSF Preliminary",
    "S2: Label a: FY14 Revised Base",
    "S2: Label f: Register Change",
    "S2: Label g: Teacher Salary Growth",
    "S2: Label h: New School Foundation",
    "S3: Label i: FY14 FSF at 100%",
    "S3: Foundation  ",
    "S3: Label d - Foundation",
    "S3: Label i - Foundation",
    "S3: Label j: FSF Final%",
    "S4: Label d: FY14 FSF Initial",
    "S4: AC Name: FSF (HS)",
    "S4: AC Name: TL09 C4E CTT (HS)",
    "S4: AC Name: Funds Over Formula",
    "S5: TL SE Transitional Funding",
    "As_Of_Date"
  ],
  "columns": [
    {
      "column_name": "S1: Label c: FSF Over Formula",
      "number_non_empty_cells": 1577,
      "number_empty_cells": 0,
      "number_distinct_values": 119,
      "frequent_values": [
        "0.00",
        "94499.00",
        "21181.00",
        "914621.00",
        "361756.00"
      ],
      "data_types": [
        {
          "type": "REAL",
          "count": 1577,
          "max_value": 1080205.0,
          "min_value": 0.0,
          "mean": 11449.171211160432
        }
      ]
    },
    {
      "column_name": "S4: AC Name: FSF (HS)",
      "number_non_empty_cells": 1577,
      "number_empty_cells": 0,
      "number_distinct_values": 1575,
      "frequent_values": [
        "684796.00",
        "695016.00",
        "5858476.00",
        "2514001.00",
        "2104797.00"
      ],
      "data_types": [
        {
          "type": "REAL",
          "count": 1577,
          "max_value": 25408396.0,
          "min_value": 373288.0,
          "mean": 3189056.728598605
        }
      ]
    },
    {
      "column_name": "S4: AC Name: Funds Over Formula",
      "number_non_empty_cells": 1577,
      "number_empty_cells": 0,
      "number_distinct_values": 119,
      "frequent_values": [
        "0.00",
        "94499.00",
        "21181.00",
        "914621.00",
        "361756.00"
      ],
      "data_types": [
        {
          "type": "REAL",
          "count": 1577,
          "max_value": 1080205.0,
          "min_value": 0.0,
          "mean": 11449.171211160432
        }
      ]
    },
    {
      "column_name": "S2: Label a: FY14 Revised Base",
      "number_non_empty_cells": 1577,
      "number_empty_cells": 0,
      "number_distinct_values": 1553,
      "frequent_values": [
        "0.00",
        "5957603.00",
        "2565500.00",
        "2364807.00",
        "1711158.00"
      ],
      "data_types": [
        {
          "type": "REAL",
          "count": 1577,
          "max_value": 25341987.0,
          "min_value": 0.0,
          "mean": 3222972.7698161067
        }
      ]
    },
    {
      "column_name": "Fiscal_Year",
      "number_non_empty_cells": 1577,
      "number_empty_cells": 0,
      "number_distinct_values": 1,
      "frequent_values": [
        "2015"
      ],
      "data_types": [
        {
          "type": "INTEGER (LONG)",
          "count": 1577,
          "max_value": 2015,
          "min_value": 2015,
          "mean": 2015.0
        }
      ]
    },
    {
      "column_name": "S3: Foundation  ",
      "number_non_empty_cells": 1577,
      "number_empty_cells": 0,
      "number_distinct_values": 1,
      "frequent_values": [
        "225000.00"
      ],
      "data_types": [
        {
          "type": "REAL",
          "count": 1577,
          "max_value": 225000.0,
          "min_value": 225000.0,
          "mean": 225000.0
        }
      ]
    },
    {
      "column_name": "S3: Label j: FSF Final%",
      "number_non_empty_cells": 1577,
      "number_empty_cells": 0,
      "number_distinct_values": 923,
      "frequent_values": [
        "0.81",
        "1",
        "0.8811",
        "0.8108",
        "0.8317"
      ],
      "data_types": [
        {
          "type": "REAL",
          "count": 1470,
          "max_value": 1.8194,
          "min_value": 0.81,
          "mean": 0.8832922448979552
        },
        {
          "type": "INTEGER (LONG)",
          "count": 107,
          "max_value": 1,
          "min_value": 1,
          "mean": 1.0
        }
      ]
    },
    {
      "column_name": "S3: Label i - Foundation",
      "number_non_empty_cells": 1577,
      "number_empty_cells": 0,
      "number_distinct_values": 1575,
      "frequent_values": [
        "459795.70",
        "470016.16",
        "6856416.99",
        "2812276.59",
        "2225195.30"
      ],
      "data_types": [
        {
          "type": "REAL",
          "count": 1577,
          "max_value": 28823257.41,
          "min_value": 179045.09,
          "mean": 3443756.517742555
        }
      ]
    },
    {
      "column_name": "S5: TL SE Transitional Funding",
      "number_non_empty_cells": 1577,
      "number_empty_cells": 0,
      "number_distinct_values": 504,
      "frequent_values": [
        "0.00",
        "5024.00",
        "10049.00",
        "13410.00",
        "25122.00"
      ],
      "data_types": [
        {
          "type": "REAL",
          "count": 1577,
          "max_value": 307069.0,
          "min_value": 0.0,
          "mean": 15726.474318325936
        }
      ]
    },
    {
      "column_name": "S2: Label g: Teacher Salary Growth",
      "number_non_empty_cells": 1577,
      "number_empty_cells": 0,
      "number_distinct_values": 1,
      "frequent_values": [
        "0.00"
      ],
      "data_types": [
        {
          "type": "REAL",
          "count": 1577,
          "max_value": 0.0,
          "min_value": 0.0,
          "mean": 0.0
        }
      ]
    },
    {
      "column_name": "S3: Label d - Foundation",
      "number_non_empty_cells": 1577,
      "number_empty_cells": 0,
      "number_distinct_values": 1575,
      "frequent_values": [
        "459795.70",
        "470016.16",
        "5633476.18",
        "2289000.62",
        "1951535.16"
      ],
      "data_types": [
        {
          "type": "REAL",
          "count": 1577,
          "max_value": 25183395.64,
          "min_value": 161817.21,
          "mean": 3009650.876778694
        }
      ]
    },
    {
      "column_name": "S4: Label d: FY14 FSF Initial",
      "number_non_empty_cells": 1577,
      "number_empty_cells": 0,
      "number_distinct_values": 1575,
      "frequent_values": [
        "684796.00",
        "695016.00",
        "5858476.00",
        "2514001.00",
        "2176535.00"
      ],
      "data_types": [
        {
          "type": "REAL",
          "count": 1577,
          "max_value": 25408396.0,
          "min_value": 386817.0,
          "mean": 3234650.882054534
        }
      ]
    },
    {
      "column_name": "S2: Label h: New School Foundation",
      "number_non_empty_cells": 1577,
      "number_empty_cells": 0,
      "number_distinct_values": 2,
      "frequent_values": [
        "0.00",
        "225000.00"
      ],
      "data_types": [
        {
          "type": "REAL",
          "count": 1577,
          "max_value": 225000.0,
          "min_value": 0.0,
          "mean": 3566.899175649968
        }
      ]
    },
    {
      "column_name": "S4: AC Name: TL09 C4E CTT (HS)",
      "number_non_empty_cells": 1577,
      "number_empty_cells": 0,
      "number_distinct_values": 48,
      "frequent_values": [
        "0.00",
        "71738.00",
        "143476.00",
        "7174.00",
        "14348.00"
      ],
      "data_types": [
        {
          "type": "REAL",
          "count": 1577,
          "max_value": 523688.0,
          "min_value": 0.0,
          "mean": 34144.98224476855
        }
      ]
    },
    {
      "column_name": "S2: Label d: FSF Preliminary",
      "number_non_empty_cells": 1577,
      "number_empty_cells": 0,
      "number_distinct_values": 1575,
      "frequent_values": [
        "684795.70",
        "695016.16",
        "5858476.18",
        "2514000.62",
        "2176535.16"
      ],
      "data_types": [
        {
          "type": "REAL",
          "count": 1577,
          "max_value": 25408395.64,
          "min_value": 386817.21,
          "mean": 3234650.8767786943
        }
      ]
    },
    {
      "column_name": "S3: Label i: FY14 FSF at 100%",
      "number_non_empty_cells": 1577,
      "number_empty_cells": 0,
      "number_distinct_values": 1575,
      "frequent_values": [
        "684795.70",
        "695016.16",
        "7081416.99",
        "3037276.59",
        "2450195.30"
      ],
      "data_types": [
        {
          "type": "REAL",
          "count": 1577,
          "max_value": 29048257.41,
          "min_value": 404045.09,
          "mean": 3668756.517742555
        }
      ]
    },
    {
      "column_name": "Location",
      "number_non_empty_cells": 1577,
      "number_empty_cells": 0,
      "number_distinct_values": 1577,
      "frequent_values": [
        "K001",
        "K002",
        "K003",
        "K005",
        "K006"
      ],
      "data_types": [
        {
          "type": "DATE/TIME",
          "count": 34,
          "max_value": "M059",
          "min_value": "M001"
        },
        {
          "type": "TEXT",
          "count": 1543,
          "shortest_values": "K001",
          "longest_values": "K001",
          "average_length": 4.0
        }
      ]
    },
    {
      "column_name": "S1: Label b: FSF & TL 09 C4E CTT ",
      "number_non_empty_cells": 1577,
      "number_empty_cells": 0,
      "number_distinct_values": 1553,
      "frequent_values": [
        "0.00",
        "5957603.00",
        "2565500.00",
        "2364807.00",
        "1711158.00"
      ],
      "data_types": [
        {
          "type": "REAL",
          "count": 1577,
          "max_value": 25341987.0,
          "min_value": 0.0,
          "mean": 3211523.598604946
        }
      ]
    },
    {
      "column_name": "S2: Label f: Register Change",
      "number_non_empty_cells": 1577,
      "number_empty_cells": 0,
      "number_distinct_values": 1575,
      "frequent_values": [
        "459795.70",
        "470016.16",
        "-99126.82",
        "-51499.38",
        "-188271.84"
      ],
      "data_types": [
        {
          "type": "REAL",
          "count": 1577,
          "max_value": 1110294.25,
          "min_value": -3152970.39,
          "mean": 8111.207786937222
        }
      ]
    },
    {
      "column_name": "As_Of_Date",
      "number_non_empty_cells": 1577,
      "number_empty_cells": 0,
      "number_distinct_values": 1,
      "frequent_values": [
        "05/29/2014"
      ],
      "data_types": [
        {
          "type": "DATE/TIME",
          "count": 1577,
          "max_value": "05/29/2014",
          "min_value": "05/29/2014"
        }
      ]
    },
    {
      "column_name": "S1: Label a: FY14 Revised Base ",
      "number_non_empty_cells": 1577,
      "number_empty_cells": 0,
      "number_distinct_values": 1553,
      "frequent_values": [
        "0.00",
        "5957603.00",
        "2565500.00",
        "2364807.00",
        "1711158.00"
      ],
      "data_types": [
        {
          "type": "REAL",
          "count": 1577,
          "max_value": 25341987.0,
          "min_value": 0.0,
          "mean": 3222972.7698161067
        }
      ]
    }
  ]
}