{
  "dataset_name": "vk9f-gvzq.tsv.gz",
  "key_column_candidates": [
    "Region",
    "Total Investigations Assigned",
    "Month",
    "Year",
    "Investigations Assigned Count"
  ],
  "columns": [
    {
      "column_name": "Total Investigations Assigned",
      "number_non_empty_cells": 34,
      "number_empty_cells": 0,
      "number_distinct_values": 1,
      "frequent_values": [
        "Total"
      ],
      "data_types": [
        {
          "type": "TEXT",
          "count": 34,
          "shortest_values": "Total",
          "longest_values": "Total",
          "average_length": 5.0
        }
      ]
    },
    {
      "column_name": "Region",
      "number_non_empty_cells": 34,
      "number_empty_cells": 0,
      "number_distinct_values": 1,
      "frequent_values": [
        "Citywide"
      ],
      "data_types": [
        {
          "type": "TEXT",
          "count": 34,
          "shortest_values": "Citywide",
          "longest_values": "Citywide",
          "average_length": 8.0
        }
      ]
    },
    {
      "column_name": "Investigations Assigned Count",
      "number_non_empty_cells": 34,
      "number_empty_cells": 0,
      "number_distinct_values": 31,
      "frequent_values": [
        "128",
        "113",
        "107",
        "112",
        "146"
      ],
      "data_types": [
        {
          "type": "INTEGER (LONG)",
          "count": 34,
          "max_value": 220,
          "min_value": 82,
          "mean": 138.47058823529412
        }
      ]
    },
    {
      "column_name": "Year",
      "number_non_empty_cells": 34,
      "number_empty_cells": 0,
      "number_distinct_values": 4,
      "frequent_values": [
        "2017",
        "2018",
        "2019",
        "2016"
      ],
      "data_types": [
        {
          "type": "INTEGER (LONG)",
          "count": 34,
          "max_value": 2019,
          "min_value": 2016,
          "mean": 2017.6764705882354
        }
      ]
    },
    {
      "column_name": "Month",
      "number_non_empty_cells": 34,
      "number_empty_cells": 0,
      "number_distinct_values": 12,
      "frequent_values": [
        "September",
        "November",
        "December",
        "January",
        "February"
      ],
      "data_types": [
        {
          "type": "DATE/TIME",
          "count": 34,
          "max_value": "December",
          "min_value": "January"
        }
      ]
    }
  ]
}