{
  "dataset_name": "vn4m-mk4t.tsv.gz",
  "key_column_candidates": [
    "Publication",
    "Borough",
    "Board",
    "Priority",
    "Tracking  Code ",
    "Request ",
    "Explanation ",
    "Response",
    "Responded By",
    "Responsible Agency",
    "Support by 1",
    "Support by 2",
    "Site Street",
    "Cross Street 1",
    "Cross Street 2",
    "Number",
    "Street",
    "Block",
    "Lot",
    "Postcode",
    "Latitude",
    "Longitude",
    "Community Board",
    "Council District",
    "Census Tract",
    "BIN",
    "BBL",
    "NTA"
  ],
  "columns": [
    {
      "column_name": "BIN",
      "number_non_empty_cells": 297,
      "number_empty_cells": 17819,
      "number_distinct_values": 79,
      "frequent_values": [
        "",
        "5000000",
        "5055367",
        "4026949",
        "4000000"
      ],
      "data_types": [
        {
          "type": "INTEGER (LONG)",
          "count": 297,
          "max_value": 5141697,
          "min_value": 2011625,
          "mean": 4235773.686868687
        }
      ]
    },
    {
      "column_name": "BBL",
      "number_non_empty_cells": 297,
      "number_empty_cells": 17819,
      "number_distinct_values": 84,
      "frequent_values": [
        "",
        "5039300010",
        "4011770036",
        "5009550100",
        "5042440001"
      ],
      "data_types": [
        {
          "type": "INTEGER (LONG)",
          "count": 297,
          "max_value": 5076640001,
          "min_value": 2030530041,
          "mean": 4129319125.680135
        }
      ]
    },
    {
      "column_name": "Latitude",
      "number_non_empty_cells": 363,
      "number_empty_cells": 17753,
      "number_distinct_values": 107,
      "frequent_values": [
        "",
        "40.569393",
        "40.755497",
        "40.593798",
        "40.660156"
      ],
      "data_types": [
        {
          "type": "REAL",
          "count": 363,
          "max_value": 40.856233,
          "min_value": 40.508909,
          "mean": 40.68098407438014
        }
      ]
    },
    {
      "column_name": "Council District",
      "number_non_empty_cells": 363,
      "number_empty_cells": 17753,
      "number_distinct_values": 27,
      "frequent_values": [
        "",
        "50",
        "38",
        "21",
        "49"
      ],
      "data_types": [
        {
          "type": "INTEGER (LONG)",
          "count": 363,
          "max_value": 51,
          "min_value": 13,
          "mean": 34.4435261707989
        }
      ]
    },
    {
      "column_name": "Borough",
      "number_non_empty_cells": 18116,
      "number_empty_cells": 0,
      "number_distinct_values": 5,
      "frequent_values": [
        "2",
        "4",
        "3",
        "1",
        "5"
      ],
      "data_types": [
        {
          "type": "INTEGER (LONG)",
          "count": 18116,
          "max_value": 5,
          "min_value": 1,
          "mean": 2.6689666593066903
        }
      ]
    },
    {
      "column_name": "Longitude",
      "number_non_empty_cells": 363,
      "number_empty_cells": 17753,
      "number_distinct_values": 107,
      "frequent_values": [
        "",
        "-74.107737",
        "-73.886042",
        "-74.135437",
        "-73.989951"
      ],
      "data_types": [
        {
          "type": "REAL",
          "count": 363,
          "max_value": -73.722764,
          "min_value": -74.221832,
          "mean": -73.94836731680441
        }
      ]
    },
    {
      "column_name": "Cross Street 1",
      "number_non_empty_cells": 2195,
      "number_empty_cells": 15921,
      "number_distinct_values": 428,
      "frequent_values": [
        "",
        "Flushing Avenue",
        "Bay Parkway",
        "Stillwell Ave",
        "East 14th Street"
      ],
      "data_types": [
        {
          "type": "TEXT",
          "count": 2045,
          "shortest_values": "West",
          "longest_values": "Cross Island Service Road West",
          "average_length": 13.042542787286063
        },
        {
          "type": "DATE/TIME",
          "count": 139,
          "max_value": "63rd St",
          "min_value": "110th St"
        },
        {
          "type": "INTEGER (LONG)",
          "count": 11,
          "max_value": 150,
          "min_value": 104,
          "mean": 141.63636363636363
        }
      ]
    },
    {
      "column_name": "Support by 1",
      "number_non_empty_cells": 3825,
      "number_empty_cells": 14291,
      "number_distinct_values": 494,
      "frequent_values": [
        "",
        "Councilman Mark Treyger",
        "Community Board 12",
        "Area residents",
        "n/a"
      ],
      "data_types": [
        {
          "type": "TEXT",
          "count": 3825,
          "shortest_values": "Yes",
          "longest_values": "Future Star Productions, Inc.   Madison Sq. Boys and Girls Club",
          "average_length": 28.60732026143791
        }
      ]
    },
    {
      "column_name": "Block",
      "number_non_empty_cells": 280,
      "number_empty_cells": 17836,
      "number_distinct_values": 63,
      "frequent_values": [
        "",
        "3803",
        "4444",
        "1339",
        "2040"
      ],
      "data_types": [
        {
          "type": "INTEGER (LONG)",
          "count": 280,
          "max_value": 9848,
          "min_value": 58,
          "mean": 3220.8142857142857
        }
      ]
    },
    {
      "column_name": "Tracking  Code ",
      "number_non_empty_cells": 18116,
      "number_empty_cells": 0,
      "number_distinct_values": 7264,
      "frequent_values": [
        "309202036C",
        "106202014E",
        "306202024E",
        "202202047E",
        "306202025E"
      ],
      "data_types": [
        {
          "type": "TEXT",
          "count": 18116,
          "shortest_values": "101201901C",
          "longest_values": "101201901C",
          "average_length": 10.0
        }
      ]
    },
    {
      "column_name": "Response",
      "number_non_empty_cells": 18116,
      "number_empty_cells": 0,
      "number_distinct_values": 821,
      "frequent_values": [
        "Further study by the agency of this request is needed. Therefore, OMB does not take any position.",
        "OMB supports the agency's position as follows: Department of Parks and Recreation funds are insufficient for this project. We recommend this project be brought to the attention of your elected officials, i.e. Borough President and/or City Council member.",
        "The agency will try to accommodate this issue within existing resources. OMB supports the agency's position.",
        "For information regarding the status of this Request, contact the Transit Authority directly at telephone number 646-252-2660.",
        "Due to fiscal constraints, the availability of funds is uncertain."
      ],
      "data_types": [
        {
          "type": "TEXT",
          "count": 18116,
          "shortest_values": "Is this a nycha request?",
          "longest_values": "OMB supports the agency's position as follows: DOHMH has undertaken a new approach to rodent control. Our Bronx Rat Indexing Project led to an 83% decrease in the # of properties with evidence of rodents through rapid screening inspections of every lot in the borough. The program has expanded to Manhattan/Queens and continues to answer complaints, inspect, exterminate and issue violations. Staff will more effectively target properties contributing to rat infestation and clean those most severely infested. We will review and assess this request; however, implementation will be subject to the availability of the Department's limited funds.",
          "average_length": 148.74481121660412
        }
      ]
    },
    {
      "column_name": "Lot",
      "number_non_empty_cells": 277,
      "number_empty_cells": 17839,
      "number_distinct_values": 36,
      "frequent_values": [
        "",
        "1",
        "100",
        "27",
        "18"
      ],
      "data_types": [
        {
          "type": "INTEGER (LONG)",
          "count": 277,
          "max_value": 531,
          "min_value": 1,
          "mean": 59.31768953068592
        }
      ]
    },
    {
      "column_name": "Responded By",
      "number_non_empty_cells": 18116,
      "number_empty_cells": 0,
      "number_distinct_values": 39,
      "frequent_values": [
        "OMB",
        "846",
        "841",
        "040",
        "056"
      ],
      "data_types": [
        {
          "type": "TEXT",
          "count": 14528,
          "shortest_values": "OMB",
          "longest_values": "OMB",
          "average_length": 3.0
        },
        {
          "type": "INTEGER (LONG)",
          "count": 3588,
          "max_value": 999,
          "min_value": 2,
          "mean": 606.7848383500558
        }
      ]
    },
    {
      "column_name": "Responsible Agency",
      "number_non_empty_cells": 18116,
      "number_empty_cells": 0,
      "number_distinct_values": 38,
      "frequent_values": [
        "Department of Parks and Recreation",
        "Department of Transportation",
        "Police Department",
        "Department of Education",
        "Department of Sanitation"
      ],
      "data_types": [
        {
          "type": "TEXT",
          "count": 18116,
          "shortest_values": "Fire Department",
          "longest_values": "Dept of Information Technology & Telecommunication",
          "average_length": 29.482060057407818
        }
      ]
    },
    {
      "column_name": "Census Tract",
      "number_non_empty_cells": 363,
      "number_empty_cells": 17753,
      "number_distinct_values": 96,
      "frequent_values": [
        "",
        "11202",
        "327",
        "27301",
        "181"
      ],
      "data_types": [
        {
          "type": "INTEGER (LONG)",
          "count": 363,
          "max_value": 155102,
          "min_value": 1,
          "mean": 6894.146005509642
        }
      ]
    },
    {
      "column_name": "Priority",
      "number_non_empty_cells": 18116,
      "number_empty_cells": 0,
      "number_distinct_values": 100,
      "frequent_values": [
        "CS",
        "01",
        "04",
        "03",
        "02"
      ],
      "data_types": [
        {
          "type": "TEXT",
          "count": 1377,
          "shortest_values": "CS",
          "longest_values": "CS",
          "average_length": 2.0
        },
        {
          "type": "INTEGER (LONG)",
          "count": 16739,
          "max_value": 99,
          "min_value": 1,
          "mean": 16.98655833681821
        }
      ]
    },
    {
      "column_name": "NTA",
      "number_non_empty_cells": 363,
      "number_empty_cells": 17753,
      "number_distinct_values": 97,
      "frequent_values": [
        "",
        "New Dorp-Midland Beach                                                     ",
        "Sunset Park West",
        "Jackson Heights",
        "Jackson Heights                                                            "
      ],
      "data_types": [
        {
          "type": "TEXT",
          "count": 363,
          "shortest_values": "Corona",
          "longest_values": "Pelham Bay-Country Club-City Island                                        ",
          "average_length": 44.52617079889807
        }
      ]
    },
    {
      "column_name": "Postcode",
      "number_non_empty_cells": 363,
      "number_empty_cells": 17753,
      "number_distinct_values": 48,
      "frequent_values": [
        "",
        "11220",
        "10314",
        "11372",
        "10306"
      ],
      "data_types": [
        {
          "type": "INTEGER (LONG)",
          "count": 363,
          "max_value": 11691,
          "min_value": 10301,
          "mean": 11052.217630853995
        }
      ]
    },
    {
      "column_name": "Street",
      "number_non_empty_cells": 2121,
      "number_empty_cells": 15995,
      "number_distinct_values": 411,
      "frequent_values": [
        "",
        "Coney Island Avenue",
        "Burke Avenue",
        "White Plains Road",
        "Northern Blvd"
      ],
      "data_types": [
        {
          "type": "DATE/TIME",
          "count": 25,
          "max_value": "29th St",
          "min_value": "104 St"
        },
        {
          "type": "TEXT",
          "count": 2096,
          "shortest_values": "Jessup",
          "longest_values": "PP btwn Boston Rd & Stillwell Av",
          "average_length": 15.95706106870229
        }
      ]
    },
    {
      "column_name": "Board",
      "number_non_empty_cells": 18116,
      "number_empty_cells": 0,
      "number_distinct_values": 18,
      "frequent_values": [
        "01",
        "02",
        "04",
        "03",
        "07"
      ],
      "data_types": [
        {
          "type": "INTEGER (LONG)",
          "count": 18116,
          "max_value": 18,
          "min_value": 1,
          "mean": 7.525447118569221
        }
      ]
    },
    {
      "column_name": "Support by 2",
      "number_non_empty_cells": 1661,
      "number_empty_cells": 16455,
      "number_distinct_values": 215,
      "frequent_values": [
        "",
        "Councilman Chaim Deutsch",
        "n/a",
        "Hon. Darlene Mealy",
        "Hon. Laurie Cumbo"
      ],
      "data_types": [
        {
          "type": "TEXT",
          "count": 1661,
          "shortest_values": "n/a",
          "longest_values": "NYC Parks and Recreation- Bronx Borough Office/Maintenance Div.",
          "average_length": 27.606261288380495
        }
      ]
    },
    {
      "column_name": "Number",
      "number_non_empty_cells": 1738,
      "number_empty_cells": 16378,
      "number_distinct_values": 319,
      "frequent_values": [
        "",
        "2001",
        "1130",
        "4101",
        "320"
      ],
      "data_types": [
        {
          "type": "TEXT",
          "count": 302,
          "shortest_values": "B385",
          "longest_values": "E 40/Farragu",
          "average_length": 7.5
        },
        {
          "type": "DATE/TIME",
          "count": 77,
          "max_value": "68-03",
          "min_value": "107-06"
        },
        {
          "type": "INTEGER (LONG)",
          "count": 1359,
          "max_value": 19503,
          "min_value": 1,
          "mean": 1527.055187637969
        }
      ]
    },
    {
      "column_name": "Cross Street 2",
      "number_non_empty_cells": 1987,
      "number_empty_cells": 16129,
      "number_distinct_values": 395,
      "frequent_values": [
        "",
        "Bay 8th Street",
        "Mother Gaston Blvd",
        "East 108 Street",
        "Bruckner Blvd"
      ],
      "data_types": [
        {
          "type": "TEXT",
          "count": 1844,
          "shortest_values": "Ann St",
          "longest_values": "Belt Parkway Westbound entrance",
          "average_length": 13.12418655097614
        },
        {
          "type": "DATE/TIME",
          "count": 132,
          "max_value": "64th St",
          "min_value": "114th St"
        },
        {
          "type": "INTEGER (LONG)",
          "count": 11,
          "max_value": 153,
          "min_value": 110,
          "mean": 145.1818181818182
        }
      ]
    },
    {
      "column_name": "Site Street",
      "number_non_empty_cells": 2203,
      "number_empty_cells": 15913,
      "number_distinct_values": 403,
      "frequent_values": [
        "",
        "Broadway",
        "East River Esplanade",
        "Jerome Avenue",
        "Flatbush Avenue"
      ],
      "data_types": [
        {
          "type": "TEXT",
          "count": 2082,
          "shortest_values": "GCP",
          "longest_values": "rockaway beach blvd/edgemere ave",
          "average_length": 13.573006724303553
        },
        {
          "type": "DATE/TIME",
          "count": 121,
          "max_value": "61st St",
          "min_value": "102 St"
        }
      ]
    },
    {
      "column_name": "Request ",
      "number_non_empty_cells": 18116,
      "number_empty_cells": 0,
      "number_distinct_values": 583,
      "frequent_values": [
        "Reconstruct or upgrade a park or amenity (i.e. playground, outdoor athletic field)",
        "Reconstruct streets",
        "Reconstruct or upgrade a building in a park",
        "Create a new, or renovate or upgrade an existing public library",
        "Other transportation infrastructure requests"
      ],
      "data_types": [
        {
          "type": "TEXT",
          "count": 18116,
          "shortest_values": "CUNY",
          "longest_values": "Allocate funds to reduce speeding and directional impacts at the pedestrian crossing on the east side of W. 8th St. at 6th Ave. and at the intersection of W, 8th St., 6th and Greenwich Aves, considering solutions such as installation of a traffic diverter on the northern lane of Greenwich Ave. at 6th Ave. and/or continuing the 6th Ave. protected bike lane south with an extended median.",
          "average_length": 54.98923603444469
        }
      ]
    },
    {
      "column_name": "Explanation ",
      "number_non_empty_cells": 17924,
      "number_empty_cells": 192,
      "number_distinct_values": 4833,
      "frequent_values": [
        "",
        "Request: Increase Significantly for Park Maintenance Funds and Increase Operations/Recreation Staffing at Specific CD #1 Parks and Playgrounds (Including Support Equipment).  Explanation: Expand park operations and tree pruning/planting programs to compliment street tree planting program, as well as improve CB #1 park conditions and provide recreational support for users.  Responsible Agency: Department of Parks and Recreation",
        "After school programs provide a safe, social and educational experience for our children giving them the ability to learn and grow into successful adults.",
        "Due to street tree canopies many residential blocks are poorly illuminated creating hazardous conditions for pedestrian & vehicular travel. No new lamp post are required, only modifications to existing post on a instance need basis. Adding one additional head onto the post below the tree canopy would illuminate the pedestrian path providing much safer evening travel. A successful application of this can be seen on Fulton Street between Nostrand & Marcy Ave.",
        "Especially along the busy commercial corridors (125th Street, Lexington Avenue, 3rd Avenue, 116th Street and 106th Street)."
      ],
      "data_types": [
        {
          "type": "TEXT",
          "count": 17924,
          "shortest_values": "ADA curb cuts",
          "longest_values": "Renovate the existing comfort station at Gouverneur Morris Playground to be ADA compliant(Third Avenue at E. 170 St.);Bronx CB 3 capital budget request #15;Tracking Code 103200502C;The capital reconstruction of Gov. Morris Playground totaled nearly $1.7 million and included new spray showers, swings, playground and park house improvements, basketball lighting, asphalt grading, sitting area and handball court improvements, in addition to $173k in requirements contract work for fencing, color seal coating, new backboards, rims, and related curb work associated with the basketball courts.  Presently, the Morris Houses TA requests the renovation of the existing comfort station, as it is the only capital item unaddressed. It also services numerous children in local day care/head start programs.",
          "average_length": 260.82682436956037
        }
      ]
    },
    {
      "column_name": "Publication",
      "number_non_empty_cells": 18116,
      "number_empty_cells": 0,
      "number_distinct_values": 5,
      "frequent_values": [
        "20180426",
        "20180614",
        "20190207",
        "20190425",
        "20190619"
      ],
      "data_types": [
        {
          "type": "INTEGER (LONG)",
          "count": 18116,
          "max_value": 20190619,
          "min_value": 20180426,
          "mean": 20186400.50938397
        }
      ]
    },
    {
      "column_name": "Community Board",
      "number_non_empty_cells": 363,
      "number_empty_cells": 17753,
      "number_distinct_values": 39,
      "frequent_values": [
        "",
        "2",
        "307",
        "502",
        "403"
      ],
      "data_types": [
        {
          "type": "INTEGER (LONG)",
          "count": 363,
          "max_value": 503,
          "min_value": 1,
          "mean": 220.44903581267218
        }
      ]
    }
  ]
}