{
  "dataset_name": "vpb3-uf7s.tsv.gz",
  "key_column_candidates": [
    "Premium Categories",
    "Family Size (1 ind.)Monthly Income",
    "Family Size (2 nos.)Monthly Income",
    "Family Size (3 nos.)Monthly Income",
    "Family Size (4 nos.)Monthly Income",
    "Family Size (5 nos.)Monthly Income",
    "Each Additional Person Add"
  ],
  "columns": [
    {
      "column_name": "Family Size (4 nos.)Monthly Income",
      "number_non_empty_cells": 7,
      "number_empty_cells": 0,
      "number_distinct_values": 7,
      "frequent_values": [
        "Over $ 8367.00",
        "4644",
        "8367",
        "6275",
        "5230"
      ],
      "data_types": [
        {
          "type": "INTEGER (LONG)",
          "count": 6,
          "max_value": 8367,
          "min_value": 3346,
          "mean": 5863.833333333333
        },
        {
          "type": "TEXT",
          "count": 1,
          "shortest_values": "Over $ 8367.00",
          "longest_values": "Over $ 8367.00",
          "average_length": 14.0
        }
      ]
    },
    {
      "column_name": "Family Size (5 nos.)Monthly Income",
      "number_non_empty_cells": 7,
      "number_empty_cells": 0,
      "number_distinct_values": 7,
      "frequent_values": [
        "Over $ 9807.00",
        "5443",
        "9807",
        "7355",
        "6130"
      ],
      "data_types": [
        {
          "type": "INTEGER (LONG)",
          "count": 6,
          "max_value": 9807,
          "min_value": 3922,
          "mean": 6873.0
        },
        {
          "type": "TEXT",
          "count": 1,
          "shortest_values": "Over $ 9807.00",
          "longest_values": "Over $ 9807.00",
          "average_length": 14.0
        }
      ]
    },
    {
      "column_name": "Family Size (2 nos.)Monthly Income",
      "number_non_empty_cells": 7,
      "number_empty_cells": 0,
      "number_distinct_values": 7,
      "frequent_values": [
        "Over $ 5487.00",
        "3046",
        "5487",
        "4115",
        "343"
      ],
      "data_types": [
        {
          "type": "INTEGER (LONG)",
          "count": 6,
          "max_value": 5487,
          "min_value": 343,
          "mean": 3331.0
        },
        {
          "type": "TEXT",
          "count": 1,
          "shortest_values": "Over $ 5487.00",
          "longest_values": "Over $ 5487.00",
          "average_length": 14.0
        }
      ]
    },
    {
      "column_name": "Family Size (1 ind.)Monthly Income",
      "number_non_empty_cells": 7,
      "number_empty_cells": 0,
      "number_distinct_values": 7,
      "frequent_values": [
        "Over $4047.00",
        "2246",
        "4047",
        "3035",
        "2530"
      ],
      "data_types": [
        {
          "type": "INTEGER (LONG)",
          "count": 6,
          "max_value": 4047,
          "min_value": 1618,
          "mean": 2836.1666666666665
        },
        {
          "type": "TEXT",
          "count": 1,
          "shortest_values": "Over $4047.00",
          "longest_values": "Over $4047.00",
          "average_length": 13.0
        }
      ]
    },
    {
      "column_name": "Each Additional Person Add",
      "number_non_empty_cells": 7,
      "number_empty_cells": 0,
      "number_distinct_values": 7,
      "frequent_values": [
        "Over $ 1440.00",
        "800",
        "1440",
        "1080",
        "900"
      ],
      "data_types": [
        {
          "type": "INTEGER (LONG)",
          "count": 6,
          "max_value": 1440,
          "min_value": 576,
          "mean": 1009.3333333333334
        },
        {
          "type": "TEXT",
          "count": 1,
          "shortest_values": "Over $ 1440.00",
          "longest_values": "Over $ 1440.00",
          "average_length": 14.0
        }
      ]
    },
    {
      "column_name": "Premium Categories",
      "number_non_empty_cells": 7,
      "number_empty_cells": 0,
      "number_distinct_values": 7,
      "frequent_values": [
        "Full Premium Per Child Per Month",
        "$9 Per Child Per Month(Maximum of $27 per family)",
        "$60 Per Child Per Month (Maximum of $1820 per family)",
        "$30 Per Child Per Month (Maximum of $90 per family)",
        "$15 Per Child Per MonthMaximum of $45 per family)"
      ],
      "data_types": [
        {
          "type": "TEXT",
          "count": 7,
          "shortest_values": "Free Insurance",
          "longest_values": "$60 Per Child Per Month (Maximum of $1820 per family)",
          "average_length": 42.857142857142854
        }
      ]
    },
    {
      "column_name": "Family Size (3 nos.)Monthly Income",
      "number_non_empty_cells": 7,
      "number_empty_cells": 0,
      "number_distinct_values": 7,
      "frequent_values": [
        "Over $ 6927.00",
        "3845",
        "6927",
        "5195",
        "4330"
      ],
      "data_types": [
        {
          "type": "INTEGER (LONG)",
          "count": 6,
          "max_value": 6927,
          "min_value": 2770,
          "mean": 4854.666666666667
        },
        {
          "type": "TEXT",
          "count": 1,
          "shortest_values": "Over $ 6927.00",
          "longest_values": "Over $ 6927.00",
          "average_length": 14.0
        }
      ]
    }
  ]
}