{
  "dataset_name": "vqix-8bak.tsv.gz",
  "key_column_candidates": [
    "District",
    "Grade",
    "Year",
    "Demographic",
    "Number Tested",
    "Mean Scale Score",
    "Num Level 1",
    "Pct Level 1",
    "Num Level 2",
    "Pct Level 2",
    "Num Level 3",
    "Pct Level 3",
    "Num Level 4",
    "Pct Level 4",
    "Num Level 3 and 4",
    "Pct Level 3 and 4"
  ],
  "columns": [
    {
      "column_name": "Num Level 3 and 4",
      "number_non_empty_cells": 6272,
      "number_empty_cells": 0,
      "number_distinct_values": 1457,
      "frequent_values": [
        "s",
        "4",
        "5",
        "6",
        "7"
      ],
      "data_types": [
        {
          "type": "TEXT",
          "count": 79,
          "shortest_values": "s",
          "longest_values": "s",
          "average_length": 1.0
        },
        {
          "type": "INTEGER (LONG)",
          "count": 6193,
          "max_value": 11799,
          "min_value": 0,
          "mean": 479.0725012110447
        }
      ]
    },
    {
      "column_name": "Num Level 3",
      "number_non_empty_cells": 6272,
      "number_empty_cells": 0,
      "number_distinct_values": 1384,
      "frequent_values": [
        "s",
        "5",
        "4",
        "3",
        "7"
      ],
      "data_types": [
        {
          "type": "TEXT",
          "count": 79,
          "shortest_values": "s",
          "longest_values": "s",
          "average_length": 1.0
        },
        {
          "type": "INTEGER (LONG)",
          "count": 6193,
          "max_value": 10507,
          "min_value": 0,
          "mean": 434.3067979977394
        }
      ]
    },
    {
      "column_name": "Num Level 1",
      "number_non_empty_cells": 6272,
      "number_empty_cells": 0,
      "number_distinct_values": 586,
      "frequent_values": [
        "1",
        "0",
        "2",
        "3",
        "4"
      ],
      "data_types": [
        {
          "type": "INTEGER (LONG)",
          "count": 6193,
          "max_value": 3518,
          "min_value": 0,
          "mean": 90.72436621992573
        },
        {
          "type": "TEXT",
          "count": 79,
          "shortest_values": "s",
          "longest_values": "s",
          "average_length": 1.0
        }
      ]
    },
    {
      "column_name": "Pct Level 4",
      "number_non_empty_cells": 6272,
      "number_empty_cells": 0,
      "number_distinct_values": 328,
      "frequent_values": [
        "0",
        "1.1",
        "0.9",
        "1.4",
        "0.8"
      ],
      "data_types": [
        {
          "type": "REAL",
          "count": 5042,
          "max_value": 50.9,
          "min_value": 0.1,
          "mean": 6.328857596191966
        },
        {
          "type": "INTEGER (LONG)",
          "count": 1151,
          "max_value": 50,
          "min_value": 0,
          "mean": 3.474370112945265
        },
        {
          "type": "TEXT",
          "count": 79,
          "shortest_values": "s",
          "longest_values": "s",
          "average_length": 1.0
        }
      ]
    },
    {
      "column_name": "Demographic",
      "number_non_empty_cells": 6272,
      "number_empty_cells": 0,
      "number_distinct_values": 4,
      "frequent_values": [
        "Asian",
        "Black",
        "Hispanic",
        "White"
      ],
      "data_types": [
        {
          "type": "TEXT",
          "count": 6272,
          "shortest_values": "Asian",
          "longest_values": "Hispanic",
          "average_length": 5.75
        }
      ]
    },
    {
      "column_name": "Pct Level 3",
      "number_non_empty_cells": 6272,
      "number_empty_cells": 0,
      "number_distinct_values": 674,
      "frequent_values": [
        "s",
        "50",
        "33.3",
        "42.9",
        "40"
      ],
      "data_types": [
        {
          "type": "INTEGER (LONG)",
          "count": 757,
          "max_value": 100,
          "min_value": 0,
          "mean": 47.36856010568032
        },
        {
          "type": "TEXT",
          "count": 79,
          "shortest_values": "s",
          "longest_values": "s",
          "average_length": 1.0
        },
        {
          "type": "REAL",
          "count": 5436,
          "max_value": 90.5,
          "min_value": 5.9,
          "mean": 48.8572847682121
        }
      ]
    },
    {
      "column_name": "Num Level 4",
      "number_non_empty_cells": 6272,
      "number_empty_cells": 0,
      "number_distinct_values": 393,
      "frequent_values": [
        "0",
        "1",
        "2",
        "3",
        "4"
      ],
      "data_types": [
        {
          "type": "INTEGER (LONG)",
          "count": 6193,
          "max_value": 1529,
          "min_value": 0,
          "mean": 44.76570321330534
        },
        {
          "type": "TEXT",
          "count": 79,
          "shortest_values": "s",
          "longest_values": "s",
          "average_length": 1.0
        }
      ]
    },
    {
      "column_name": "Grade",
      "number_non_empty_cells": 6272,
      "number_empty_cells": 0,
      "number_distinct_values": 7,
      "frequent_values": [
        "3",
        "4",
        "5",
        "6",
        "7"
      ],
      "data_types": [
        {
          "type": "INTEGER (LONG)",
          "count": 5376,
          "max_value": 8,
          "min_value": 3,
          "mean": 5.5
        },
        {
          "type": "TEXT",
          "count": 896,
          "shortest_values": "All Grades",
          "longest_values": "All Grades",
          "average_length": 10.0
        }
      ]
    },
    {
      "column_name": "Pct Level 3 and 4",
      "number_non_empty_cells": 6272,
      "number_empty_cells": 0,
      "number_distinct_values": 807,
      "frequent_values": [
        "s",
        "50",
        "66.7",
        "33.3",
        "57.1"
      ],
      "data_types": [
        {
          "type": "INTEGER (LONG)",
          "count": 756,
          "max_value": 100,
          "min_value": 0,
          "mean": 52.96296296296296
        },
        {
          "type": "REAL",
          "count": 5437,
          "max_value": 98.9,
          "min_value": 5.9,
          "mean": 54.68285819385694
        },
        {
          "type": "TEXT",
          "count": 79,
          "shortest_values": "s",
          "longest_values": "s",
          "average_length": 1.0
        }
      ]
    },
    {
      "column_name": "Year",
      "number_non_empty_cells": 6272,
      "number_empty_cells": 0,
      "number_distinct_values": 7,
      "frequent_values": [
        "2006",
        "2007",
        "2008",
        "2009",
        "2010"
      ],
      "data_types": [
        {
          "type": "INTEGER (LONG)",
          "count": 6272,
          "max_value": 2012,
          "min_value": 2006,
          "mean": 2009.0
        }
      ]
    },
    {
      "column_name": "Number Tested",
      "number_non_empty_cells": 6272,
      "number_empty_cells": 0,
      "number_distinct_values": 2074,
      "frequent_values": [
        "14",
        "7",
        "11",
        "20",
        "19"
      ],
      "data_types": [
        {
          "type": "INTEGER (LONG)",
          "count": 6272,
          "max_value": 17001,
          "min_value": 1,
          "mean": 911.078762755102
        }
      ]
    },
    {
      "column_name": "Mean Scale Score",
      "number_non_empty_cells": 6272,
      "number_empty_cells": 0,
      "number_distinct_values": 105,
      "frequent_values": [
        "657",
        "656",
        "660",
        "654",
        "653"
      ],
      "data_types": [
        {
          "type": "INTEGER (LONG)",
          "count": 6193,
          "max_value": 712,
          "min_value": 574,
          "mean": 659.3683190699177
        },
        {
          "type": "TEXT",
          "count": 79,
          "shortest_values": "s",
          "longest_values": "s",
          "average_length": 1.0
        }
      ]
    },
    {
      "column_name": "Pct Level 1",
      "number_non_empty_cells": 6272,
      "number_empty_cells": 0,
      "number_distinct_values": 345,
      "frequent_values": [
        "0",
        "s",
        "14.3",
        "5",
        "2.9"
      ],
      "data_types": [
        {
          "type": "INTEGER (LONG)",
          "count": 994,
          "max_value": 60,
          "min_value": 0,
          "mean": 7.374245472837022
        },
        {
          "type": "REAL",
          "count": 5199,
          "max_value": 72.7,
          "min_value": 0.1,
          "mean": 10.163569917291786
        },
        {
          "type": "TEXT",
          "count": 79,
          "shortest_values": "s",
          "longest_values": "s",
          "average_length": 1.0
        }
      ]
    },
    {
      "column_name": "Num Level 2",
      "number_non_empty_cells": 6272,
      "number_empty_cells": 0,
      "number_distinct_values": 1260,
      "frequent_values": [
        "5",
        "6",
        "4",
        "7",
        "3"
      ],
      "data_types": [
        {
          "type": "INTEGER (LONG)",
          "count": 6193,
          "max_value": 8467,
          "min_value": 0,
          "mean": 352.854351687389
        },
        {
          "type": "TEXT",
          "count": 79,
          "shortest_values": "s",
          "longest_values": "s",
          "average_length": 1.0
        }
      ]
    },
    {
      "column_name": "District",
      "number_non_empty_cells": 6272,
      "number_empty_cells": 0,
      "number_distinct_values": 32,
      "frequent_values": [
        "1",
        "2",
        "5",
        "7",
        "3"
      ],
      "data_types": [
        {
          "type": "INTEGER (LONG)",
          "count": 6272,
          "max_value": 32,
          "min_value": 1,
          "mean": 16.5
        }
      ]
    },
    {
      "column_name": "Pct Level 2",
      "number_non_empty_cells": 6272,
      "number_empty_cells": 0,
      "number_distinct_values": 657,
      "frequent_values": [
        "s",
        "50",
        "33.3",
        "25",
        "42.9"
      ],
      "data_types": [
        {
          "type": "TEXT",
          "count": 79,
          "shortest_values": "s",
          "longest_values": "s",
          "average_length": 1.0
        },
        {
          "type": "REAL",
          "count": 5432,
          "max_value": 93.3,
          "min_value": 1.1,
          "mean": 35.74629970544925
        },
        {
          "type": "INTEGER (LONG)",
          "count": 761,
          "max_value": 100,
          "min_value": 0,
          "mean": 36.2772667542707
        }
      ]
    }
  ]
}