{
  "dataset_name": "vv3n-5y3z.tsv.gz",
  "key_column_candidates": [
    "DBN",
    "School Name",
    "Overall Score",
    "Overall Grade",
    "Overall Rank",
    "Progress Grade",
    "Performance Grade",
    "Environment Grade",
    "College and Career Readiness Grade",
    "Closing the Achievement Gap Points",
    "Assistant Principal",
    "Enrollment",
    "School Type",
    "Average English Proficiency",
    "Average Math Proficiency",
    "% Students with Disabilities",
    "% Self-Contained",
    "% Overage",
    "% Black or Hispanic",
    "% ELL"
  ],
  "columns": [
    {
      "column_name": "Closing the Achievement Gap Points",
      "number_non_empty_cells": 22,
      "number_empty_cells": 1,
      "number_distinct_values": 19,
      "frequent_values": [
        "5.5",
        "7.7",
        "5.6",
        "5",
        "4.4"
      ],
      "data_types": [
        {
          "type": "INTEGER (LONG)",
          "count": 2,
          "max_value": 8,
          "min_value": 5,
          "mean": 6.5
        },
        {
          "type": "REAL",
          "count": 20,
          "max_value": 7.9,
          "min_value": 4.4,
          "mean": 6.215000000000001
        }
      ]
    },
    {
      "column_name": "% Students with Disabilities",
      "number_non_empty_cells": 23,
      "number_empty_cells": 0,
      "number_distinct_values": 21,
      "frequent_values": [
        "0.146",
        "0.174",
        "0.107",
        "0.114",
        "0.13"
      ],
      "data_types": [
        {
          "type": "REAL",
          "count": 23,
          "max_value": 0.301,
          "min_value": 0.021,
          "mean": 0.15256521739130435
        }
      ]
    },
    {
      "column_name": "School Type",
      "number_non_empty_cells": 23,
      "number_empty_cells": 0,
      "number_distinct_values": 1,
      "frequent_values": [
        "YABC"
      ],
      "data_types": [
        {
          "type": "TEXT",
          "count": 23,
          "shortest_values": "YABC",
          "longest_values": "YABC",
          "average_length": 4.0
        }
      ]
    },
    {
      "column_name": "% Self-Contained",
      "number_non_empty_cells": 23,
      "number_empty_cells": 0,
      "number_distinct_values": 20,
      "frequent_values": [
        "0.039",
        "0.056",
        "0",
        "0.021",
        "0.005"
      ],
      "data_types": [
        {
          "type": "INTEGER (LONG)",
          "count": 1,
          "max_value": 0,
          "min_value": 0,
          "mean": 0.0
        },
        {
          "type": "REAL",
          "count": 22,
          "max_value": 0.152,
          "min_value": 0.003,
          "mean": 0.04963636363636364
        }
      ]
    },
    {
      "column_name": "Overall Grade",
      "number_non_empty_cells": 22,
      "number_empty_cells": 1,
      "number_distinct_values": 6,
      "frequent_values": [
        "B",
        "C",
        "A",
        "D",
        "F"
      ],
      "data_types": [
        {
          "type": "TEXT",
          "count": 22,
          "shortest_values": "C",
          "longest_values": "C",
          "average_length": 1.0
        }
      ]
    },
    {
      "column_name": "Performance Grade",
      "number_non_empty_cells": 22,
      "number_empty_cells": 1,
      "number_distinct_values": 5,
      "frequent_values": [
        "B",
        "C",
        "A",
        "D",
        ""
      ],
      "data_types": [
        {
          "type": "TEXT",
          "count": 22,
          "shortest_values": "C",
          "longest_values": "C",
          "average_length": 1.0
        }
      ]
    },
    {
      "column_name": "Overall Score",
      "number_non_empty_cells": 22,
      "number_empty_cells": 1,
      "number_distinct_values": 23,
      "frequent_values": [
        "50.1",
        "83.1",
        "50.9",
        "66.8",
        "35.8"
      ],
      "data_types": [
        {
          "type": "REAL",
          "count": 19,
          "max_value": 83.1,
          "min_value": 33.5,
          "mean": 58.15263157894737
        },
        {
          "type": "INTEGER (LONG)",
          "count": 3,
          "max_value": 78,
          "min_value": 43,
          "mean": 60.666666666666664
        }
      ]
    },
    {
      "column_name": "College and Career Readiness Grade",
      "number_non_empty_cells": 22,
      "number_empty_cells": 1,
      "number_distinct_values": 5,
      "frequent_values": [
        "B",
        "A",
        "C",
        "D",
        ""
      ],
      "data_types": [
        {
          "type": "TEXT",
          "count": 22,
          "shortest_values": "B",
          "longest_values": "B",
          "average_length": 1.0
        }
      ]
    },
    {
      "column_name": "Enrollment",
      "number_non_empty_cells": 23,
      "number_empty_cells": 0,
      "number_distinct_values": 19,
      "frequent_values": [
        "282",
        "287",
        "264",
        "355",
        "184"
      ],
      "data_types": [
        {
          "type": "INTEGER (LONG)",
          "count": 23,
          "max_value": 355,
          "min_value": 127,
          "mean": 255.04347826086956
        }
      ]
    },
    {
      "column_name": "Environment Grade",
      "number_non_empty_cells": 22,
      "number_empty_cells": 1,
      "number_distinct_values": 5,
      "frequent_values": [
        "B",
        "C",
        "A",
        "D",
        ""
      ],
      "data_types": [
        {
          "type": "TEXT",
          "count": 22,
          "shortest_values": "C",
          "longest_values": "C",
          "average_length": 1.0
        }
      ]
    },
    {
      "column_name": "% Black or Hispanic",
      "number_non_empty_cells": 23,
      "number_empty_cells": 0,
      "number_distinct_values": 18,
      "frequent_values": [
        "0.974",
        "0.961",
        "0.663",
        "0.899",
        "0.986"
      ],
      "data_types": [
        {
          "type": "REAL",
          "count": 23,
          "max_value": 0.987,
          "min_value": 0.417,
          "mean": 0.8787826086956525
        }
      ]
    },
    {
      "column_name": "% Overage",
      "number_non_empty_cells": 23,
      "number_empty_cells": 0,
      "number_distinct_values": 22,
      "frequent_values": [
        "0.106",
        "0.082",
        "0.15",
        "0.12",
        "0.04"
      ],
      "data_types": [
        {
          "type": "REAL",
          "count": 23,
          "max_value": 0.16,
          "min_value": 0.024,
          "mean": 0.11130434782608696
        }
      ]
    },
    {
      "column_name": "Average Math Proficiency",
      "number_non_empty_cells": 23,
      "number_empty_cells": 0,
      "number_distinct_values": 17,
      "frequent_values": [
        "2.25",
        "2.15",
        "2.21",
        "2.09",
        "2.17"
      ],
      "data_types": [
        {
          "type": "REAL",
          "count": 23,
          "max_value": 2.35,
          "min_value": 2.03,
          "mean": 2.202608695652174
        }
      ]
    },
    {
      "column_name": "DBN",
      "number_non_empty_cells": 23,
      "number_empty_cells": 0,
      "number_distinct_values": 23,
      "frequent_values": [
        "02M473",
        "06M457",
        "07X456",
        "08X408",
        "08X507"
      ],
      "data_types": [
        {
          "type": "TEXT",
          "count": 23,
          "shortest_values": "02M473",
          "longest_values": "02M473",
          "average_length": 6.0
        }
      ]
    },
    {
      "column_name": "Assistant Principal",
      "number_non_empty_cells": 22,
      "number_empty_cells": 1,
      "number_distinct_values": 23,
      "frequent_values": [
        "Roger Bradley",
        "SAMUEL AKEL",
        "Arleen Milton",
        "Martin Smallhorne",
        "GLADYS DE LA CRUZ"
      ],
      "data_types": [
        {
          "type": "TEXT",
          "count": 22,
          "shortest_values": "Jimmy Liu",
          "longest_values": "Michael Pollicino, MICHAEL POLLICINO",
          "average_length": 15.181818181818182
        }
      ]
    },
    {
      "column_name": "Average English Proficiency",
      "number_non_empty_cells": 23,
      "number_empty_cells": 0,
      "number_distinct_values": 13,
      "frequent_values": [
        "2.31",
        "2.41",
        "2.39",
        "2.4",
        "2.28"
      ],
      "data_types": [
        {
          "type": "REAL",
          "count": 23,
          "max_value": 2.48,
          "min_value": 2.21,
          "mean": 2.3413043478260867
        }
      ]
    },
    {
      "column_name": "School Name",
      "number_non_empty_cells": 23,
      "number_empty_cells": 0,
      "number_distinct_values": 23,
      "frequent_values": [
        "Washington Irving Yabc",
        "George Washington Yabc",
        "Alfred E. Smith Campus YABC",
        "Herbert H. Lehman Yabc",
        "Stevenson Yabc"
      ],
      "data_types": [
        {
          "type": "TEXT",
          "count": 23,
          "shortest_values": "Walton Yabc",
          "longest_values": "Learning To Work Yabc At Monroe Academy",
          "average_length": 21.17391304347826
        }
      ]
    },
    {
      "column_name": "Overall Rank",
      "number_non_empty_cells": 22,
      "number_empty_cells": 1,
      "number_distinct_values": 23,
      "frequent_values": [
        "16",
        "1",
        "15",
        "8",
        "21"
      ],
      "data_types": [
        {
          "type": "INTEGER (LONG)",
          "count": 22,
          "max_value": 22,
          "min_value": 1,
          "mean": 11.5
        }
      ]
    },
    {
      "column_name": "Progress Grade",
      "number_non_empty_cells": 22,
      "number_empty_cells": 1,
      "number_distinct_values": 5,
      "frequent_values": [
        "B",
        "C",
        "A",
        "D",
        ""
      ],
      "data_types": [
        {
          "type": "TEXT",
          "count": 22,
          "shortest_values": "C",
          "longest_values": "C",
          "average_length": 1.0
        }
      ]
    },
    {
      "column_name": "% ELL",
      "number_non_empty_cells": 23,
      "number_empty_cells": 0,
      "number_distinct_values": 23,
      "frequent_values": [
        "0.124",
        "0.453",
        "0.12",
        "0.036",
        "0.09"
      ],
      "data_types": [
        {
          "type": "REAL",
          "count": 23,
          "max_value": 0.453,
          "min_value": 0.035,
          "mean": 0.14369565217391309
        }
      ]
    }
  ]
}