{
  "dataset_name": "vxxs-iyt2.tsv.gz",
  "key_column_candidates": [
    "DBN",
    "Location",
    "Location Type",
    "Total SW & GC",
    "Total SW",
    "Full Time",
    "Part Time",
    "Bilingual",
    "Serving more than one location",
    "ATR"
  ],
  "columns": [
    {
      "column_name": "Bilingual",
      "number_non_empty_cells": 1644,
      "number_empty_cells": 0,
      "number_distinct_values": 8,
      "frequent_values": [
        "No Data",
        "1",
        "2",
        "0.4",
        "0.6"
      ],
      "data_types": [
        {
          "type": "TEXT",
          "count": 1401,
          "shortest_values": "No Data",
          "longest_values": "No Data",
          "average_length": 7.0
        },
        {
          "type": "INTEGER (LONG)",
          "count": 238,
          "max_value": 2,
          "min_value": 1,
          "mean": 1.046218487394958
        },
        {
          "type": "REAL",
          "count": 5,
          "max_value": 1.17,
          "min_value": 0.09,
          "mean": 0.48599999999999993
        }
      ]
    },
    {
      "column_name": "Full Time",
      "number_non_empty_cells": 1644,
      "number_empty_cells": 0,
      "number_distinct_values": 10,
      "frequent_values": [
        "No Data",
        "1",
        "2",
        "3",
        "4"
      ],
      "data_types": [
        {
          "type": "INTEGER (LONG)",
          "count": 846,
          "max_value": 26,
          "min_value": 1,
          "mean": 1.3829787234042554
        },
        {
          "type": "TEXT",
          "count": 798,
          "shortest_values": "No Data",
          "longest_values": "No Data",
          "average_length": 7.0
        }
      ]
    },
    {
      "column_name": "Total SW & GC",
      "number_non_empty_cells": 1644,
      "number_empty_cells": 0,
      "number_distinct_values": 73,
      "frequent_values": [
        "2",
        "1",
        "3",
        "4",
        "5"
      ],
      "data_types": [
        {
          "type": "INTEGER (LONG)",
          "count": 1400,
          "max_value": 26,
          "min_value": 0,
          "mean": 2.5285714285714285
        },
        {
          "type": "REAL",
          "count": 243,
          "max_value": 58.2,
          "min_value": 0.1,
          "mean": 2.0643209876543205
        },
        {
          "type": "TEXT",
          "count": 1,
          "shortest_values": "No Data",
          "longest_values": "No Data",
          "average_length": 7.0
        }
      ]
    },
    {
      "column_name": "ATR",
      "number_non_empty_cells": 1644,
      "number_empty_cells": 0,
      "number_distinct_values": 2,
      "frequent_values": [
        "No Data",
        "1"
      ],
      "data_types": [
        {
          "type": "INTEGER (LONG)",
          "count": 1,
          "max_value": 1,
          "min_value": 1,
          "mean": 1.0
        },
        {
          "type": "TEXT",
          "count": 1643,
          "shortest_values": "No Data",
          "longest_values": "No Data",
          "average_length": 7.0
        }
      ]
    },
    {
      "column_name": "Location Type",
      "number_non_empty_cells": 1644,
      "number_empty_cells": 0,
      "number_distinct_values": 15,
      "frequent_values": [
        "ELEMENTARY                         ",
        "HIGH SCHOOL                        ",
        "JUNIOR HIGH-INTERMEDIATE-MIDDLE    ",
        "K-8                                ",
        "SECONDARY SCHOOL                   "
      ],
      "data_types": [
        {
          "type": "TEXT",
          "count": 1644,
          "shortest_values": "K-8",
          "longest_values": "ELEMENTARY                         ",
          "average_length": 34.333941605839414
        }
      ]
    },
    {
      "column_name": "Total SW",
      "number_non_empty_cells": 1644,
      "number_empty_cells": 0,
      "number_distinct_values": 32,
      "frequent_values": [
        "No Data",
        "1",
        "2",
        "0",
        "3"
      ],
      "data_types": [
        {
          "type": "INTEGER (LONG)",
          "count": 877,
          "max_value": 26,
          "min_value": 0,
          "mean": 1.2839224629418473
        },
        {
          "type": "TEXT",
          "count": 722,
          "shortest_values": "No Data",
          "longest_values": "No Data",
          "average_length": 7.0
        },
        {
          "type": "REAL",
          "count": 45,
          "max_value": 20.2,
          "min_value": 0.2,
          "mean": 1.4673333333333336
        }
      ]
    },
    {
      "column_name": "Serving more than one location",
      "number_non_empty_cells": 1644,
      "number_empty_cells": 0,
      "number_distinct_values": 10,
      "frequent_values": [
        "No Data",
        "0.2",
        "0.5",
        "0.4",
        "0.6"
      ],
      "data_types": [
        {
          "type": "TEXT",
          "count": 1622,
          "shortest_values": "No Data",
          "longest_values": "No Data",
          "average_length": 7.0
        },
        {
          "type": "REAL",
          "count": 22,
          "max_value": 0.8,
          "min_value": 0.09,
          "mean": 0.3831818181818182
        }
      ]
    },
    {
      "column_name": "Part Time",
      "number_non_empty_cells": 1644,
      "number_empty_cells": 0,
      "number_distinct_values": 12,
      "frequent_values": [
        "No Data",
        "0.2",
        "0.4",
        "0.6",
        "0.5"
      ],
      "data_types": [
        {
          "type": "INTEGER (LONG)",
          "count": 3,
          "max_value": 1,
          "min_value": 1,
          "mean": 1.0
        },
        {
          "type": "REAL",
          "count": 45,
          "max_value": 0.9,
          "min_value": 0.09,
          "mean": 0.4228888888888887
        },
        {
          "type": "TEXT",
          "count": 1596,
          "shortest_values": "No Data",
          "longest_values": "No Data",
          "average_length": 7.0
        }
      ]
    },
    {
      "column_name": "DBN",
      "number_non_empty_cells": 1644,
      "number_empty_cells": 0,
      "number_distinct_values": 1644,
      "frequent_values": [
        "01M015",
        "01M019",
        "01M020",
        "01M034",
        "01M063"
      ],
      "data_types": [
        {
          "type": "DATE/TIME",
          "count": 34,
          "max_value": "06M052",
          "min_value": "01M015"
        },
        {
          "type": "TEXT",
          "count": 1610,
          "shortest_values": "01M063",
          "longest_values": "01M063",
          "average_length": 6.0
        }
      ]
    },
    {
      "column_name": "Location",
      "number_non_empty_cells": 1644,
      "number_empty_cells": 0,
      "number_distinct_values": 1644,
      "frequent_values": [
        "01M015 - P.S. 015 ROBERTO CLEMENTE",
        "01M019 - P.S. 019 ASHER LEVY",
        "01M020 - P.S. 020 ANNA SILVER",
        "01M034 - P.S. 034 FRANKLIN D. ROOSEVELT",
        "01M063 - THE STAR ACADEMY - P.S.63"
      ],
      "data_types": [
        {
          "type": "TEXT",
          "count": 1644,
          "shortest_values": "09X215 - KAPPA",
          "longest_values": "30Q222 - P.S. Q222 - FIRE FIGHTER CHRISTOPHER A. SANTORA SCHOOL",
          "average_length": 37.0352798053528
        }
      ]
    }
  ]
}