{
  "dataset_name": "wbtw-zkex.tsv.gz",
  "key_column_candidates": [
    "Appeal Type",
    "Appeal Subtype",
    "Agency",
    "Status",
    "Date Filed",
    "Date Closed",
    "Exam No.",
    "Title",
    "Expiration",
    "Extension",
    "Acronym"
  ],
  "columns": [
    {
      "column_name": "Agency",
      "number_non_empty_cells": 1702,
      "number_empty_cells": 0,
      "number_distinct_values": 23,
      "frequent_values": [
        "Department of Citywide Administrative Services - DCAS",
        "Police Department - NYPD",
        "Department of Correction - DOC",
        "Fire Department - FDNY",
        "Department of Sanitation - DSNY"
      ],
      "data_types": [
        {
          "type": "TEXT",
          "count": 1702,
          "shortest_values": "Fire Department - FDNY",
          "longest_values": "Department of Housing Preservation and Development - HPD",
          "average_length": 37.29377203290247
        }
      ]
    },
    {
      "column_name": "Acronym",
      "number_non_empty_cells": 1702,
      "number_empty_cells": 0,
      "number_distinct_values": 23,
      "frequent_values": [
        "DCAS",
        "NYPD",
        "DOC",
        "FDNY",
        "DSNY"
      ],
      "data_types": [
        {
          "type": "TEXT",
          "count": 1702,
          "shortest_values": "DOT",
          "longest_values": "NYCCSC",
          "average_length": 3.846063454759107
        }
      ]
    },
    {
      "column_name": "Appeal Subtype",
      "number_non_empty_cells": 1580,
      "number_empty_cells": 122,
      "number_distinct_values": 16,
      "frequent_values": [
        "Education and Experience",
        "Psych",
        "Character",
        "Medical",
        ""
      ],
      "data_types": [
        {
          "type": "TEXT",
          "count": 1580,
          "shortest_values": "Psych",
          "longest_values": "Education and Experience",
          "average_length": 13.334810126582278
        }
      ]
    },
    {
      "column_name": "Extension",
      "number_non_empty_cells": 20,
      "number_empty_cells": 1682,
      "number_distinct_values": 7,
      "frequent_values": [
        "",
        "09/19/2017 12:00:00 AM",
        "05/14/2018 12:00:00 AM",
        "02/20/2016 12:00:00 AM",
        "07/06/2016 12:00:00 AM"
      ],
      "data_types": [
        {
          "type": "DATE/TIME",
          "count": 20,
          "max_value": "05/14/2018 12:00:00 AM",
          "min_value": "02/20/2016 12:00:00 AM"
        }
      ]
    },
    {
      "column_name": "Appeal Type",
      "number_non_empty_cells": 1702,
      "number_empty_cells": 0,
      "number_distinct_values": 8,
      "frequent_values": [
        "Section 50",
        "Section 76",
        "Waiting for DQ",
        "Jurisdictional Issue",
        "Waiting for Appeal Request"
      ],
      "data_types": [
        {
          "type": "TEXT",
          "count": 1702,
          "shortest_values": "Other",
          "longest_values": "Waiting for Appeal Request",
          "average_length": 10.373090481786134
        }
      ]
    },
    {
      "column_name": "Date Filed",
      "number_non_empty_cells": 1702,
      "number_empty_cells": 0,
      "number_distinct_values": 544,
      "frequent_values": [
        "03/14/2016",
        "04/21/2015",
        "07/18/2016",
        "01/06/2016",
        "04/01/2016"
      ],
      "data_types": [
        {
          "type": "DATE/TIME",
          "count": 1702,
          "max_value": "12/30/2016",
          "min_value": "03/10/2010"
        }
      ]
    },
    {
      "column_name": "Status",
      "number_non_empty_cells": 1702,
      "number_empty_cells": 0,
      "number_distinct_values": 2,
      "frequent_values": [
        "Closed",
        "Open"
      ],
      "data_types": [
        {
          "type": "TEXT",
          "count": 1702,
          "shortest_values": "Open",
          "longest_values": "Closed",
          "average_length": 5.99764982373678
        }
      ]
    },
    {
      "column_name": "Expiration",
      "number_non_empty_cells": 1302,
      "number_empty_cells": 400,
      "number_distinct_values": 171,
      "frequent_values": [
        "",
        "07/02/2018",
        "06/26/2017",
        "05/28/2018",
        "05/01/2018"
      ],
      "data_types": [
        {
          "type": "DATE/TIME",
          "count": 1302,
          "max_value": "09/28/2020",
          "min_value": "02/20/2012"
        }
      ]
    },
    {
      "column_name": "Date Closed",
      "number_non_empty_cells": 1702,
      "number_empty_cells": 0,
      "number_distinct_values": 232,
      "frequent_values": [
        "02/17/2016",
        "05/24/2016",
        "05/02/2016",
        "03/09/2016",
        "01/25/2016"
      ],
      "data_types": [
        {
          "type": "DATE/TIME",
          "count": 1702,
          "max_value": "12/30/2016",
          "min_value": "01/04/2016"
        }
      ]
    },
    {
      "column_name": "Title",
      "number_non_empty_cells": 1565,
      "number_empty_cells": 137,
      "number_distinct_values": 172,
      "frequent_values": [
        "Police Officer",
        "Correction Officer",
        "",
        "Procurement Analyst",
        "Sanitation Worker"
      ],
      "data_types": [
        {
          "type": "TEXT",
          "count": 1565,
          "shortest_values": "Oiler",
          "longest_values": "Transit Electro-Mechanical Maintainer - EL & Esc.",
          "average_length": 19.515654952076677
        }
      ]
    },
    {
      "column_name": "Exam No.",
      "number_non_empty_cells": 1566,
      "number_empty_cells": 136,
      "number_distinct_values": 249,
      "frequent_values": [
        "",
        "2326",
        "3037",
        "2000",
        "5000"
      ],
      "data_types": [
        {
          "type": "INTEGER (LONG)",
          "count": 1566,
          "max_value": 8329,
          "min_value": 107,
          "mean": 3568.9604086845466
        }
      ]
    }
  ]
}