{
  "dataset_name": "weaz-wxw9.tsv.gz",
  "key_column_candidates": [
    "REGION###",
    "PROGRAM",
    "GRADE OR SERVICE CATEGORY##",
    "CORE COURSE(High Schools only)",
    "AVERAGE CLASS SIZE"
  ],
  "columns": [
    {
      "column_name": "PROGRAM",
      "number_non_empty_cells": 538,
      "number_empty_cells": 0,
      "number_distinct_values": 6,
      "frequent_values": [
        "GENERAL EDUCATION",
        "GENERAL EDUCATION ",
        "COLLABORATIVE TEAM TEACHING    ",
        "SPECIAL CLASS - High School",
        "GIFTED & TALENTED    "
      ],
      "data_types": [
        {
          "type": "TEXT",
          "count": 538,
          "shortest_values": "GENERAL EDUCATION",
          "longest_values": "COLLABORATIVE TEAM TEACHING    ",
          "average_length": 22.061338289962826
        }
      ]
    },
    {
      "column_name": "GRADE OR SERVICE CATEGORY##",
      "number_non_empty_cells": 538,
      "number_empty_cells": 0,
      "number_distinct_values": 18,
      "frequent_values": [
        "9",
        "10",
        "11",
        "12",
        "Mainstream"
      ],
      "data_types": [
        {
          "type": "DATE/TIME",
          "count": 20,
          "max_value": "12:1:1         ",
          "min_value": "12:1           "
        },
        {
          "type": "INTEGER (LONG)",
          "count": 403,
          "max_value": 12,
          "min_value": 1,
          "mean": 7.138957816377172
        },
        {
          "type": "TEXT",
          "count": 115,
          "shortest_values": "Mainstream",
          "longest_values": "Kindergarten             ",
          "average_length": 14.956521739130435
        }
      ]
    },
    {
      "column_name": "CORE COURSE(High Schools only)",
      "number_non_empty_cells": 264,
      "number_empty_cells": 274,
      "number_distinct_values": 5,
      "frequent_values": [
        "",
        "ENGLISH",
        "MATH   ",
        "SOCIAL STUDIES",
        "SCIENCE"
      ],
      "data_types": [
        {
          "type": "TEXT",
          "count": 264,
          "shortest_values": "ENGLISH",
          "longest_values": "SOCIAL STUDIES",
          "average_length": 8.75
        }
      ]
    },
    {
      "column_name": "REGION###",
      "number_non_empty_cells": 514,
      "number_empty_cells": 24,
      "number_distinct_values": 11,
      "frequent_values": [
        "3",
        "5",
        "6",
        "7",
        "8"
      ],
      "data_types": [
        {
          "type": "INTEGER (LONG)",
          "count": 514,
          "max_value": 10,
          "min_value": 1,
          "mean": 5.616731517509727
        }
      ]
    },
    {
      "column_name": "AVERAGE CLASS SIZE",
      "number_non_empty_cells": 538,
      "number_empty_cells": 0,
      "number_distinct_values": 164,
      "frequent_values": [
        "27.5",
        "21.3",
        "27.6",
        "27",
        "26.9"
      ],
      "data_types": [
        {
          "type": "INTEGER (LONG)",
          "count": 53,
          "max_value": 30,
          "min_value": 10,
          "mean": 24.056603773584907
        },
        {
          "type": "REAL",
          "count": 485,
          "max_value": 32.5,
          "min_value": 9.2,
          "mean": 23.73793814432991
        }
      ]
    }
  ]
}