{
  "dataset_name": "whux-iuiu.tsv.gz",
  "key_column_candidates": [
    "BIN Number",
    "Building",
    "SqFt",
    "Electric",
    " 2006 Natural Gas Usage",
    "2006 Fuel Oil #2- Delivery",
    "2006 Fuel Oil #4 - Delivery",
    "2006 Fuel Oil #6 - Delivery",
    "2006 Steam usage",
    "2011 Electric usage",
    "2011 Natural Gas usage ",
    "2011 Fuel Oil #2 B5 - Delivery",
    "2011 Fuel Oil #2- Delivery",
    "2011 Fuel Oil #4 - Delivery",
    "2011 Fuel Oil #6 - Delivery",
    "2011 Steam usage",
    "Types"
  ],
  "columns": [
    {
      "column_name": "SqFt",
      "number_non_empty_cells": 65,
      "number_empty_cells": 0,
      "number_distinct_values": 64,
      "frequent_values": [
        "* 333,652",
        "* 90,000",
        "* 594,000",
        "* 369,376",
        "* 231,190"
      ],
      "data_types": [
        {
          "type": "TEXT",
          "count": 65,
          "shortest_values": "* 90,000",
          "longest_values": "* 594,000",
          "average_length": 8.584615384615384
        }
      ]
    },
    {
      "column_name": "2011 Fuel Oil #2 B5 - Delivery",
      "number_non_empty_cells": 65,
      "number_empty_cells": 0,
      "number_distinct_values": 4,
      "frequent_values": [
        "N/A",
        "4660",
        "511",
        "662"
      ],
      "data_types": [
        {
          "type": "TEXT",
          "count": 62,
          "shortest_values": "N/A",
          "longest_values": "N/A",
          "average_length": 3.0
        },
        {
          "type": "INTEGER (LONG)",
          "count": 3,
          "max_value": 4660,
          "min_value": 511,
          "mean": 1944.3333333333333
        }
      ]
    },
    {
      "column_name": "BIN Number",
      "number_non_empty_cells": 65,
      "number_empty_cells": 0,
      "number_distinct_values": 65,
      "frequent_values": [
        "2009911",
        "1001289",
        "1001835",
        "2099027",
        "1078613"
      ],
      "data_types": [
        {
          "type": "INTEGER (LONG)",
          "count": 65,
          "max_value": 5113169,
          "min_value": 1001035,
          "mean": 2472677.630769231
        }
      ]
    },
    {
      "column_name": "2011 Fuel Oil #6 - Delivery",
      "number_non_empty_cells": 65,
      "number_empty_cells": 0,
      "number_distinct_values": 9,
      "frequent_values": [
        "NA",
        "N/A",
        "232200",
        "225640",
        "153259"
      ],
      "data_types": [
        {
          "type": "INTEGER (LONG)",
          "count": 7,
          "max_value": 232200,
          "min_value": 29191,
          "mean": 141999.14285714287
        },
        {
          "type": "TEXT",
          "count": 58,
          "shortest_values": "NA",
          "longest_values": "N/A",
          "average_length": 2.4310344827586206
        }
      ]
    },
    {
      "column_name": "Types",
      "number_non_empty_cells": 29,
      "number_empty_cells": 36,
      "number_distinct_values": 7,
      "frequent_values": [
        "",
        "Gas Primary/FO Secondary",
        "ConEd Steam",
        "Gas Only",
        "No boilers, Heated with Gas Fired Chillers"
      ],
      "data_types": [
        {
          "type": "TEXT",
          "count": 29,
          "shortest_values": "Gas Only",
          "longest_values": "Gas Primary/FO Secondary, also feeds Brooklyn House of Detention",
          "average_length": 20.79310344827586
        }
      ]
    },
    {
      "column_name": "2006 Fuel Oil #2- Delivery",
      "number_non_empty_cells": 36,
      "number_empty_cells": 29,
      "number_distinct_values": 10,
      "frequent_values": [
        "",
        "NA",
        "7302",
        "74015",
        "43320"
      ],
      "data_types": [
        {
          "type": "INTEGER (LONG)",
          "count": 8,
          "max_value": 74015,
          "min_value": 1978,
          "mean": 17550.125
        },
        {
          "type": "TEXT",
          "count": 28,
          "shortest_values": "NA",
          "longest_values": "NA",
          "average_length": 2.0
        }
      ]
    },
    {
      "column_name": "2006 Fuel Oil #4 - Delivery",
      "number_non_empty_cells": 36,
      "number_empty_cells": 29,
      "number_distinct_values": 5,
      "frequent_values": [
        "NA",
        "",
        "21503",
        "15505",
        "22433"
      ],
      "data_types": [
        {
          "type": "INTEGER (LONG)",
          "count": 3,
          "max_value": 22433,
          "min_value": 15505,
          "mean": 19813.666666666668
        },
        {
          "type": "TEXT",
          "count": 33,
          "shortest_values": "NA",
          "longest_values": "NA",
          "average_length": 2.0
        }
      ]
    },
    {
      "column_name": "2011 Fuel Oil #4 - Delivery",
      "number_non_empty_cells": 65,
      "number_empty_cells": 0,
      "number_distinct_values": 7,
      "frequent_values": [
        "NA",
        "N/A",
        "1740",
        "1205",
        "25004"
      ],
      "data_types": [
        {
          "type": "INTEGER (LONG)",
          "count": 5,
          "max_value": 25004,
          "min_value": 1205,
          "mean": 13692.4
        },
        {
          "type": "TEXT",
          "count": 60,
          "shortest_values": "NA",
          "longest_values": "N/A",
          "average_length": 2.3833333333333333
        }
      ]
    },
    {
      "column_name": "2006 Fuel Oil #6 - Delivery",
      "number_non_empty_cells": 36,
      "number_empty_cells": 29,
      "number_distinct_values": 12,
      "frequent_values": [
        "",
        "NA",
        "261648",
        "57351",
        "59168"
      ],
      "data_types": [
        {
          "type": "INTEGER (LONG)",
          "count": 10,
          "max_value": 266589,
          "min_value": 34161,
          "mean": 118420.5
        },
        {
          "type": "TEXT",
          "count": 26,
          "shortest_values": "NA",
          "longest_values": "NA",
          "average_length": 2.0
        }
      ]
    },
    {
      "column_name": "2011 Fuel Oil #2- Delivery",
      "number_non_empty_cells": 65,
      "number_empty_cells": 0,
      "number_distinct_values": 21,
      "frequent_values": [
        "NA",
        "N/A",
        "2000",
        "1497",
        "1957"
      ],
      "data_types": [
        {
          "type": "INTEGER (LONG)",
          "count": 20,
          "max_value": 79500,
          "min_value": 263,
          "mean": 7508.55
        },
        {
          "type": "TEXT",
          "count": 45,
          "shortest_values": "NA",
          "longest_values": "N/A",
          "average_length": 2.3555555555555556
        }
      ]
    },
    {
      "column_name": "Building",
      "number_non_empty_cells": 65,
      "number_empty_cells": 0,
      "number_distinct_values": 65,
      "frequent_values": [
        "Bronx Bergen Building",
        "Office Building 100 Gold St",
        "Clocktower Building",
        "Bronx Concourse Plaza",
        "City Planning Building"
      ],
      "data_types": [
        {
          "type": "TEXT",
          "count": 65,
          "shortest_values": "P.S.73X",
          "longest_values": "High School for Leadership in Public Services",
          "average_length": 22.56923076923077
        }
      ]
    }
  ]
}