{
  "dataset_name": "wye7-nyek.tsv.gz",
  "key_column_candidates": [
    "Project Name",
    "Project Received Date",
    "Project ID Number OP",
    "Project Description/Type",
    "Impacted Park ID(s)",
    "Impacted Park Name(s)",
    "Address/Intersection",
    "Borough",
    "Multisite Project? ",
    "Sponsoring Agency/Entity",
    "Primary Scope of Work",
    "Impacted Parks Division(s)",
    "Park Impact Type",
    "Contract Value ($)  OP",
    "Current Phase",
    "Scoping Initiated/Kick-Off OP",
    "Scoping Response Due Date OP",
    "Design Consultant OP",
    "Public Design Commission Approval Required",
    "Preliminary Public Design Commission Approval",
    "Final Public Design Commission Approval",
    "Mass Mailing #1 Received Date",
    "Mass Mailing #2 Received Date",
    "Mass Mailing #3 Received Date",
    "Design Completion Date OP",
    "Construction Manager OP",
    "Construction Manager Company OP",
    "Construction Kickoff OP",
    "Expected Construction End Date OP",
    "Actual Construction End Date OP",
    "Contractor for Construction Permit Firm Name",
    "Construction Permit Request Received Date",
    "Construction Permit ID",
    "Latest Site Visit",
    "Forestry Permit Status",
    "Forestry Permit ID Number",
    "Construction Permit Special Conditions",
    "Borough Approval Date",
    "Permit Issuance Date",
    "Permit Start Date",
    "Original Permit Expiration Date",
    "Latest Permit Extension/Amendment Request Date",
    "Latest Permit Extension/Amendment Issuance Date",
    "Latest Permit Expiration Date",
    "Permit Amendment Content",
    "Exploratory Permit ID",
    "Substantial Completion Date OP",
    "Final Inspection Date",
    "Latest Inspection Site Visit",
    "Punchlist Generated",
    "Conditional Letter issued",
    "Final Acceptance of Park by Borough",
    "Final Acceptance Letter Date",
    "Created",
    "Modified",
    "Coordinates"
  ],
  "columns": [
    {
      "column_name": "Final Acceptance Letter Date",
      "number_non_empty_cells": 10,
      "number_empty_cells": 261,
      "number_distinct_values": 11,
      "frequent_values": [
        "",
        "03/29/2016 12:00:00 AM",
        "07/01/2016 12:00:00 AM",
        "07/11/2016 12:00:00 AM",
        "11/04/2016 12:00:00 AM"
      ],
      "data_types": [
        {
          "type": "DATE/TIME",
          "count": 10,
          "max_value": "11/27/2017 12:00:00 AM",
          "min_value": "03/29/2016 12:00:00 AM"
        }
      ]
    },
    {
      "column_name": "Construction Manager Company OP",
      "number_non_empty_cells": 7,
      "number_empty_cells": 264,
      "number_distinct_values": 7,
      "frequent_values": [
        "",
        "NYSDOT",
        "D&B Engineers",
        "GPI",
        "STV, Inc."
      ],
      "data_types": [
        {
          "type": "TEXT",
          "count": 7,
          "shortest_values": "GPI",
          "longest_values": "ARCADIS U.S., Inc. 44 South Broadway, 9th Floor, White Plains, New York 10601",
          "average_length": 16.714285714285715
        }
      ]
    },
    {
      "column_name": "Latest Inspection Site Visit",
      "number_non_empty_cells": 18,
      "number_empty_cells": 253,
      "number_distinct_values": 19,
      "frequent_values": [
        "",
        "06/05/2016",
        "04/28/2017",
        "07/07/2017",
        "10/17/2017"
      ],
      "data_types": [
        {
          "type": "DATE/TIME",
          "count": 18,
          "max_value": "11/21/2017",
          "min_value": "05/10/2016"
        }
      ]
    },
    {
      "column_name": "Final Public Design Commission Approval",
      "number_non_empty_cells": 1,
      "number_empty_cells": 270,
      "number_distinct_values": 2,
      "frequent_values": [
        "",
        "08/22/2016 12:00:00 AM"
      ],
      "data_types": [
        {
          "type": "DATE/TIME",
          "count": 1,
          "max_value": "08/22/2016 12:00:00 AM",
          "min_value": "08/22/2016 12:00:00 AM"
        }
      ]
    },
    {
      "column_name": "Construction Manager OP",
      "number_non_empty_cells": 27,
      "number_empty_cells": 244,
      "number_distinct_values": 13,
      "frequent_values": [
        "",
        "EIC",
        "RE",
        "Construction Manager",
        "D&B Eng"
      ],
      "data_types": [
        {
          "type": "TEXT",
          "count": 27,
          "shortest_values": "RE",
          "longest_values": "Resident Project Representative[RE is Terence McCormick]",
          "average_length": 9.333333333333334
        }
      ]
    },
    {
      "column_name": "Public Design Commission Approval Required",
      "number_non_empty_cells": 6,
      "number_empty_cells": 265,
      "number_distinct_values": 3,
      "frequent_values": [
        "",
        "No",
        "Yes"
      ],
      "data_types": [
        {
          "type": "TEXT",
          "count": 6,
          "shortest_values": "No",
          "longest_values": "Yes",
          "average_length": 2.3333333333333335
        }
      ]
    },
    {
      "column_name": "Contractor for Construction Permit Firm Name",
      "number_non_empty_cells": 173,
      "number_empty_cells": 98,
      "number_distinct_values": 151,
      "frequent_values": [
        "",
        "National Grid",
        "River Bend Construction Corp.",
        "NUCO Painting Corp.",
        "Ecco III"
      ],
      "data_types": [
        {
          "type": "TEXT",
          "count": 173,
          "shortest_values": "Tully",
          "longest_values": "The I T Verdin Company Inc. Canterbury Designs of c/o Steve Kemme",
          "average_length": 23.6878612716763
        }
      ]
    },
    {
      "column_name": "Original Permit Expiration Date",
      "number_non_empty_cells": 174,
      "number_empty_cells": 97,
      "number_distinct_values": 122,
      "frequent_values": [
        "",
        "12/31/2017",
        "05/15/2017",
        "11/30/2016",
        "12/31/2016"
      ],
      "data_types": [
        {
          "type": "DATE/TIME",
          "count": 174,
          "max_value": "10/23/2019",
          "min_value": "12/31/2013"
        }
      ]
    },
    {
      "column_name": "Latest Permit Expiration Date",
      "number_non_empty_cells": 56,
      "number_empty_cells": 215,
      "number_distinct_values": 48,
      "frequent_values": [
        "",
        "12/31/2017",
        "07/31/2017",
        "10/06/2017",
        "12/30/2016"
      ],
      "data_types": [
        {
          "type": "DATE/TIME",
          "count": 56,
          "max_value": "10/23/2019",
          "min_value": "03/01/2014"
        }
      ]
    },
    {
      "column_name": "Final Acceptance of Park by Borough",
      "number_non_empty_cells": 9,
      "number_empty_cells": 262,
      "number_distinct_values": 10,
      "frequent_values": [
        "",
        "06/06/2017 12:00:00 AM",
        "06/02/2016 12:00:00 AM",
        "11/16/2016 12:00:00 AM",
        "04/27/2017 12:00:00 AM"
      ],
      "data_types": [
        {
          "type": "DATE/TIME",
          "count": 9,
          "max_value": "11/13/2017 12:00:00 AM",
          "min_value": "06/02/2016 12:00:00 AM"
        }
      ]
    },
    {
      "column_name": "Borough",
      "number_non_empty_cells": 271,
      "number_empty_cells": 0,
      "number_distinct_values": 16,
      "frequent_values": [
        "Manhattan",
        "Queens",
        "Brooklyn",
        "Bronx",
        "Staten Island"
      ],
      "data_types": [
        {
          "type": "TEXT",
          "count": 271,
          "shortest_values": "Bronx",
          "longest_values": "Bronx;#Brooklyn;#Manhattan;#Queens;#Staten Island",
          "average_length": 9.07749077490775
        }
      ]
    },
    {
      "column_name": "Design Completion Date OP",
      "number_non_empty_cells": 2,
      "number_empty_cells": 269,
      "number_distinct_values": 3,
      "frequent_values": [
        "",
        "07/28/2014 12:00:00 AM",
        "02/07/2016 12:00:00 AM"
      ],
      "data_types": [
        {
          "type": "DATE/TIME",
          "count": 2,
          "max_value": "02/07/2016 12:00:00 AM",
          "min_value": "07/28/2014 12:00:00 AM"
        }
      ]
    },
    {
      "column_name": "Modified",
      "number_non_empty_cells": 271,
      "number_empty_cells": 0,
      "number_distinct_values": 12,
      "frequent_values": [
        "11/07/2017",
        "11/09/2017",
        "11/16/2017",
        "11/08/2017",
        "11/13/2017"
      ],
      "data_types": [
        {
          "type": "DATE/TIME",
          "count": 271,
          "max_value": "11/28/2017",
          "min_value": "11/07/2017"
        }
      ]
    },
    {
      "column_name": "Contract Value ($)  OP",
      "number_non_empty_cells": 79,
      "number_empty_cells": 192,
      "number_distinct_values": 77,
      "frequent_values": [
        "",
        "8000.00",
        "100000.00",
        "500000.00",
        "25220000.00"
      ],
      "data_types": [
        {
          "type": "REAL",
          "count": 79,
          "max_value": 263720253.0,
          "min_value": 5000.0,
          "mean": 21470638.401392404
        }
      ]
    },
    {
      "column_name": "Latest Site Visit",
      "number_non_empty_cells": 77,
      "number_empty_cells": 194,
      "number_distinct_values": 71,
      "frequent_values": [
        "",
        "08/22/2017",
        "07/13/2016",
        "09/07/2016",
        "09/14/2017"
      ],
      "data_types": [
        {
          "type": "DATE/TIME",
          "count": 77,
          "max_value": "11/02/2018",
          "min_value": "02/18/2016"
        }
      ]
    },
    {
      "column_name": "Forestry Permit Status",
      "number_non_empty_cells": 104,
      "number_empty_cells": 167,
      "number_distinct_values": 5,
      "frequent_values": [
        "",
        "Approved",
        "Not Required",
        "Pending",
        "Not Received"
      ],
      "data_types": [
        {
          "type": "TEXT",
          "count": 104,
          "shortest_values": "Pending",
          "longest_values": "Not Required",
          "average_length": 9.375
        }
      ]
    },
    {
      "column_name": "Impacted Park ID(s)",
      "number_non_empty_cells": 244,
      "number_empty_cells": 27,
      "number_distinct_values": 184,
      "frequent_values": [
        "",
        "Q099",
        "X092",
        "M005",
        "M360"
      ],
      "data_types": [
        {
          "type": "DATE/TIME",
          "count": 21,
          "max_value": "M055",
          "min_value": "M242, M005"
        },
        {
          "type": "INTEGER (LONG)",
          "count": 1,
          "max_value": 482,
          "min_value": 482,
          "mean": 482.0
        },
        {
          "type": "TEXT",
          "count": 222,
          "shortest_values": "TBD",
          "longest_values": "MZ10; MZ66; MZ106; MZ116; MZ117; MZ118; MZ119; MZ125; MZ127; MZ132; MZ270",
          "average_length": 7.184684684684685
        }
      ]
    },
    {
      "column_name": "Address/Intersection",
      "number_non_empty_cells": 177,
      "number_empty_cells": 94,
      "number_distinct_values": 177,
      "frequent_values": [
        "",
        "Norway Ave & McClean Ave",
        "Webster Ave near E. Fordham Road",
        "BQE between Remsen and Clark",
        "155 St & Harlem River Drive"
      ],
      "data_types": [
        {
          "type": "TEXT",
          "count": 177,
          "shortest_values": "37 Ave & 114 St",
          "longest_values": "Astor Place from Lafayette St. to 3rd Ave; E. 8th St. from Lafayette St. to 4th Ave; Lafayette St. from Astor Pl. to E. 9th St.; 4th Ave south of e. 9th St. ",
          "average_length": 34.84180790960452
        }
      ]
    },
    {
      "column_name": "Construction Kickoff OP",
      "number_non_empty_cells": 9,
      "number_empty_cells": 262,
      "number_distinct_values": 10,
      "frequent_values": [
        "",
        "02/08/2016",
        "04/09/2017",
        "08/22/2017",
        "10/03/2017"
      ],
      "data_types": [
        {
          "type": "DATE/TIME",
          "count": 9,
          "max_value": "10/03/2017",
          "min_value": "06/21/2010"
        }
      ]
    },
    {
      "column_name": "Latest Permit Extension/Amendment Request Date",
      "number_non_empty_cells": 37,
      "number_empty_cells": 234,
      "number_distinct_values": 38,
      "frequent_values": [
        "",
        "03/14/2016",
        "06/16/2017",
        "09/27/2017",
        "05/12/2017"
      ],
      "data_types": [
        {
          "type": "DATE/TIME",
          "count": 37,
          "max_value": "10/19/2018",
          "min_value": "07/16/2015"
        }
      ]
    },
    {
      "column_name": "Final Inspection Date",
      "number_non_empty_cells": 12,
      "number_empty_cells": 259,
      "number_distinct_values": 13,
      "frequent_values": [
        "",
        "12/04/2015",
        "04/28/2017",
        "10/17/2017",
        "05/10/2016"
      ],
      "data_types": [
        {
          "type": "DATE/TIME",
          "count": 12,
          "max_value": "11/21/2017",
          "min_value": "12/04/2015"
        }
      ]
    },
    {
      "column_name": "Coordinates",
      "number_non_empty_cells": 87,
      "number_empty_cells": 184,
      "number_distinct_values": 88,
      "frequent_values": [
        "",
        "40.695843, -73.998101",
        "40.828021, -73.934955",
        "40.680024, -73.784590",
        "40.711041, -73.980484"
      ],
      "data_types": [
        {
          "type": "TEXT",
          "count": 87,
          "shortest_values": "40.767 -73.884",
          "longest_values": "40.775738, -73.767134; 40.716386, -73.728942",
          "average_length": 21.057471264367816
        }
      ]
    },
    {
      "column_name": "Project ID Number OP",
      "number_non_empty_cells": 170,
      "number_empty_cells": 101,
      "number_distinct_values": 165,
      "frequent_values": [
        "",
        "HB107014Q",
        "HWR1132B ",
        "GXHP24-04",
        "HB107008Q"
      ],
      "data_types": [
        {
          "type": "INTEGER (LONG)",
          "count": 1,
          "max_value": 134994,
          "min_value": 134994,
          "mean": 134994.0
        },
        {
          "type": "TEXT",
          "count": 169,
          "shortest_values": "33B",
          "longest_values": "14-CN00-DKCGE-008.00, BBLL-22",
          "average_length": 10.266272189349113
        }
      ]
    },
    {
      "column_name": "Expected Construction End Date OP",
      "number_non_empty_cells": 18,
      "number_empty_cells": 253,
      "number_distinct_values": 19,
      "frequent_values": [
        "",
        "03/31/2017",
        "06/06/2018",
        "12/31/2016",
        "08/23/2019"
      ],
      "data_types": [
        {
          "type": "DATE/TIME",
          "count": 18,
          "max_value": "02/13/2021",
          "min_value": "06/19/2013"
        }
      ]
    },
    {
      "column_name": "Permit Amendment Content",
      "number_non_empty_cells": 24,
      "number_empty_cells": 247,
      "number_distinct_values": 25,
      "frequent_values": [
        "",
        "2017 May: seperate permit for north area staging issued2017 Feb: Amend to extend work area north 1000' of the Highbridge. Includes special path building and turf paver restoration requirements.Amend to extend work area south 725' to ConEd manhole located slightly north of John T. Brush Stairs Park.",
        "  1. West Side Area added2. dewatering pipe on Lakeview",
        "  Ext 3Ext 2D263048 Work Orders No. 144, 147 & 149 are deemed included.1.C. \u201cSpecial Conditions\u201d are as follows:i.\tOne location at a time: At any given time, contractor may occupy not more than one of the three permitted work locations in the park.ii.\tNo weekend work: Work is prohibited at all sites during weekends and holidays (existing laydown is permitted).iii.\tProvide Schedule: Three business days in advance of work, provide schedule of work to jonathan.landsman@parks.nyc.gov. You need not wait for an approval of schedule to proceed with work.Ext 11.C. \u201cSpecial Conditions\u201d are amended as follows:ii.\tOrder of Sites: Pier 66 must be completed first. Following 66, work is to then proceed southward through the piers, with only one location occupied or worked on at a time.iii.\tBlackout Dates: No sites may be occupied in any manner or worked on between September 30 and October 2nd, inclusive.iv.\tDelivery Embargoes: This section is deleted.",
        "Contractor\u2019s proposal for a roadway detour at the Park entrance on the West side of the bridge is granted, as detailed in attached diagrams and with stipulations for landscape protection as detailed in Tree Work Permit WS413MF16\u2022\tAdditional area described above shall be restored with new asphalt paving and grass established"
      ],
      "data_types": [
        {
          "type": "TEXT",
          "count": 24,
          "shortest_values": "  The Battery added to scope. ",
          "longest_values": "\u2022\tRevised Scope of work: Access is granted to the Queens Anchorage of the RFK Bridge through Astoria Park (Q004). o\tWork in Astoria Park cannot begin until January 9, 2017, after the conclusion of MulchFest.o\tContractor to submit before/after photos of any operations on the Astoria Park tennis courts. o\tPlywood protection or approved equal to be used in all tennis court operations. o\tStandard tree protection must be installed if inspection access circumvents use of the Astoria Park tennis courts. o\tAn additional NYC Parks Tree Work Permit will be required if any pruning is deemed necessary to the inspection. Details can be found at: https://www.nycgovparks.org/services/forestry/tree-work-permito\tStaging permitted in front of bridge anchorage. o\tContact Brendan Shera and Norman Chan at Brendan.Shera@parks.nyc.gov and Norman.Chan@parks.nyc.gov 48 hours prior to start of work. \u2022\tExtended Duration: Permit No. CNYG.20161104 is hereby extended to the new Expiration date given above.\u00a0 All other terms and conditions of said permit remain in full force and effect.",
          "average_length": 298.0833333333333
        }
      ]
    },
    {
      "column_name": "Exploratory Permit ID",
      "number_non_empty_cells": 8,
      "number_empty_cells": 263,
      "number_distinct_values": 9,
      "frequent_values": [
        "",
        "M037.20170515",
        "M-29-14NF",
        "X004.E.20160728",
        "B269.20160808"
      ],
      "data_types": [
        {
          "type": "TEXT",
          "count": 8,
          "shortest_values": "M-29-14NF",
          "longest_values": "M-60-15NF; M-61-15NF",
          "average_length": 13.625
        }
      ]
    },
    {
      "column_name": "Impacted Park Name(s)",
      "number_non_empty_cells": 253,
      "number_empty_cells": 18,
      "number_distinct_values": 200,
      "frequent_values": [
        "",
        "Flushing Meadows Corona Park",
        "Van Cortlandt Park",
        "Riverside Park",
        "The Battery"
      ],
      "data_types": [
        {
          "type": "TEXT",
          "count": 253,
          "shortest_values": "TBD",
          "longest_values": "Park at Beach 108 Street, American Veterans Memorial Pier; Hallets Cove Playground; Carl Schurz Park; East River Esplanade; and other locations TBD",
          "average_length": 24.66403162055336
        }
      ]
    },
    {
      "column_name": "Scoping Initiated/Kick-Off OP",
      "number_non_empty_cells": 2,
      "number_empty_cells": 269,
      "number_distinct_values": 3,
      "frequent_values": [
        "",
        "02/15/2017 12:00:00 AM",
        "06/09/2016 12:00:00 AM"
      ],
      "data_types": [
        {
          "type": "DATE/TIME",
          "count": 2,
          "max_value": "02/15/2017 12:00:00 AM",
          "min_value": "06/09/2016 12:00:00 AM"
        }
      ]
    },
    {
      "column_name": "Actual Construction End Date OP",
      "number_non_empty_cells": 4,
      "number_empty_cells": 267,
      "number_distinct_values": 5,
      "frequent_values": [
        "",
        "31/03/2016",
        "10/05/2016",
        "13/10/2017",
        "30/10/2017"
      ],
      "data_types": [
        {
          "type": "DATE/TIME",
          "count": 4,
          "max_value": "30/10/2017",
          "min_value": "31/03/2016"
        }
      ]
    },
    {
      "column_name": "Construction Permit Special Conditions",
      "number_non_empty_cells": 67,
      "number_empty_cells": 204,
      "number_distinct_values": 67,
      "frequent_values": [
        "",
        "i.\tDisturbed park areas including sidewalks, pedestrian paths, bike paths, planted areas, etc. must be replaced in kind. ii.\tDecorative pavers must be restored to original state. Any damaged or lost pavers must be replaced to match. iii.\tSidewalk trenching within 50 feet of a tree requires approval from Forestry.iv.\tEquipment installations that require tree pruning also require Forestry Permits. v.\tEquipment should be painted to match pole aesthetics.vi.\tConstruction activities should not restrict park access.vii.\tSafe work zones should be established as necessary to protect users from construction.",
        "see attachment",
        "This is a specuil permit drafted by legal due to the permanent installation of a utility",
        "Contractor to relocate solar powered trash cans as discussed and agreed to at 3/15/16 coordination meetingContractor responsible for any damages to solar powered trash cansAccess to DPR RPZ to be maintained at all times"
      ],
      "data_types": [
        {
          "type": "TEXT",
          "count": 67,
          "shortest_values": "see attachment",
          "longest_values": "  i.\tNew Fence at Pier 2: Following removal of the abandoned Pier 2, and prior to the substantial completion of work under this permit, Permittee will furnish and install new railing to match existing rail, safely and aesthetically closing access to the former pier. (Attachment B shows existing condition and existing rail detail; further construction detail may be available from Parks)ii.\tCoordination of work with Marina Operationsa)\tTo minimize disruption to marina operations, Permittee is reminded of scheduling obligations laid out on Drawing DRG-FB-C1-28, particularly restricting\u00a0 dates and timing of work in Areas II and III (Appendix E).b)\tParks and DEP have coordinated extensively on the design and scheduling of the permitted work, and expect to continue to coordinate with Permittee, through the DEP engineer, as has been occurring.iii.\tDocumentation and Report of In-Water Removals: Permittee will track and provide to Parks a report, appropriate documentation, of the following operations completed:a)\tVolume of pilings removed (number of pilings with each piling\u2019s length and diameter)b)\tVolume and square footage of walkway removedc)\tVolume of submerged docks, barges, and vessels removediv.\tStockpile Prohibited: No stockpile of materials on land has been requested, nor is permitted, under this agreement.v.\tCoordination with Park eventsa)\tThere can be no deliveries or construction activities on land from August 15, 2017 through September 16, 2017. b)\tThere can be no deliveries or construction activities on land during Mets home games.c)\tNYC Parks reserves the right to add additional blackout dates as necessary.",
          "average_length": 302.65671641791045
        }
      ]
    },
    {
      "column_name": "Latest Permit Extension/Amendment Issuance Date",
      "number_non_empty_cells": 41,
      "number_empty_cells": 230,
      "number_distinct_values": 37,
      "frequent_values": [
        "",
        "10/13/2017",
        "03/28/2017",
        "07/11/2017",
        "06/01/2017"
      ],
      "data_types": [
        {
          "type": "DATE/TIME",
          "count": 41,
          "max_value": "11/22/2017",
          "min_value": "01/14/2014"
        }
      ]
    },
    {
      "column_name": "Multisite Project? ",
      "number_non_empty_cells": 271,
      "number_empty_cells": 0,
      "number_distinct_values": 3,
      "frequent_values": [
        "Single Site",
        "Multi Site",
        "Multi Borough"
      ],
      "data_types": [
        {
          "type": "TEXT",
          "count": 271,
          "shortest_values": "Multi Site",
          "longest_values": "Multi Borough",
          "average_length": 11.011070110701107
        }
      ]
    },
    {
      "column_name": "Construction Permit Request Received Date",
      "number_non_empty_cells": 98,
      "number_empty_cells": 173,
      "number_distinct_values": 83,
      "frequent_values": [
        "",
        "03/07/2017",
        "05/23/2016",
        "08/25/2016",
        "05/15/2017"
      ],
      "data_types": [
        {
          "type": "DATE/TIME",
          "count": 98,
          "max_value": "10/13/2017",
          "min_value": "12/03/2014"
        }
      ]
    },
    {
      "column_name": "Borough Approval Date",
      "number_non_empty_cells": 78,
      "number_empty_cells": 193,
      "number_distinct_values": 73,
      "frequent_values": [
        "",
        "11/22/2016",
        "05/11/2017",
        "11/09/2016",
        "10/30/2017"
      ],
      "data_types": [
        {
          "type": "DATE/TIME",
          "count": 78,
          "max_value": "04/25/3016",
          "min_value": "12/02/2015"
        }
      ]
    },
    {
      "column_name": "Mass Mailing #1 Received Date",
      "number_non_empty_cells": 2,
      "number_empty_cells": 269,
      "number_distinct_values": 3,
      "frequent_values": [
        "",
        "05/19/2017 12:00:00 AM",
        "02/08/2017 12:00:00 AM"
      ],
      "data_types": [
        {
          "type": "DATE/TIME",
          "count": 2,
          "max_value": "05/19/2017 12:00:00 AM",
          "min_value": "02/08/2017 12:00:00 AM"
        }
      ]
    },
    {
      "column_name": "Design Consultant OP",
      "number_non_empty_cells": 2,
      "number_empty_cells": 269,
      "number_distinct_values": 3,
      "frequent_values": [
        "",
        "AECOM",
        "Dewberry"
      ],
      "data_types": [
        {
          "type": "TEXT",
          "count": 2,
          "shortest_values": "AECOM",
          "longest_values": "Dewberry",
          "average_length": 6.5
        }
      ]
    },
    {
      "column_name": "Primary Scope of Work",
      "number_non_empty_cells": 123,
      "number_empty_cells": 148,
      "number_distinct_values": 19,
      "frequent_values": [
        "",
        "Sewer/Water Main",
        "Bridge Component Rehabilitation",
        "Utility (gas, electric, telephone)",
        "Roadway Reconstruction"
      ],
      "data_types": [
        {
          "type": "TEXT",
          "count": 123,
          "shortest_values": "Plaza",
          "longest_values": "Environmental Improvement/Remediation",
          "average_length": 22.260162601626018
        }
      ]
    },
    {
      "column_name": "Impacted Parks Division(s)",
      "number_non_empty_cells": 184,
      "number_empty_cells": 87,
      "number_distinct_values": 71,
      "frequent_values": [
        "",
        "Borough Operations;#Borough Forestry",
        "Borough Operations",
        "Borough Forestry",
        "Other"
      ],
      "data_types": [
        {
          "type": "TEXT",
          "count": 184,
          "shortest_values": "Other",
          "longest_values": "Capital Projects;#Borough Operations;#Revenue/Concession;#Arts & Antiquities;#Legal/MOUs;#Borough Forestry;#Planning and Parklands",
          "average_length": 38.983695652173914
        }
      ]
    },
    {
      "column_name": "Current Phase",
      "number_non_empty_cells": 222,
      "number_empty_cells": 49,
      "number_distinct_values": 7,
      "frequent_values": [
        "Construction",
        "Permitting",
        "",
        "Presumed Complete",
        "Conditional-Accepted (Subst. Compl.)"
      ],
      "data_types": [
        {
          "type": "TEXT",
          "count": 222,
          "shortest_values": "Closeout",
          "longest_values": "Conditional-Accepted (Subst. Compl.)",
          "average_length": 15.324324324324325
        }
      ]
    },
    {
      "column_name": "Project Received Date",
      "number_non_empty_cells": 271,
      "number_empty_cells": 0,
      "number_distinct_values": 239,
      "frequent_values": [
        "07/06/2016",
        "09/12/2016",
        "03/07/2017",
        "09/13/2017",
        "10/01/2013"
      ],
      "data_types": [
        {
          "type": "DATE/TIME",
          "count": 271,
          "max_value": "12/16/2017",
          "min_value": "10/20/2003"
        }
      ]
    },
    {
      "column_name": "Substantial Completion Date OP",
      "number_non_empty_cells": 17,
      "number_empty_cells": 254,
      "number_distinct_values": 18,
      "frequent_values": [
        "",
        "12/04/2015",
        "05/05/2016",
        "04/28/2017",
        "03/31/2016"
      ],
      "data_types": [
        {
          "type": "DATE/TIME",
          "count": 17,
          "max_value": "10/30/2017",
          "min_value": "11/12/2014"
        }
      ]
    },
    {
      "column_name": "Project Name",
      "number_non_empty_cells": 271,
      "number_empty_cells": 0,
      "number_distinct_values": 267,
      "frequent_values": [
        "South Beach Area Streets",
        "Installation of Coastal Storm Mechanical Closure Devices (MCD's) at various locations in Manhattan",
        "Four Retaining Wall in Brooklyn, Bronx, Queens (RWK013, RWX022, RWQ008, RWQ009)",
        "Removal, upgrade and replacement of city owned heating oil tanks",
        "Fordham Station Capacity Improvements / ADA Ramp"
      ],
      "data_types": [
        {
          "type": "TEXT",
          "count": 271,
          "shortest_values": "BEDA002",
          "longest_values": "Trunk and Distribution Water Mains Replacement in Leonard Street between Driggs Avenue and Maujer Street, AND, Chamber Roof Slab Replacement and Support Columns Rehabilitation at the intersection of Flatbush Ave and Lafayette Ave",
          "average_length": 58.845018450184504
        }
      ]
    },
    {
      "column_name": "Project Description/Type",
      "number_non_empty_cells": 271,
      "number_empty_cells": 0,
      "number_distinct_values": 267,
      "frequent_values": [
        "also SE793. Roadway reconstruction with sewer work. Work is close to two greenstreet tree medians and one larger landscaped triangle",
        "Installation of Coastal Storm Mechanical Closure Devices (MCD's) at various locations in Manhattan",
        "Rehab work on four retaining walls: RWK013, RWX022, RWQ008, and RWQ009. Combined under one DDC contract: RWK013.",
        "Removal, upgrade and replacement of city owned heating oil tanks",
        "Railroad Station Improvement"
      ],
      "data_types": [
        {
          "type": "TEXT",
          "count": 271,
          "shortest_values": "TBD",
          "longest_values": "Con Edison needs to gain access to MH63307 which is located inside Canarsie Park to dewater and then enter the structure to cut and cap (i.e. de-energize and abandon) three electric cables inside. No cables will be pulled from this manhole and no intrusive work is proposed. The proposed plan is to have a tanker truck on the adjacent property (pending access agreement) and run a hose over the fence and into the manhole (this is the shortest distance). The manhole is located in a vegetated portion of the Park. To provide safe access to the manhole, a small path would need to be cleared for the crew and their equipment. Con Edison is requesting authorization to clear a path approximately 3-ft wide to the manhole and around the structure. The duration of the work is approximately 2-3 days",
          "average_length": 106.98154981549816
        }
      ]
    },
    {
      "column_name": "Permit Issuance Date",
      "number_non_empty_cells": 144,
      "number_empty_cells": 127,
      "number_distinct_values": 117,
      "frequent_values": [
        "",
        "11/15/2016",
        "07/06/2016",
        "09/30/2016",
        "10/21/2016"
      ],
      "data_types": [
        {
          "type": "DATE/TIME",
          "count": 144,
          "max_value": "10/31/2017",
          "min_value": "02/08/2013"
        }
      ]
    },
    {
      "column_name": "Permit Start Date",
      "number_non_empty_cells": 172,
      "number_empty_cells": 99,
      "number_distinct_values": 132,
      "frequent_values": [
        "",
        "10/24/2016",
        "10/19/2016",
        "06/01/2017",
        "09/27/2016"
      ],
      "data_types": [
        {
          "type": "DATE/TIME",
          "count": 172,
          "max_value": "12/01/2017",
          "min_value": "03/05/2012"
        }
      ]
    },
    {
      "column_name": "Created",
      "number_non_empty_cells": 271,
      "number_empty_cells": 0,
      "number_distinct_values": 159,
      "frequent_values": [
        "11/09/2017",
        "03/14/2017",
        "09/07/2016",
        "05/03/2017",
        "06/09/2017"
      ],
      "data_types": [
        {
          "type": "DATE/TIME",
          "count": 271,
          "max_value": "11/16/2017",
          "min_value": "03/29/2016"
        }
      ]
    },
    {
      "column_name": "Punchlist Generated",
      "number_non_empty_cells": 17,
      "number_empty_cells": 254,
      "number_distinct_values": 18,
      "frequent_values": [
        "",
        "05/05/2016",
        "04/28/2017",
        "03/31/2016",
        "08/28/2017"
      ],
      "data_types": [
        {
          "type": "DATE/TIME",
          "count": 17,
          "max_value": "10/11/2017",
          "min_value": "08/07/2014"
        }
      ]
    },
    {
      "column_name": "Conditional Letter issued",
      "number_non_empty_cells": 14,
      "number_empty_cells": 257,
      "number_distinct_values": 15,
      "frequent_values": [
        "",
        "06/20/2016",
        "05/02/2017",
        "03/31/2016",
        "01/15/2015"
      ],
      "data_types": [
        {
          "type": "DATE/TIME",
          "count": 14,
          "max_value": "11/27/2017",
          "min_value": "01/15/2015"
        }
      ]
    },
    {
      "column_name": "Preliminary Public Design Commission Approval",
      "number_non_empty_cells": 2,
      "number_empty_cells": 269,
      "number_distinct_values": 3,
      "frequent_values": [
        "",
        "08/03/2015 12:00:00 AM",
        "10/15/2010 12:00:00 AM"
      ],
      "data_types": [
        {
          "type": "DATE/TIME",
          "count": 2,
          "max_value": "08/03/2015 12:00:00 AM",
          "min_value": "10/15/2010 12:00:00 AM"
        }
      ]
    },
    {
      "column_name": "Sponsoring Agency/Entity",
      "number_non_empty_cells": 271,
      "number_empty_cells": 0,
      "number_distinct_values": 23,
      "frequent_values": [
        "DDC",
        "SDOT",
        "DEP",
        "CDOT",
        "ConEd"
      ],
      "data_types": [
        {
          "type": "TEXT",
          "count": 271,
          "shortest_values": "DDC",
          "longest_values": "Parks - Partner Group",
          "average_length": 6.767527675276753
        }
      ]
    },
    {
      "column_name": "Park Impact Type",
      "number_non_empty_cells": 179,
      "number_empty_cells": 92,
      "number_distinct_values": 52,
      "frequent_values": [
        "",
        "Staging",
        "Other",
        "No Parkland Impact",
        "Sidewalk Closure"
      ],
      "data_types": [
        {
          "type": "TEXT",
          "count": 179,
          "shortest_values": "Other",
          "longest_values": "Staging;#Excavation;#Partial Park Closure;#Sidewalk Closure;#Park Improvement;#Other",
          "average_length": 26.435754189944134
        }
      ]
    },
    {
      "column_name": "Mass Mailing #3 Received Date",
      "number_non_empty_cells": 1,
      "number_empty_cells": 270,
      "number_distinct_values": 2,
      "frequent_values": [
        "",
        "02/16/2017 12:00:00 AM"
      ],
      "data_types": [
        {
          "type": "DATE/TIME",
          "count": 1,
          "max_value": "02/16/2017 12:00:00 AM",
          "min_value": "02/16/2017 12:00:00 AM"
        }
      ]
    },
    {
      "column_name": "Construction Permit ID",
      "number_non_empty_cells": 184,
      "number_empty_cells": 87,
      "number_distinct_values": 185,
      "frequent_values": [
        "",
        "X-13-14NF",
        "M-30-16NF",
        "Q005.20161025",
        "B-44-13NF"
      ],
      "data_types": [
        {
          "type": "TEXT",
          "count": 184,
          "shortest_values": "Q-4-12F",
          "longest_values": "M-60-15NF; M-61-15NF",
          "average_length": 12.26086956521739
        }
      ]
    },
    {
      "column_name": "Forestry Permit ID Number",
      "number_non_empty_cells": 51,
      "number_empty_cells": 220,
      "number_distinct_values": 51,
      "frequent_values": [
        "",
        "FY16-405",
        "WSP01MF16",
        "QP16-248",
        "WSP17MF16"
      ],
      "data_types": [
        {
          "type": "INTEGER (LONG)",
          "count": 1,
          "max_value": 21353,
          "min_value": 21353,
          "mean": 21353.0
        },
        {
          "type": "TEXT",
          "count": 50,
          "shortest_values": "X17-53",
          "longest_values": "I17-018 & 22406",
          "average_length": 8.12
        }
      ]
    }
  ]
}