{
  "dataset_name": "x56h-7iwp.tsv.gz",
  "key_column_candidates": [
    "City",
    "Estimated Unsheltered Population",
    "Total Population",
    "Ratio of Unsheltered Homeless to General Population"
  ],
  "columns": [
    {
      "column_name": "City",
      "number_non_empty_cells": 6,
      "number_empty_cells": 0,
      "number_distinct_values": 6,
      "frequent_values": [
        "Chicago *",
        "Miami-Dade County",
        "San Francisco *",
        "Seattle",
        "New York City"
      ],
      "data_types": [
        {
          "type": "TEXT",
          "count": 6,
          "shortest_values": "Seattle",
          "longest_values": "Miami-Dade County",
          "average_length": 12.333333333333334
        }
      ]
    },
    {
      "column_name": "Ratio of Unsheltered Homeless to General Population",
      "number_non_empty_cells": 6,
      "number_empty_cells": 0,
      "number_distinct_values": 6,
      "frequent_values": [
        "1 in 1,800 ",
        "1 in 2,402 ",
        "1 in 276 ",
        "1 in 301 ",
        "1 in 3,554 "
      ],
      "data_types": [
        {
          "type": "TEXT",
          "count": 6,
          "shortest_values": "1 in 96 ",
          "longest_values": "1 in 1,800 ",
          "average_length": 9.833333333333334
        }
      ]
    },
    {
      "column_name": "Total Population",
      "number_non_empty_cells": 6,
      "number_empty_cells": 0,
      "number_distinct_values": 6,
      "frequent_values": [
        "2836658",
        "2387170",
        "764976",
        "594210",
        "8274527"
      ],
      "data_types": [
        {
          "type": "INTEGER (LONG)",
          "count": 6,
          "max_value": 8274527,
          "min_value": 594210,
          "mean": 3115313.5
        }
      ]
    },
    {
      "column_name": "Estimated Unsheltered Population",
      "number_non_empty_cells": 6,
      "number_empty_cells": 0,
      "number_distinct_values": 6,
      "frequent_values": [
        "1576",
        "994",
        "2771",
        "1976",
        "2328"
      ],
      "data_types": [
        {
          "type": "INTEGER (LONG)",
          "count": 6,
          "max_value": 40144,
          "min_value": 994,
          "mean": 8298.166666666666
        }
      ]
    }
  ]
}