{
  "dataset_name": "xefy-6ent.tsv.gz",
  "key_column_candidates": [
    "BOROUGH",
    "GRADE LEVEL",
    "PROGRAM TYPE",
    "CORE SUBJECT",
    "SERVICE CATEGORY",
    "CLASS SIZE",
    "NUMBER OF CLASSES",
    "NUMBER OF STUDENTS",
    "PERCENT OF STUDENTS IN BOROUGH / GRADE / PROGRAM / SUBJECT"
  ],
  "columns": [
    {
      "column_name": "SERVICE CATEGORY",
      "number_non_empty_cells": 2318,
      "number_empty_cells": 0,
      "number_distinct_values": 6,
      "frequent_values": [
        "-",
        "12:1:1",
        "12:1",
        "6:1:1",
        "8:1:1"
      ],
      "data_types": [
        {
          "type": "DATE/TIME",
          "count": 107,
          "max_value": "15:1",
          "min_value": "6:1:1"
        },
        {
          "type": "TEXT",
          "count": 2211,
          "shortest_values": "-",
          "longest_values": "-",
          "average_length": 1.0
        }
      ]
    },
    {
      "column_name": "NUMBER OF STUDENTS",
      "number_non_empty_cells": 2318,
      "number_empty_cells": 0,
      "number_distinct_values": 1037,
      "frequent_values": [
        "30",
        "48",
        "90",
        "42",
        "14"
      ],
      "data_types": [
        {
          "type": "INTEGER (LONG)",
          "count": 2318,
          "max_value": 21522,
          "min_value": 2,
          "mean": 1196.369715271786
        }
      ]
    },
    {
      "column_name": "PROGRAM TYPE",
      "number_non_empty_cells": 2318,
      "number_empty_cells": 0,
      "number_distinct_values": 3,
      "frequent_values": [
        "GEN ED / CTT / G&T",
        "GEN ED / CTT",
        "SPEC ED"
      ],
      "data_types": [
        {
          "type": "TEXT",
          "count": 2318,
          "shortest_values": "SPEC ED",
          "longest_values": "GEN ED / CTT / G&T",
          "average_length": 13.285591026747197
        }
      ]
    },
    {
      "column_name": "CLASS SIZE",
      "number_non_empty_cells": 2097,
      "number_empty_cells": 221,
      "number_distinct_values": 30,
      "frequent_values": [
        "",
        "15",
        "24",
        "26",
        "21"
      ],
      "data_types": [
        {
          "type": "INTEGER (LONG)",
          "count": 2097,
          "max_value": 34,
          "min_value": 6,
          "mean": 21.338102050548404
        }
      ]
    },
    {
      "column_name": "BOROUGH",
      "number_non_empty_cells": 2318,
      "number_empty_cells": 0,
      "number_distinct_values": 5,
      "frequent_values": [
        "Q",
        "K",
        "X",
        "M",
        "R"
      ],
      "data_types": [
        {
          "type": "TEXT",
          "count": 2318,
          "shortest_values": "K",
          "longest_values": "K",
          "average_length": 1.0
        }
      ]
    },
    {
      "column_name": "NUMBER OF CLASSES",
      "number_non_empty_cells": 2318,
      "number_empty_cells": 0,
      "number_distinct_values": 239,
      "frequent_values": [
        "1",
        "2",
        "3",
        "4",
        "6"
      ],
      "data_types": [
        {
          "type": "INTEGER (LONG)",
          "count": 2318,
          "max_value": 633,
          "min_value": 1,
          "mean": 48.276531492666095
        }
      ]
    },
    {
      "column_name": "PERCENT OF STUDENTS IN BOROUGH / GRADE / PROGRAM / SUBJECT",
      "number_non_empty_cells": 2318,
      "number_empty_cells": 0,
      "number_distinct_values": 44,
      "frequent_values": [
        "1",
        "2",
        "3",
        "4",
        "6"
      ],
      "data_types": [
        {
          "type": "INTEGER (LONG)",
          "count": 2318,
          "max_value": 100,
          "min_value": 0,
          "mean": 6.29076790336497
        }
      ]
    },
    {
      "column_name": "CORE SUBJECT",
      "number_non_empty_cells": 2318,
      "number_empty_cells": 0,
      "number_distinct_values": 5,
      "frequent_values": [
        "-",
        "ENGLISH",
        "MATH",
        "SOCIAL STUDIES",
        "SCIENCE"
      ],
      "data_types": [
        {
          "type": "TEXT",
          "count": 2318,
          "shortest_values": "-",
          "longest_values": "SOCIAL STUDIES",
          "average_length": 4.862381363244176
        }
      ]
    },
    {
      "column_name": "GRADE LEVEL",
      "number_non_empty_cells": 2318,
      "number_empty_cells": 0,
      "number_distinct_values": 13,
      "frequent_values": [
        "09-12",
        "MS Core",
        "0K-09",
        "05",
        "08"
      ],
      "data_types": [
        {
          "type": "DATE/TIME",
          "count": 667,
          "max_value": "09-12",
          "min_value": "09-12"
        },
        {
          "type": "INTEGER (LONG)",
          "count": 848,
          "max_value": 9,
          "min_value": 1,
          "mean": 4.783018867924528
        },
        {
          "type": "TEXT",
          "count": 803,
          "shortest_values": "0K",
          "longest_values": "MS Core",
          "average_length": 6.22291407222914
        }
      ]
    }
  ]
}