{
  "dataset_name": "xggi-kgx9.tsv.gz",
  "key_column_candidates": [
    "Borough",
    "Facility Name",
    "Street Address",
    "City",
    "State",
    "Postcode",
    "Telephone Number",
    "Timings",
    "Comments",
    "Latitude",
    "Longitude",
    "Community Board",
    "Council District ",
    "Census Tract",
    "BIN",
    "BBL",
    "NTA"
  ],
  "columns": [
    {
      "column_name": "Street Address",
      "number_non_empty_cells": 5,
      "number_empty_cells": 0,
      "number_distinct_values": 5,
      "frequent_values": [
        "126-02 82nd Avenue",
        "80 Centre Street ",
        "126 Stuyvesant Place ",
        "198 E. 161st Street",
        "350 Jay Street"
      ],
      "data_types": [
        {
          "type": "TEXT",
          "count": 5,
          "shortest_values": "350 Jay Street",
          "longest_values": "126 Stuyvesant Place ",
          "average_length": 17.8
        }
      ]
    },
    {
      "column_name": "Borough",
      "number_non_empty_cells": 5,
      "number_empty_cells": 0,
      "number_distinct_values": 5,
      "frequent_values": [
        "Queens",
        "Manhattan",
        "Staten Island ",
        "Bronx",
        "Brooklyn"
      ],
      "data_types": [
        {
          "type": "TEXT",
          "count": 5,
          "shortest_values": "Bronx",
          "longest_values": "Staten Island ",
          "average_length": 8.4
        }
      ]
    },
    {
      "column_name": "City",
      "number_non_empty_cells": 5,
      "number_empty_cells": 0,
      "number_distinct_values": 5,
      "frequent_values": [
        "Queens",
        "New York ",
        "Staten Island ",
        "Bronx",
        "Brooklyn"
      ],
      "data_types": [
        {
          "type": "TEXT",
          "count": 5,
          "shortest_values": "Bronx",
          "longest_values": "Staten Island ",
          "average_length": 8.4
        }
      ]
    },
    {
      "column_name": "Latitude",
      "number_non_empty_cells": 5,
      "number_empty_cells": 0,
      "number_distinct_values": 5,
      "frequent_values": [
        "40.713732",
        "40.715447",
        "40.642932",
        "40.826354",
        "40.693524"
      ],
      "data_types": [
        {
          "type": "REAL",
          "count": 5,
          "max_value": 40.826354,
          "min_value": 40.642932,
          "mean": 40.718397800000005
        }
      ]
    },
    {
      "column_name": "BIN",
      "number_non_empty_cells": 5,
      "number_empty_cells": 0,
      "number_distinct_values": 5,
      "frequent_values": [
        "4458616",
        "1001830",
        "5000085",
        "2099027",
        "3000259"
      ],
      "data_types": [
        {
          "type": "INTEGER (LONG)",
          "count": 5,
          "max_value": 5000085,
          "min_value": 1001830,
          "mean": 3111963.4
        }
      ]
    },
    {
      "column_name": "BBL",
      "number_non_empty_cells": 5,
      "number_empty_cells": 0,
      "number_distinct_values": 5,
      "frequent_values": [
        "4096530001",
        "1001660027",
        "5000080070",
        "2024430094",
        "3001407501"
      ],
      "data_types": [
        {
          "type": "INTEGER (LONG)",
          "count": 5,
          "max_value": 5000080070,
          "min_value": 1001660027,
          "mean": 3024821538.6
        }
      ]
    },
    {
      "column_name": "Comments",
      "number_non_empty_cells": 5,
      "number_empty_cells": 0,
      "number_distinct_values": 1,
      "frequent_values": [
        "Walk-in Services are available"
      ],
      "data_types": [
        {
          "type": "TEXT",
          "count": 5,
          "shortest_values": "Walk-in Services are available",
          "longest_values": "Walk-in Services are available",
          "average_length": 30.0
        }
      ]
    },
    {
      "column_name": "Longitude",
      "number_non_empty_cells": 5,
      "number_empty_cells": 0,
      "number_distinct_values": 5,
      "frequent_values": [
        "-73.826122",
        "-74.00189",
        "-74.076907",
        "-73.921024",
        "-73.987249"
      ],
      "data_types": [
        {
          "type": "REAL",
          "count": 5,
          "max_value": -73.826122,
          "min_value": -74.076907,
          "mean": -73.9626384
        }
      ]
    },
    {
      "column_name": "State",
      "number_non_empty_cells": 5,
      "number_empty_cells": 0,
      "number_distinct_values": 1,
      "frequent_values": [
        "NY"
      ],
      "data_types": [
        {
          "type": "TEXT",
          "count": 5,
          "shortest_values": "NY",
          "longest_values": "NY",
          "average_length": 2.0
        }
      ]
    },
    {
      "column_name": "Postcode",
      "number_non_empty_cells": 5,
      "number_empty_cells": 0,
      "number_distinct_values": 5,
      "frequent_values": [
        "11415",
        "10013",
        "10301",
        "10451",
        "11201"
      ],
      "data_types": [
        {
          "type": "INTEGER (LONG)",
          "count": 5,
          "max_value": 11415,
          "min_value": 10013,
          "mean": 10676.2
        }
      ]
    },
    {
      "column_name": "Council District ",
      "number_non_empty_cells": 5,
      "number_empty_cells": 0,
      "number_distinct_values": 5,
      "frequent_values": [
        "29",
        "1",
        "49",
        "16",
        "33"
      ],
      "data_types": [
        {
          "type": "INTEGER (LONG)",
          "count": 5,
          "max_value": 49,
          "min_value": 1,
          "mean": 25.6
        }
      ]
    },
    {
      "column_name": "Census Tract",
      "number_non_empty_cells": 5,
      "number_empty_cells": 0,
      "number_distinct_values": 5,
      "frequent_values": [
        "216",
        "29",
        "3",
        "61",
        "11"
      ],
      "data_types": [
        {
          "type": "INTEGER (LONG)",
          "count": 5,
          "max_value": 216,
          "min_value": 3,
          "mean": 64.0
        }
      ]
    },
    {
      "column_name": "Telephone Number",
      "number_non_empty_cells": 5,
      "number_empty_cells": 0,
      "number_distinct_values": 5,
      "frequent_values": [
        "718-575-4500",
        "212-602-2800",
        "718-697-4300",
        "718-508-1222",
        "718-250-5111"
      ],
      "data_types": [
        {
          "type": "TEXT",
          "count": 5,
          "shortest_values": "718-575-4500",
          "longest_values": "718-575-4500",
          "average_length": 12.0
        }
      ]
    },
    {
      "column_name": "NTA",
      "number_non_empty_cells": 5,
      "number_empty_cells": 0,
      "number_distinct_values": 5,
      "frequent_values": [
        "Kew Gardens ",
        "Chinatown",
        "West New Brighton-New Brighton-St. George",
        "East Concourse-Concourse Village",
        "DUMBO-Vinegar Hill-Downtown Brooklyn-Boerum Hill"
      ],
      "data_types": [
        {
          "type": "TEXT",
          "count": 5,
          "shortest_values": "Chinatown",
          "longest_values": "DUMBO-Vinegar Hill-Downtown Brooklyn-Boerum Hill",
          "average_length": 28.4
        }
      ]
    },
    {
      "column_name": "Timings",
      "number_non_empty_cells": 5,
      "number_empty_cells": 0,
      "number_distinct_values": 4,
      "frequent_values": [
        "M-F - 9 AM - 5 PM",
        "M, W, Th, F 9 AM - 5 PM and T 9AM-7PM",
        "M 9AM-8PM and T-F - 9 AM - 5 PM",
        "M, T, W, F 9 AM - 5 PM and Th 9AM-8PM"
      ],
      "data_types": [
        {
          "type": "TEXT",
          "count": 5,
          "shortest_values": "M-F - 9 AM - 5 PM",
          "longest_values": "M, W, Th, F 9 AM - 5 PM and T 9AM-7PM",
          "average_length": 27.8
        }
      ]
    },
    {
      "column_name": "Facility Name",
      "number_non_empty_cells": 5,
      "number_empty_cells": 0,
      "number_distinct_values": 2,
      "frequent_values": [
        "Family Justice\u00a0Center",
        "Family Justice Center "
      ],
      "data_types": [
        {
          "type": "TEXT",
          "count": 5,
          "shortest_values": "Family Justice\u00a0Center",
          "longest_values": "Family Justice Center ",
          "average_length": 21.2
        }
      ]
    },
    {
      "column_name": "Community Board",
      "number_non_empty_cells": 5,
      "number_empty_cells": 0,
      "number_distinct_values": 4,
      "frequent_values": [
        "1",
        "9",
        "4",
        "2"
      ],
      "data_types": [
        {
          "type": "INTEGER (LONG)",
          "count": 5,
          "max_value": 9,
          "min_value": 1,
          "mean": 3.4
        }
      ]
    }
  ]
}