{
  "dataset_name": "xkuq-9uzf.tsv.gz",
  "key_column_candidates": [
    "Grade Level",
    "Program Type",
    "Class Size",
    "Number of Students",
    "Number of Classes",
    "% of Students within Grade"
  ],
  "columns": [
    {
      "column_name": "Program Type",
      "number_non_empty_cells": 228,
      "number_empty_cells": 0,
      "number_distinct_values": 7,
      "frequent_values": [
        "Gen Ed/ICT/G&T",
        "SC 12:1:1",
        "SC 12:1",
        "SC 15:1",
        "SC 8:1:1"
      ],
      "data_types": [
        {
          "type": "TEXT",
          "count": 228,
          "shortest_values": "SC 12:1",
          "longest_values": "Gen Ed/ICT/G&T",
          "average_length": 13.070175438596491
        }
      ]
    },
    {
      "column_name": "Number of Students",
      "number_non_empty_cells": 228,
      "number_empty_cells": 0,
      "number_distinct_values": 218,
      "frequent_values": [
        "702",
        "495",
        "5016",
        "592",
        "1178"
      ],
      "data_types": [
        {
          "type": "INTEGER (LONG)",
          "count": 228,
          "max_value": 14040,
          "min_value": 3,
          "mean": 2668.622807017544
        }
      ]
    },
    {
      "column_name": "Class Size",
      "number_non_empty_cells": 228,
      "number_empty_cells": 0,
      "number_distinct_values": 33,
      "frequent_values": [
        "15",
        "<15",
        "16",
        "17",
        "18"
      ],
      "data_types": [
        {
          "type": "INTEGER (LONG)",
          "count": 205,
          "max_value": 34,
          "min_value": 6,
          "mean": 22.360975609756096
        },
        {
          "type": "TEXT",
          "count": 23,
          "shortest_values": "<15",
          "longest_values": "<15",
          "average_length": 3.0
        }
      ]
    },
    {
      "column_name": "Number of Classes",
      "number_non_empty_cells": 228,
      "number_empty_cells": 0,
      "number_distinct_values": 147,
      "frequent_values": [
        "1",
        "2",
        "152",
        "139",
        "121"
      ],
      "data_types": [
        {
          "type": "INTEGER (LONG)",
          "count": 228,
          "max_value": 602,
          "min_value": 1,
          "mean": 115.01315789473684
        }
      ]
    },
    {
      "column_name": "Grade Level",
      "number_non_empty_cells": 228,
      "number_empty_cells": 0,
      "number_distinct_values": 10,
      "frequent_values": [
        "K-8 SC",
        "1",
        "4",
        "5",
        "6"
      ],
      "data_types": [
        {
          "type": "INTEGER (LONG)",
          "count": 174,
          "max_value": 8,
          "min_value": 1,
          "mean": 4.522988505747127
        },
        {
          "type": "TEXT",
          "count": 54,
          "shortest_values": "K",
          "longest_values": "K-8 SC",
          "average_length": 4.2407407407407405
        }
      ]
    },
    {
      "column_name": "% of Students within Grade",
      "number_non_empty_cells": 228,
      "number_empty_cells": 0,
      "number_distinct_values": 110,
      "frequent_values": [
        "0.8",
        "0.3",
        "1.7",
        "1.1",
        "0.9"
      ],
      "data_types": [
        {
          "type": "REAL",
          "count": 209,
          "max_value": 37.5,
          "min_value": 0.1,
          "mean": 5.813875598086123
        },
        {
          "type": "INTEGER (LONG)",
          "count": 19,
          "max_value": 100,
          "min_value": 0,
          "mean": 15.0
        }
      ]
    }
  ]
}