{
  "dataset_name": "xsd9-52hv.tsv.gz",
  "key_column_candidates": [
    "No.",
    "APPLICANT NAME",
    "Address",
    "Zip Code",
    "EMP",
    "TOTAL",
    "Savings (Annual)",
    "INVESTMENT",
    "Borough",
    "Latitude",
    "Longitude",
    "Community Board",
    "Council District",
    "Census Tract",
    "BIN",
    "BBL",
    "NTA"
  ],
  "columns": [
    {
      "column_name": "EMP",
      "number_non_empty_cells": 48,
      "number_empty_cells": 0,
      "number_distinct_values": 38,
      "frequent_values": [
        "2",
        "0",
        "6",
        "15",
        "18"
      ],
      "data_types": [
        {
          "type": "INTEGER (LONG)",
          "count": 48,
          "max_value": 484,
          "min_value": 0,
          "mean": 70.89583333333333
        }
      ]
    },
    {
      "column_name": "No.",
      "number_non_empty_cells": 48,
      "number_empty_cells": 0,
      "number_distinct_values": 48,
      "frequent_values": [
        "1",
        "2",
        "3",
        "4",
        "5"
      ],
      "data_types": [
        {
          "type": "INTEGER (LONG)",
          "count": 48,
          "max_value": 48,
          "min_value": 1,
          "mean": 24.5
        }
      ]
    },
    {
      "column_name": "Borough",
      "number_non_empty_cells": 42,
      "number_empty_cells": 6,
      "number_distinct_values": 6,
      "frequent_values": [
        "BROOKLYN",
        "QUEENS",
        "",
        "BRONX",
        "STATEN IS"
      ],
      "data_types": [
        {
          "type": "TEXT",
          "count": 42,
          "shortest_values": "BRONX",
          "longest_values": "MANHATTAN",
          "average_length": 7.261904761904762
        }
      ]
    },
    {
      "column_name": "Latitude",
      "number_non_empty_cells": 42,
      "number_empty_cells": 6,
      "number_distinct_values": 37,
      "frequent_values": [
        "",
        "40.70288",
        "40.702869",
        "40.702845",
        "40.658518"
      ],
      "data_types": [
        {
          "type": "REAL",
          "count": 42,
          "max_value": 40.850637,
          "min_value": 40.633518,
          "mean": 40.72056378571429
        }
      ]
    },
    {
      "column_name": "Council District",
      "number_non_empty_cells": 42,
      "number_empty_cells": 6,
      "number_distinct_values": 14,
      "frequent_values": [
        "26",
        "33",
        "34",
        "",
        "36"
      ],
      "data_types": [
        {
          "type": "INTEGER (LONG)",
          "count": 42,
          "max_value": 49,
          "min_value": 1,
          "mean": 30.142857142857142
        }
      ]
    },
    {
      "column_name": "BIN",
      "number_non_empty_cells": 41,
      "number_empty_cells": 7,
      "number_distinct_values": 35,
      "frequent_values": [
        "",
        "3071626",
        "3071625",
        "5000000",
        "3071624"
      ],
      "data_types": [
        {
          "type": "INTEGER (LONG)",
          "count": 41,
          "max_value": 5103978,
          "min_value": 1000000,
          "mean": 3358008.0975609757
        }
      ]
    },
    {
      "column_name": "BBL",
      "number_non_empty_cells": 41,
      "number_empty_cells": 7,
      "number_distinct_values": 36,
      "frequent_values": [
        "",
        "3031230015",
        "3031230014",
        "3031230012",
        "3006710001"
      ],
      "data_types": [
        {
          "type": "INTEGER (LONG)",
          "count": 41,
          "max_value": 5014100250,
          "min_value": 1002250006,
          "mean": 3283993627.878049
        }
      ]
    },
    {
      "column_name": "Longitude",
      "number_non_empty_cells": 42,
      "number_empty_cells": 6,
      "number_distinct_values": 37,
      "frequent_values": [
        "",
        "-73.936405",
        "-73.936466",
        "-73.936589",
        "-74.003327"
      ],
      "data_types": [
        {
          "type": "REAL",
          "count": 42,
          "max_value": -73.846583,
          "min_value": -74.182637,
          "mean": -73.9605525
        }
      ]
    },
    {
      "column_name": "Census Tract",
      "number_non_empty_cells": 42,
      "number_empty_cells": 6,
      "number_distinct_values": 29,
      "frequent_values": [
        "485",
        "",
        "199",
        "18",
        "19"
      ],
      "data_types": [
        {
          "type": "INTEGER (LONG)",
          "count": 42,
          "max_value": 49302,
          "min_value": 1,
          "mean": 2605.690476190476
        }
      ]
    },
    {
      "column_name": "NTA",
      "number_non_empty_cells": 42,
      "number_empty_cells": 6,
      "number_distinct_values": 21,
      "frequent_values": [
        "Hunters Point-Sunnyside-West Maspeth",
        "Bushwick South",
        "",
        "Sunset Park West",
        "Bedford"
      ],
      "data_types": [
        {
          "type": "TEXT",
          "count": 42,
          "shortest_values": "Maspeth",
          "longest_values": "Mariner's Harbor-Arlington-Port Ivory-Graniteville",
          "average_length": 23.404761904761905
        }
      ]
    },
    {
      "column_name": "APPLICANT NAME",
      "number_non_empty_cells": 48,
      "number_empty_cells": 0,
      "number_distinct_values": 48,
      "frequent_values": [
        "The Dime Savings Bank of Williamsburg",
        "VaynerMedia LLC",
        "Wild Edibles, Inc.",
        "North Brooklyn Industrial Center aka Evergreen, Inc. @ 164 Cook Street",
        "Allison Eden Studios (164) Tenant in SEP"
      ],
      "data_types": [
        {
          "type": "TEXT",
          "count": 48,
          "shortest_values": "GBW LLC",
          "longest_values": "North Brooklyn Industrial Center aka Evergreen, Inc. @ 164 Cook Street",
          "average_length": 26.708333333333332
        }
      ]
    },
    {
      "column_name": "Address",
      "number_non_empty_cells": 48,
      "number_empty_cells": 0,
      "number_distinct_values": 44,
      "frequent_values": [
        "164 Cook Street, Brooklyn, NY",
        "162 Cook Street, Brookyn, NY",
        "158 Cook Street, Brooklyn, NY",
        "55 Water Street, 4th fl, Brooklyn, NY",
        "300 Cadman Plaza West, Brooklyn, NY"
      ],
      "data_types": [
        {
          "type": "TEXT",
          "count": 48,
          "shortest_values": "740 Barry Street, Bronx, NY",
          "longest_values": "12-14 Debrosses St., aka 115-17 Watts St., New York , NY",
          "average_length": 33.25
        }
      ]
    },
    {
      "column_name": "INVESTMENT",
      "number_non_empty_cells": 48,
      "number_empty_cells": 0,
      "number_distinct_values": 27,
      "frequent_values": [
        "n/a",
        "$230,237.00",
        "$168,000.00",
        "$1,343,000.00",
        "$938,321.00"
      ],
      "data_types": [
        {
          "type": "TEXT",
          "count": 48,
          "shortest_values": "$-",
          "longest_values": "$13,203,502.00",
          "average_length": 7.708333333333333
        }
      ]
    },
    {
      "column_name": "Savings (Annual)",
      "number_non_empty_cells": 44,
      "number_empty_cells": 4,
      "number_distinct_values": 43,
      "frequent_values": [
        "",
        "17843",
        "3203",
        "7354",
        "11462"
      ],
      "data_types": [
        {
          "type": "INTEGER (LONG)",
          "count": 44,
          "max_value": 308631,
          "min_value": 400,
          "mean": 15420.863636363636
        }
      ]
    },
    {
      "column_name": "Zip Code",
      "number_non_empty_cells": 48,
      "number_empty_cells": 0,
      "number_distinct_values": 23,
      "frequent_values": [
        "11206",
        "11101",
        "11378",
        "11232",
        "11201"
      ],
      "data_types": [
        {
          "type": "INTEGER (LONG)",
          "count": 48,
          "max_value": 11378,
          "min_value": 1222,
          "mean": 10818.9375
        }
      ]
    },
    {
      "column_name": "TOTAL",
      "number_non_empty_cells": 12,
      "number_empty_cells": 36,
      "number_distinct_values": 13,
      "frequent_values": [
        "",
        "279",
        "40",
        "133",
        "292"
      ],
      "data_types": [
        {
          "type": "INTEGER (LONG)",
          "count": 12,
          "max_value": 719,
          "min_value": 16,
          "mean": 283.5833333333333
        }
      ]
    },
    {
      "column_name": "Community Board",
      "number_non_empty_cells": 42,
      "number_empty_cells": 6,
      "number_distinct_values": 17,
      "frequent_values": [
        "301",
        "402",
        "",
        "307",
        "302"
      ],
      "data_types": [
        {
          "type": "INTEGER (LONG)",
          "count": 42,
          "max_value": 501,
          "min_value": 101,
          "mean": 327.04761904761904
        }
      ]
    }
  ]
}