{
  "dataset_name": "y7z5-rhh5.tsv.gz",
  "key_column_candidates": [
    "Year & Quarter",
    "Facility Name",
    "Provider Agency",
    "Performance Tier"
  ],
  "columns": [
    {
      "column_name": "Provider Agency",
      "number_non_empty_cells": 139,
      "number_empty_cells": 0,
      "number_distinct_values": 40,
      "frequent_values": [
        "Housing Bridge, Inc.",
        "HELP U.S.A",
        "Homes for the Homeless",
        "Women In Need, Inc.",
        "Providence House, Inc."
      ],
      "data_types": [
        {
          "type": "TEXT",
          "count": 139,
          "shortest_values": "SCO",
          "longest_values": "Catholic Guardian Society & Home Bureau, Inc.",
          "average_length": 21.223021582733814
        }
      ]
    },
    {
      "column_name": "Performance Tier",
      "number_non_empty_cells": 139,
      "number_empty_cells": 0,
      "number_distinct_values": 6,
      "frequent_values": [
        "1st Performance Tier",
        "2nd Performance Tier",
        "4th Performance Tier",
        "5th Performance Tier",
        "3rd Performance Tier"
      ],
      "data_types": [
        {
          "type": "TEXT",
          "count": 139,
          "shortest_values": "1st Performance Tier",
          "longest_values": "1st Performance Tier",
          "average_length": 20.0
        }
      ]
    },
    {
      "column_name": "Year & Quarter",
      "number_non_empty_cells": 139,
      "number_empty_cells": 0,
      "number_distinct_values": 2,
      "frequent_values": [
        "2013 Q1",
        "2012 Q4"
      ],
      "data_types": [
        {
          "type": "TEXT",
          "count": 139,
          "shortest_values": "2012 Q4",
          "longest_values": "2012 Q4",
          "average_length": 7.0
        }
      ]
    },
    {
      "column_name": "Facility Name",
      "number_non_empty_cells": 139,
      "number_empty_cells": 0,
      "number_distinct_values": 72,
      "frequent_values": [
        "Clinton Family Inn",
        "CRF House East",
        "HB - LaGuardia Family Center",
        "HB - New Broadway",
        "HELP- Bronx Morris"
      ],
      "data_types": [
        {
          "type": "TEXT",
          "count": 139,
          "shortest_values": "HELP 1",
          "longest_values": "Staten Island Family Residence Center",
          "average_length": 20.115107913669064
        }
      ]
    }
  ]
}