{
  "dataset_name": "yg5a-hytu.tsv.gz",
  "key_column_candidates": [
    "GRADE LEVEL",
    "PROGRAM TYPE",
    "CORE SUBJECT (MS CORE and 09-12 ONLY)",
    "SERVICE CATEGORY(0K-08 ONLY)",
    "CLASS SIZE",
    "NUMBER OF CLASSES",
    "NUMBER OF STUDENTS",
    "PERCENT OF STUDENTS IN BOROUGH / PROGRAM / GRADE / SUBJECT"
  ],
  "columns": [
    {
      "column_name": "NUMBER OF STUDENTS",
      "number_non_empty_cells": 499,
      "number_empty_cells": 0,
      "number_distinct_values": 454,
      "frequent_values": [
        "416",
        "1190",
        "1050",
        "897",
        "30"
      ],
      "data_types": [
        {
          "type": "INTEGER (LONG)",
          "count": 499,
          "max_value": 61778,
          "min_value": 4,
          "mean": 5372.875751503006
        }
      ]
    },
    {
      "column_name": "PROGRAM TYPE",
      "number_non_empty_cells": 499,
      "number_empty_cells": 0,
      "number_distinct_values": 3,
      "frequent_values": [
        "GEN ED / CTT / G&T",
        "GEN ED / CTT",
        "SPEC ED"
      ],
      "data_types": [
        {
          "type": "TEXT",
          "count": 499,
          "shortest_values": "SPEC ED",
          "longest_values": "GEN ED / CTT / G&T",
          "average_length": 13.040080160320642
        }
      ]
    },
    {
      "column_name": "CORE SUBJECT (MS CORE and 09-12 ONLY)",
      "number_non_empty_cells": 499,
      "number_empty_cells": 0,
      "number_distinct_values": 5,
      "frequent_values": [
        "-",
        "English",
        "Math",
        "Science",
        "Social Studies"
      ],
      "data_types": [
        {
          "type": "TEXT",
          "count": 499,
          "shortest_values": "-",
          "longest_values": "Social Studies",
          "average_length": 4.777555110220441
        }
      ]
    },
    {
      "column_name": "CLASS SIZE",
      "number_non_empty_cells": 499,
      "number_empty_cells": 0,
      "number_distinct_values": 33,
      "frequent_values": [
        "15",
        "<15",
        "16",
        "17",
        "18"
      ],
      "data_types": [
        {
          "type": "INTEGER (LONG)",
          "count": 447,
          "max_value": 34,
          "min_value": 6,
          "mean": 20.995525727069353
        },
        {
          "type": "TEXT",
          "count": 52,
          "shortest_values": "<6",
          "longest_values": "<15",
          "average_length": 2.75
        }
      ]
    },
    {
      "column_name": "SERVICE CATEGORY(0K-08 ONLY)",
      "number_non_empty_cells": 499,
      "number_empty_cells": 0,
      "number_distinct_values": 6,
      "frequent_values": [
        "-",
        "12:1:1",
        "12:1",
        "8:1:1",
        "6:1:1"
      ],
      "data_types": [
        {
          "type": "DATE/TIME",
          "count": 35,
          "max_value": "15:1",
          "min_value": "6:1:1"
        },
        {
          "type": "TEXT",
          "count": 464,
          "shortest_values": "-",
          "longest_values": "-",
          "average_length": 1.0
        }
      ]
    },
    {
      "column_name": "PERCENT OF STUDENTS IN BOROUGH / PROGRAM / GRADE / SUBJECT",
      "number_non_empty_cells": 499,
      "number_empty_cells": 0,
      "number_distinct_values": 30,
      "frequent_values": [
        "0.01",
        "0.02",
        "0.03",
        "0.06",
        "0"
      ],
      "data_types": [
        {
          "type": "INTEGER (LONG)",
          "count": 37,
          "max_value": 0,
          "min_value": 0,
          "mean": 0.0
        },
        {
          "type": "REAL",
          "count": 462,
          "max_value": 0.8,
          "min_value": 0.01,
          "mean": 0.06489177489177483
        }
      ]
    },
    {
      "column_name": "NUMBER OF CLASSES",
      "number_non_empty_cells": 499,
      "number_empty_cells": 0,
      "number_distinct_values": 303,
      "frequent_values": [
        "2",
        "1",
        "29",
        "38",
        "8"
      ],
      "data_types": [
        {
          "type": "INTEGER (LONG)",
          "count": 499,
          "max_value": 1817,
          "min_value": 1,
          "mean": 216.04809619238478
        }
      ]
    },
    {
      "column_name": "GRADE LEVEL",
      "number_non_empty_cells": 499,
      "number_empty_cells": 0,
      "number_distinct_values": 12,
      "frequent_values": [
        "09-12",
        "MS Core",
        "0K-09",
        "02",
        "03"
      ],
      "data_types": [
        {
          "type": "DATE/TIME",
          "count": 136,
          "max_value": "09-12",
          "min_value": "09-12"
        },
        {
          "type": "INTEGER (LONG)",
          "count": 175,
          "max_value": 8,
          "min_value": 1,
          "mean": 4.52
        },
        {
          "type": "TEXT",
          "count": 188,
          "shortest_values": "0K",
          "longest_values": "MS Core",
          "average_length": 6.122340425531915
        }
      ]
    }
  ]
}