{
  "dataset_name": "yjsf-89ae.tsv.gz",
  "key_column_candidates": [
    "Grade",
    "Year",
    "Category",
    "Number Tested",
    "Mean Scale Score",
    "Level 1 #",
    "Level 1 %",
    "Level 2 #",
    "Level 2 %",
    "Level 3 #",
    "Level 3 %",
    "Level 4 #",
    "Level 4 %",
    "Level 3+4 #",
    "Level 3+4 %"
  ],
  "columns": [
    {
      "column_name": "Level 3+4 #",
      "number_non_empty_cells": 84,
      "number_empty_cells": 0,
      "number_distinct_values": 84,
      "frequent_values": [
        "500",
        "3610",
        "3553",
        "5604",
        "2870"
      ],
      "data_types": [
        {
          "type": "INTEGER (LONG)",
          "count": 84,
          "max_value": 267634,
          "min_value": 160,
          "mean": 31151.071428571428
        }
      ]
    },
    {
      "column_name": "Level 3+4 %",
      "number_non_empty_cells": 84,
      "number_empty_cells": 0,
      "number_distinct_values": 81,
      "frequent_values": [
        "38.8",
        "62.4",
        "48.8",
        "22.4",
        "28.6"
      ],
      "data_types": [
        {
          "type": "REAL",
          "count": 74,
          "max_value": 79.5,
          "min_value": 2.3,
          "mean": 38.17837837837836
        },
        {
          "type": "INTEGER (LONG)",
          "count": 10,
          "max_value": 74,
          "min_value": 5,
          "mean": 29.7
        }
      ]
    },
    {
      "column_name": "Level 1 %",
      "number_non_empty_cells": 84,
      "number_empty_cells": 0,
      "number_distinct_values": 79,
      "frequent_values": [
        "10.4",
        "4.4",
        "9.3",
        "1.7",
        "5.9"
      ],
      "data_types": [
        {
          "type": "REAL",
          "count": 78,
          "max_value": 53.4,
          "min_value": 0.1,
          "mean": 18.903846153846168
        },
        {
          "type": "INTEGER (LONG)",
          "count": 6,
          "max_value": 40,
          "min_value": 4,
          "mean": 16.833333333333332
        }
      ]
    },
    {
      "column_name": "Level 2 %",
      "number_non_empty_cells": 84,
      "number_empty_cells": 0,
      "number_distinct_values": 76,
      "frequent_values": [
        "54.5",
        "43.6",
        "38.9",
        "46.6",
        "49.5"
      ],
      "data_types": [
        {
          "type": "REAL",
          "count": 78,
          "max_value": 74.7,
          "min_value": 19.9,
          "mean": 43.6948717948718
        },
        {
          "type": "INTEGER (LONG)",
          "count": 6,
          "max_value": 76,
          "min_value": 34,
          "mean": 49.0
        }
      ]
    },
    {
      "column_name": "Level 3 #",
      "number_non_empty_cells": 84,
      "number_empty_cells": 0,
      "number_distinct_values": 84,
      "frequent_values": [
        "490",
        "3544",
        "3460",
        "5452",
        "2460"
      ],
      "data_types": [
        {
          "type": "INTEGER (LONG)",
          "count": 84,
          "max_value": 242686,
          "min_value": 157,
          "mean": 28140.404761904763
        }
      ]
    },
    {
      "column_name": "Category",
      "number_non_empty_cells": 84,
      "number_empty_cells": 0,
      "number_distinct_values": 2,
      "frequent_values": [
        "ELL",
        "EP"
      ],
      "data_types": [
        {
          "type": "TEXT",
          "count": 84,
          "shortest_values": "EP",
          "longest_values": "ELL",
          "average_length": 2.5
        }
      ]
    },
    {
      "column_name": "Level 3 %",
      "number_non_empty_cells": 84,
      "number_empty_cells": 0,
      "number_distinct_values": 81,
      "frequent_values": [
        "16.1",
        "56.6",
        "45.7",
        "21.9",
        "28.1"
      ],
      "data_types": [
        {
          "type": "REAL",
          "count": 77,
          "max_value": 71.5,
          "min_value": 2.3,
          "mean": 34.2025974025974
        },
        {
          "type": "INTEGER (LONG)",
          "count": 7,
          "max_value": 68,
          "min_value": 5,
          "mean": 33.42857142857143
        }
      ]
    },
    {
      "column_name": "Level 4 #",
      "number_non_empty_cells": 84,
      "number_empty_cells": 0,
      "number_distinct_values": 72,
      "frequent_values": [
        "2",
        "4",
        "1",
        "10",
        "25"
      ],
      "data_types": [
        {
          "type": "INTEGER (LONG)",
          "count": 84,
          "max_value": 29675,
          "min_value": 0,
          "mean": 3010.6666666666665
        }
      ]
    },
    {
      "column_name": "Level 1 #",
      "number_non_empty_cells": 84,
      "number_empty_cells": 0,
      "number_distinct_values": 83,
      "frequent_values": [
        "971",
        "3515",
        "2304",
        "1716",
        "4150"
      ],
      "data_types": [
        {
          "type": "INTEGER (LONG)",
          "count": 84,
          "max_value": 41411,
          "min_value": 71,
          "mean": 5741.928571428572
        }
      ]
    },
    {
      "column_name": "Level 4 %",
      "number_non_empty_cells": 84,
      "number_empty_cells": 0,
      "number_distinct_values": 42,
      "frequent_values": [
        "0",
        "0.1",
        "0.2",
        "0.5",
        "0.8"
      ],
      "data_types": [
        {
          "type": "INTEGER (LONG)",
          "count": 19,
          "max_value": 15,
          "min_value": 0,
          "mean": 2.263157894736842
        },
        {
          "type": "REAL",
          "count": 65,
          "max_value": 12.8,
          "min_value": 0.1,
          "mean": 3.2523076923076917
        }
      ]
    },
    {
      "column_name": "Grade",
      "number_non_empty_cells": 84,
      "number_empty_cells": 0,
      "number_distinct_values": 7,
      "frequent_values": [
        "3",
        "4",
        "5",
        "6",
        "7"
      ],
      "data_types": [
        {
          "type": "TEXT",
          "count": 12,
          "shortest_values": "All Grades",
          "longest_values": "All Grades",
          "average_length": 10.0
        },
        {
          "type": "INTEGER (LONG)",
          "count": 72,
          "max_value": 8,
          "min_value": 3,
          "mean": 5.5
        }
      ]
    },
    {
      "column_name": "Year",
      "number_non_empty_cells": 84,
      "number_empty_cells": 0,
      "number_distinct_values": 6,
      "frequent_values": [
        "2006",
        "2007",
        "2008",
        "2009",
        "2010"
      ],
      "data_types": [
        {
          "type": "INTEGER (LONG)",
          "count": 84,
          "max_value": 2011,
          "min_value": 2006,
          "mean": 2008.5
        }
      ]
    },
    {
      "column_name": "Mean Scale Score",
      "number_non_empty_cells": 84,
      "number_empty_cells": 0,
      "number_distinct_values": 53,
      "frequent_values": [
        "663",
        "664",
        "623",
        "648",
        "643"
      ],
      "data_types": [
        {
          "type": "INTEGER (LONG)",
          "count": 84,
          "max_value": 672,
          "min_value": 597,
          "mean": 644.4047619047619
        }
      ]
    },
    {
      "column_name": "Number Tested",
      "number_non_empty_cells": 84,
      "number_empty_cells": 0,
      "number_distinct_values": 84,
      "frequent_values": [
        "2233",
        "12632",
        "11719",
        "11980",
        "12106"
      ],
      "data_types": [
        {
          "type": "INTEGER (LONG)",
          "count": 84,
          "max_value": 382293,
          "min_value": 2233,
          "mean": 59516.71428571428
        }
      ]
    },
    {
      "column_name": "Level 2 #",
      "number_non_empty_cells": 84,
      "number_empty_cells": 0,
      "number_distinct_values": 84,
      "frequent_values": [
        "762",
        "5507",
        "5862",
        "4660",
        "5086"
      ],
      "data_types": [
        {
          "type": "INTEGER (LONG)",
          "count": 84,
          "max_value": 151203,
          "min_value": 762,
          "mean": 22623.714285714286
        }
      ]
    }
  ]
}