{
  "dataset_name": "yjub-udmw.tsv.gz",
  "key_column_candidates": [
    "OBJECTID",
    "Borough",
    "Type",
    "Provider",
    "Name",
    "Location",
    "Latitude",
    "Longitude",
    "X",
    "Y",
    "Location_T",
    "Remarks",
    "City",
    "SSID",
    "SourceID",
    "Activated",
    "BoroCode",
    "Borough Name",
    "Neighborhood Tabulation Area Code (NTACODE)",
    "Neighborhood Tabulation Area (NTA)",
    "Council Distrcit",
    "Postcode",
    "BoroCD",
    "Census Tract",
    "BCTCB2010",
    "BIN",
    "BBL",
    "DOITT_ID",
    "Location (Lat, Long)"
  ],
  "columns": [
    {
      "column_name": "DOITT_ID",
      "number_non_empty_cells": 3319,
      "number_empty_cells": 0,
      "number_distinct_values": 3319,
      "frequent_values": [
        "217",
        "824",
        "1409",
        "665",
        "1028"
      ],
      "data_types": [
        {
          "type": "INTEGER (LONG)",
          "count": 3319,
          "max_value": 4950,
          "min_value": 1,
          "mean": 2679.8225369087077
        }
      ]
    },
    {
      "column_name": "City",
      "number_non_empty_cells": 3319,
      "number_empty_cells": 0,
      "number_distinct_values": 44,
      "frequent_values": [
        "New York",
        "Brooklyn",
        "Queens",
        "Bronx",
        "Staten Island"
      ],
      "data_types": [
        {
          "type": "TEXT",
          "count": 3319,
          "shortest_values": "Bronx",
          "longest_values": "Long Island City",
          "average_length": 7.63362458571859
        }
      ]
    },
    {
      "column_name": "SSID",
      "number_non_empty_cells": 3319,
      "number_empty_cells": 0,
      "number_distinct_values": 16,
      "frequent_values": [
        "LinkNYC Free Wi-Fi",
        "GuestWiFi",
        "TransitWirelessWiFi",
        "Harlem Wi-Fi",
        "Downtown Brooklyn WiFi"
      ],
      "data_types": [
        {
          "type": "TEXT",
          "count": 3319,
          "shortest_values": "NYPL",
          "longest_values": "DowntownBrooklynWiFi_Fon",
          "average_length": 15.783971075625189
        }
      ]
    },
    {
      "column_name": "Latitude",
      "number_non_empty_cells": 3319,
      "number_empty_cells": 0,
      "number_distinct_values": 3149,
      "frequent_values": [
        "40.687191",
        "40.8126809996",
        "40.7102499999",
        "40.6908829998",
        "40.8050129997"
      ],
      "data_types": [
        {
          "type": "REAL",
          "count": 3319,
          "max_value": 40.9037227771,
          "min_value": 40.5095311239,
          "mean": 40.74178881519209
        }
      ]
    },
    {
      "column_name": "BIN",
      "number_non_empty_cells": 3319,
      "number_empty_cells": 0,
      "number_distinct_values": 2107,
      "frequent_values": [
        "0",
        "4268835",
        "4433386",
        "3335892",
        "3000000"
      ],
      "data_types": [
        {
          "type": "INTEGER (LONG)",
          "count": 3319,
          "max_value": 5162377,
          "min_value": 0,
          "mean": 1581973.1898162097
        }
      ]
    },
    {
      "column_name": "BBL",
      "number_non_empty_cells": 3319,
      "number_empty_cells": 0,
      "number_distinct_values": 2119,
      "frequent_values": [
        "0",
        "1000010010",
        "4124060180",
        "3011170001",
        "4004700100"
      ],
      "data_types": [
        {
          "type": "INTEGER (LONG)",
          "count": 3319,
          "max_value": 5078990009,
          "min_value": 0,
          "mean": 1751089201.0702019
        }
      ]
    },
    {
      "column_name": "Borough",
      "number_non_empty_cells": 3319,
      "number_empty_cells": 0,
      "number_distinct_values": 5,
      "frequent_values": [
        "1",
        "3",
        "4",
        "2",
        "5"
      ],
      "data_types": [
        {
          "type": "INTEGER (LONG)",
          "count": 3319,
          "max_value": 5,
          "min_value": 1,
          "mean": 2.1175052726724917
        }
      ]
    },
    {
      "column_name": "SourceID",
      "number_non_empty_cells": 2257,
      "number_empty_cells": 1062,
      "number_distinct_values": 1872,
      "frequent_values": [
        "",
        "0",
        "Governors Island Trust",
        "NYC HOUSING AUTHORITY",
        "LINK-012889"
      ],
      "data_types": [
        {
          "type": "TEXT",
          "count": 1914,
          "shortest_values": "LINK-012889",
          "longest_values": "Governors Island Trust",
          "average_length": 11.256008359456635
        },
        {
          "type": "INTEGER (LONG)",
          "count": 343,
          "max_value": 0,
          "min_value": 0,
          "mean": 0.0
        }
      ]
    },
    {
      "column_name": "Neighborhood Tabulation Area (NTA)",
      "number_non_empty_cells": 3319,
      "number_empty_cells": 0,
      "number_distinct_values": 179,
      "frequent_values": [
        "Midtown-Midtown South",
        "Hudson Yards-Chelsea-Flatiron-Union Square",
        "Upper West Side",
        "DUMBO-Vinegar Hill-Downtown Brooklyn-Boerum Hill",
        "Turtle Bay-East Midtown"
      ],
      "data_types": [
        {
          "type": "TEXT",
          "count": 3319,
          "shortest_values": "Corona",
          "longest_values": "Todt Hill-Emerson Hill-Heartland Village-Lighthouse Hill",
          "average_length": 22.04308526664658
        }
      ]
    },
    {
      "column_name": "BCTCB2010",
      "number_non_empty_cells": 3319,
      "number_empty_cells": 0,
      "number_distinct_values": 552,
      "frequent_values": [
        "37",
        "63",
        "11",
        "163",
        "5"
      ],
      "data_types": [
        {
          "type": "INTEGER (LONG)",
          "count": 3319,
          "max_value": 157902,
          "min_value": 1,
          "mean": 2353.7152756854475
        }
      ]
    },
    {
      "column_name": "Remarks",
      "number_non_empty_cells": 2771,
      "number_empty_cells": 548,
      "number_distinct_values": 282,
      "frequent_values": [
        "Tablet Internet -phone , Free 1 GB Wi-FI Service",
        "3 free 10 min sessions",
        "",
        "Free - up to 5 mbs",
        "Free - Up to 25 mbs Wi-Fi Service"
      ],
      "data_types": [
        {
          "type": "TEXT",
          "count": 2771,
          "shortest_values": "SN 8",
          "longest_values": "Tablet Internet -phone , Free 1 GB Wi-FI Service",
          "average_length": 37.947672320461926
        }
      ]
    },
    {
      "column_name": "Longitude",
      "number_non_empty_cells": 3319,
      "number_empty_cells": 0,
      "number_distinct_values": 3149,
      "frequent_values": [
        "-73.7695589996",
        "-73.9393569996",
        "-73.9979799999",
        "-73.9896349995",
        "-73.9449089999"
      ],
      "data_types": [
        {
          "type": "REAL",
          "count": 3319,
          "max_value": -73.7148377572,
          "min_value": -74.2441067083,
          "mean": -73.95011210475468
        }
      ]
    },
    {
      "column_name": "X",
      "number_non_empty_cells": 3319,
      "number_empty_cells": 0,
      "number_distinct_values": 3150,
      "frequent_values": [
        "1048159.07427",
        "1001036.71904",
        "984810.021178",
        "987124.408937",
        "999501.615154"
      ],
      "data_types": [
        {
          "type": "REAL",
          "count": 3319,
          "max_value": 1063266.3331,
          "min_value": 916370.601298,
          "mean": 998070.1396395197
        }
      ]
    },
    {
      "column_name": "Location (Lat, Long)",
      "number_non_empty_cells": 3319,
      "number_empty_cells": 0,
      "number_distinct_values": 3150,
      "frequent_values": [
        "(40.687191, -73.7695589996)",
        "(40.8126809996, -73.9393569996)",
        "(40.7102499999, -73.9979799999)",
        "(40.6908829998, -73.9896349995)",
        "(40.8050129997, -73.9449089999)"
      ],
      "data_types": [
        {
          "type": "TEXT",
          "count": 3319,
          "shortest_values": "(40.7474, -74.0051)",
          "longest_values": "(40.7288380002, -73.8837509996)",
          "average_length": 30.369087074420005
        }
      ]
    },
    {
      "column_name": "Type",
      "number_non_empty_cells": 3319,
      "number_empty_cells": 0,
      "number_distinct_values": 3,
      "frequent_values": [
        "Free",
        "Limited Free",
        "Partner Site"
      ],
      "data_types": [
        {
          "type": "TEXT",
          "count": 3319,
          "shortest_values": "Free",
          "longest_values": "Limited Free",
          "average_length": 5.4052425429346185
        }
      ]
    },
    {
      "column_name": "Neighborhood Tabulation Area Code (NTACODE)",
      "number_non_empty_cells": 3319,
      "number_empty_cells": 0,
      "number_distinct_values": 178,
      "frequent_values": [
        "MN17",
        "MN13",
        "MN12",
        "BK38",
        "MN19"
      ],
      "data_types": [
        {
          "type": "TEXT",
          "count": 3319,
          "shortest_values": "BK82",
          "longest_values": "BK82",
          "average_length": 4.0
        }
      ]
    },
    {
      "column_name": "Census Tract",
      "number_non_empty_cells": 3319,
      "number_empty_cells": 0,
      "number_distinct_values": 552,
      "frequent_values": [
        "37",
        "63",
        "11",
        "163",
        "5"
      ],
      "data_types": [
        {
          "type": "INTEGER (LONG)",
          "count": 3319,
          "max_value": 157902,
          "min_value": 1,
          "mean": 2353.7152756854475
        }
      ]
    },
    {
      "column_name": "Postcode",
      "number_non_empty_cells": 3319,
      "number_empty_cells": 0,
      "number_distinct_values": 172,
      "frequent_values": [
        "11201",
        "10011",
        "10025",
        "10016",
        "10027"
      ],
      "data_types": [
        {
          "type": "INTEGER (LONG)",
          "count": 3319,
          "max_value": 11694,
          "min_value": 10001,
          "mean": 10535.245555890328
        }
      ]
    },
    {
      "column_name": "Council Distrcit",
      "number_non_empty_cells": 3319,
      "number_empty_cells": 0,
      "number_distinct_values": 51,
      "frequent_values": [
        "3",
        "4",
        "9",
        "2",
        "33"
      ],
      "data_types": [
        {
          "type": "INTEGER (LONG)",
          "count": 3319,
          "max_value": 51,
          "min_value": 1,
          "mean": 17.21000301295571
        }
      ]
    },
    {
      "column_name": "Provider",
      "number_non_empty_cells": 3319,
      "number_empty_cells": 0,
      "number_distinct_values": 17,
      "frequent_values": [
        "LinkNYC - Citybridge",
        "SPECTRUM",
        "Transit Wireless",
        "ALTICEUSA",
        "Harlem"
      ],
      "data_types": [
        {
          "type": "TEXT",
          "count": 3319,
          "shortest_values": "BPL",
          "longest_values": "Manhattan Down Alliance",
          "average_length": 15.5516721904188
        }
      ]
    },
    {
      "column_name": "Name",
      "number_non_empty_cells": 3089,
      "number_empty_cells": 230,
      "number_distinct_values": 2500,
      "frequent_values": [
        "",
        "0",
        "Governors Island",
        "Coney Island Beach & Boardwalk",
        "Crotona Park"
      ],
      "data_types": [
        {
          "type": "TEXT",
          "count": 3014,
          "shortest_values": "Harlem",
          "longest_values": "Fulton St (J,M,Z,2,3,4,5)/Bway-Nassau St (A,C) (Fulton St [J,Z])",
          "average_length": 15.641008626410086
        },
        {
          "type": "INTEGER (LONG)",
          "count": 75,
          "max_value": 36,
          "min_value": 0,
          "mean": 8.88
        }
      ]
    },
    {
      "column_name": "Borough Name",
      "number_non_empty_cells": 3319,
      "number_empty_cells": 0,
      "number_distinct_values": 5,
      "frequent_values": [
        "Manhattan",
        "Brooklyn",
        "Queens",
        "Bronx",
        "Staten Island"
      ],
      "data_types": [
        {
          "type": "TEXT",
          "count": 3319,
          "shortest_values": "Bronx",
          "longest_values": "Staten Island",
          "average_length": 8.048809882494727
        }
      ]
    },
    {
      "column_name": "Y",
      "number_non_empty_cells": 3319,
      "number_empty_cells": 0,
      "number_distinct_values": 3148,
      "frequent_values": [
        "189722.705578",
        "235364.511932",
        "198039.727658",
        "190983.916638",
        "232569.772771"
      ],
      "data_types": [
        {
          "type": "REAL",
          "count": 3319,
          "max_value": 268543.647017,
          "min_value": 125007.163094,
          "mean": 209540.43977812037
        }
      ]
    },
    {
      "column_name": "Location_T",
      "number_non_empty_cells": 3319,
      "number_empty_cells": 0,
      "number_distinct_values": 16,
      "frequent_values": [
        "Outdoor Kiosk",
        "Outdoor",
        "Subway Station",
        "Library",
        "Indoor"
      ],
      "data_types": [
        {
          "type": "TEXT",
          "count": 3319,
          "shortest_values": "Indoor",
          "longest_values": "Indoor AP - Community Center - Activity Rm 2",
          "average_length": 11.461584814703224
        }
      ]
    },
    {
      "column_name": "BoroCode",
      "number_non_empty_cells": 3319,
      "number_empty_cells": 0,
      "number_distinct_values": 5,
      "frequent_values": [
        "1",
        "3",
        "4",
        "2",
        "5"
      ],
      "data_types": [
        {
          "type": "INTEGER (LONG)",
          "count": 3319,
          "max_value": 5,
          "min_value": 1,
          "mean": 2.1175052726724917
        }
      ]
    },
    {
      "column_name": "Activated",
      "number_non_empty_cells": 3319,
      "number_empty_cells": 0,
      "number_distinct_values": 416,
      "frequent_values": [
        "09/09/9999",
        "07/19/2016",
        "07/21/2016",
        "05/17/2018",
        "04/10/2018"
      ],
      "data_types": [
        {
          "type": "DATE/TIME",
          "count": 3319,
          "max_value": "09/09/9999",
          "min_value": "01/19/2016"
        }
      ]
    },
    {
      "column_name": "BoroCD",
      "number_non_empty_cells": 3319,
      "number_empty_cells": 0,
      "number_distinct_values": 67,
      "frequent_values": [
        "105",
        "106",
        "107",
        "302",
        "110"
      ],
      "data_types": [
        {
          "type": "INTEGER (LONG)",
          "count": 3319,
          "max_value": 595,
          "min_value": 101,
          "mean": 218.88098824947272
        }
      ]
    },
    {
      "column_name": "Location",
      "number_non_empty_cells": 3319,
      "number_empty_cells": 0,
      "number_distinct_values": 3023,
      "frequent_values": [
        "Park Perimeter",
        "Along Boardwalk and Beach",
        "300 Jay Street",
        "333 Adams St.",
        "110 Livingston St."
      ],
      "data_types": [
        {
          "type": "TEXT",
          "count": 3308,
          "shortest_values": "Lobby",
          "longest_values": "Back of library - Corner of 6th Ave by Jose Bonifacio de Andrada e Silva Monument",
          "average_length": 19.46886336154776
        },
        {
          "type": "DATE/TIME",
          "count": 11,
          "max_value": "59th St",
          "min_value": "161st St"
        }
      ]
    },
    {
      "column_name": "OBJECTID",
      "number_non_empty_cells": 3319,
      "number_empty_cells": 0,
      "number_distinct_values": 3319,
      "frequent_values": [
        "10362",
        "10447",
        "10605",
        "9753",
        "9884"
      ],
      "data_types": [
        {
          "type": "INTEGER (LONG)",
          "count": 3319,
          "max_value": 12946,
          "min_value": 9601,
          "mean": 11279.197348598975
        }
      ]
    }
  ]
}