{
  "dataset_name": "ynhu-u9id.tsv.gz",
  "key_column_candidates": [
    "School Year",
    "Geographic Unit",
    "Category",
    "Discharge Type",
    "# of Discharges",
    "Total Enrolled Students"
  ],
  "columns": [
    {
      "column_name": "Total Enrolled Students",
      "number_non_empty_cells": 225,
      "number_empty_cells": 0,
      "number_distinct_values": 152,
      "frequent_values": [
        "659",
        "239",
        "362",
        "729",
        "471"
      ],
      "data_types": [
        {
          "type": "INTEGER (LONG)",
          "count": 225,
          "max_value": 45375,
          "min_value": 12,
          "mean": 2199.0533333333333
        }
      ]
    },
    {
      "column_name": "School Year",
      "number_non_empty_cells": 225,
      "number_empty_cells": 0,
      "number_distinct_values": 1,
      "frequent_values": [
        "2014-15"
      ],
      "data_types": [
        {
          "type": "TEXT",
          "count": 225,
          "shortest_values": "2014-15",
          "longest_values": "2014-15",
          "average_length": 7.0
        }
      ]
    },
    {
      "column_name": "Discharge Type",
      "number_non_empty_cells": 225,
      "number_empty_cells": 0,
      "number_distinct_values": 2,
      "frequent_values": [
        "Discharge out of NYC School",
        "Drop Out"
      ],
      "data_types": [
        {
          "type": "TEXT",
          "count": 225,
          "shortest_values": "Drop Out",
          "longest_values": "Discharge out of NYC School",
          "average_length": 21.511111111111113
        }
      ]
    },
    {
      "column_name": "Geographic Unit",
      "number_non_empty_cells": 225,
      "number_empty_cells": 0,
      "number_distinct_values": 40,
      "frequent_values": [
        "Citywide",
        "Brooklyn",
        "Queens",
        "Bronx",
        "District 75"
      ],
      "data_types": [
        {
          "type": "TEXT",
          "count": 225,
          "shortest_values": "Bronx",
          "longest_values": "Staten Island",
          "average_length": 10.36888888888889
        }
      ]
    },
    {
      "column_name": "Category",
      "number_non_empty_cells": 225,
      "number_empty_cells": 0,
      "number_distinct_values": 4,
      "frequent_values": [
        "All Students",
        "Grade 8",
        "Grade 7",
        "Grade 6"
      ],
      "data_types": [
        {
          "type": "TEXT",
          "count": 225,
          "shortest_values": "Grade 6",
          "longest_values": "All Students",
          "average_length": 8.444444444444445
        }
      ]
    },
    {
      "column_name": "# of Discharges",
      "number_non_empty_cells": 225,
      "number_empty_cells": 0,
      "number_distinct_values": 49,
      "frequent_values": [
        "*",
        "13",
        "10",
        "16",
        "15"
      ],
      "data_types": [
        {
          "type": "INTEGER (LONG)",
          "count": 92,
          "max_value": 968,
          "min_value": 10,
          "mean": 60.52173913043478
        },
        {
          "type": "TEXT",
          "count": 133,
          "shortest_values": "*",
          "longest_values": "*",
          "average_length": 1.0
        }
      ]
    }
  ]
}