{
  "dataset_name": "zkky-n5j3.tsv.gz",
  "key_column_candidates": [
    "Point_time",
    "AUGEVolume",
    "AUGEASTLEVANALOG",
    "AUGWVOLUME",
    "AUGWESTLEVANALOG",
    "ASHREL",
    "SICRESVOLUME",
    "SICRESELEVANALOG",
    "STPALBFLW",
    "RECRESVOLUME",
    "RECRESELEVANALOG",
    "RECREL",
    "NICRESVOLUME",
    "NICRESELEVANALOG",
    "NICNTHFLW",
    "NICSTHFLW",
    "NICCONFLW",
    "EDIRESVOLUME",
    "EDIRESELEVANALOG",
    "EDRNTHFLW",
    "EDRSTHFLW",
    "EDRCONFLW",
    "WDIRESVOLUME",
    "WDIRESELEVANALOG",
    "WDRFLW"
  ],
  "columns": [
    {
      "column_name": "RECRESELEVANALOG",
      "number_non_empty_cells": 638,
      "number_empty_cells": 0,
      "number_distinct_values": 318,
      "frequent_values": [
        "838.28",
        "838.3",
        "838.21",
        "838.26",
        "837.94"
      ],
      "data_types": [
        {
          "type": "INTEGER (LONG)",
          "count": 7,
          "max_value": 838,
          "min_value": 835,
          "mean": 837.0
        },
        {
          "type": "REAL",
          "count": 631,
          "max_value": 839.48,
          "min_value": 833.94,
          "mean": 837.4343740095097
        }
      ]
    },
    {
      "column_name": "RECRESVOLUME",
      "number_non_empty_cells": 638,
      "number_empty_cells": 0,
      "number_distinct_values": 235,
      "frequent_values": [
        "47.95",
        "48.11",
        "48.33",
        "48.17",
        "47.97"
      ],
      "data_types": [
        {
          "type": "INTEGER (LONG)",
          "count": 6,
          "max_value": 49,
          "min_value": 46,
          "mean": 47.666666666666664
        },
        {
          "type": "REAL",
          "count": 632,
          "max_value": 49.31,
          "min_value": 46.24,
          "mean": 47.95207278481013
        }
      ]
    },
    {
      "column_name": "AUGWESTLEVANALOG",
      "number_non_empty_cells": 638,
      "number_empty_cells": 0,
      "number_distinct_values": 495,
      "frequent_values": [
        "590.31",
        "590.24",
        "585.11",
        "584.67",
        "583.89"
      ],
      "data_types": [
        {
          "type": "INTEGER (LONG)",
          "count": 10,
          "max_value": 590,
          "min_value": 575,
          "mean": 584.5
        },
        {
          "type": "REAL",
          "count": 628,
          "max_value": 591.1,
          "min_value": 572.78,
          "mean": 584.6446974522293
        }
      ]
    },
    {
      "column_name": "SICRESVOLUME",
      "number_non_empty_cells": 638,
      "number_empty_cells": 0,
      "number_distinct_values": 283,
      "frequent_values": [
        "18.43",
        "18.39",
        "16.85",
        "18.37",
        "16.83"
      ],
      "data_types": [
        {
          "type": "REAL",
          "count": 630,
          "max_value": 19.72,
          "min_value": 11.54,
          "mean": 17.164714285714297
        },
        {
          "type": "INTEGER (LONG)",
          "count": 8,
          "max_value": 17,
          "min_value": 16,
          "mean": 16.875
        }
      ]
    },
    {
      "column_name": "NICRESELEVANALOG",
      "number_non_empty_cells": 638,
      "number_empty_cells": 0,
      "number_distinct_values": 364,
      "frequent_values": [
        "1440.26",
        "1440.27",
        "1440.24",
        "1440.19",
        "1440.25"
      ],
      "data_types": [
        {
          "type": "REAL",
          "count": 634,
          "max_value": 1441.42,
          "min_value": 1422.68,
          "mean": 1437.8298895899052
        },
        {
          "type": "INTEGER (LONG)",
          "count": 4,
          "max_value": 1440,
          "min_value": 1437,
          "mean": 1438.75
        }
      ]
    },
    {
      "column_name": "NICCONFLW",
      "number_non_empty_cells": 638,
      "number_empty_cells": 0,
      "number_distinct_values": 10,
      "frequent_values": [
        "0.00",
        "0.80",
        "0.10",
        "5.40",
        "19.90"
      ],
      "data_types": [
        {
          "type": "REAL",
          "count": 638,
          "max_value": 20.0,
          "min_value": 0.0,
          "mean": 0.1340909090909091
        }
      ]
    },
    {
      "column_name": "SICRESELEVANALOG",
      "number_non_empty_cells": 638,
      "number_empty_cells": 0,
      "number_distinct_values": 263,
      "frequent_values": [
        "1126.44",
        "1126.30",
        "1130.18",
        "1125.54",
        "1130.24"
      ],
      "data_types": [
        {
          "type": "REAL",
          "count": 638,
          "max_value": 1362.67,
          "min_value": 1105.27,
          "mean": 1125.795485893419
        }
      ]
    },
    {
      "column_name": "WDIRESELEVANALOG",
      "number_non_empty_cells": 638,
      "number_empty_cells": 0,
      "number_distinct_values": 501,
      "frequent_values": [
        "1146.67",
        "1150.20",
        "1147.43",
        "1114.28",
        "1146.03"
      ],
      "data_types": [
        {
          "type": "REAL",
          "count": 638,
          "max_value": 1151.95,
          "min_value": 1112.87,
          "mean": 1142.2842163009404
        }
      ]
    },
    {
      "column_name": "NICSTHFLW",
      "number_non_empty_cells": 638,
      "number_empty_cells": 0,
      "number_distinct_values": 96,
      "frequent_values": [
        "0",
        "60.9",
        "64.9",
        "65.1",
        "61"
      ],
      "data_types": [
        {
          "type": "INTEGER (LONG)",
          "count": 164,
          "max_value": 85,
          "min_value": 0,
          "mean": 30.914634146341463
        },
        {
          "type": "REAL",
          "count": 474,
          "max_value": 99.99,
          "min_value": 0.1,
          "mean": 63.87719409282702
        }
      ]
    },
    {
      "column_name": "EDRCONFLW",
      "number_non_empty_cells": 638,
      "number_empty_cells": 0,
      "number_distinct_values": 11,
      "frequent_values": [
        "0.00",
        "0.10",
        "22.90",
        "1.40",
        "0.90"
      ],
      "data_types": [
        {
          "type": "REAL",
          "count": 638,
          "max_value": 23.0,
          "min_value": 0.0,
          "mean": 0.20689655172413793
        }
      ]
    },
    {
      "column_name": "AUGEASTLEVANALOG",
      "number_non_empty_cells": 638,
      "number_empty_cells": 0,
      "number_distinct_values": 438,
      "frequent_values": [
        "586.61",
        "586.59",
        "586.6",
        "586.58",
        "573.97"
      ],
      "data_types": [
        {
          "type": "REAL",
          "count": 632,
          "max_value": 588.1,
          "min_value": 568.86,
          "mean": 582.519367088607
        },
        {
          "type": "INTEGER (LONG)",
          "count": 6,
          "max_value": 588,
          "min_value": 569,
          "mean": 581.1666666666666
        }
      ]
    },
    {
      "column_name": "STPALBFLW",
      "number_non_empty_cells": 638,
      "number_empty_cells": 0,
      "number_distinct_values": 363,
      "frequent_values": [
        "0.00",
        "1.10",
        "1.20",
        "1.00",
        "0.70"
      ],
      "data_types": [
        {
          "type": "REAL",
          "count": 638,
          "max_value": 569.6,
          "min_value": 0.0,
          "mean": 78.32100313479629
        }
      ]
    },
    {
      "column_name": "EDIRESVOLUME",
      "number_non_empty_cells": 638,
      "number_empty_cells": 0,
      "number_distinct_values": 474,
      "frequent_values": [
        "143.47",
        "143.21",
        "115.34",
        "144.21",
        "142.71"
      ],
      "data_types": [
        {
          "type": "REAL",
          "count": 632,
          "max_value": 145.93,
          "min_value": 109.01,
          "mean": 135.19088607594932
        },
        {
          "type": "INTEGER (LONG)",
          "count": 6,
          "max_value": 144,
          "min_value": 124,
          "mean": 137.33333333333334
        }
      ]
    },
    {
      "column_name": "WDIRESVOLUME",
      "number_non_empty_cells": 638,
      "number_empty_cells": 0,
      "number_distinct_values": 503,
      "frequent_values": [
        "89.94",
        "90.05",
        "89.92",
        "90.55",
        "49.26"
      ],
      "data_types": [
        {
          "type": "INTEGER (LONG)",
          "count": 3,
          "max_value": 89,
          "min_value": 51,
          "mean": 75.33333333333333
        },
        {
          "type": "REAL",
          "count": 635,
          "max_value": 99.11,
          "min_value": 47.69,
          "mean": 84.47226771653553
        }
      ]
    },
    {
      "column_name": "AUGWVOLUME",
      "number_non_empty_cells": 638,
      "number_empty_cells": 0,
      "number_distinct_values": 497,
      "frequent_values": [
        "45.35",
        "42.14",
        "47.37",
        "37.49",
        "39.01"
      ],
      "data_types": [
        {
          "type": "REAL",
          "count": 631,
          "max_value": 47.69,
          "min_value": 31.08,
          "mean": 40.65610142630748
        },
        {
          "type": "INTEGER (LONG)",
          "count": 7,
          "max_value": 44,
          "min_value": 37,
          "mean": 40.857142857142854
        }
      ]
    },
    {
      "column_name": "NICNTHFLW",
      "number_non_empty_cells": 638,
      "number_empty_cells": 0,
      "number_distinct_values": 91,
      "frequent_values": [
        "0.00",
        "61.90",
        "62.20",
        "62.00",
        "58.10"
      ],
      "data_types": [
        {
          "type": "REAL",
          "count": 638,
          "max_value": 78.25,
          "min_value": 0.0,
          "mean": 39.0652194357366
        }
      ]
    },
    {
      "column_name": "WDRFLW",
      "number_non_empty_cells": 638,
      "number_empty_cells": 0,
      "number_distinct_values": 400,
      "frequent_values": [
        "969.40",
        "968.50",
        "965.60",
        "114.40",
        "964.50"
      ],
      "data_types": [
        {
          "type": "REAL",
          "count": 638,
          "max_value": 1009.6,
          "min_value": 36.9,
          "mean": 588.6409090909094
        }
      ]
    },
    {
      "column_name": "NICRESVOLUME",
      "number_non_empty_cells": 638,
      "number_empty_cells": 0,
      "number_distinct_values": 284,
      "frequent_values": [
        "35.3",
        "35.31",
        "35.21",
        "35.22",
        "35.32"
      ],
      "data_types": [
        {
          "type": "REAL",
          "count": 635,
          "max_value": 35.9,
          "min_value": 27.5,
          "mean": 34.242047244094465
        },
        {
          "type": "INTEGER (LONG)",
          "count": 3,
          "max_value": 34,
          "min_value": 32,
          "mean": 32.666666666666664
        }
      ]
    },
    {
      "column_name": "EDRNTHFLW",
      "number_non_empty_cells": 638,
      "number_empty_cells": 0,
      "number_distinct_values": 166,
      "frequent_values": [
        "0.00",
        "225.80",
        "225.90",
        "225.70",
        "226.00"
      ],
      "data_types": [
        {
          "type": "REAL",
          "count": 638,
          "max_value": 235.1,
          "min_value": 0.0,
          "mean": 122.74523510971801
        }
      ]
    },
    {
      "column_name": "Point_time",
      "number_non_empty_cells": 638,
      "number_empty_cells": 0,
      "number_distinct_values": 638,
      "frequent_values": [
        "11/01/2017",
        "11/02/2017",
        "11/03/2017",
        "11/04/2017",
        "11/05/2017"
      ],
      "data_types": [
        {
          "type": "DATE/TIME",
          "count": 638,
          "max_value": "07/31/2019",
          "min_value": "11/01/2017"
        }
      ]
    },
    {
      "column_name": "AUGEVolume",
      "number_non_empty_cells": 638,
      "number_empty_cells": 0,
      "number_distinct_values": 481,
      "frequent_values": [
        "77.71",
        "77.72",
        "77.75",
        "59.89",
        "75.9"
      ],
      "data_types": [
        {
          "type": "REAL",
          "count": 630,
          "max_value": 81.07,
          "min_value": 52.63,
          "mean": 71.91114285714283
        },
        {
          "type": "INTEGER (LONG)",
          "count": 8,
          "max_value": 79,
          "min_value": 61,
          "mean": 72.5
        }
      ]
    },
    {
      "column_name": "ASHREL",
      "number_non_empty_cells": 638,
      "number_empty_cells": 0,
      "number_distinct_values": 123,
      "frequent_values": [
        "12",
        "17",
        "11",
        "10",
        "16"
      ],
      "data_types": [
        {
          "type": "INTEGER (LONG)",
          "count": 638,
          "max_value": 623,
          "min_value": 8,
          "mean": 213.9576802507837
        }
      ]
    },
    {
      "column_name": "EDIRESELEVANALOG",
      "number_non_empty_cells": 638,
      "number_empty_cells": 0,
      "number_distinct_values": 464,
      "frequent_values": [
        "1280.35",
        "1280.2",
        "1279.87",
        "1280.25",
        "1280.07"
      ],
      "data_types": [
        {
          "type": "REAL",
          "count": 631,
          "max_value": 1441.39,
          "min_value": 1259.77,
          "mean": 1283.4307606973045
        },
        {
          "type": "INTEGER (LONG)",
          "count": 7,
          "max_value": 1280,
          "min_value": 1263,
          "mean": 1274.857142857143
        }
      ]
    },
    {
      "column_name": "EDRSTHFLW",
      "number_non_empty_cells": 638,
      "number_empty_cells": 0,
      "number_distinct_values": 201,
      "frequent_values": [
        "0.00",
        "225.50",
        "225.90",
        "226.10",
        "226.30"
      ],
      "data_types": [
        {
          "type": "REAL",
          "count": 638,
          "max_value": 234.9,
          "min_value": 0.0,
          "mean": 135.71031347962403
        }
      ]
    },
    {
      "column_name": "RECREL",
      "number_non_empty_cells": 638,
      "number_empty_cells": 0,
      "number_distinct_values": 92,
      "frequent_values": [
        "14.73",
        "14.72",
        "14.74",
        "14.71",
        "14.75"
      ],
      "data_types": [
        {
          "type": "REAL",
          "count": 633,
          "max_value": 14.82,
          "min_value": 9.51,
          "mean": 11.995418641390186
        },
        {
          "type": "INTEGER (LONG)",
          "count": 5,
          "max_value": 10,
          "min_value": 10,
          "mean": 10.0
        }
      ]
    }
  ]
}